ScriptName,TCName,Date,Result,Description
SalesForce_TaxCalc,SalesForce_TaxCalc,Mon Aug 25 16:50:06 IST 2014,FAIL,Logging into SalesForce application is Failed.
SalesForce_TaxCalc,TESTCASE1,Mon Aug 25 16:50:06 IST 2014,PASS,Tax Calculation for Test case: TestCase1 Started.
SalesForce_TaxCalc,TESTCASE1,Mon Aug 25 16:50:17 IST 2014,PASS,After clicking on menu TaxNowSettings Respective page opened successfully
SalesForce_TaxCalc,TESTCASE1,Mon Aug 25 16:50:24 IST 2014,PASS,Tax now settings updated successfully
SalesForce_TaxCalc,TESTCASE1,Mon Aug 25 16:50:39 IST 2014,PASS,After clicking on menu Accounts Respective page opened successfully
SalesForce_TaxCalc,TESTCASE1,Mon Aug 25 16:50:50 IST 2014,PASS,Opportunities created successfully
SalesForce_TaxCalc,TESTCASE1,Mon Aug 25 16:50:51 IST 2014,PASS,After clicking on menu Opportunities Respective page opened successfully
SalesForce_TaxCalc,TESTCASE1,Mon Aug 25 16:51:09 IST 2014,PASS,Avalara Status 'Temporary' verified successfully on adding products for Test case TestCase1 On Menu item : - Opportunities
SalesForce_TaxCalc,TESTCASE1,Mon Aug 25 16:51:16 IST 2014,PASS,'Total Sales Tax' 60.00 verified successfully for Test case TestCase1 on Opportunities Window.
SalesForce_TaxCalc,TESTCASE1,Mon Aug 25 16:51:16 IST 2014,PASS,Avalara Status ' Temporary' verified successfully on Calculate for Test case TestCase1 On tax calculation on Opportunities Window 
SalesForce_TaxCalc,TESTCASE1,Mon Aug 25 16:51:24 IST 2014,PASS,After clicking on menu newQuote Respective page opened successfully
SalesForce_TaxCalc,TESTCASE1,Mon Aug 25 16:55:12 IST 2014,PASS,Avalara Status 'Temporary' verified successfully on adding products for Test case TestCase1 On Menu item : - Quotes
SalesForce_TaxCalc,TESTCASE1,Mon Aug 25 16:55:32 IST 2014,PASS,'Total Sales Tax' 120.00 verified successfully for Test case TestCase1 on Quotes Window.
SalesForce_TaxCalc,TESTCASE1,Mon Aug 25 16:55:32 IST 2014,PASS,Avalara Status ' Temporary' verified successfully on Calculate for Test case TestCase1 On tax calculation on Quotes Window 
SalesForce_TaxCalc,TESTCASE1,Mon Aug 25 16:55:37 IST 2014,PASS,Tax Calculation for Test case: TestCase1 Ended.
SalesForce_TaxCalc,TESTCASE2,Mon Aug 25 16:55:48 IST 2014,PASS,Tax Calculation for Test case: TestCase2 Started.
SalesForce_TaxCalc,TESTCASE2,Mon Aug 25 16:56:57 IST 2014,PASS,After clicking on menu TaxNowSettings Respective page opened successfully
SalesForce_TaxCalc,TESTCASE2,Mon Aug 25 16:58:04 IST 2014,PASS,Tax now settings updated successfully
SalesForce_TaxCalc,TESTCASE2,Mon Aug 25 16:58:21 IST 2014,PASS,After clicking on menu Accounts Respective page opened successfully
SalesForce_TaxCalc,TESTCASE2,Mon Aug 25 17:00:31 IST 2014,PASS,Opportunities created successfully
SalesForce_TaxCalc,TESTCASE2,Mon Aug 25 17:00:32 IST 2014,PASS,After clicking on menu Opportunities Respective page opened successfully
SalesForce_TaxCalc,TESTCASE2,Mon Aug 25 17:03:35 IST 2014,PASS,Avalara Status 'Temporary' verified successfully on adding products for Test case TestCase2 On Menu item : - Opportunities
SalesForce_TaxCalc,TESTCASE2,Mon Aug 25 17:04:30 IST 2014,PASS,'Total Sales Tax' 60.00 verified successfully for Test case TestCase2 on Opportunities Window.
SalesForce_TaxCalc,TESTCASE2,Mon Aug 25 17:04:30 IST 2014,PASS,Avalara Status ' Saved' verified successfully on Calculate for Test case TestCase2 On tax calculation on Opportunities Window 
SalesForce_TaxCalc,TESTCASE2,Mon Aug 25 17:04:47 IST 2014,PASS,After clicking on menu newQuote Respective page opened successfully
SalesForce_TaxCalc,TESTCASE2,Mon Aug 25 17:10:02 IST 2014,PASS,Avalara Status 'Temporary' verified successfully on adding products for Test case TestCase2 On Menu item : - Quotes
SalesForce_TaxCalc,TESTCASE2,Mon Aug 25 17:10:17 IST 2014,PASS,'Total Sales Tax' 120.00 verified successfully for Test case TestCase2 on Quotes Window.
SalesForce_TaxCalc,TESTCASE2,Mon Aug 25 17:10:17 IST 2014,PASS,Avalara Status ' Saved' verified successfully on Calculate for Test case TestCase2 On tax calculation on Quotes Window 
SalesForce_TaxCalc,TESTCASE2,Mon Aug 25 17:18:05 IST 2014,PASS,Tax Calculation for Test case: TestCase2 Ended.
SalesForce_TaxCalc,TESTCASE3,Mon Aug 25 17:18:11 IST 2014,PASS,Tax Calculation for Test case: TestCase3 Started.
SalesForce_TaxCalc,TESTCASE3,Mon Aug 25 17:19:21 IST 2014,PASS,After clicking on menu TaxNowSettings Respective page opened successfully
SalesForce_TaxCalc,TESTCASE3,Mon Aug 25 17:21:28 IST 2014,PASS,Tax now settings updated successfully
SalesForce_TaxCalc,TESTCASE3,Mon Aug 25 17:22:13 IST 2014,PASS,After clicking on menu Accounts Respective page opened successfully
SalesForce_TaxCalc,TESTCASE3,Mon Aug 25 17:22:26 IST 2014,PASS,Opportunities created successfully
SalesForce_TaxCalc,TESTCASE3,Mon Aug 25 17:22:27 IST 2014,PASS,After clicking on menu Opportunities Respective page opened successfully
SalesForce_TaxCalc,TESTCASE3,Mon Aug 25 17:23:49 IST 2014,PASS,Avalara Status 'Temporary' verified successfully on adding products for Test case TestCase3 On Menu item : - Opportunities
SalesForce_TaxCalc,TESTCASE3,Mon Aug 25 17:26:26 IST 2014,PASS,'Total Sales Tax' 77.50 verified successfully for Test case TestCase3 on Opportunities Window.
SalesForce_TaxCalc,TESTCASE3,Mon Aug 25 17:26:26 IST 2014,PASS,Avalara Status ' Saved' verified successfully on Calculate for Test case TestCase3 On tax calculation on Opportunities Window 
SalesForce_TaxCalc,TESTCASE3,Mon Aug 25 17:29:49 IST 2014,PASS,'Total Sales Tax' 77.50 verified successfully for Test case TestCase3 on Finalize Opportunity Window.
SalesForce_TaxCalc,TESTCASE3,Mon Aug 25 17:29:49 IST 2014,PASS,Avalara Status ' Committed' verified successfully on Calculate for Test case TestCase3 On tax calculation on Finalize Opportunity Window 
SalesForce_TaxCalc,TESTCASE3,Mon Aug 25 17:30:00 IST 2014,PASS,After clicking on menu newQuote Respective page opened successfully
SalesForce_TaxCalc,TESTCASE3,Mon Aug 25 17:31:33 IST 2014,PASS,Avalara Status 'Temporary' verified successfully on adding products for Test case TestCase3 On Menu item : - Quotes
SalesForce_TaxCalc,TESTCASE3,Mon Aug 25 17:33:50 IST 2014,PASS,'Total Sales Tax' 155.00 verified successfully for Test case TestCase3 on Quotes Window.
SalesForce_TaxCalc,TESTCASE3,Mon Aug 25 17:33:50 IST 2014,PASS,Avalara Status ' Saved' verified successfully on Calculate for Test case TestCase3 On tax calculation on Quotes Window 
SalesForce_TaxCalc,TESTCASE3,Mon Aug 25 17:34:33 IST 2014,PASS,'Total Sales Tax' 155.00 verified successfully for Test case TestCase3 on Finalize Quote Window.
SalesForce_TaxCalc,TESTCASE3,Mon Aug 25 17:34:33 IST 2014,PASS,Avalara Status ' Committed' verified successfully on Calculate for Test case TestCase3 On tax calculation on Finalize Quote Window 
SalesForce_TaxCalc,TESTCASE3,Mon Aug 25 17:34:39 IST 2014,PASS,Tax Calculation for Test case: TestCase3 Ended.
SalesForce_TaxCalc,TESTCASE4,Mon Aug 25 17:34:44 IST 2014,PASS,Tax Calculation for Test case: TestCase4 Started.
SalesForce_TaxCalc,TESTCASE4,Mon Aug 25 17:35:52 IST 2014,PASS,After clicking on menu TaxNowSettings Respective page opened successfully
SalesForce_TaxCalc,TESTCASE4,Mon Aug 25 17:39:23 IST 2014,PASS,Tax now settings updated successfully
SalesForce_TaxCalc,TESTCASE4,Mon Aug 25 17:39:40 IST 2014,PASS,After clicking on menu Accounts Respective page opened successfully
SalesForce_TaxCalc,TESTCASE4,Mon Aug 25 17:40:00 IST 2014,PASS,Opportunities created successfully
SalesForce_TaxCalc,TESTCASE4,Mon Aug 25 17:40:01 IST 2014,PASS,After clicking on menu Opportunities Respective page opened successfully
SalesForce_TaxCode,SalesForce_TaxCode,Tue Aug 26 14:13:19 IST 2014,FAIL,Logging into SalesForce application is Failed.
SalesForce_TaxCode,TESTCASE40,Tue Aug 26 14:13:19 IST 2014,PASS,Tax Calculation for Test case: TestCase40 Started.
SalesForce_TaxCode,TESTCASE40,Tue Aug 26 14:13:37 IST 2014,PASS,After clicking on menu TaxNowSettings Respective page opened successfully
SalesForce_TaxCode,TESTCASE40,Tue Aug 26 14:13:46 IST 2014,PASS,Tax now settings updated successfully
SalesForce_TaxCode,TESTCASE40,Tue Aug 26 14:14:01 IST 2014,PASS,After clicking on menu Accounts Respective page opened successfully
SalesForce_TaxCode,TESTCASE40,Tue Aug 26 14:20:16 IST 2014,PASS,Opportunities created successfully
SalesForce_TaxCode,TESTCASE40,Tue Aug 26 14:20:20 IST 2014,PASS,After clicking on menu Opportunities Respective page opened successfully
SalesForce_TaxCode,TESTCASE40,Tue Aug 26 14:21:40 IST 2014,PASS,Avalara Status 'Temporary' verified successfully on adding products for Test case TestCase40 On Menu item : - Opportunities
SalesForce_TaxCode,TESTCASE40,Tue Aug 26 14:22:02 IST 2014,PASS,'Total Sales Tax' 42.00 verified successfully for Test case TestCase40 on Opportunities Window.
SalesForce_TaxCode,TESTCASE40,Tue Aug 26 14:22:02 IST 2014,PASS,Avalara Status ' Saved' verified successfully on Calculate for Test case TestCase40 On tax calculation on Opportunities Window 
SalesForce_TaxCode,TESTCASE40,Tue Aug 26 14:23:08 IST 2014,PASS,'Total Sales Tax' 42.00 verified successfully for Test case TestCase40 on Finalize Opportunity Window.
SalesForce_TaxCode,TESTCASE40,Tue Aug 26 14:23:13 IST 2014,PASS,Avalara Status ' Committed' verified successfully on Calculate for Test case TestCase40 On tax calculation on Finalize Opportunity Window 
SalesForce_TaxCode,TESTCASE40,Tue Aug 26 14:23:26 IST 2014,PASS,After clicking on menu newQuote Respective page opened successfully
SalesForce_TaxCode,TESTCASE40,Tue Aug 26 14:25:56 IST 2014,PASS,Avalara Status 'Temporary' verified successfully on adding products for Test case TestCase40 On Menu item : - Quotes
SalesForce_TaxCode,TESTCASE40,Tue Aug 26 14:27:02 IST 2014,PASS,'Total Sales Tax' 84.00 verified successfully for Test case TestCase40 on Quotes Window.
SalesForce_TaxCode,TESTCASE40,Tue Aug 26 14:27:10 IST 2014,PASS,Avalara Status ' Saved' verified successfully on Calculate for Test case TestCase40 On tax calculation on Quotes Window 
SalesForce_TaxCode,TESTCASE40,Tue Aug 26 14:27:20 IST 2014,PASS,'Total Sales Tax' 84.00 verified successfully for Test case TestCase40 on Finalize Quote Window.
SalesForce_TaxCode,TESTCASE40,Tue Aug 26 14:27:21 IST 2014,PASS,Avalara Status ' Committed' verified successfully on Calculate for Test case TestCase40 On tax calculation on Finalize Quote Window 
SalesForce_TaxCode,TESTCASE40,Tue Aug 26 14:27:35 IST 2014,PASS,Tax Calculation for Test case: TestCase40 Ended.
SalesForce_TaxCode,TESTCASE41,Tue Aug 26 14:30:33 IST 2014,PASS,Tax Calculation for Test case: TestCase41 Started.
SalesForce_TaxCode,TESTCASE41,Tue Aug 26 14:31:40 IST 2014,PASS,After clicking on menu TaxNowSettings Respective page opened successfully
SalesForce_TaxCode,TESTCASE41,Tue Aug 26 14:31:47 IST 2014,PASS,Tax now settings updated successfully
SalesForce_TaxCode,TESTCASE41,Tue Aug 26 14:31:59 IST 2014,PASS,After clicking on menu Accounts Respective page opened successfully
SalesForce_TaxCode,TESTCASE41,Tue Aug 26 14:36:05 IST 2014,PASS,Opportunities created successfully
SalesForce_TaxCode,TESTCASE41,Tue Aug 26 14:36:06 IST 2014,PASS,After clicking on menu Opportunities Respective page opened successfully
SalesForce_TaxCode,TESTCASE41,Tue Aug 26 14:36:25 IST 2014,PASS,Avalara Status 'Temporary' verified successfully on adding products for Test case TestCase41 On Menu item : - Opportunities
SalesForce_TaxCode,TESTCASE41,Tue Aug 26 14:37:05 IST 2014,FAIL,'Total Sales Tax' 114.30 NOT verified successfully for Test caseTestCase41 on Opportunities Window.Expected Tax :- 114.30 and Actual Tax:- 76.20
SalesForce_TaxCode,SalesForce_TaxCode,Tue Aug 26 15:00:02 IST 2014,FAIL,Logging into SalesForce application is Failed.
SalesForce_TaxCode,TESTCASE41,Tue Aug 26 15:00:02 IST 2014,PASS,Tax Calculation for Test case: TestCase41 Started.
SalesForce_TaxCode,TESTCASE41,Tue Aug 26 15:00:12 IST 2014,PASS,After clicking on menu TaxNowSettings Respective page opened successfully
SalesForce_TaxCode,TESTCASE41,Tue Aug 26 15:00:19 IST 2014,PASS,Tax now settings updated successfully
SalesForce_TaxCode,TESTCASE41,Tue Aug 26 15:00:33 IST 2014,PASS,After clicking on menu Accounts Respective page opened successfully
SalesForce_TaxCode,TESTCASE41,Tue Aug 26 15:01:17 IST 2014,PASS,Opportunities created successfully
SalesForce_TaxCode,TESTCASE41,Tue Aug 26 15:01:18 IST 2014,PASS,After clicking on menu Opportunities Respective page opened successfully
SalesForce_TaxCode,TESTCASE41,Tue Aug 26 15:02:24 IST 2014,PASS,Avalara Status 'Temporary' verified successfully on adding products for Test case TestCase41 On Menu item : - Opportunities
SalesForce_TaxCode,SalesForce_TaxCode,Tue Aug 26 15:07:28 IST 2014,FAIL,Logging into SalesForce application is Failed.
SalesForce_TaxCode,TESTCASE41,Tue Aug 26 15:07:28 IST 2014,PASS,Tax Calculation for Test case: TestCase41 Started.
SalesForce_TaxCode,SalesForce_TaxCode,Tue Aug 26 15:11:07 IST 2014,FAIL,Logging into SalesForce application is Failed.
SalesForce_TaxCode,TESTCASE41,Tue Aug 26 15:11:07 IST 2014,PASS,Tax Calculation for Test case: TestCase41 Started.
SalesForce_TaxCode,TESTCASE41,Tue Aug 26 15:11:35 IST 2014,PASS,After clicking on menu TaxNowSettings Respective page opened successfully
SalesForce_TaxCode,TESTCASE41,Tue Aug 26 15:11:46 IST 2014,PASS,Tax now settings updated successfully
SalesForce_TaxCode,TESTCASE41,Tue Aug 26 15:12:00 IST 2014,PASS,After clicking on menu Accounts Respective page opened successfully
SalesForce_TaxCode,TESTCASE41,Tue Aug 26 15:12:12 IST 2014,PASS,Opportunities created successfully
SalesForce_TaxCode,TESTCASE41,Tue Aug 26 15:12:13 IST 2014,PASS,After clicking on menu Opportunities Respective page opened successfully
SalesForce_TaxCode,TESTCASE41,Tue Aug 26 15:12:47 IST 2014,PASS,Avalara Status 'Temporary' verified successfully on adding products for Test case TestCase41 On Menu item : - Opportunities
SalesForce_TaxCode,TESTCASE41,Tue Aug 26 15:13:16 IST 2014,PASS,Avalara Status 'Temporary' verified successfully on adding products for Test case TestCase41 On Menu item : - Opportunities
SalesForce_TaxCode,TESTCASE41,Tue Aug 26 15:13:57 IST 2014,PASS,'Total Sales Tax' 114.30 verified successfully for Test case TestCase41 on Opportunities Window.
SalesForce_TaxCode,TESTCASE41,Tue Aug 26 15:14:10 IST 2014,PASS,Avalara Status ' Saved' verified successfully on Calculate for Test case TestCase41 On tax calculation on Opportunities Window 
SalesForce_TaxCode,TESTCASE41,Tue Aug 26 15:14:33 IST 2014,PASS,'Total Sales Tax' 114.30 verified successfully for Test case TestCase41 on Finalize Opportunity Window.
SalesForce_TaxCode,TESTCASE41,Tue Aug 26 15:14:36 IST 2014,PASS,Avalara Status ' Committed' verified successfully on Calculate for Test case TestCase41 On tax calculation on Finalize Opportunity Window 
SalesForce_TaxCode,TESTCASE41,Tue Aug 26 15:14:46 IST 2014,PASS,After clicking on menu newQuote Respective page opened successfully
SalesForce_TaxCode,TESTCASE41,Tue Aug 26 15:15:06 IST 2014,PASS,Avalara Status 'Temporary' verified successfully on adding products for Test case TestCase41 On Menu item : - Quotes
SalesForce_TaxCode,TESTCASE41,Tue Aug 26 15:15:29 IST 2014,PASS,Avalara Status 'Temporary' verified successfully on adding products for Test case TestCase41 On Menu item : - Quotes
SalesForce_TaxCode,TESTCASE41,Tue Aug 26 15:15:43 IST 2014,PASS,'Total Sales Tax' 228.60 verified successfully for Test case TestCase41 on Quotes Window.
SalesForce_TaxCode,TESTCASE41,Tue Aug 26 15:15:44 IST 2014,PASS,Avalara Status ' Saved' verified successfully on Calculate for Test case TestCase41 On tax calculation on Quotes Window 
SalesForce_TaxCode,TESTCASE41,Tue Aug 26 15:15:56 IST 2014,PASS,'Total Sales Tax' 228.60 verified successfully for Test case TestCase41 on Finalize Quote Window.
SalesForce_TaxCode,TESTCASE41,Tue Aug 26 15:15:56 IST 2014,PASS,Avalara Status ' Committed' verified successfully on Calculate for Test case TestCase41 On tax calculation on Finalize Quote Window 
SalesForce_TaxCode,TESTCASE41,Tue Aug 26 15:15:57 IST 2014,PASS,Tax Calculation for Test case: TestCase41 Ended.
SalesForce_TaxCode,SalesForce_TaxCode,Tue Aug 26 15:17:24 IST 2014,FAIL,Logging into SalesForce application is Failed.
SalesForce_TaxCode,TESTCASE42,Tue Aug 26 15:17:24 IST 2014,PASS,Tax Calculation for Test case: TestCase42 Started.
SalesForce_TaxCode,TESTCASE42,Tue Aug 26 15:17:40 IST 2014,PASS,After clicking on menu TaxNowSettings Respective page opened successfully
SalesForce_TaxCode,TESTCASE42,Tue Aug 26 15:17:47 IST 2014,PASS,Tax now settings updated successfully
SalesForce_TaxCode,TESTCASE42,Tue Aug 26 15:18:00 IST 2014,PASS,After clicking on menu Accounts Respective page opened successfully
SalesForce_TaxCode,TESTCASE42,Tue Aug 26 15:18:13 IST 2014,PASS,Opportunities created successfully
SalesForce_TaxCode,TESTCASE42,Tue Aug 26 15:18:14 IST 2014,PASS,After clicking on menu Opportunities Respective page opened successfully
SalesForce_TaxCode,TESTCASE42,Tue Aug 26 15:18:30 IST 2014,PASS,Avalara Status 'Temporary' verified successfully on adding products for Test case TestCase42 On Menu item : - Opportunities
SalesForce_TaxCode,TESTCASE42,Tue Aug 26 15:18:38 IST 2014,FAIL,fCalculateSalesTax: Exception: java.lang.NullPointerException
SalesForce_TaxCode,SalesForce_TaxCode,Tue Aug 26 15:18:38 IST 2014,PASS,Script Ended.
SalesForce_TaxCode,SalesForce_TaxCode,Tue Aug 26 15:33:57 IST 2014,FAIL,Logging into SalesForce application is Failed.
SalesForce_TaxCode,TESTCASE42,Tue Aug 26 15:33:57 IST 2014,PASS,Tax Calculation for Test case: TestCase42 Started.
SalesForce_TaxCode,TESTCASE42,Tue Aug 26 15:34:11 IST 2014,PASS,After clicking on menu TaxNowSettings Respective page opened successfully
SalesForce_TaxCode,TESTCASE42,Tue Aug 26 15:34:25 IST 2014,PASS,Tax now settings updated successfully
SalesForce_TaxCode,TESTCASE42,Tue Aug 26 15:34:40 IST 2014,PASS,After clicking on menu Accounts Respective page opened successfully
SalesForce_TaxCode,TESTCASE42,Tue Aug 26 15:34:59 IST 2014,PASS,Opportunities created successfully
SalesForce_TaxCode,TESTCASE42,Tue Aug 26 15:35:00 IST 2014,PASS,After clicking on menu Opportunities Respective page opened successfully
SalesForce_TaxCode,TESTCASE42,Tue Aug 26 15:36:46 IST 2014,PASS,Avalara Status 'Temporary' verified successfully on adding products for Test case TestCase42 On Menu item : - Opportunities
SalesForce_TaxCode,SalesForce_TaxCode,Tue Aug 26 15:39:33 IST 2014,FAIL,Logging into SalesForce application is Failed.
SalesForce_TaxCode,TESTCASE42,Tue Aug 26 15:39:33 IST 2014,PASS,Tax Calculation for Test case: TestCase42 Started.
SalesForce_TaxCode,SalesForce_TaxCode,Tue Aug 26 15:44:48 IST 2014,FAIL,Logging into SalesForce application is Failed.
SalesForce_TaxCode,TESTCASE42,Tue Aug 26 15:44:48 IST 2014,PASS,Tax Calculation for Test case: TestCase42 Started.
SalesForce_TaxCode,SalesForce_TaxCode,Tue Aug 26 15:56:28 IST 2014,FAIL,Logging into SalesForce application is Failed.
SalesForce_TaxCode,TESTCASE41,Tue Aug 26 15:56:28 IST 2014,PASS,Tax Calculation for Test case: TestCase41 Started.
SalesForce_TaxCode,SalesForce_TaxCode,Tue Aug 26 15:58:21 IST 2014,FAIL,Logging into SalesForce application is Failed.
SalesForce_TaxCode,TESTCASE42,Tue Aug 26 15:58:21 IST 2014,PASS,Tax Calculation for Test case: TestCase42 Started.
SalesForce_AddressValidation,SalesForce_AddressValidation,Tue Aug 26 16:44:41 IST 2014,FAIL,Logging into SalesForce application is Failed.
SalesForce_AddressValidation,TESTCASE60,Tue Aug 26 16:44:41 IST 2014,PASS,Address Validation for Test case: TestCase60 Started.
SalesForce_AddressValidation,TESTCASE60,Tue Aug 26 16:45:01 IST 2014,PASS,After clicking on menu TaxNowSettings Respective page opened successfully
SalesForce_AddressValidation,TESTCASE60,Tue Aug 26 16:45:09 IST 2014,PASS,Tax now settings updated successfully
SalesForce_AddressValidation,TESTCASE60,Tue Aug 26 16:45:21 IST 2014,PASS,Avalara Address Validation Test Case' verified successfully for TestCase60TaxNowSettings Window 
SalesForce_AddressValidation,TESTCASE60,Tue Aug 26 16:45:23 IST 2014,PASS,Address validation saved successfully
SalesForce_AddressValidation,TESTCASE60,Tue Aug 26 16:45:39 IST 2014,PASS,After clicking on menu Contacts Respective page opened successfully
SalesForce_AddressValidation,TESTCASE60,Tue Aug 26 16:45:43 IST 2014,PASS,Avalara Address Validation Test Case' verified successfully for TestCase60Contacts Window 
SalesForce_AddressValidation,TESTCASE60,Tue Aug 26 16:45:44 IST 2014,PASS,Address validation saved successfully
SalesForce_AddressValidation,TESTCASE60,Tue Aug 26 16:45:50 IST 2014,PASS,Avalara Address Validation Test Case' verified successfully for TestCase60Contacts Window 
SalesForce_AddressValidation,TESTCASE60,Tue Aug 26 16:45:51 IST 2014,PASS,Address validation saved successfully
SalesForce_AddressValidation,TESTCASE60,Tue Aug 26 16:46:05 IST 2014,PASS,After clicking on menu Accounts Respective page opened successfully
SalesForce_AddressValidation,TESTCASE60,Tue Aug 26 16:46:09 IST 2014,PASS,Avalara Address Validation Test Case' verified successfully for TestCase60Accounts Window 
SalesForce_AddressValidation,TESTCASE60,Tue Aug 26 16:46:11 IST 2014,PASS,Address validation saved successfully
SalesForce_AddressValidation,TESTCASE60,Tue Aug 26 16:46:17 IST 2014,PASS,Avalara Address Validation Test Case' verified successfully for TestCase60Accounts Window 
SalesForce_AddressValidation,TESTCASE60,Tue Aug 26 16:46:18 IST 2014,PASS,Address validation saved successfully
SalesForce_AddressValidation,TESTCASE60,Tue Aug 26 16:46:28 IST 2014,PASS,Opportunities created successfully
SalesForce_AddressValidation,TESTCASE60,Tue Aug 26 16:46:29 IST 2014,PASS,After clicking on menu Opportunities Respective page opened successfully
SalesForce_AddressValidation,TESTCASE60,Tue Aug 26 16:46:35 IST 2014,PASS,Avalara Address Validation Test Case' verified successfully for TestCase60Opportunities Window 
SalesForce_AddressValidation,TESTCASE60,Tue Aug 26 16:46:36 IST 2014,PASS,Address validation saved successfully
SalesForce_AddressValidation,TESTCASE60,Tue Aug 26 16:46:42 IST 2014,PASS,Avalara Address Validation Test Case' verified successfully for TestCase60Opportunities Window 
SalesForce_AddressValidation,TESTCASE60,Tue Aug 26 16:46:43 IST 2014,PASS,Address validation saved successfully
SalesForce_AddressValidation,TESTCASE60,Tue Aug 26 16:46:55 IST 2014,PASS,After clicking on menu newQuote Respective page opened successfully
SalesForce_AddressValidation,TESTCASE60,Tue Aug 26 16:47:04 IST 2014,PASS,Avalara Address Validation Test Case' verified successfully for TestCase60newQuote Window 
SalesForce_AddressValidation,TESTCASE60,Tue Aug 26 16:47:05 IST 2014,PASS,Address validation saved successfully
SalesForce_AddressValidation,TESTCASE60,Tue Aug 26 16:47:10 IST 2014,PASS,Avalara Address Validation Test Case' verified successfully for TestCase60newQuote Window 
SalesForce_AddressValidation,TESTCASE60,Tue Aug 26 16:47:11 IST 2014,PASS,Address validation saved successfully
SalesForce_AddressValidation,TESTCASE61,Tue Aug 26 16:47:11 IST 2014,PASS,Address Validation for Test case: TestCase61 Started.
SalesForce_AddressValidation,TESTCASE61,Tue Aug 26 16:48:23 IST 2014,PASS,After clicking on menu TaxNowSettings Respective page opened successfully
SalesForce_AddressValidation,TESTCASE61,Tue Aug 26 16:48:30 IST 2014,PASS,Tax now settings updated successfully
SalesForce_AddressValidation,TESTCASE61,Tue Aug 26 16:49:33 IST 2014,PASS,Address validation verified successfully
SalesForce_AddressValidation,TESTCASE61,Tue Aug 26 16:50:35 IST 2014,PASS,Address validation saved successfully
SalesForce_AddressValidation,TESTCASE61,Tue Aug 26 16:51:15 IST 2014,PASS,After clicking on menu Contacts Respective page opened successfully
SalesForce_AddressValidation,TESTCASE61,Tue Aug 26 16:52:18 IST 2014,PASS,Address validation verified successfully
SalesForce_AddressValidation,SalesForce_AddressValidation,Tue Aug 26 16:53:20 IST 2014,FAIL,Logging into SalesForce application is Failed.
SalesForce_AddressValidation,TESTCASE60,Tue Aug 26 16:53:20 IST 2014,PASS,Address Validation for Test case: TestCase60 Started.
SalesForce_AddressValidation,TESTCASE60,Tue Aug 26 16:55:08 IST 2014,PASS,After clicking on menu TaxNowSettings Respective page opened successfully
SalesForce_AddressValidation,TESTCASE60,Tue Aug 26 16:55:48 IST 2014,PASS,Tax now settings updated successfully
SalesForce_AddressValidation,TESTCASE60,Tue Aug 26 16:56:06 IST 2014,PASS,Avalara Address Validation Test Case' verified successfully for TestCase60TaxNowSettings Window 
SalesForce_AddressValidation,TESTCASE60,Tue Aug 26 16:56:14 IST 2014,PASS,Address validation saved successfully
SalesForce_AddressValidation,TESTCASE60,Tue Aug 26 16:56:32 IST 2014,PASS,After clicking on menu Contacts Respective page opened successfully
SalesForce_AddressValidation,TESTCASE60,Tue Aug 26 16:57:01 IST 2014,PASS,Avalara Address Validation Test Case' verified successfully for TestCase60Contacts Window 
SalesForce_AddressValidation,TESTCASE60,Tue Aug 26 16:57:08 IST 2014,PASS,Address validation saved successfully
SalesForce_AddressValidation,TESTCASE60,Tue Aug 26 16:57:18 IST 2014,PASS,Avalara Address Validation Test Case' verified successfully for TestCase60Contacts Window 
SalesForce_AddressValidation,TESTCASE60,Tue Aug 26 16:57:23 IST 2014,PASS,Address validation saved successfully
SalesForce_AddressValidation,TESTCASE60,Tue Aug 26 16:57:38 IST 2014,PASS,After clicking on menu Accounts Respective page opened successfully
SalesForce_AddressValidation,TESTCASE60,Tue Aug 26 16:57:42 IST 2014,PASS,Avalara Address Validation Test Case' verified successfully for TestCase60Accounts Window 
SalesForce_AddressValidation,TESTCASE60,Tue Aug 26 16:57:44 IST 2014,PASS,Address validation saved successfully
SalesForce_AddressValidation,TESTCASE60,Tue Aug 26 16:57:51 IST 2014,PASS,Avalara Address Validation Test Case' verified successfully for TestCase60Accounts Window 
SalesForce_AddressValidation,TESTCASE60,Tue Aug 26 16:57:52 IST 2014,PASS,Address validation saved successfully
SalesForce_AddressValidation,TESTCASE60,Tue Aug 26 16:58:07 IST 2014,PASS,Opportunities created successfully
SalesForce_AddressValidation,TESTCASE60,Tue Aug 26 16:58:08 IST 2014,PASS,After clicking on menu Opportunities Respective page opened successfully
SalesForce_AddressValidation,TESTCASE60,Tue Aug 26 16:58:15 IST 2014,PASS,Avalara Address Validation Test Case' verified successfully for TestCase60Opportunities Window 
SalesForce_AddressValidation,TESTCASE60,Tue Aug 26 16:58:16 IST 2014,PASS,Address validation saved successfully
SalesForce_AddressValidation,TESTCASE60,Tue Aug 26 16:58:23 IST 2014,PASS,Avalara Address Validation Test Case' verified successfully for TestCase60Opportunities Window 
SalesForce_AddressValidation,TESTCASE60,Tue Aug 26 16:58:24 IST 2014,PASS,Address validation saved successfully
SalesForce_AddressValidation,TESTCASE60,Tue Aug 26 16:59:10 IST 2014,PASS,After clicking on menu newQuote Respective page opened successfully
SalesForce_AddressValidation,TESTCASE60,Tue Aug 26 16:59:20 IST 2014,PASS,Avalara Address Validation Test Case' verified successfully for TestCase60newQuote Window 
SalesForce_AddressValidation,TESTCASE60,Tue Aug 26 16:59:22 IST 2014,PASS,Address validation saved successfully
SalesForce_AddressValidation,TESTCASE60,Tue Aug 26 16:59:25 IST 2014,PASS,Avalara Address Validation Test Case' verified successfully for TestCase60newQuote Window 
SalesForce_AddressValidation,TESTCASE60,Tue Aug 26 16:59:26 IST 2014,PASS,Address validation saved successfully
SalesForce_AddressValidation,TESTCASE61,Tue Aug 26 16:59:33 IST 2014,PASS,Address Validation for Test case: TestCase61 Started.
SalesForce_AddressValidation,TESTCASE61,Tue Aug 26 17:00:52 IST 2014,PASS,After clicking on menu TaxNowSettings Respective page opened successfully
SalesForce_AddressValidation,TESTCASE61,Tue Aug 26 17:10:06 IST 2014,PASS,Tax now settings updated successfully
SalesForce_AddressValidation,TESTCASE61,Tue Aug 26 17:11:13 IST 2014,PASS,Address validation verified successfully
SalesForce_AddressValidation,TESTCASE61,Tue Aug 26 17:12:14 IST 2014,PASS,Address validation saved successfully
SalesForce_AddressValidation,TESTCASE61,Tue Aug 26 17:12:35 IST 2014,PASS,After clicking on menu Contacts Respective page opened successfully
SalesForce_AddressValidation,TESTCASE61,Tue Aug 26 17:13:43 IST 2014,PASS,Address validation verified successfully
SalesForce_AddressValidation,TESTCASE61,Tue Aug 26 17:14:44 IST 2014,PASS,Address validation saved successfully
SalesForce_AddressValidation,TESTCASE61,Tue Aug 26 17:17:21 IST 2014,PASS,Address validation verified successfully
SalesForce_AddressValidation,TESTCASE61,Tue Aug 26 17:18:50 IST 2014,PASS,Address validation saved successfully
SalesForce_AddressValidation,TESTCASE61,Tue Aug 26 17:19:07 IST 2014,PASS,After clicking on menu Accounts Respective page opened successfully
SalesForce_AddressValidation,TESTCASE61,Tue Aug 26 17:20:15 IST 2014,PASS,Address validation verified successfully
SalesForce_AddressValidation,TESTCASE61,Tue Aug 26 17:21:16 IST 2014,PASS,Address validation saved successfully
SalesForce_AddressValidation,TESTCASE61,Tue Aug 26 17:22:52 IST 2014,PASS,Address validation verified successfully
SalesForce_AddressValidation,TESTCASE61,Tue Aug 26 17:23:54 IST 2014,PASS,Address validation saved successfully
SalesForce_AddressValidation,TESTCASE61,Tue Aug 26 17:37:48 IST 2014,PASS,Opportunities created successfully
SalesForce_AddressValidation,TESTCASE61,Tue Aug 26 17:37:49 IST 2014,PASS,After clicking on menu Opportunities Respective page opened successfully
SalesForce_AddressValidation,TESTCASE61,Tue Aug 26 17:41:52 IST 2014,PASS,Address validation saved successfully
SalesForce_AddressValidation,TESTCASE61,Tue Aug 26 17:46:27 IST 2014,PASS,Address validation saved successfully
SalesForce_AddressValidation,TESTCASE61,Tue Aug 26 17:48:29 IST 2014,PASS,After clicking on menu newQuote Respective page opened successfully
SalesForce_AddressValidation,TESTCASE61,Tue Aug 26 17:52:03 IST 2014,PASS,Address validation verified successfully
SalesForce_AddressValidation,TESTCASE61,Tue Aug 26 17:53:05 IST 2014,PASS,Address validation saved successfully
SalesForce_AddressValidation,TESTCASE61,Tue Aug 26 17:54:15 IST 2014,PASS,Address validation verified successfully
SalesForce_AddressValidation,TESTCASE61,Tue Aug 26 17:55:17 IST 2014,PASS,Address validation saved successfully
SalesForce_AddressValidation,TESTCASE62,Tue Aug 26 17:55:36 IST 2014,PASS,Address Validation for Test case: TestCase62 Started.
SalesForce_AddressValidation,TESTCASE62,Tue Aug 26 17:56:50 IST 2014,PASS,After clicking on menu TaxNowSettings Respective page opened successfully
SalesForce_AddressValidation,TESTCASE62,Tue Aug 26 17:57:07 IST 2014,PASS,Tax now settings updated successfully
SalesForce_AddressValidation,TESTCASE62,Tue Aug 26 17:57:16 IST 2014,FAIL,Avalara Address Validation Test Case '  ' NOT verified successfully  for TestCase62TaxNowSettings Window Expected :  and Actual: 900 Winslow Way E, Bainbridge Island, WA 98110-2450, US
SalesForce_AddressValidation,SalesForce_AddressValidation,Tue Aug 26 17:59:37 IST 2014,FAIL,Logging into SalesForce application is Failed.
SalesForce_AddressValidation,TESTCASE62,Tue Aug 26 17:59:37 IST 2014,PASS,Address Validation for Test case: TestCase62 Started.
SalesForce_AddressValidation,SalesForce_AddressValidation,Tue Aug 26 18:05:32 IST 2014,FAIL,Logging into SalesForce application is Failed.
SalesForce_AddressValidation,TESTCASE62,Tue Aug 26 18:05:32 IST 2014,PASS,Address Validation for Test case: TestCase62 Started.
SalesForce_AddressValidation,SalesForce_AddressValidation,Tue Aug 26 18:08:08 IST 2014,FAIL,Logging into SalesForce application is Failed.
SalesForce_AddressValidation,TESTCASE62,Tue Aug 26 18:08:08 IST 2014,PASS,Address Validation for Test case: TestCase62 Started.
SalesForce_AddressValidation,TESTCASE62,Tue Aug 26 18:09:23 IST 2014,PASS,After clicking on menu TaxNowSettings Respective page opened successfully
SalesForce_AddressValidation,TESTCASE62,Tue Aug 26 18:09:36 IST 2014,PASS,Tax now settings updated successfully
SalesForce_AddressValidation,TESTCASE62,Tue Aug 26 18:11:00 IST 2014,PASS,Address validation verified successfully
SalesForce_AddressValidation,TESTCASE62,Tue Aug 26 18:12:01 IST 2014,PASS,Address validation saved successfully
SalesForce_AddressValidation,TESTCASE62,Tue Aug 26 18:12:32 IST 2014,PASS,After clicking on menu Contacts Respective page opened successfully
SalesForce_AddressValidation,TESTCASE62,Tue Aug 26 18:14:10 IST 2014,PASS,Address validation verified successfully
SalesForce_AddressValidation,TESTCASE62,Tue Aug 26 18:15:11 IST 2014,PASS,Address validation saved successfully
SalesForce_AddressValidation,TESTCASE62,Tue Aug 26 18:16:57 IST 2014,PASS,Address validation verified successfully
SalesForce_AddressValidation,TESTCASE62,Tue Aug 26 18:17:58 IST 2014,PASS,Address validation saved successfully
SalesForce_AddressValidation,TESTCASE62,Tue Aug 26 18:19:38 IST 2014,PASS,After clicking on menu Accounts Respective page opened successfully
SalesForce_AddressValidation,TESTCASE62,Tue Aug 26 18:21:15 IST 2014,PASS,Address validation verified successfully
SalesForce_AddressValidation,TESTCASE62,Tue Aug 26 18:22:16 IST 2014,PASS,Address validation saved successfully
SalesForce_AddressValidation,TESTCASE62,Tue Aug 26 18:23:53 IST 2014,PASS,Address validation verified successfully
SalesForce_AddressValidation,TESTCASE62,Tue Aug 26 18:24:55 IST 2014,PASS,Address validation saved successfully
SalesForce_AddressValidation,TESTCASE62,Tue Aug 26 18:25:23 IST 2014,PASS,Opportunities created successfully
SalesForce_AddressValidation,TESTCASE62,Tue Aug 26 18:25:24 IST 2014,PASS,After clicking on menu Opportunities Respective page opened successfully
SalesForce_AddressValidation,TESTCASE62,Tue Aug 26 18:28:58 IST 2014,PASS,Address validation saved successfully
SalesForce_AddressValidation,TESTCASE62,Tue Aug 26 18:32:11 IST 2014,PASS,Address validation saved successfully
SalesForce_AddressValidation,TESTCASE62,Tue Aug 26 18:32:27 IST 2014,PASS,After clicking on menu newQuote Respective page opened successfully
SalesForce_AddressValidation,TESTCASE62,Tue Aug 26 18:33:39 IST 2014,PASS,Address validation verified successfully
SalesForce_AddressValidation,TESTCASE62,Tue Aug 26 18:34:41 IST 2014,PASS,Address validation saved successfully
SalesForce_AddressValidation,TESTCASE62,Tue Aug 26 18:35:50 IST 2014,PASS,Address validation verified successfully
SalesForce_AddressValidation,TESTCASE62,Tue Aug 26 18:36:52 IST 2014,PASS,Address validation saved successfully
SalesForce_EntityUseCode,SalesForce_EntityUseCode,Thu Aug 28 10:24:22 IST 2014,FAIL,Logging into SalesForce application is Failed.
SalesForce_EntityUseCode,TESTCASE110,Thu Aug 28 10:24:22 IST 2014,PASS,Tax Calculation for Test case: TestCase110 Started.
SalesForce_EntityUseCode,TESTCASE110,Thu Aug 28 10:24:30 IST 2014,PASS,After clicking on menu TaxNowSettings Respective page opened successfully
SalesForce_EntityUseCode,TESTCASE110,Thu Aug 28 10:24:37 IST 2014,PASS,Tax now settings updated successfully
SalesForce_EntityUseCode,TESTCASE110,Thu Aug 28 10:25:29 IST 2014,PASS,After clicking on menu Accounts Respective page opened successfully
SalesForce_EntityUseCode,TESTCASE110,Thu Aug 28 10:25:41 IST 2014,PASS,Opportunities created successfully
SalesForce_EntityUseCode,TESTCASE110,Thu Aug 28 10:25:42 IST 2014,PASS,After clicking on menu Opportunities Respective page opened successfully
SalesForce_EntityUseCode,TESTCASE110,Thu Aug 28 10:26:19 IST 2014,PASS,Avalara Status 'Temporary' verified successfully on adding products for Test case TestCase110 On Menu item : - Opportunities
SalesForce_EntityUseCode,TESTCASE110,Thu Aug 28 10:26:41 IST 2014,PASS,'Total Sales Tax' 0.00 verified successfully for Test case TestCase110 on Opportunities Window.
SalesForce_EntityUseCode,TESTCASE110,Thu Aug 28 10:26:41 IST 2014,PASS,Avalara Status ' Temporary' verified successfully on Calculate for Test case TestCase110 On tax calculation on Opportunities Window 
SalesForce_EntityUseCode,TESTCASE110,Thu Aug 28 10:27:04 IST 2014,PASS,After clicking on menu newQuote Respective page opened successfully
SalesForce_EntityUseCode,TESTCASE110,Thu Aug 28 10:27:28 IST 2014,PASS,Avalara Status 'Temporary' verified successfully on adding products for Test case TestCase110 On Menu item : - Quotes
SalesForce_EntityUseCode,TESTCASE110,Thu Aug 28 10:27:57 IST 2014,PASS,'Total Sales Tax' 0.00 verified successfully for Test case TestCase110 on Quotes Window.
SalesForce_EntityUseCode,TESTCASE110,Thu Aug 28 10:28:01 IST 2014,PASS,Avalara Status ' Temporary' verified successfully on Calculate for Test case TestCase110 On tax calculation on Quotes Window 
SalesForce_EntityUseCode,TESTCASE110,Thu Aug 28 10:28:08 IST 2014,PASS,Tax Calculation for Test case: TestCase110 Ended.
SalesForce_EntityUseCode,SalesForce_EntityUseCode,Thu Aug 28 10:28:23 IST 2014,PASS,Script Ended.
SalesForce_MISC_Charges,SalesForce_MISC_Charges,Thu Aug 28 11:22:31 IST 2014,FAIL,Logging into SalesForce application is Failed.
SalesForce_MISC_Charges,TESTCASE100,Thu Aug 28 11:22:31 IST 2014,PASS,Tax Calculation for Test case: TestCase100 Started.
SalesForce_MISC_Charges,TESTCASE100,Thu Aug 28 11:22:47 IST 2014,PASS,After clicking on menu TaxNowSettings Respective page opened successfully
SalesForce_MISC_Charges,TESTCASE100,Thu Aug 28 11:22:56 IST 2014,PASS,Tax now settings updated successfully
SalesForce_MISC_Charges,TESTCASE100,Thu Aug 28 12:08:19 IST 2014,PASS,After clicking on menu Accounts Respective page opened successfully
SalesForce_MISC_Charges,SalesForce_MISC_Charges,Thu Aug 28 12:23:45 IST 2014,FAIL,Logging into SalesForce application is Failed.
SalesForce_MISC_Charges,TESTCASE100,Thu Aug 28 12:23:45 IST 2014,PASS,Tax Calculation for Test case: TestCase100 Started.
SalesForce_MISC_Charges,TESTCASE100,Thu Aug 28 12:24:35 IST 2014,PASS,After clicking on menu TaxNowSettings Respective page opened successfully
SalesForce_MISC_Charges,TESTCASE100,Thu Aug 28 12:24:47 IST 2014,PASS,Tax now settings updated successfully
SalesForce_MISC_Charges,TESTCASE100,Thu Aug 28 12:25:17 IST 2014,PASS,After clicking on menu Accounts Respective page opened successfully
SalesForce_MISC_Charges,SalesForce_MISC_Charges,Thu Aug 28 12:27:31 IST 2014,FAIL,Logging into SalesForce application is Failed.
SalesForce_MISC_Charges,TESTCASE100,Thu Aug 28 12:27:31 IST 2014,PASS,Tax Calculation for Test case: TestCase100 Started.
SalesForce_MISC_Charges,TESTCASE100,Thu Aug 28 12:28:03 IST 2014,PASS,After clicking on menu TaxNowSettings Respective page opened successfully
SalesForce_MISC_Charges,TESTCASE100,Thu Aug 28 12:28:22 IST 2014,PASS,Tax now settings updated successfully
SalesForce_MISC_Charges,TESTCASE100,Thu Aug 28 12:28:38 IST 2014,PASS,After clicking on menu Accounts Respective page opened successfully
SalesForce_MISC_Charges,TESTCASE100,Thu Aug 28 12:30:53 IST 2014,PASS,Opportunities created successfully
SalesForce_MISC_Charges,TESTCASE100,Thu Aug 28 12:30:59 IST 2014,PASS,After clicking on menu Opportunities Respective page opened successfully
SalesForce_MISC_Charges,TESTCASE100,Thu Aug 28 12:31:40 IST 2014,PASS,Avalara Status 'Temporary' verified successfully on adding products for Test case TestCase100 On Menu item : - Opportunities
SalesForce_MISC_Charges,SalesForce_MISC_Charges,Thu Aug 28 12:34:40 IST 2014,FAIL,Logging into SalesForce application is Failed.
SalesForce_MISC_Charges,TESTCASE100,Thu Aug 28 12:34:40 IST 2014,PASS,Tax Calculation for Test case: TestCase100 Started.
SalesForce_MISC_Charges,TESTCASE100,Thu Aug 28 12:35:18 IST 2014,PASS,After clicking on menu TaxNowSettings Respective page opened successfully
SalesForce_MISC_Charges,TESTCASE100,Thu Aug 28 12:35:31 IST 2014,PASS,Tax now settings updated successfully
SalesForce_MISC_Charges,TESTCASE100,Thu Aug 28 12:35:49 IST 2014,PASS,After clicking on menu Accounts Respective page opened successfully
SalesForce_MISC_Charges,TESTCASE100,Thu Aug 28 12:36:16 IST 2014,PASS,Opportunities created successfully
SalesForce_MISC_Charges,TESTCASE100,Thu Aug 28 12:36:17 IST 2014,PASS,After clicking on menu Opportunities Respective page opened successfully
SalesForce_MISC_Charges,TESTCASE100,Thu Aug 28 14:20:13 IST 2014,PASS,Avalara Status 'Temporary' verified successfully on adding products for Test case TestCase100 On Menu item : - Opportunities
SalesForce_MISC_Charges,TESTCASE100,Thu Aug 28 14:51:38 IST 2014,PASS,'Total Sales Tax' 77.50 verified successfully for Test case TestCase100 on Opportunities Window.
SalesForce_MISC_Charges,SalesForce_MISC_Charges,Thu Aug 28 14:58:45 IST 2014,FAIL,Logging into SalesForce application is Failed.
SalesForce_MISC_Charges,TESTCASE100,Thu Aug 28 14:58:45 IST 2014,PASS,Tax Calculation for Test case: TestCase100 Started.
SalesForce_MISC_Charges,TESTCASE100,Thu Aug 28 14:59:31 IST 2014,PASS,After clicking on menu TaxNowSettings Respective page opened successfully
SalesForce_MISC_Charges,TESTCASE100,Thu Aug 28 14:59:50 IST 2014,PASS,Tax now settings updated successfully
SalesForce_MISC_Charges,TESTCASE100,Thu Aug 28 15:00:07 IST 2014,PASS,After clicking on menu Accounts Respective page opened successfully
SalesForce_MISC_Charges,TESTCASE100,Thu Aug 28 15:00:22 IST 2014,PASS,Opportunities created successfully
SalesForce_MISC_Charges,TESTCASE100,Thu Aug 28 15:00:23 IST 2014,PASS,After clicking on menu Opportunities Respective page opened successfully
SalesForce_MISC_Charges,TESTCASE100,Thu Aug 28 15:00:55 IST 2014,PASS,Avalara Status 'Temporary' verified successfully on adding products for Test case TestCase100 On Menu item : - Opportunities
SalesForce_MISC_Charges,TESTCASE100,Thu Aug 28 15:01:37 IST 2014,PASS,'Total Sales Tax' 77.50 verified successfully for Test case TestCase100 on Opportunities Window.
SalesForce_MISC_Charges,SalesForce_MISC_Charges,Thu Aug 28 15:03:10 IST 2014,FAIL,Logging into SalesForce application is Failed.
SalesForce_MISC_Charges,TESTCASE100,Thu Aug 28 15:03:10 IST 2014,PASS,Tax Calculation for Test case: TestCase100 Started.
SalesForce_MISC_Charges,TESTCASE100,Thu Aug 28 15:03:26 IST 2014,PASS,After clicking on menu TaxNowSettings Respective page opened successfully
SalesForce_MISC_Charges,TESTCASE100,Thu Aug 28 15:03:37 IST 2014,PASS,Tax now settings updated successfully
SalesForce_MISC_Charges,TESTCASE100,Thu Aug 28 15:03:52 IST 2014,PASS,After clicking on menu Accounts Respective page opened successfully
SalesForce_MISC_Charges,TESTCASE100,Thu Aug 28 15:04:04 IST 2014,PASS,Opportunities created successfully
SalesForce_MISC_Charges,TESTCASE100,Thu Aug 28 15:04:05 IST 2014,PASS,After clicking on menu Opportunities Respective page opened successfully
SalesForce_MISC_Charges,TESTCASE100,Thu Aug 28 15:04:21 IST 2014,PASS,Avalara Status 'Temporary' verified successfully on adding products for Test case TestCase100 On Menu item : - Opportunities
SalesForce_MISC_Charges,TESTCASE100,Thu Aug 28 15:04:31 IST 2014,PASS,'Total Sales Tax' 77.50 verified successfully for Test case TestCase100 on Opportunities Window.
SalesForce_MISC_Charges,TESTCASE100,Thu Aug 28 15:04:53 IST 2014,PASS,'Misc Tax' 7.75 verified successfully for Test caseTestCase100 on Opportunities Window.
SalesForce_MISC_Charges,TESTCASE100,Thu Aug 28 15:04:58 IST 2014,PASS,Avalara Status ' Saved' verified successfully on Calculate for Test case TestCase100 On tax calculation on Opportunities Window 
SalesForce_MISC_Charges,TESTCASE100,Thu Aug 28 15:05:09 IST 2014,PASS,'Total Sales Tax' 77.50 verified successfully for Test case TestCase100 on Finalize Opportunity Window.
SalesForce_MISC_Charges,TESTCASE100,Thu Aug 28 15:05:26 IST 2014,PASS,'Misc Tax' 7.75 verified successfully for Test caseTestCase100 on Finalize Opportunity Window.
SalesForce_MISC_Charges,TESTCASE100,Thu Aug 28 15:05:32 IST 2014,PASS,Avalara Status ' Committed' verified successfully on Calculate for Test case TestCase100 On tax calculation on Finalize Opportunity Window 
SalesForce_MISC_Charges,TESTCASE100,Thu Aug 28 15:05:42 IST 2014,PASS,After clicking on menu newQuote Respective page opened successfully
SalesForce_MISC_Charges,TESTCASE100,Thu Aug 28 15:06:43 IST 2014,PASS,Avalara Status 'Temporary' verified successfully on adding products for Test case TestCase100 On Menu item : - Quotes
SalesForce_MISC_Charges,TESTCASE100,Thu Aug 28 15:08:11 IST 2014,PASS,'Total Sales Tax' 155.00 verified successfully for Test case TestCase100 on Quotes Window.
SalesForce_MISC_Charges,SalesForce_MISC_Charges,Thu Aug 28 15:17:44 IST 2014,FAIL,Logging into SalesForce application is Failed.
SalesForce_MISC_Charges,TESTCASE100,Thu Aug 28 15:17:44 IST 2014,PASS,Tax Calculation for Test case: TestCase100 Started.
SalesForce_MISC_Charges,TESTCASE100,Thu Aug 28 15:18:02 IST 2014,PASS,After clicking on menu TaxNowSettings Respective page opened successfully
SalesForce_MISC_Charges,TESTCASE100,Thu Aug 28 15:18:13 IST 2014,PASS,Tax now settings updated successfully
SalesForce_MISC_Charges,TESTCASE100,Thu Aug 28 15:18:27 IST 2014,PASS,After clicking on menu Accounts Respective page opened successfully
SalesForce_MISC_Charges,TESTCASE100,Thu Aug 28 15:18:39 IST 2014,PASS,Opportunities created successfully
SalesForce_MISC_Charges,TESTCASE100,Thu Aug 28 15:18:40 IST 2014,PASS,After clicking on menu Opportunities Respective page opened successfully
SalesForce_MISC_Charges,TESTCASE100,Thu Aug 28 15:18:55 IST 2014,PASS,Avalara Status 'Temporary' verified successfully on adding products for Test case TestCase100 On Menu item : - Opportunities
SalesForce_MISC_Charges,TESTCASE100,Thu Aug 28 15:19:02 IST 2014,PASS,'Total Sales Tax' 77.50 verified successfully for Test case TestCase100 on Opportunities Window.
SalesForce_MISC_Charges,TESTCASE100,Thu Aug 28 15:19:02 IST 2014,PASS,'Misc Tax' 7.75 verified successfully for Test caseTestCase100 on Opportunities Window.
SalesForce_MISC_Charges,TESTCASE100,Thu Aug 28 15:19:02 IST 2014,PASS,Avalara Status ' Saved' verified successfully on Calculate for Test case TestCase100 On tax calculation on Opportunities Window 
SalesForce_MISC_Charges,TESTCASE100,Thu Aug 28 15:19:09 IST 2014,PASS,'Total Sales Tax' 77.50 verified successfully for Test case TestCase100 on Finalize Opportunity Window.
SalesForce_MISC_Charges,TESTCASE100,Thu Aug 28 15:19:09 IST 2014,PASS,'Misc Tax' 7.75 verified successfully for Test caseTestCase100 on Finalize Opportunity Window.
SalesForce_MISC_Charges,TESTCASE100,Thu Aug 28 15:19:09 IST 2014,PASS,Avalara Status ' Committed' verified successfully on Calculate for Test case TestCase100 On tax calculation on Finalize Opportunity Window 
SalesForce_MISC_Charges,TESTCASE100,Thu Aug 28 15:20:51 IST 2014,PASS,After clicking on menu newQuote Respective page opened successfully
SalesForce_MISC_Charges,TESTCASE100,Thu Aug 28 15:21:13 IST 2014,PASS,Avalara Status 'Temporary' verified successfully on adding products for Test case TestCase100 On Menu item : - Quotes
SalesForce_MISC_Charges,TESTCASE100,Thu Aug 28 15:21:30 IST 2014,FAIL,'Total Sales Tax' 155.00 NOT verified successfully for Test caseTestCase100 on Quotes Window.Expected Tax :- 155.00 and Actual Tax:- 162.75
SalesForce_ErrorMessageDisplayed,SalesForce_ErrorMessageDisplayed,Thu Aug 28 15:23:19 IST 2014,FAIL,Logging into SalesForce application is Failed.
SalesForce_ErrorMessageDisplayed,TESTCASE80,Thu Aug 28 15:23:19 IST 2014,PASS,Tax Calculation for Test case: TestCase80 Started.
SalesForce_ErrorMessageDisplayed,TESTCASE80,Thu Aug 28 15:23:30 IST 2014,PASS,After clicking on menu TaxNowSettings Respective page opened successfully
SalesForce_ErrorMessageDisplayed,TESTCASE80,Thu Aug 28 15:23:38 IST 2014,PASS,Tax now settings updated successfully
SalesForce_ErrorMessageDisplayed,TESTCASE80,Thu Aug 28 15:23:52 IST 2014,PASS,After clicking on menu Accounts Respective page opened successfully
SalesForce_ErrorMessageDisplayed,TESTCASE80,Thu Aug 28 15:24:01 IST 2014,PASS,Opportunities created successfully
SalesForce_ErrorMessageDisplayed,TESTCASE80,Thu Aug 28 15:24:02 IST 2014,PASS,After clicking on menu Opportunities Respective page opened successfully
SalesForce_ErrorMessageDisplayed,TESTCASE80,Thu Aug 28 15:24:19 IST 2014,PASS,Avalara Status 'Temporary' verified successfully on adding products for Test case TestCase80 On Menu item : - Opportunities
SalesForce_ErrorMessageDisplayed,TESTCASE80,Thu Aug 28 15:25:48 IST 2014,PASS,Error message appeared as Name: JurisdictionNotFoundError Summary: Unable to determine the taxing jurisdictions. Details: 900432 Winslow Way, Bainbridge Island, WA 453543 US (Destination)
SalesForce_ErrorMessageDisplayed,TESTCASE80,Thu Aug 28 15:26:19 IST 2014,PASS,After clicking on menu newQuote Respective page opened successfully
SalesForce_ErrorMessageDisplayed,TESTCASE80,Thu Aug 28 15:27:11 IST 2014,PASS,Avalara Status 'Temporary' verified successfully on adding products for Test case TestCase80 On Menu item : - Quotes
SalesForce_ErrorMessageDisplayed,TESTCASE80,Thu Aug 28 15:27:24 IST 2014,PASS,Error message appeared as Name: JurisdictionNotFoundError Summary: Unable to determine the taxing jurisdictions. Details: 900432 Winslow Way, Bainbridge Island, WA 453543 US (Destination)
SalesForce_ErrorMessageDisplayed,TESTCASE80,Thu Aug 28 15:27:35 IST 2014,PASS,Tax Calculation for Test case: TestCase80 Ended.
SalesForce_ErrorMessageDisplayed,SalesForce_ErrorMessageDisplayed,Thu Aug 28 15:49:17 IST 2014,FAIL,Logging into SalesForce application is Failed.
SalesForce_ErrorMessageDisplayed,TESTCASE80,Thu Aug 28 15:49:17 IST 2014,PASS,Tax Calculation for Test case: TestCase80 Started.
SalesForce_ErrorMessageDisplayed,SalesForce_ErrorMessageDisplayed,Thu Aug 28 15:53:22 IST 2014,FAIL,Logging into SalesForce application is Failed.
SalesForce_ErrorMessageDisplayed,TESTCASE80,Thu Aug 28 15:53:22 IST 2014,PASS,Tax Calculation for Test case: TestCase80 Started.
SalesForce_TaxCalc,SalesForce_TaxCalc,Thu Aug 28 15:54:46 IST 2014,FAIL,Logging into SalesForce application is Failed.
SalesForce_TaxCalc,TESTCASE1,Thu Aug 28 15:54:46 IST 2014,PASS,Tax Calculation for Test case: TestCase1 Started.
SalesForce_TaxCalc,SalesForce_TaxCalc,Thu Aug 28 15:57:55 IST 2014,FAIL,Logging into SalesForce application is Failed.
SalesForce_TaxCalc,TESTCASE1,Thu Aug 28 15:57:55 IST 2014,PASS,Tax Calculation for Test case: TestCase1 Started.
SalesForce_TaxCalc,SalesForce_TaxCalc,Thu Aug 28 16:00:55 IST 2014,FAIL,Logging into SalesForce application is Failed.
SalesForce_TaxCalc,TESTCASE1,Thu Aug 28 16:00:55 IST 2014,PASS,Tax Calculation for Test case: TestCase1 Started.
SalesForce_TaxCalc,SalesForce_TaxCalc,Thu Aug 28 16:02:07 IST 2014,FAIL,Logging into SalesForce application is Failed.
SalesForce_TaxCalc,TESTCASE1,Thu Aug 28 16:02:07 IST 2014,PASS,Tax Calculation for Test case: TestCase1 Started.
SalesForce_TaxCalc,SalesForce_TaxCalc,Thu Aug 28 16:10:41 IST 2014,FAIL,Logging into SalesForce application is Failed.
SalesForce_TaxCalc,TESTCASE1,Thu Aug 28 16:10:41 IST 2014,PASS,Tax Calculation for Test case: TestCase1 Started.
SalesForce_TaxCalc,SalesForce_TaxCalc,Thu Aug 28 16:11:27 IST 2014,FAIL,Logging into SalesForce application is Failed.
SalesForce_TaxCalc,TESTCASE1,Thu Aug 28 16:11:27 IST 2014,PASS,Tax Calculation for Test case: TestCase1 Started.
SalesForce_TaxCalc,SalesForce_TaxCalc,Thu Aug 28 16:13:37 IST 2014,FAIL,Logging into SalesForce application is Failed.
SalesForce_TaxCalc,TESTCASE1,Thu Aug 28 16:13:37 IST 2014,PASS,Tax Calculation for Test case: TestCase1 Started.
SalesForce_TaxCalc,SalesForce_TaxCalc,Thu Aug 28 16:14:39 IST 2014,FAIL,Logging into SalesForce application is Failed.
SalesForce_TaxCalc,TESTCASE1,Thu Aug 28 16:14:39 IST 2014,PASS,Tax Calculation for Test case: TestCase1 Started.
SalesForce_TaxCalc,SalesForce_TaxCalc,Thu Aug 28 16:17:11 IST 2014,FAIL,Logging into SalesForce application is Failed.
SalesForce_TaxCalc,TESTCASE1,Thu Aug 28 16:17:11 IST 2014,PASS,Tax Calculation for Test case: TestCase1 Started.
SalesForce_TaxCalc,SalesForce_TaxCalc,Thu Aug 28 16:20:45 IST 2014,FAIL,Logging into SalesForce application is Failed.
SalesForce_TaxCalc,TESTCASE1,Thu Aug 28 16:20:45 IST 2014,PASS,Tax Calculation for Test case: TestCase1 Started.
