ScriptName,TCName,Date,Result,Description
OPENCART2_TAXCODE,OPENCART2_TAXCODE,Tue Mar 31 17:02:27 IST 2015,PASS,Logging into OpenCartAdmin application is successful.
OPENCART2_TAXCODE,TESTCASE40,Tue Mar 31 17:02:35 IST 2015,PASS,Tax Calculation for Test case: TestCase40 Started
OPENCART2_TAXCODE,TESTCASE40,Tue Mar 31 17:04:13 IST 2015,PASS,All the OpenCart admin setting is updated successfully
OPENCART2_TAXCODE,TESTCASE40,Tue Mar 31 17:04:25 IST 2015,PASS,OpenCart application is open successfully.
OPENCART2_TAXCODE,TESTCASE40,Tue Mar 31 17:07:05 IST 2015,PASS,'Total Sales Tax' 27.00 verified successfully for Test case TestCase40 on StoreCart Window.
OPENCART2_TAXCODE,TESTCASE40,Tue Mar 31 17:07:57 IST 2015,PASS,Logging into OpenCartAdmin application is successful.
OPENCART2_TAXCODE,TESTCASE40,Tue Mar 31 17:08:45 IST 2015,PASS,Avalara Status ' Pending' verified successfully on Calculate for Test case TestCase40 On tax calculation on AdminCart Window 
OPENCART2_TAXCODE,TESTCASE40,Tue Mar 31 17:09:20 IST 2015,PASS,'Total Sales Tax' 27.00 verified successfully for Test case TestCase40 on AdminCart Window.
OPENCART2_TAXCODE,TESTCASE40,Tue Mar 31 17:09:40 IST 2015,PASS,Avalara Status ' Complete' verified successfully on Calculate for Test case TestCase40 On tax calculation on AdminCart Window 
OPENCART2_TAXCODE,TESTCASE41,Tue Mar 31 17:09:40 IST 2015,PASS,Tax Calculation for Test case: TestCase41 Started
OPENCART2_TAXCODE,TESTCASE41,Tue Mar 31 17:11:18 IST 2015,PASS,All the OpenCart admin setting is updated successfully
OPENCART2_TAXCODE,TESTCASE41,Tue Mar 31 17:11:28 IST 2015,PASS,OpenCart application is open successfully.
OPENCART2_TAXCODE,TESTCASE41,Tue Mar 31 17:11:52 IST 2015,FAIL,fCalculateSalesTax: Exception: java.lang.NullPointerException
OPENCART2_TAXCODE,TESTCASE42,Tue Mar 31 17:11:52 IST 2015,PASS,Tax Calculation for Test case: TestCase42 Started
OPENCART2_TAXCODE,TESTCASE42,Tue Mar 31 17:12:12 IST 2015,FAIL,fUpdateSettingsException:org.openqa.selenium.NoSuchElementException: Unable to locate element: {"method":"xpath","selector":"//li[@id='system']/a/i"}
Command duration or timeout: 10.08 seconds
For documentation on this error, please visit: http://seleniumhq.org/exceptions/no_such_element.html
Build info: version: '2.40.0', revision: 'fbe29a9', time: '2014-02-19 20:55:11'
System info: host: 'Av-Pn-KhareA', ip: '10.240.20.115', os.name: 'Windows 7', os.arch: 'x86', os.version: '6.1', java.version: '1.6.0_45'
Session ID: bae1bc38-521d-4c58-adda-6651ced07f00
Driver info: org.openqa.selenium.firefox.FirefoxDriver
Capabilities [{platform=XP, acceptSslCerts=true, javascriptEnabled=true, browserName=firefox, rotatable=false, locationContextEnabled=true, version=12.0, cssSelectorsEnabled=true, databaseEnabled=true, handlesAlerts=true, browserConnectionEnabled=true, nativeEvents=false, webStorageEnabled=true, applicationCacheEnabled=true, takesScreenshot=true}]
OPENCART2_TAXCODE,OPENCART2_TAXCODE,Tue Mar 31 17:12:12 IST 2015,PASS,Script Ended.
OPENCART2_TAXCODE,OPENCART2_TAXCODE,Tue Mar 31 17:50:03 IST 2015,PASS,Logging into OpenCartAdmin application is successful.
OPENCART2_TAXCODE,TESTCASE41,Tue Mar 31 17:50:11 IST 2015,PASS,Tax Calculation for Test case: TestCase41 Started
OPENCART2_TAXCODE,TESTCASE41,Tue Mar 31 17:51:51 IST 2015,PASS,All the OpenCart admin setting is updated successfully
OPENCART2_TAXCODE,TESTCASE41,Tue Mar 31 17:52:17 IST 2015,PASS,OpenCart application is open successfully.
OPENCART2_TAXCODE,OPENCART2_TAXCODE,Tue Mar 31 17:59:07 IST 2015,PASS,Logging into OpenCartAdmin application is successful.
OPENCART2_TAXCODE,TESTCASE41,Tue Mar 31 17:59:15 IST 2015,PASS,Tax Calculation for Test case: TestCase41 Started
OPENCART2_TAXCODE,TESTCASE41,Tue Mar 31 18:00:55 IST 2015,PASS,All the OpenCart admin setting is updated successfully
OPENCART2_TAXCODE,TESTCASE41,Tue Mar 31 18:01:08 IST 2015,PASS,OpenCart application is open successfully.
OPENCART2_TAXCODE,TESTCASE41,Tue Mar 31 18:09:42 IST 2015,PASS,'Total Sales Tax' 114.00 verified successfully for Test case TestCase41 on StoreCart Window.
OPENCART2_TAXCODE,TESTCASE41,Tue Mar 31 18:10:47 IST 2015,PASS,Logging into OpenCartAdmin application is successful.
OPENCART2_TAXCODE,TESTCASE41,Tue Mar 31 18:19:58 IST 2015,PASS,Avalara Status ' Pending' verified successfully on Calculate for Test case TestCase41 On tax calculation on AdminCart Window 
OPENCART2_TAXCODE,TESTCASE41,Tue Mar 31 18:20:57 IST 2015,FAIL,'Total Sales Tax' 114.00 NOT verified successfully for Test caseTestCase41 on AdminCart Window.Expected Tax :- 114.00 and Actual Tax:- 0.00
OPENCART2_TAXCODE,OPENCART2_TAXCODE,Tue Mar 31 18:44:10 IST 2015,PASS,Logging into OpenCartAdmin application is successful.
OPENCART2_TAXCODE,TESTCASE41,Tue Mar 31 18:44:18 IST 2015,PASS,Tax Calculation for Test case: TestCase41 Started
OPENCART2_TAXCODE,TESTCASE41,Tue Mar 31 18:45:57 IST 2015,PASS,All the OpenCart admin setting is updated successfully
OPENCART2_TAXCODE,TESTCASE41,Tue Mar 31 18:46:09 IST 2015,PASS,OpenCart application is open successfully.
OPENCART2_TAXCODE,TESTCASE41,Tue Mar 31 18:49:07 IST 2015,PASS,'Total Sales Tax' 114.00 verified successfully for Test case TestCase41 on StoreCart Window.
OPENCART2_TAXCODE,TESTCASE41,Tue Mar 31 18:50:00 IST 2015,PASS,Logging into OpenCartAdmin application is successful.
OPENCART2_TAXCODE,TESTCASE41,Tue Mar 31 18:50:48 IST 2015,PASS,Avalara Status ' Pending' verified successfully on Calculate for Test case TestCase41 On tax calculation on AdminCart Window 
OPENCART2_TAXCODE,TESTCASE41,Tue Mar 31 18:51:23 IST 2015,FAIL,fCalculateSalesTax: Exception: java.sql.SQLException: Column not found
OPENCART2_TAXCODE,TESTCASE42,Tue Mar 31 18:51:23 IST 2015,PASS,Tax Calculation for Test case: TestCase42 Started
OPENCART2_TAXCODE,TESTCASE42,Tue Mar 31 18:52:59 IST 2015,PASS,All the OpenCart admin setting is updated successfully
OPENCART2_TAXCODE,TESTCASE42,Tue Mar 31 18:53:09 IST 2015,PASS,OpenCart application is open successfully.
OPENCART2_TAXCODE,TESTCASE42,Tue Mar 31 18:55:47 IST 2015,FAIL,fCalculateSalesTax: Exception: java.lang.NullPointerException
OPENCART2_TAXCODE,OPENCART2_TAXCODE,Tue Mar 31 18:55:48 IST 2015,PASS,Script Ended.
OPENCART2_TAXCODE,OPENCART2_TAXCODE,Wed Apr 01 10:31:34 IST 2015,PASS,Logging into OpenCartAdmin application is successful.
OPENCART2_TAXCODE,TESTCASE41,Wed Apr 01 10:31:42 IST 2015,PASS,Tax Calculation for Test case: TestCase41 Started
OPENCART2_TAXCODE,TESTCASE41,Wed Apr 01 10:33:23 IST 2015,PASS,All the OpenCart admin setting is updated successfully
OPENCART2_TAXCODE,TESTCASE41,Wed Apr 01 10:33:37 IST 2015,PASS,OpenCart application is open successfully.
OPENCART2_TAXCODE,TESTCASE41,Wed Apr 01 10:36:36 IST 2015,PASS,'Total Sales Tax' 114.00 verified successfully for Test case TestCase41 on StoreCart Window.
OPENCART2_TAXCODE,TESTCASE41,Wed Apr 01 10:37:30 IST 2015,PASS,Logging into OpenCartAdmin application is successful.
OPENCART2_TAXCODE,TESTCASE41,Wed Apr 01 10:41:14 IST 2015,PASS,Avalara Status ' Pending' verified successfully on Calculate for Test case TestCase41 On tax calculation on AdminCart Window 
OPENCART2_TAXCODE,OPENCART2_TAXCODE,Wed Apr 01 10:45:52 IST 2015,PASS,Logging into OpenCartAdmin application is successful.
OPENCART2_TAXCODE,TESTCASE41,Wed Apr 01 10:46:01 IST 2015,PASS,Tax Calculation for Test case: TestCase41 Started
OPENCART2_TAXCODE,TESTCASE41,Wed Apr 01 10:47:41 IST 2015,PASS,All the OpenCart admin setting is updated successfully
OPENCART2_TAXCODE,TESTCASE41,Wed Apr 01 10:47:52 IST 2015,PASS,OpenCart application is open successfully.
OPENCART2_TAXCODE,TESTCASE41,Wed Apr 01 10:49:57 IST 2015,FAIL,fCalculateSalesTax: Exception: org.openqa.selenium.UnhandledAlertException: Modal dialog present: 
error
undefined
Build info: version: '2.40.0', revision: 'fbe29a9', time: '2014-02-19 20:55:11'
System info: host: 'Av-Pn-KhareA', ip: '10.240.20.97', os.name: 'Windows 7', os.arch: 'x86', os.version: '6.1', java.version: '1.6.0_45'
Session ID: 70c0473c-4d8f-401e-b438-c42f8dca6a2c
Driver info: org.openqa.selenium.firefox.FirefoxDriver
Capabilities [{platform=XP, acceptSslCerts=true, javascriptEnabled=true, browserName=firefox, rotatable=false, locationContextEnabled=true, version=12.0, cssSelectorsEnabled=true, databaseEnabled=true, handlesAlerts=true, browserConnectionEnabled=true, nativeEvents=false, webStorageEnabled=true, applicationCacheEnabled=true, takesScreenshot=true}]
OPENCART2_TAXCODE,TESTCASE42,Wed Apr 01 10:49:57 IST 2015,PASS,Tax Calculation for Test case: TestCase42 Started
OPENCART2_TAXCODE,TESTCASE42,Wed Apr 01 10:50:17 IST 2015,FAIL,fUpdateSettingsException:org.openqa.selenium.NoSuchElementException: Unable to locate element: {"method":"xpath","selector":"//li[@id='system']/a/i"}
Command duration or timeout: 10.13 seconds
For documentation on this error, please visit: http://seleniumhq.org/exceptions/no_such_element.html
Build info: version: '2.40.0', revision: 'fbe29a9', time: '2014-02-19 20:55:11'
System info: host: 'Av-Pn-KhareA', ip: '10.240.20.97', os.name: 'Windows 7', os.arch: 'x86', os.version: '6.1', java.version: '1.6.0_45'
Session ID: 70c0473c-4d8f-401e-b438-c42f8dca6a2c
Driver info: org.openqa.selenium.firefox.FirefoxDriver
Capabilities [{platform=XP, acceptSslCerts=true, javascriptEnabled=true, browserName=firefox, rotatable=false, locationContextEnabled=true, version=12.0, cssSelectorsEnabled=true, databaseEnabled=true, handlesAlerts=true, browserConnectionEnabled=true, nativeEvents=false, webStorageEnabled=true, applicationCacheEnabled=true, takesScreenshot=true}]
OPENCART2_TAXCODE,OPENCART2_TAXCODE,Wed Apr 01 10:50:17 IST 2015,PASS,Script Ended.
OPENCART2_TAXCODE,OPENCART2_TAXCODE,Wed Apr 01 11:00:33 IST 2015,PASS,Logging into OpenCartAdmin application is successful.
OPENCART2_TAXCODE,TESTCASE41,Wed Apr 01 11:00:41 IST 2015,PASS,Tax Calculation for Test case: TestCase41 Started
OPENCART2_TAXCODE,TESTCASE41,Wed Apr 01 11:02:19 IST 2015,PASS,All the OpenCart admin setting is updated successfully
OPENCART2_TAXCODE,TESTCASE41,Wed Apr 01 11:02:31 IST 2015,PASS,OpenCart application is open successfully.
OPENCART2_TAXCODE,TESTCASE41,Wed Apr 01 11:05:29 IST 2015,PASS,'Total Sales Tax' 114.00 verified successfully for Test case TestCase41 on StoreCart Window.
OPENCART2_TAXCODE,TESTCASE41,Wed Apr 01 11:06:23 IST 2015,PASS,Logging into OpenCartAdmin application is successful.
OPENCART2_TAXCODE,TESTCASE41,Wed Apr 01 11:07:11 IST 2015,PASS,Avalara Status ' Pending' verified successfully on Calculate for Test case TestCase41 On tax calculation on AdminCart Window 
OPENCART2_TAXCODE,TESTCASE41,Wed Apr 01 11:07:45 IST 2015,PASS,'Total Sales Tax' 114.00 verified successfully for Test case TestCase41 on AdminCart Window.
OPENCART2_TAXCODE,TESTCASE41,Wed Apr 01 11:08:05 IST 2015,PASS,Avalara Status ' Complete' verified successfully on Calculate for Test case TestCase41 On tax calculation on AdminCart Window 
OPENCART2_TAXCODE,TESTCASE42,Wed Apr 01 11:08:05 IST 2015,PASS,Tax Calculation for Test case: TestCase42 Started
OPENCART2_TAXCODE,TESTCASE42,Wed Apr 01 11:09:41 IST 2015,PASS,All the OpenCart admin setting is updated successfully
OPENCART2_TAXCODE,TESTCASE42,Wed Apr 01 11:09:52 IST 2015,PASS,OpenCart application is open successfully.
OPENCART2_TAXCODE,TESTCASE42,Wed Apr 01 11:12:30 IST 2015,FAIL,fCalculateSalesTax: Exception: java.lang.NullPointerException
OPENCART2_TAXCODE,OPENCART2_TAXCODE,Wed Apr 01 11:12:30 IST 2015,PASS,Script Ended.
OPENCART2_TAXCODE,OPENCART2_TAXCODE,Wed Apr 01 12:37:49 IST 2015,PASS,Logging into OpenCartAdmin application is successful.
OPENCART2_TAXCODE,TESTCASE42,Wed Apr 01 12:37:57 IST 2015,PASS,Tax Calculation for Test case: TestCase42 Started
OPENCART2_TAXCODE,TESTCASE42,Wed Apr 01 12:39:34 IST 2015,PASS,All the OpenCart admin setting is updated successfully
OPENCART2_TAXCODE,TESTCASE42,Wed Apr 01 12:39:46 IST 2015,PASS,OpenCart application is open successfully.
OPENCART2_TAXCODE,TESTCASE42,Wed Apr 01 12:42:26 IST 2015,FAIL,fCalculateSalesTax: Exception: java.lang.NullPointerException
OPENCART2_TAXCODE,OPENCART2_TAXCODE,Wed Apr 01 12:42:26 IST 2015,PASS,Script Ended.
OPENCART2_TAXCODE,OPENCART2_TAXCODE,Wed Apr 01 14:46:51 IST 2015,PASS,Logging into OpenCartAdmin application is successful.
OPENCART2_TAXCODE,TESTCASE42,Wed Apr 01 14:46:59 IST 2015,PASS,Tax Calculation for Test case: TestCase42 Started
OPENCART2_TAXCODE,TESTCASE42,Wed Apr 01 14:48:36 IST 2015,PASS,All the OpenCart admin setting is updated successfully
OPENCART2_TAXCODE,TESTCASE42,Wed Apr 01 14:48:48 IST 2015,PASS,OpenCart application is open successfully.
OPENCART2_TAXCODE,OPENCART2_TAXCODE,Wed Apr 01 15:04:46 IST 2015,PASS,Logging into OpenCartAdmin application is successful.
OPENCART2_TAXCODE,TESTCASE42,Wed Apr 01 15:04:54 IST 2015,PASS,Tax Calculation for Test case: TestCase42 Started
OPENCART2_TAXCODE,TESTCASE42,Wed Apr 01 15:06:32 IST 2015,PASS,All the OpenCart admin setting is updated successfully
OPENCART2_TAXCODE,TESTCASE42,Wed Apr 01 15:06:44 IST 2015,PASS,OpenCart application is open successfully.
OPENCART2_TAXCODE,OPENCART2_TAXCODE,Wed Apr 01 15:15:28 IST 2015,PASS,Logging into OpenCartAdmin application is successful.
OPENCART2_TAXCODE,TESTCASE42,Wed Apr 01 15:15:36 IST 2015,PASS,Tax Calculation for Test case: TestCase42 Started
OPENCART2_TAXCODE,TESTCASE42,Wed Apr 01 15:17:17 IST 2015,PASS,All the OpenCart admin setting is updated successfully
OPENCART2_TAXCODE,TESTCASE42,Wed Apr 01 15:17:28 IST 2015,PASS,OpenCart application is open successfully.
OPENCART2_TAXCODE,TESTCASE42,Wed Apr 01 15:20:27 IST 2015,PASS,'Total Sales Tax' 27.00 verified successfully for Test case TestCase42 on StoreCart Window.
OPENCART2_TAXCODE,TESTCASE42,Wed Apr 01 15:21:20 IST 2015,PASS,Logging into OpenCartAdmin application is successful.
OPENCART2_TAXCODE,TESTCASE42,Wed Apr 01 15:22:09 IST 2015,PASS,Avalara Status ' Pending' verified successfully on Calculate for Test case TestCase42 On tax calculation on AdminCart Window 
OPENCART2_TAXCODE,TESTCASE42,Wed Apr 01 15:22:44 IST 2015,PASS,'Total Sales Tax' 27.00 verified successfully for Test case TestCase42 on AdminCart Window.
OPENCART2_TAXCODE,TESTCASE42,Wed Apr 01 15:23:04 IST 2015,PASS,Avalara Status ' Complete' verified successfully on Calculate for Test case TestCase42 On tax calculation on AdminCart Window 
OPENCART2_TAXCODE,OPENCART2_TAXCODE,Wed Apr 01 15:23:04 IST 2015,PASS,Script Ended.
SalesForce_AddressValidation,SalesForce_AddressValidation,Fri Apr 03 14:33:56 IST 2015,FAIL,Logging into SalesForce application is Failed.
SalesForce_AddressValidation,TESTCASE60,Fri Apr 03 14:33:56 IST 2015,PASS,Address Validation for Test case: TestCase60 Started.
SalesForce_AddressValidation,TESTCASE60,Fri Apr 03 14:33:57 IST 2015,FAIL,fAddressValidation: Exception: java.sql.SQLException: Column not found
SalesForce_AddressValidation,TESTCASE61,Fri Apr 03 14:33:57 IST 2015,PASS,Address Validation for Test case: TestCase61 Started.
SalesForce_AddressValidation,TESTCASE61,Fri Apr 03 14:33:57 IST 2015,FAIL,fAddressValidation: Exception: java.sql.SQLException: Column not found
SalesForce_AddressValidation,TESTCASE62,Fri Apr 03 14:33:57 IST 2015,PASS,Address Validation for Test case: TestCase62 Started.
SalesForce_AddressValidation,TESTCASE62,Fri Apr 03 14:33:57 IST 2015,FAIL,fAddressValidation: Exception: java.sql.SQLException: Column not found
SalesForce_AddressValidation,TESTCASE63,Fri Apr 03 14:33:57 IST 2015,PASS,Address Validation for Test case: TestCase63 Started.
SalesForce_AddressValidation,TESTCASE63,Fri Apr 03 14:33:57 IST 2015,FAIL,fAddressValidation: Exception: java.sql.SQLException: [Microsoft][ODBC Driver Manager] Invalid cursor state
SalesForce_AddressValidation,TESTCASE64,Fri Apr 03 14:33:57 IST 2015,PASS,Address Validation for Test case: TestCase64 Started.
SalesForce_AddressValidation,TESTCASE64,Fri Apr 03 14:33:57 IST 2015,FAIL,fAddressValidation: Exception: java.sql.SQLException: [Microsoft][ODBC Driver Manager] Invalid cursor state
SalesForce_AddressValidation,TESTCASE65,Fri Apr 03 14:33:57 IST 2015,PASS,Address Validation for Test case: TestCase65 Started.
SalesForce_AddressValidation,TESTCASE65,Fri Apr 03 14:33:57 IST 2015,FAIL,fAddressValidation: Exception: java.sql.SQLException: [Microsoft][ODBC Driver Manager] Invalid cursor state
SalesForce_AddressValidation,SalesForce_AddressValidation,Fri Apr 03 14:33:57 IST 2015,PASS,Script Ended.
