ScriptName,TCName,Date,Result,Description
SalesForce_TaxCalc,SalesForce_TaxCalc,Mon Sep 21 14:34:17 IST 2015,PASS,Logging into SalesForce application is successful.
SalesForce_TaxCalc,TESTCASE1,Mon Sep 21 14:34:17 IST 2015,PASS,Tax Calculation for Test case: TestCase1 Started.
SalesForce_TaxCalc,TESTCASE1,Mon Sep 21 14:34:51 IST 2015,PASS,After clicking on menu TaxNowSettings Respective page opened successfully
SalesForce_TaxCalc,TESTCASE1,Mon Sep 21 14:35:19 IST 2015,PASS,Avalara Configuration settings updated successfully
SalesForce_TaxCalc,TESTCASE1,Mon Sep 21 14:36:10 IST 2015,PASS,After clicking on menu Accounts Respective page opened successfully
SalesForce_TaxCalc,TESTCASE1,Mon Sep 21 14:36:38 IST 2015,PASS,Opportunities created successfully
SalesForce_TaxCalc,TESTCASE1,Mon Sep 21 14:36:48 IST 2015,PASS,After clicking on menu Opportunities Respective page opened successfully
SalesForce_TaxCalc,TESTCASE1,Mon Sep 21 14:37:42 IST 2015,PASS,Avalara Status 'Temporary' verified successfully on adding products for Test case TestCase1 On Menu item : - Opportunities
SalesForce_TaxCalc,TESTCASE1,Mon Sep 21 14:37:51 IST 2015,FAIL,'Total Sales Tax' 60.00 NOT verified successfully for Test caseTestCase1 on Opportunities Window.Expected Tax :- 60.00 and Actual Tax:- 0.00
SalesForce_TaxCalc,TESTCASE2,Mon Sep 21 14:37:51 IST 2015,PASS,Tax Calculation for Test case: TestCase2 Started.
SalesForce_TaxCalc,TESTCASE2,Mon Sep 21 14:38:23 IST 2015,PASS,After clicking on menu TaxNowSettings Respective page opened successfully
SalesForce_TaxCalc,TESTCASE2,Mon Sep 21 14:38:49 IST 2015,PASS,Avalara Configuration settings updated successfully
SalesForce_TaxCalc,TESTCASE2,Mon Sep 21 14:39:42 IST 2015,PASS,After clicking on menu Accounts Respective page opened successfully
SalesForce_TaxCalc,TESTCASE2,Mon Sep 21 14:40:10 IST 2015,PASS,Opportunities created successfully
SalesForce_TaxCalc,TESTCASE2,Mon Sep 21 14:40:20 IST 2015,PASS,After clicking on menu Opportunities Respective page opened successfully
SalesForce_TaxCalc,TESTCASE2,Mon Sep 21 14:41:14 IST 2015,PASS,Avalara Status 'Temporary' verified successfully on adding products for Test case TestCase2 On Menu item : - Opportunities
SalesForce_TaxCalc,TESTCASE2,Mon Sep 21 14:41:21 IST 2015,FAIL,'Total Sales Tax' 60.00 NOT verified successfully for Test caseTestCase2 on Opportunities Window.Expected Tax :- 60.00 and Actual Tax:- 0.00
SalesForce_TaxCalc,TESTCASE3,Mon Sep 21 14:41:21 IST 2015,PASS,Tax Calculation for Test case: TestCase3 Started.
SalesForce_TaxCalc,TESTCASE3,Mon Sep 21 14:41:53 IST 2015,PASS,After clicking on menu TaxNowSettings Respective page opened successfully
SalesForce_TaxCalc,TESTCASE3,Mon Sep 21 14:42:20 IST 2015,PASS,Avalara Configuration settings updated successfully
SalesForce_TaxCalc,TESTCASE3,Mon Sep 21 14:43:12 IST 2015,PASS,After clicking on menu Accounts Respective page opened successfully
SalesForce_TaxCalc,TESTCASE3,Mon Sep 21 14:43:41 IST 2015,PASS,Opportunities created successfully
SalesForce_TaxCalc,TESTCASE3,Mon Sep 21 14:43:51 IST 2015,PASS,After clicking on menu Opportunities Respective page opened successfully
SalesForce_TaxCalc,TESTCASE3,Mon Sep 21 14:44:44 IST 2015,PASS,Avalara Status 'Temporary' verified successfully on adding products for Test case TestCase3 On Menu item : - Opportunities
SalesForce_TaxCalc,TESTCASE3,Mon Sep 21 14:44:50 IST 2015,FAIL,'Total Sales Tax' 85.00 NOT verified successfully for Test caseTestCase3 on Opportunities Window.Expected Tax :- 85.00 and Actual Tax:- 0.00
SalesForce_TaxCalc,TESTCASE4,Mon Sep 21 14:44:50 IST 2015,PASS,Tax Calculation for Test case: TestCase4 Started.
SalesForce_TaxCalc,TESTCASE4,Mon Sep 21 14:45:21 IST 2015,PASS,After clicking on menu TaxNowSettings Respective page opened successfully
SalesForce_TaxCalc,TESTCASE4,Mon Sep 21 14:45:49 IST 2015,PASS,Avalara Configuration settings updated successfully
SalesForce_TaxCalc,TESTCASE4,Mon Sep 21 14:46:40 IST 2015,PASS,After clicking on menu Accounts Respective page opened successfully
SalesForce_TaxCalc,TESTCASE4,Mon Sep 21 14:47:08 IST 2015,PASS,Opportunities created successfully
SalesForce_TaxCalc,TESTCASE4,Mon Sep 21 14:47:18 IST 2015,PASS,After clicking on menu Opportunities Respective page opened successfully
SalesForce_TaxCalc,TESTCASE4,Mon Sep 21 14:48:12 IST 2015,PASS,Avalara Status 'Temporary' verified successfully on adding products for Test case TestCase4 On Menu item : - Opportunities
SalesForce_TaxCalc,TESTCASE4,Mon Sep 21 14:48:18 IST 2015,FAIL,'Total Sales Tax' 85.00 NOT verified successfully for Test caseTestCase4 on Opportunities Window.Expected Tax :- 85.00 and Actual Tax:- 0.00
SalesForce_TaxCalc,TESTCASE5,Mon Sep 21 14:48:18 IST 2015,PASS,Tax Calculation for Test case: TestCase5 Started.
SalesForce_TaxCalc,TESTCASE5,Mon Sep 21 14:48:50 IST 2015,PASS,After clicking on menu TaxNowSettings Respective page opened successfully
SalesForce_TaxCalc,TESTCASE5,Mon Sep 21 14:49:17 IST 2015,PASS,Avalara Configuration settings updated successfully
SalesForce_TaxCalc,TESTCASE5,Mon Sep 21 14:50:09 IST 2015,PASS,After clicking on menu Accounts Respective page opened successfully
SalesForce_TaxCalc,TESTCASE5,Mon Sep 21 14:50:36 IST 2015,PASS,Opportunities created successfully
SalesForce_TaxCalc,TESTCASE5,Mon Sep 21 14:50:46 IST 2015,PASS,After clicking on menu Opportunities Respective page opened successfully
SalesForce_TaxCalc,SalesForce_TaxCalc,Mon Sep 21 14:58:11 IST 2015,PASS,Logging into SalesForce application is successful.
SalesForce_TaxCalc,TESTCASE1,Mon Sep 21 14:58:11 IST 2015,PASS,Tax Calculation for Test case: TestCase1 Started.
SalesForce_TaxCalc,TESTCASE1,Mon Sep 21 14:58:45 IST 2015,PASS,After clicking on menu TaxNowSettings Respective page opened successfully
SalesForce_TaxCalc,TESTCASE1,Mon Sep 21 14:59:12 IST 2015,PASS,Avalara Configuration settings updated successfully
SalesForce_TaxCalc,TESTCASE1,Mon Sep 21 15:00:03 IST 2015,PASS,After clicking on menu Accounts Respective page opened successfully
SalesForce_TaxCalc,TESTCASE1,Mon Sep 21 15:00:32 IST 2015,PASS,Opportunities created successfully
SalesForce_TaxCalc,TESTCASE1,Mon Sep 21 15:00:42 IST 2015,PASS,After clicking on menu Opportunities Respective page opened successfully
SalesForce_TaxCalc,TESTCASE1,Mon Sep 21 15:01:35 IST 2015,PASS,Avalara Status 'Temporary' verified successfully on adding products for Test case TestCase1 On Menu item : - Opportunities
SalesForce_TaxCalc,TESTCASE1,Mon Sep 21 15:01:44 IST 2015,FAIL,'Total Sales Tax' 60.00 NOT verified successfully for Test caseTestCase1 on Opportunities Window.Expected Tax :- 60.00 and Actual Tax:- 0.00
SalesForce_TaxCalc,TESTCASE2,Mon Sep 21 15:01:44 IST 2015,PASS,Tax Calculation for Test case: TestCase2 Started.
SalesForce_TaxCalc,SalesForce_TaxCalc,Mon Sep 21 15:04:02 IST 2015,PASS,Logging into SalesForce application is successful.
SalesForce_TaxCalc,TESTCASE1,Mon Sep 21 15:04:02 IST 2015,PASS,Tax Calculation for Test case: TestCase1 Started.
SalesForce_TaxCalc,TESTCASE1,Mon Sep 21 15:04:35 IST 2015,PASS,After clicking on menu TaxNowSettings Respective page opened successfully
SalesForce_TaxCalc,TESTCASE1,Mon Sep 21 15:05:01 IST 2015,PASS,Avalara Configuration settings updated successfully
SalesForce_TaxCalc,TESTCASE1,Mon Sep 21 15:05:53 IST 2015,PASS,After clicking on menu Accounts Respective page opened successfully
SalesForce_TaxCalc,TESTCASE1,Mon Sep 21 15:06:37 IST 2015,PASS,Opportunities created successfully
SalesForce_TaxCalc,TESTCASE1,Mon Sep 21 15:06:47 IST 2015,PASS,After clicking on menu Opportunities Respective page opened successfully
SalesForce_TaxCalc,TESTCASE1,Mon Sep 21 15:07:42 IST 2015,PASS,Avalara Status 'Temporary' verified successfully on adding products for Test case TestCase1 On Menu item : - Opportunities
SalesForce_TaxCalc,TESTCASE1,Mon Sep 21 15:07:51 IST 2015,FAIL,'Total Sales Tax' 60.00 NOT verified successfully for Test caseTestCase1 on Opportunities Window.Expected Tax :- 60.00 and Actual Tax:- 0.00
SalesForce_TaxCalc,TESTCASE2,Mon Sep 21 15:07:51 IST 2015,PASS,Tax Calculation for Test case: TestCase2 Started.
SalesForce_TaxCalc,TESTCASE2,Mon Sep 21 15:08:23 IST 2015,PASS,After clicking on menu TaxNowSettings Respective page opened successfully
SalesForce_TaxCalc,TESTCASE2,Mon Sep 21 15:08:49 IST 2015,PASS,Avalara Configuration settings updated successfully
SalesForce_TaxCalc,TESTCASE2,Mon Sep 21 15:09:42 IST 2015,PASS,After clicking on menu Accounts Respective page opened successfully
SalesForce_TaxCalc,TESTCASE2,Mon Sep 21 15:10:11 IST 2015,PASS,Opportunities created successfully
SalesForce_TaxCalc,TESTCASE2,Mon Sep 21 15:10:21 IST 2015,PASS,After clicking on menu Opportunities Respective page opened successfully
SalesForce_TaxCalc,TESTCASE2,Mon Sep 21 15:11:14 IST 2015,PASS,Avalara Status 'Temporary' verified successfully on adding products for Test case TestCase2 On Menu item : - Opportunities
SalesForce_TaxCalc,TESTCASE2,Mon Sep 21 15:11:22 IST 2015,FAIL,'Total Sales Tax' 60.00 NOT verified successfully for Test caseTestCase2 on Opportunities Window.Expected Tax :- 60.00 and Actual Tax:- 0.00
SalesForce_TaxCalc,TESTCASE3,Mon Sep 21 15:11:22 IST 2015,PASS,Tax Calculation for Test case: TestCase3 Started.
