ScriptName,TCName,Date,Result,Description
CsCart_TaxCalc,CsCart_TaxCalc,Wed Apr 08 16:52:46 IST 2015,PASS,Logging into CsCartAdmin application is successful.
CsCart_TaxCalc,TESTCASE1,Wed Apr 08 16:52:46 IST 2015,PASS,Tax Calculation for Test case: TestCase1 Started.
CsCart_TaxCalc,TESTCASE1,Wed Apr 08 16:52:59 IST 2015,FAIL,fUpdateSettingsException:org.openqa.selenium.NoSuchElementException: Unable to locate element: {"method":"link text","selector":"Manage Add-ons"}
Command duration or timeout: 879 milliseconds
For documentation on this error, please visit: http://seleniumhq.org/exceptions/no_such_element.html
Build info: version: '2.40.0', revision: 'fbe29a9', time: '2014-02-19 20:55:11'
System info: host: 'Av-Pn-KhareA', ip: '10.240.20.66', os.name: 'Windows 7', os.arch: 'x86', os.version: '6.1', java.version: '1.6.0_45'
Session ID: 97d13328-00d7-431e-9380-71df0e6e9f74
Driver info: org.openqa.selenium.firefox.FirefoxDriver
Capabilities [{platform=XP, acceptSslCerts=true, javascriptEnabled=true, browserName=firefox, rotatable=false, locationContextEnabled=true, version=12.0, cssSelectorsEnabled=true, databaseEnabled=true, handlesAlerts=true, browserConnectionEnabled=true, nativeEvents=false, webStorageEnabled=true, applicationCacheEnabled=true, takesScreenshot=true}]
CsCart_TaxCalc,TESTCASE2,Wed Apr 08 16:52:59 IST 2015,PASS,Tax Calculation for Test case: TestCase2 Started.
CsCart_TaxCalc,TESTCASE2,Wed Apr 08 16:55:28 IST 2015,PASS,All the CS cart admin setting is updated successfully
CsCart_TaxCalc,TESTCASE2,Wed Apr 08 16:55:51 IST 2015,PASS,Logging into CsCart application is successful.
CsCart_TaxCalc,TESTCASE2,Wed Apr 08 16:57:49 IST 2015,FAIL,fCalculateSalesTax: Exception: org.openqa.selenium.NoSuchElementException: Unable to locate element: {"method":"xpath","selector":"//div[@id='tygh_container']/div[3]/div/div/b"}
Command duration or timeout: 52 milliseconds
For documentation on this error, please visit: http://seleniumhq.org/exceptions/no_such_element.html
Build info: version: '2.40.0', revision: 'fbe29a9', time: '2014-02-19 20:55:11'
System info: host: 'Av-Pn-KhareA', ip: '10.240.20.66', os.name: 'Windows 7', os.arch: 'x86', os.version: '6.1', java.version: '1.6.0_45'
Session ID: 97d13328-00d7-431e-9380-71df0e6e9f74
Driver info: org.openqa.selenium.firefox.FirefoxDriver
Capabilities [{platform=XP, acceptSslCerts=true, javascriptEnabled=true, browserName=firefox, rotatable=false, locationContextEnabled=true, version=12.0, cssSelectorsEnabled=true, databaseEnabled=true, handlesAlerts=true, browserConnectionEnabled=true, nativeEvents=false, webStorageEnabled=true, applicationCacheEnabled=true, takesScreenshot=true}]
CsCart_TaxCalc,CsCart_TaxCalc,Wed Apr 08 16:57:49 IST 2015,PASS,Script Ended.
CsCart_TaxCalc,CsCart_TaxCalc,Wed Apr 08 17:06:10 IST 2015,PASS,Logging into CsCartAdmin application is successful.
CsCart_TaxCalc,TESTCASE1,Wed Apr 08 17:06:10 IST 2015,PASS,Tax Calculation for Test case: TestCase1 Started.
CsCart_TaxCalc,TESTCASE1,Wed Apr 08 17:08:37 IST 2015,PASS,All the CS cart admin setting is updated successfully
CsCart_TaxCalc,TESTCASE1,Wed Apr 08 17:09:00 IST 2015,PASS,Logging into CsCart application is successful.
CsCart_TaxCalc,TESTCASE1,Wed Apr 08 17:10:58 IST 2015,PASS,'Total Sales Tax' 87.00 verified successfully for Test case TestCase1 on StoreCart Window.
CsCart_TaxCalc,CsCart_TaxCalc,Thu Apr 09 11:27:06 IST 2015,PASS,Logging into CsCartAdmin application is successful.
CsCart_TaxCalc,TESTCASE1,Thu Apr 09 11:27:06 IST 2015,PASS,Tax Calculation for Test case: TestCase1 Started.
CsCart_TaxCalc,TESTCASE1,Thu Apr 09 11:29:39 IST 2015,PASS,All the CS cart admin setting is updated successfully
CsCart_TaxCalc,TESTCASE1,Thu Apr 09 11:30:18 IST 2015,PASS,Logging into CsCart application is successful.
CsCart_TaxCalc,TESTCASE1,Thu Apr 09 11:32:21 IST 2015,PASS,'Total Sales Tax' 87.00 verified successfully for Test case TestCase1 on StoreCart Window.
CsCart_TaxCalc,TESTCASE1,Thu Apr 09 11:33:31 IST 2015,PASS,Logging into CsCartAdmin application is successful.
CsCart_TaxCalc,TESTCASE1,Thu Apr 09 11:33:53 IST 2015,PASS,Avalara Status ' Open' verified successfully on Calculate for Test case TestCase1 On tax calculation on StoreCart Window 
CsCart_TaxCalc,TESTCASE1,Thu Apr 09 11:34:57 IST 2015,FAIL,fCalculateSalesTax: Exception: java.lang.ArrayIndexOutOfBoundsException: 1
CsCart_TaxCalc,TESTCASE2,Thu Apr 09 11:34:57 IST 2015,PASS,Tax Calculation for Test case: TestCase2 Started.
CsCart_TaxCalc,TESTCASE2,Thu Apr 09 11:37:19 IST 2015,PASS,All the CS cart admin setting is updated successfully
CsCart_TaxCalc,TESTCASE2,Thu Apr 09 11:37:40 IST 2015,PASS,Logging into CsCart application is successful.
CsCart_TaxCalc,TESTCASE2,Thu Apr 09 11:38:57 IST 2015,FAIL,fCalculateSalesTax: Exception: org.openqa.selenium.NoSuchElementException: Unable to locate element: {"method":"link text","selector":"Sign in as a different user"}
Command duration or timeout: 353 milliseconds
For documentation on this error, please visit: http://seleniumhq.org/exceptions/no_such_element.html
Build info: version: '2.40.0', revision: 'fbe29a9', time: '2014-02-19 20:55:11'
System info: host: 'Av-Pn-KhareA', ip: '10.240.20.91', os.name: 'Windows 7', os.arch: 'x86', os.version: '6.1', java.version: '1.6.0_45'
Session ID: ddc95e05-d58c-4cfc-bfaa-c014308f814a
Driver info: org.openqa.selenium.firefox.FirefoxDriver
Capabilities [{platform=XP, acceptSslCerts=true, javascriptEnabled=true, browserName=firefox, rotatable=false, locationContextEnabled=true, version=12.0, cssSelectorsEnabled=true, databaseEnabled=true, handlesAlerts=true, browserConnectionEnabled=true, nativeEvents=false, webStorageEnabled=true, applicationCacheEnabled=true, takesScreenshot=true}]
CsCart_TaxCalc,CsCart_TaxCalc,Thu Apr 09 11:38:57 IST 2015,PASS,Script Ended.
CsCart_TaxCalc,CsCart_TaxCalc,Thu Apr 09 15:56:58 IST 2015,PASS,Logging into CsCartAdmin application is successful.
CsCart_TaxCalc,TESTCASE1,Thu Apr 09 15:56:58 IST 2015,PASS,Tax Calculation for Test case: TestCase1 Started.
CsCart_TaxCalc,TESTCASE1,Thu Apr 09 15:59:24 IST 2015,PASS,All the CS cart admin setting is updated successfully
CsCart_TaxCalc,TESTCASE1,Thu Apr 09 15:59:47 IST 2015,PASS,Logging into CsCart application is successful.
CsCart_TaxCalc,TESTCASE1,Thu Apr 09 16:01:46 IST 2015,PASS,'Total Sales Tax' 87.00 verified successfully for Test case TestCase1 on StoreCart Window.
CsCart_TaxCalc,TESTCASE1,Thu Apr 09 16:18:48 IST 2015,PASS,Logging into CsCartAdmin application is successful.
CsCart_TaxCalc,TESTCASE1,Thu Apr 09 16:20:12 IST 2015,PASS,Avalara Status ' Open' verified successfully on Calculate for Test case TestCase1 On tax calculation on StoreCart Window 
CsCart_ErrorMessageDisplayed,CsCart_ErrorMessageDisplayed,Thu Apr 09 16:33:25 IST 2015,PASS,Logging into CsCartAdmin application is successful.
CsCart_ErrorMessageDisplayed,TESTCASE80,Thu Apr 09 16:33:25 IST 2015,PASS,Tax Calculation for Test case: TestCase80 Started.
CsCart_ErrorMessageDisplayed,TESTCASE80,Thu Apr 09 16:35:54 IST 2015,PASS,All the CS cart admin setting is updated successfully
CsCart_ErrorMessageDisplayed,TESTCASE80,Thu Apr 09 16:36:17 IST 2015,PASS,Logging into CsCart application is successful.
CsCart_ErrorMessageDisplayed,TESTCASE80,Thu Apr 09 16:38:16 IST 2015,FAIL,fCalculateSalesTax: Exception: java.lang.NullPointerException
CsCart_ErrorMessageDisplayed,CsCart_ErrorMessageDisplayed,Thu Apr 09 16:38:16 IST 2015,PASS,Script Ended.
CsCart_TaxCalc,CsCart_TaxCalc,Fri Apr 10 11:00:01 IST 2015,FAIL,fLoginException:org.openqa.selenium.NoSuchElementException: Unable to locate element: {"method":"id","selector":"username"}
Command duration or timeout: 56 milliseconds
For documentation on this error, please visit: http://seleniumhq.org/exceptions/no_such_element.html
Build info: version: '2.40.0', revision: 'fbe29a9', time: '2014-02-19 20:55:11'
System info: host: 'Av-Pn-KhareA', ip: '10.240.20.83', os.name: 'Windows 7', os.arch: 'x86', os.version: '6.1', java.version: '1.6.0_45'
Session ID: 20b594e2-b9a0-4369-98b3-455207264ab8
Driver info: org.openqa.selenium.firefox.FirefoxDriver
Capabilities [{platform=XP, acceptSslCerts=true, javascriptEnabled=true, browserName=firefox, rotatable=false, locationContextEnabled=true, version=12.0, cssSelectorsEnabled=true, databaseEnabled=true, handlesAlerts=true, browserConnectionEnabled=true, nativeEvents=false, webStorageEnabled=true, applicationCacheEnabled=true, takesScreenshot=true}]
CsCart_TaxCalc,CsCart_TaxCalc,Fri Apr 10 11:00:01 IST 2015,PASS,Script Ended.
CsCart_TaxCalc,CsCart_TaxCalc,Fri Apr 10 11:08:57 IST 2015,PASS,Logging into CsCartAdmin application is successful.
CsCart_TaxCalc,TESTCASE1,Fri Apr 10 11:08:57 IST 2015,PASS,Tax Calculation for Test case: TestCase1 Started.
CsCart_TaxCalc,CsCart_TaxCalc,Fri Apr 10 11:11:22 IST 2015,PASS,Logging into CsCartAdmin application is successful.
CsCart_TaxCalc,TESTCASE1,Fri Apr 10 11:11:22 IST 2015,PASS,Tax Calculation for Test case: TestCase1 Started.
CsCart_TaxCalc,TESTCASE1,Fri Apr 10 11:13:41 IST 2015,PASS,All the CS cart admin setting is updated successfully
CsCart_TaxCalc,TESTCASE1,Fri Apr 10 11:14:16 IST 2015,PASS,Logging into CsCart application is successful.
CsCart_TaxCalc,TESTCASE1,Fri Apr 10 11:16:18 IST 2015,PASS,'Total Sales Tax' 87.00 verified successfully for Test case TestCase1 on StoreCart Window.
CsCart_TaxCalc,TESTCASE1,Fri Apr 10 11:51:39 IST 2015,PASS,Logging into CsCartAdmin application is successful.
CsCart_TaxCalc,TESTCASE1,Fri Apr 10 12:12:01 IST 2015,PASS,Avalara Status ' Open' verified successfully on Calculate for Test case TestCase1 On tax calculation on StoreCart Window 
CsCart_TaxCalc,CsCart_TaxCalc,Fri Apr 10 12:22:45 IST 2015,PASS,Logging into CsCartAdmin application is successful.
CsCart_TaxCalc,TESTCASE1,Fri Apr 10 12:22:45 IST 2015,PASS,Tax Calculation for Test case: TestCase1 Started.
CsCart_TaxCalc,TESTCASE1,Fri Apr 10 12:26:08 IST 2015,PASS,All the CS cart admin setting is updated successfully
CsCart_TaxCalc,TESTCASE1,Fri Apr 10 12:26:43 IST 2015,PASS,Logging into CsCart application is successful.
CsCart_TaxCalc,TESTCASE1,Fri Apr 10 12:29:31 IST 2015,PASS,'Total Sales Tax' 87.00 verified successfully for Test case TestCase1 on StoreCart Window.
CsCart_TaxCalc,TESTCASE1,Fri Apr 10 12:31:24 IST 2015,PASS,Logging into CsCartAdmin application is successful.
CsCart_TaxCalc,TESTCASE1,Fri Apr 10 12:31:45 IST 2015,PASS,Avalara Status ' Open' verified successfully on Calculate for Test case TestCase1 On tax calculation on StoreCart Window 
CsCart_TaxCalc,TESTCASE1,Fri Apr 10 12:49:06 IST 2015,FAIL,fCalculateSalesTax: Exception: java.lang.ArrayIndexOutOfBoundsException: 1
CsCart_TaxCalc,CsCart_TaxCalc,Fri Apr 10 14:24:07 IST 2015,PASS,Logging into CsCartAdmin application is successful.
CsCart_TaxCalc,TESTCASE1,Fri Apr 10 14:24:07 IST 2015,PASS,Tax Calculation for Test case: TestCase1 Started.
CsCart_TaxCalc,TESTCASE1,Fri Apr 10 14:26:37 IST 2015,PASS,All the CS cart admin setting is updated successfully
CsCart_TaxCalc,TESTCASE1,Fri Apr 10 14:27:10 IST 2015,PASS,Logging into CsCart application is successful.
CsCart_TaxCalc,TESTCASE1,Fri Apr 10 14:29:12 IST 2015,PASS,'Total Sales Tax' 87.00 verified successfully for Test case TestCase1 on StoreCart Window.
CsCart_TaxCalc,TESTCASE1,Fri Apr 10 14:30:20 IST 2015,PASS,Logging into CsCartAdmin application is successful.
CsCart_TaxCalc,TESTCASE1,Fri Apr 10 14:30:21 IST 2015,FAIL,fCalculateSalesTax: Exception: org.openqa.selenium.ElementNotVisibleException: Element is not currently visible and so may not be interacted with
Command duration or timeout: 55 milliseconds
Build info: version: '2.40.0', revision: 'fbe29a9', time: '2014-02-19 20:55:11'
System info: host: 'Av-Pn-KhareA', ip: '10.240.20.83', os.name: 'Windows 7', os.arch: 'x86', os.version: '6.1', java.version: '1.6.0_45'
Session ID: af444df1-3023-4944-af13-7685380982a5
Driver info: org.openqa.selenium.firefox.FirefoxDriver
Capabilities [{platform=XP, acceptSslCerts=true, javascriptEnabled=true, browserName=firefox, rotatable=false, locationContextEnabled=true, version=12.0, cssSelectorsEnabled=true, databaseEnabled=true, handlesAlerts=true, browserConnectionEnabled=true, nativeEvents=false, webStorageEnabled=true, applicationCacheEnabled=true, takesScreenshot=true}]
CsCart_TaxCalc,TESTCASE2,Fri Apr 10 14:30:21 IST 2015,PASS,Tax Calculation for Test case: TestCase2 Started.
CsCart_TaxCalc,TESTCASE2,Fri Apr 10 14:32:48 IST 2015,PASS,All the CS cart admin setting is updated successfully
CsCart_TaxCalc,TESTCASE2,Fri Apr 10 14:33:09 IST 2015,PASS,Logging into CsCart application is successful.
CsCart_TaxCalc,TESTCASE2,Fri Apr 10 14:34:27 IST 2015,FAIL,fCalculateSalesTax: Exception: org.openqa.selenium.NoSuchElementException: Unable to locate element: {"method":"link text","selector":"Sign in as a different user"}
Command duration or timeout: 379 milliseconds
For documentation on this error, please visit: http://seleniumhq.org/exceptions/no_such_element.html
Build info: version: '2.40.0', revision: 'fbe29a9', time: '2014-02-19 20:55:11'
System info: host: 'Av-Pn-KhareA', ip: '10.240.20.83', os.name: 'Windows 7', os.arch: 'x86', os.version: '6.1', java.version: '1.6.0_45'
Session ID: af444df1-3023-4944-af13-7685380982a5
Driver info: org.openqa.selenium.firefox.FirefoxDriver
Capabilities [{platform=XP, acceptSslCerts=true, javascriptEnabled=true, browserName=firefox, rotatable=false, locationContextEnabled=true, version=12.0, cssSelectorsEnabled=true, databaseEnabled=true, handlesAlerts=true, browserConnectionEnabled=true, nativeEvents=false, webStorageEnabled=true, applicationCacheEnabled=true, takesScreenshot=true}]
CsCart_TaxCalc,CsCart_TaxCalc,Fri Apr 10 14:34:27 IST 2015,PASS,Script Ended.
CsCart_EntityUseCode,CsCart_EntityUseCode,Fri Apr 10 14:38:40 IST 2015,PASS,Logging into CsCartAdmin application is successful.
CsCart_EntityUseCode,TESTCASE70,Fri Apr 10 14:38:40 IST 2015,PASS,Tax Calculation for Test case: TestCase70 Started.
CsCart_EntityUseCode,TESTCASE70,Fri Apr 10 14:41:04 IST 2015,PASS,All the CS cart admin setting is updated successfully
CsCart_EntityUseCode,TESTCASE70,Fri Apr 10 14:41:27 IST 2015,PASS,Logging into CsCart application is successful.
CsCart_EntityUseCode,TESTCASE70,Fri Apr 10 14:43:06 IST 2015,FAIL,'Total Sales Tax' 00.00 NOT verified successfully for Test caseTestCase70 on StoreCart Window.Expected Tax :- 00.00 and Actual Tax:- 0.00
CsCart_EntityUseCode,TESTCASE71,Fri Apr 10 14:43:06 IST 2015,PASS,Tax Calculation for Test case: TestCase71 Started.
CsCart_EntityUseCode,TESTCASE71,Fri Apr 10 14:43:17 IST 2015,FAIL,fUpdateSettingsException:org.openqa.selenium.NoSuchElementException: Unable to locate element: {"method":"link text","selector":"Add-ons"}
Command duration or timeout: 629 milliseconds
For documentation on this error, please visit: http://seleniumhq.org/exceptions/no_such_element.html
Build info: version: '2.40.0', revision: 'fbe29a9', time: '2014-02-19 20:55:11'
System info: host: 'Av-Pn-KhareA', ip: '10.240.20.83', os.name: 'Windows 7', os.arch: 'x86', os.version: '6.1', java.version: '1.6.0_45'
Session ID: 87e11f6c-9874-4074-b046-ead46691f2f3
Driver info: org.openqa.selenium.firefox.FirefoxDriver
Capabilities [{platform=XP, acceptSslCerts=true, javascriptEnabled=true, browserName=firefox, rotatable=false, locationContextEnabled=true, version=12.0, cssSelectorsEnabled=true, databaseEnabled=true, handlesAlerts=true, browserConnectionEnabled=true, nativeEvents=false, webStorageEnabled=true, applicationCacheEnabled=true, takesScreenshot=true}]
CsCart_EntityUseCode,CsCart_EntityUseCode,Fri Apr 10 14:43:17 IST 2015,PASS,Script Ended.
OPENCART_TAXCALC,OPENCART_TAXCALC,Thu Apr 16 15:40:21 IST 2015,PASS,Logging into OpenCartAdmin application is successful.
OPENCART_TAXCALC,TESTCASE1,Thu Apr 16 15:40:29 IST 2015,PASS,Tax Calculation for Test case: TestCase1 Started
OPENCART_TAXCALC,TESTCASE1,Thu Apr 16 15:42:06 IST 2015,PASS,All the OpenCart admin setting is updated successfully
OPENCART_TAXCALC,TESTCASE1,Thu Apr 16 15:42:19 IST 2015,PASS,Logging into OpenCart application is successful.
OPENCART_TAXCALC,TESTCASE1,Thu Apr 16 15:44:25 IST 2015,PASS,'Total Sales Tax' 87.00 verified successfully for Test case TestCase1 on StoreCart Window.
OPENCART_TAXCALC,TESTCASE1,Thu Apr 16 15:45:12 IST 2015,PASS,Logging into OpenCartAdmin application is successful.
OPENCART_TAXCALC,TESTCASE1,Thu Apr 16 15:45:58 IST 2015,PASS,Avalara Status ' Pending' verified successfully on Calculate for Test case TestCase1 On tax calculation on AdminCart Window 
OPENCART_TAXCALC,TESTCASE1,Thu Apr 16 15:46:33 IST 2015,PASS,'Total Sales Tax' 87.0000 verified successfully for Test case TestCase1 on AdminCart Window.
OPENCART_TAXCALC,TESTCASE1,Thu Apr 16 15:46:51 IST 2015,PASS,Avalara Status ' Complete' verified successfully on Calculate for Test case TestCase1 On tax calculation on AdminCart Window 
OPENCART_TAXCALC,TESTCASE2,Thu Apr 16 15:46:51 IST 2015,PASS,Tax Calculation for Test case: TestCase2 Started
OPENCART_TAXCALC,TESTCASE2,Thu Apr 16 15:47:16 IST 2015,FAIL,fUpdateSettingsException:org.openqa.selenium.NoSuchElementException: Unable to locate element: {"method":"link text","selector":"Settings"}
Command duration or timeout: 10.16 seconds
For documentation on this error, please visit: http://seleniumhq.org/exceptions/no_such_element.html
Build info: version: '2.40.0', revision: 'fbe29a9', time: '2014-02-19 20:55:11'
System info: host: 'Av-Pn-KhareA', ip: '10.240.20.70', os.name: 'Windows 7', os.arch: 'x86', os.version: '6.1', java.version: '1.6.0_45'
Session ID: 24fe1822-5ddd-4fe4-83de-64d7577341f9
Driver info: org.openqa.selenium.firefox.FirefoxDriver
Capabilities [{platform=XP, acceptSslCerts=true, javascriptEnabled=true, browserName=firefox, rotatable=false, locationContextEnabled=true, version=12.0, cssSelectorsEnabled=true, databaseEnabled=true, handlesAlerts=true, browserConnectionEnabled=true, nativeEvents=false, webStorageEnabled=true, applicationCacheEnabled=true, takesScreenshot=true}]
OPENCART_TAXCALC,TESTCASE3,Thu Apr 16 15:47:16 IST 2015,PASS,Tax Calculation for Test case: TestCase3 Started
OPENCART_TAXCALC,OPENCART_TAXCALC,Thu Apr 16 15:48:37 IST 2015,PASS,Logging into OpenCartAdmin application is successful.
OPENCART_TAXCALC,TESTCASE1,Thu Apr 16 15:48:45 IST 2015,PASS,Tax Calculation for Test case: TestCase1 Started
OPENCART_TAXCALC,TESTCASE1,Thu Apr 16 15:50:23 IST 2015,PASS,All the OpenCart admin setting is updated successfully
OPENCART_TAXCALC,TESTCASE1,Thu Apr 16 15:50:41 IST 2015,PASS,Logging into OpenCart application is Failed.
OPENCART_TAXCALC,TESTCASE2,Thu Apr 16 15:50:41 IST 2015,PASS,Tax Calculation for Test case: TestCase2 Started
OPENCART_TAXCALC,TESTCASE2,Thu Apr 16 15:51:01 IST 2015,FAIL,fUpdateSettingsException:org.openqa.selenium.NoSuchElementException: Unable to locate element: {"method":"link text","selector":"System"}
Command duration or timeout: 10.15 seconds
For documentation on this error, please visit: http://seleniumhq.org/exceptions/no_such_element.html
Build info: version: '2.40.0', revision: 'fbe29a9', time: '2014-02-19 20:55:11'
System info: host: 'Av-Pn-KhareA', ip: '10.240.20.70', os.name: 'Windows 7', os.arch: 'x86', os.version: '6.1', java.version: '1.6.0_45'
Session ID: 1d49bf41-7613-4535-9a37-972e048a0123
Driver info: org.openqa.selenium.firefox.FirefoxDriver
Capabilities [{platform=XP, acceptSslCerts=true, javascriptEnabled=true, browserName=firefox, rotatable=false, locationContextEnabled=true, version=12.0, cssSelectorsEnabled=true, databaseEnabled=true, handlesAlerts=true, browserConnectionEnabled=true, nativeEvents=false, webStorageEnabled=true, applicationCacheEnabled=true, takesScreenshot=true}]
OPENCART_TAXCALC,TESTCASE3,Thu Apr 16 15:51:01 IST 2015,PASS,Tax Calculation for Test case: TestCase3 Started
OPENCART_TAXCALC,TESTCASE3,Thu Apr 16 15:51:22 IST 2015,FAIL,fUpdateSettingsException:org.openqa.selenium.NoSuchElementException: Unable to locate element: {"method":"link text","selector":"System"}
Command duration or timeout: 10.13 seconds
For documentation on this error, please visit: http://seleniumhq.org/exceptions/no_such_element.html
Build info: version: '2.40.0', revision: 'fbe29a9', time: '2014-02-19 20:55:11'
System info: host: 'Av-Pn-KhareA', ip: '10.240.20.70', os.name: 'Windows 7', os.arch: 'x86', os.version: '6.1', java.version: '1.6.0_45'
Session ID: 1d49bf41-7613-4535-9a37-972e048a0123
Driver info: org.openqa.selenium.firefox.FirefoxDriver
Capabilities [{platform=XP, acceptSslCerts=true, javascriptEnabled=true, browserName=firefox, rotatable=false, locationContextEnabled=true, version=12.0, cssSelectorsEnabled=true, databaseEnabled=true, handlesAlerts=true, browserConnectionEnabled=true, nativeEvents=false, webStorageEnabled=true, applicationCacheEnabled=true, takesScreenshot=true}]
OPENCART_TAXCALC,TESTCASE4,Thu Apr 16 15:51:22 IST 2015,PASS,Tax Calculation for Test case: TestCase4 Started
OPENCART_TAXCALC,TESTCASE4,Thu Apr 16 15:51:42 IST 2015,FAIL,fUpdateSettingsException:org.openqa.selenium.NoSuchElementException: Unable to locate element: {"method":"link text","selector":"System"}
Command duration or timeout: 10.05 seconds
For documentation on this error, please visit: http://seleniumhq.org/exceptions/no_such_element.html
Build info: version: '2.40.0', revision: 'fbe29a9', time: '2014-02-19 20:55:11'
System info: host: 'Av-Pn-KhareA', ip: '10.240.20.70', os.name: 'Windows 7', os.arch: 'x86', os.version: '6.1', java.version: '1.6.0_45'
Session ID: 1d49bf41-7613-4535-9a37-972e048a0123
Driver info: org.openqa.selenium.firefox.FirefoxDriver
Capabilities [{platform=XP, acceptSslCerts=true, javascriptEnabled=true, browserName=firefox, rotatable=false, locationContextEnabled=true, version=12.0, cssSelectorsEnabled=true, databaseEnabled=true, handlesAlerts=true, browserConnectionEnabled=true, nativeEvents=false, webStorageEnabled=true, applicationCacheEnabled=true, takesScreenshot=true}]
OPENCART_TAXCALC,OPENCART_TAXCALC,Thu Apr 16 15:51:42 IST 2015,PASS,Script Ended.
OPENCART_TAXCALC,OPENCART_TAXCALC,Thu Apr 16 15:55:34 IST 2015,PASS,Logging into OpenCartAdmin application is successful.
OPENCART_TAXCALC,TESTCASE1,Thu Apr 16 15:55:42 IST 2015,PASS,Tax Calculation for Test case: TestCase1 Started
OPENCART_TAXCALC,TESTCASE1,Thu Apr 16 15:57:17 IST 2015,PASS,All the OpenCart admin setting is updated successfully
OPENCART_TAXCALC,TESTCASE1,Thu Apr 16 15:57:28 IST 2015,PASS,Logging into OpenCart application is successful.
OPENCART_TAXCALC,TESTCASE1,Thu Apr 16 15:59:35 IST 2015,PASS,'Total Sales Tax' 87.00 verified successfully for Test case TestCase1 on StoreCart Window.
OPENCART_TAXCALC,TESTCASE1,Thu Apr 16 16:00:21 IST 2015,PASS,Logging into OpenCartAdmin application is successful.
OPENCART_TAXCALC,TESTCASE1,Thu Apr 16 16:01:07 IST 2015,PASS,Avalara Status ' Pending' verified successfully on Calculate for Test case TestCase1 On tax calculation on AdminCart Window 
OPENCART_TAXCALC,TESTCASE1,Thu Apr 16 16:01:42 IST 2015,PASS,'Total Sales Tax' 87.0000 verified successfully for Test case TestCase1 on AdminCart Window.
OPENCART_TAXCALC,TESTCASE1,Thu Apr 16 16:02:00 IST 2015,PASS,Avalara Status ' Complete' verified successfully on Calculate for Test case TestCase1 On tax calculation on AdminCart Window 
OPENCART_TAXCALC,TESTCASE2,Thu Apr 16 16:02:00 IST 2015,PASS,Tax Calculation for Test case: TestCase2 Started
OPENCART_TAXCALC,TESTCASE2,Thu Apr 16 16:03:36 IST 2015,PASS,All the OpenCart admin setting is updated successfully
OPENCART_TAXCALC,TESTCASE2,Thu Apr 16 16:03:46 IST 2015,PASS,Logging into OpenCart application is successful.
OPENCART_TAXCALC,TESTCASE2,Thu Apr 16 16:04:30 IST 2015,FAIL,fCalculateSalesTax: Exception: org.openqa.selenium.NoSuchElementException: Unable to locate element: {"method":"xpath","selector":"//img"}
Command duration or timeout: 10.15 seconds
For documentation on this error, please visit: http://seleniumhq.org/exceptions/no_such_element.html
Build info: version: '2.40.0', revision: 'fbe29a9', time: '2014-02-19 20:55:11'
System info: host: 'Av-Pn-KhareA', ip: '10.240.20.70', os.name: 'Windows 7', os.arch: 'x86', os.version: '6.1', java.version: '1.6.0_45'
Session ID: ff746d6d-da9e-4f97-a430-aa0da1d2cbab
Driver info: org.openqa.selenium.firefox.FirefoxDriver
Capabilities [{platform=XP, acceptSslCerts=true, javascriptEnabled=true, browserName=firefox, rotatable=false, locationContextEnabled=true, version=12.0, cssSelectorsEnabled=true, databaseEnabled=true, handlesAlerts=true, browserConnectionEnabled=true, nativeEvents=false, webStorageEnabled=true, applicationCacheEnabled=true, takesScreenshot=true}]
OPENCART_TAXCALC,TESTCASE3,Thu Apr 16 16:04:30 IST 2015,PASS,Tax Calculation for Test case: TestCase3 Started
OPENCART_TAXCALC,TESTCASE3,Thu Apr 16 16:04:51 IST 2015,FAIL,fUpdateSettingsException:org.openqa.selenium.NoSuchElementException: Unable to locate element: {"method":"link text","selector":"System"}
Command duration or timeout: 10.15 seconds
For documentation on this error, please visit: http://seleniumhq.org/exceptions/no_such_element.html
Build info: version: '2.40.0', revision: 'fbe29a9', time: '2014-02-19 20:55:11'
System info: host: 'Av-Pn-KhareA', ip: '10.240.20.70', os.name: 'Windows 7', os.arch: 'x86', os.version: '6.1', java.version: '1.6.0_45'
Session ID: ff746d6d-da9e-4f97-a430-aa0da1d2cbab
Driver info: org.openqa.selenium.firefox.FirefoxDriver
Capabilities [{platform=XP, acceptSslCerts=true, javascriptEnabled=true, browserName=firefox, rotatable=false, locationContextEnabled=true, version=12.0, cssSelectorsEnabled=true, databaseEnabled=true, handlesAlerts=true, browserConnectionEnabled=true, nativeEvents=false, webStorageEnabled=true, applicationCacheEnabled=true, takesScreenshot=true}]
OPENCART_TAXCALC,TESTCASE4,Thu Apr 16 16:04:51 IST 2015,PASS,Tax Calculation for Test case: TestCase4 Started
OPENCART_TAXCALC,TESTCASE4,Thu Apr 16 16:05:11 IST 2015,FAIL,fUpdateSettingsException:org.openqa.selenium.NoSuchElementException: Unable to locate element: {"method":"link text","selector":"System"}
Command duration or timeout: 10.13 seconds
For documentation on this error, please visit: http://seleniumhq.org/exceptions/no_such_element.html
Build info: version: '2.40.0', revision: 'fbe29a9', time: '2014-02-19 20:55:11'
System info: host: 'Av-Pn-KhareA', ip: '10.240.20.70', os.name: 'Windows 7', os.arch: 'x86', os.version: '6.1', java.version: '1.6.0_45'
Session ID: ff746d6d-da9e-4f97-a430-aa0da1d2cbab
Driver info: org.openqa.selenium.firefox.FirefoxDriver
Capabilities [{platform=XP, acceptSslCerts=true, javascriptEnabled=true, browserName=firefox, rotatable=false, locationContextEnabled=true, version=12.0, cssSelectorsEnabled=true, databaseEnabled=true, handlesAlerts=true, browserConnectionEnabled=true, nativeEvents=false, webStorageEnabled=true, applicationCacheEnabled=true, takesScreenshot=true}]
OPENCART_TAXCALC,OPENCART_TAXCALC,Thu Apr 16 16:05:11 IST 2015,PASS,Script Ended.
OPENCART_TAXCALC,OPENCART_TAXCALC,Thu Apr 16 16:11:58 IST 2015,PASS,Logging into OpenCartAdmin application is successful.
OPENCART_TAXCALC,TESTCASE1,Thu Apr 16 16:12:06 IST 2015,PASS,Tax Calculation for Test case: TestCase1 Started
OPENCART_TAXCALC,TESTCASE1,Thu Apr 16 16:12:30 IST 2015,FAIL,fUpdateSettingsException:org.openqa.selenium.NoSuchElementException: Unable to locate element: {"method":"link text","selector":"Settings"}
Command duration or timeout: 10.06 seconds
For documentation on this error, please visit: http://seleniumhq.org/exceptions/no_such_element.html
Build info: version: '2.40.0', revision: 'fbe29a9', time: '2014-02-19 20:55:11'
System info: host: 'Av-Pn-KhareA', ip: '10.240.20.70', os.name: 'Windows 7', os.arch: 'x86', os.version: '6.1', java.version: '1.6.0_45'
Session ID: 4e1baa21-9246-4bca-9c0f-c8a5068f0348
Driver info: org.openqa.selenium.firefox.FirefoxDriver
Capabilities [{platform=XP, acceptSslCerts=true, javascriptEnabled=true, browserName=firefox, rotatable=false, locationContextEnabled=true, version=12.0, cssSelectorsEnabled=true, databaseEnabled=true, handlesAlerts=true, browserConnectionEnabled=true, nativeEvents=false, webStorageEnabled=true, applicationCacheEnabled=true, takesScreenshot=true}]
OPENCART_TAXCALC,TESTCASE2,Thu Apr 16 16:12:30 IST 2015,PASS,Tax Calculation for Test case: TestCase2 Started
OPENCART_TAXCALC,TESTCASE2,Thu Apr 16 16:14:06 IST 2015,PASS,All the OpenCart admin setting is updated successfully
OPENCART_TAXCALC,TESTCASE2,Thu Apr 16 16:14:16 IST 2015,PASS,Logging into OpenCart application is successful.
OPENCART_TAXCALC,TESTCASE2,Thu Apr 16 16:14:50 IST 2015,FAIL,fCalculateSalesTax: Exception: org.openqa.selenium.NoSuchElementException: Unable to locate element: {"method":"link text","selector":"Logout"}
Command duration or timeout: 10.40 seconds
For documentation on this error, please visit: http://seleniumhq.org/exceptions/no_such_element.html
Build info: version: '2.40.0', revision: 'fbe29a9', time: '2014-02-19 20:55:11'
System info: host: 'Av-Pn-KhareA', ip: '10.240.20.70', os.name: 'Windows 7', os.arch: 'x86', os.version: '6.1', java.version: '1.6.0_45'
Session ID: 4e1baa21-9246-4bca-9c0f-c8a5068f0348
Driver info: org.openqa.selenium.firefox.FirefoxDriver
Capabilities [{platform=XP, acceptSslCerts=true, javascriptEnabled=true, browserName=firefox, rotatable=false, locationContextEnabled=true, version=12.0, cssSelectorsEnabled=true, databaseEnabled=true, handlesAlerts=true, browserConnectionEnabled=true, nativeEvents=false, webStorageEnabled=true, applicationCacheEnabled=true, takesScreenshot=true}]
OPENCART_TAXCALC,TESTCASE3,Thu Apr 16 16:14:50 IST 2015,PASS,Tax Calculation for Test case: TestCase3 Started
OPENCART_TAXCALC,TESTCASE3,Thu Apr 16 16:15:11 IST 2015,FAIL,fUpdateSettingsException:org.openqa.selenium.NoSuchElementException: Unable to locate element: {"method":"link text","selector":"System"}
Command duration or timeout: 10.30 seconds
For documentation on this error, please visit: http://seleniumhq.org/exceptions/no_such_element.html
Build info: version: '2.40.0', revision: 'fbe29a9', time: '2014-02-19 20:55:11'
System info: host: 'Av-Pn-KhareA', ip: '10.240.20.70', os.name: 'Windows 7', os.arch: 'x86', os.version: '6.1', java.version: '1.6.0_45'
Session ID: 4e1baa21-9246-4bca-9c0f-c8a5068f0348
Driver info: org.openqa.selenium.firefox.FirefoxDriver
Capabilities [{platform=XP, acceptSslCerts=true, javascriptEnabled=true, browserName=firefox, rotatable=false, locationContextEnabled=true, version=12.0, cssSelectorsEnabled=true, databaseEnabled=true, handlesAlerts=true, browserConnectionEnabled=true, nativeEvents=false, webStorageEnabled=true, applicationCacheEnabled=true, takesScreenshot=true}]
OPENCART_TAXCALC,TESTCASE4,Thu Apr 16 16:15:11 IST 2015,PASS,Tax Calculation for Test case: TestCase4 Started
OPENCART_TAXCALC,TESTCASE4,Thu Apr 16 16:15:31 IST 2015,FAIL,fUpdateSettingsException:org.openqa.selenium.NoSuchElementException: Unable to locate element: {"method":"link text","selector":"System"}
Command duration or timeout: 10.43 seconds
For documentation on this error, please visit: http://seleniumhq.org/exceptions/no_such_element.html
Build info: version: '2.40.0', revision: 'fbe29a9', time: '2014-02-19 20:55:11'
System info: host: 'Av-Pn-KhareA', ip: '10.240.20.70', os.name: 'Windows 7', os.arch: 'x86', os.version: '6.1', java.version: '1.6.0_45'
Session ID: 4e1baa21-9246-4bca-9c0f-c8a5068f0348
Driver info: org.openqa.selenium.firefox.FirefoxDriver
Capabilities [{platform=XP, acceptSslCerts=true, javascriptEnabled=true, browserName=firefox, rotatable=false, locationContextEnabled=true, version=12.0, cssSelectorsEnabled=true, databaseEnabled=true, handlesAlerts=true, browserConnectionEnabled=true, nativeEvents=false, webStorageEnabled=true, applicationCacheEnabled=true, takesScreenshot=true}]
OPENCART_TAXCALC,OPENCART_TAXCALC,Thu Apr 16 16:15:31 IST 2015,PASS,Script Ended.
OPENCART_TAXCALC,OPENCART_TAXCALC,Thu Apr 16 16:36:28 IST 2015,PASS,Logging into OpenCartAdmin application is successful.
OPENCART_TAXCALC,TESTCASE1,Thu Apr 16 16:36:36 IST 2015,PASS,Tax Calculation for Test case: TestCase1 Started
OPENCART_TAXCALC,TESTCASE1,Thu Apr 16 16:38:11 IST 2015,PASS,All the OpenCart admin setting is updated successfully
OPENCART_TAXCALC,TESTCASE1,Thu Apr 16 16:38:22 IST 2015,PASS,Logging into OpenCart application is successful.
OPENCART_TAXCALC,TESTCASE1,Thu Apr 16 17:45:53 IST 2015,PASS,'Total Sales Tax' 87.00 verified successfully for Test case TestCase1 on StoreCart Window.
OPENCART_TAXCALC,TESTCASE1,Thu Apr 16 17:47:05 IST 2015,PASS,Logging into OpenCartAdmin application is successful.
OPENCART_TAXCALC,TESTCASE1,Thu Apr 16 17:51:47 IST 2015,PASS,Avalara Status ' Pending' verified successfully on Calculate for Test case TestCase1 On tax calculation on AdminCart Window 
OPENCART_TAXCALC,TESTCASE1,Thu Apr 16 18:14:51 IST 2015,PASS,'Total Sales Tax' 87.0000 verified successfully for Test case TestCase1 on AdminCart Window.
OPENCART_TAXCALC,TESTCASE1,Thu Apr 16 18:15:24 IST 2015,PASS,Avalara Status ' Complete' verified successfully on Calculate for Test case TestCase1 On tax calculation on AdminCart Window 
OPENCART_TAXCALC,TESTCASE2,Thu Apr 16 18:15:30 IST 2015,PASS,Tax Calculation for Test case: TestCase2 Started
OPENCART_TAXCALC,TESTCASE2,Thu Apr 16 18:17:06 IST 2015,PASS,All the OpenCart admin setting is updated successfully
OPENCART_TAXCALC,TESTCASE2,Thu Apr 16 18:17:17 IST 2015,PASS,Logging into OpenCart application is successful.
OPENCART_TAXCALC,OPENCART_TAXCALC,Thu Apr 16 18:22:12 IST 2015,PASS,Logging into OpenCartAdmin application is successful.
OPENCART_TAXCALC,TESTCASE2,Thu Apr 16 18:22:20 IST 2015,PASS,Tax Calculation for Test case: TestCase2 Started
OPENCART_TAXCALC,TESTCASE2,Thu Apr 16 18:23:57 IST 2015,PASS,All the OpenCart admin setting is updated successfully
OPENCART_TAXCALC,TESTCASE2,Thu Apr 16 18:24:08 IST 2015,PASS,Logging into OpenCart application is successful.
OPENCART_ERROR_MESSASE_DISPALYED,OPENCART_ERROR_MESSASE_DISPALYED,Thu Apr 16 18:29:55 IST 2015,PASS,Logging into OpenCartAdmin application is successful.
OPENCART_ERROR_MESSASE_DISPALYED,TESTCASE80,Thu Apr 16 18:30:03 IST 2015,PASS,Tax Calculation for Test case: TestCase80 Started
OPENCART_ERROR_MESSASE_DISPALYED,TESTCASE80,Thu Apr 16 18:31:38 IST 2015,PASS,All the OpenCart admin setting is updated successfully
OPENCART_ERROR_MESSASE_DISPALYED,TESTCASE80,Thu Apr 16 18:31:48 IST 2015,PASS,Logging into OpenCart application is successful.
OPENCART_ERROR_MESSASE_DISPALYED,TESTCASE80,Thu Apr 16 18:33:53 IST 2015,PASS,Error message appeared as Avatax - Address Validation Error Message : JurisdictionNotFoundError: Unable to determine the taxing jurisdictions.
OPENCART_ERROR_MESSASE_DISPALYED,TESTCASE80,Thu Apr 16 18:34:40 IST 2015,PASS,Logging into OpenCartAdmin application is successful.
OPENCART_ERROR_MESSASE_DISPALYED,TESTCASE80,Thu Apr 16 18:35:12 IST 2015,FAIL,fCalculateSalesTax: Exception: org.openqa.selenium.ElementNotVisibleException: Element is not currently visible and so may not be interacted with
Command duration or timeout: 10.05 seconds
Build info: version: '2.40.0', revision: 'fbe29a9', time: '2014-02-19 20:55:11'
System info: host: 'Av-Pn-KhareA', ip: '10.240.20.70', os.name: 'Windows 7', os.arch: 'x86', os.version: '6.1', java.version: '1.6.0_45'
Session ID: cffc8d87-cdc8-41f7-ba44-aa078c39751d
Driver info: org.openqa.selenium.firefox.FirefoxDriver
Capabilities [{platform=XP, acceptSslCerts=true, javascriptEnabled=true, browserName=firefox, rotatable=false, locationContextEnabled=true, version=12.0, cssSelectorsEnabled=true, databaseEnabled=true, handlesAlerts=true, browserConnectionEnabled=true, nativeEvents=false, webStorageEnabled=true, applicationCacheEnabled=true, takesScreenshot=true}]
OPENCART_ERROR_MESSASE_DISPALYED,OPENCART_ERROR_MESSASE_DISPALYED,Thu Apr 16 18:35:13 IST 2015,PASS,Script Ended.
OPENCART_MISC_CHARGES,OPENCART_MISC_CHARGES,Fri Apr 17 12:38:34 IST 2015,PASS,Logging into OpenCartAdmin application is successful.
OPENCART_MISC_CHARGES,TESTCASE90,Fri Apr 17 12:38:42 IST 2015,PASS,Tax Calculation for Test case: TestCase90 Started
OPENCART_MISC_CHARGES,TESTCASE90,Fri Apr 17 12:40:18 IST 2015,PASS,All the OpenCart admin setting is updated successfully
OPENCART_MISC_CHARGES,TESTCASE90,Fri Apr 17 12:40:28 IST 2015,PASS,Logging into OpenCart application is successful.
OPENCART_MISC_CHARGES,TESTCASE90,Fri Apr 17 12:42:34 IST 2015,PASS,'Total Sales Tax' 87.44 verified successfully for Test case TestCase90 on StoreCart Window.
OPENCART_MISC_CHARGES,TESTCASE90,Fri Apr 17 12:43:19 IST 2015,PASS,Logging into OpenCartAdmin application is successful.
OPENCART_MISC_CHARGES,TESTCASE90,Fri Apr 17 12:44:05 IST 2015,PASS,Avalara Status ' Pending' verified successfully on Calculate for Test case TestCase90 On tax calculation on AdminCart Window 
OPENCART_MISC_CHARGES,TESTCASE90,Fri Apr 17 12:44:43 IST 2015,PASS,'Total Sales Tax' 87.44 verified successfully for Test case TestCase90 on AdminCart Window.
OPENCART_MISC_CHARGES,TESTCASE90,Fri Apr 17 12:45:01 IST 2015,PASS,Avalara Status ' Complete' verified successfully on Calculate for Test case TestCase90 On tax calculation on AdminCart Window 
OPENCART_MISC_CHARGES,TESTCASE91,Fri Apr 17 12:45:01 IST 2015,PASS,Tax Calculation for Test case: TestCase91 Started
OPENCART_MISC_CHARGES,TESTCASE91,Fri Apr 17 12:46:33 IST 2015,FAIL,fUpdateSettingsException:org.openqa.selenium.NoSuchElementException: Cannot locate element with text: Non Taxable
For documentation on this error, please visit: http://seleniumhq.org/exceptions/no_such_element.html
Build info: version: '2.40.0', revision: 'fbe29a9', time: '2014-02-19 20:55:11'
System info: host: 'Av-Pn-KhareA', ip: '10.240.20.85', os.name: 'Windows 7', os.arch: 'x86', os.version: '6.1', java.version: '1.6.0_45'
Driver info: driver.version: unknown
OPENCART_MISC_CHARGES,OPENCART_MISC_CHARGES,Fri Apr 17 12:46:33 IST 2015,PASS,Script Ended.
OPENCART_MISC_CHARGES,OPENCART_MISC_CHARGES,Fri Apr 17 16:04:34 IST 2015,PASS,Logging into OpenCartAdmin application is successful.
OPENCART_MISC_CHARGES,TESTCASE90,Fri Apr 17 16:04:42 IST 2015,PASS,Tax Calculation for Test case: TestCase90 Started
OPENCART_MISC_CHARGES,TESTCASE90,Fri Apr 17 16:05:07 IST 2015,FAIL,fUpdateSettingsException:org.openqa.selenium.NoSuchElementException: Unable to locate element: {"method":"link text","selector":"Settings"}
Command duration or timeout: 10.06 seconds
For documentation on this error, please visit: http://seleniumhq.org/exceptions/no_such_element.html
Build info: version: '2.40.0', revision: 'fbe29a9', time: '2014-02-19 20:55:11'
System info: host: 'Av-Pn-KhareA', ip: '10.240.20.85', os.name: 'Windows 7', os.arch: 'x86', os.version: '6.1', java.version: '1.6.0_45'
Session ID: ea50b6bf-227e-44ba-bbff-5ea4eb0c7767
Driver info: org.openqa.selenium.firefox.FirefoxDriver
Capabilities [{platform=XP, acceptSslCerts=true, javascriptEnabled=true, browserName=firefox, rotatable=false, locationContextEnabled=true, version=12.0, cssSelectorsEnabled=true, databaseEnabled=true, handlesAlerts=true, browserConnectionEnabled=true, nativeEvents=false, webStorageEnabled=true, applicationCacheEnabled=true, takesScreenshot=true}]
OPENCART_MISC_CHARGES,TESTCASE91,Fri Apr 17 16:05:07 IST 2015,PASS,Tax Calculation for Test case: TestCase91 Started
OPENCART_MISC_CHARGES,TESTCASE91,Fri Apr 17 16:06:44 IST 2015,PASS,All the OpenCart admin setting is updated successfully
OPENCART_MISC_CHARGES,TESTCASE91,Fri Apr 17 16:06:54 IST 2015,PASS,Logging into OpenCart application is successful.
OPENCART_MISC_CHARGES,TESTCASE91,Fri Apr 17 16:07:29 IST 2015,FAIL,fCalculateSalesTax: Exception: org.openqa.selenium.NoSuchElementException: Unable to locate element: {"method":"link text","selector":"Logout"}
Command duration or timeout: 10.22 seconds
For documentation on this error, please visit: http://seleniumhq.org/exceptions/no_such_element.html
Build info: version: '2.40.0', revision: 'fbe29a9', time: '2014-02-19 20:55:11'
System info: host: 'Av-Pn-KhareA', ip: '10.240.20.85', os.name: 'Windows 7', os.arch: 'x86', os.version: '6.1', java.version: '1.6.0_45'
Session ID: ea50b6bf-227e-44ba-bbff-5ea4eb0c7767
Driver info: org.openqa.selenium.firefox.FirefoxDriver
Capabilities [{platform=XP, acceptSslCerts=true, javascriptEnabled=true, browserName=firefox, rotatable=false, locationContextEnabled=true, version=12.0, cssSelectorsEnabled=true, databaseEnabled=true, handlesAlerts=true, browserConnectionEnabled=true, nativeEvents=false, webStorageEnabled=true, applicationCacheEnabled=true, takesScreenshot=true}]
OPENCART_MISC_CHARGES,OPENCART_MISC_CHARGES,Fri Apr 17 16:07:29 IST 2015,PASS,Script Ended.
OPENCART_MISC_CHARGES,OPENCART_MISC_CHARGES,Fri Apr 17 16:28:32 IST 2015,PASS,Logging into OpenCartAdmin application is successful.
OPENCART_MISC_CHARGES,TESTCASE90,Fri Apr 17 16:28:41 IST 2015,PASS,Tax Calculation for Test case: TestCase90 Started
OPENCART_MISC_CHARGES,TESTCASE90,Fri Apr 17 16:30:16 IST 2015,PASS,All the OpenCart admin setting is updated successfully
OPENCART_MISC_CHARGES,TESTCASE90,Fri Apr 17 17:22:00 IST 2015,PASS,Logging into OpenCart application is successful.
OPENCART2_TAXCALC,OPENCART2_TAXCALC,Thu Apr 23 10:23:09 IST 2015,PASS,Logging into OpenCartAdmin application is successful.
OPENCART2_TAXCALC,TESTCASE1,Thu Apr 23 10:23:17 IST 2015,PASS,Tax Calculation for Test case: TestCase1 Started
OPENCART2_TAXCALC,TESTCASE1,Thu Apr 23 10:25:02 IST 2015,PASS,All the OpenCart admin setting is updated successfully
OPENCART2_TAXCALC,TESTCASE1,Thu Apr 23 10:25:16 IST 2015,PASS,OpenCart application is open successfully.
OPENCART2_TAXCALC,TESTCASE1,Thu Apr 23 10:27:56 IST 2015,PASS,'Total Sales Tax' 87.00 verified successfully for Test case TestCase1 on StoreCart Window.
OPENCART2_TAXCALC,TESTCASE1,Thu Apr 23 10:28:50 IST 2015,PASS,Logging into OpenCartAdmin application is successful.
OPENCART2_TAXCALC,TESTCASE1,Thu Apr 23 10:29:22 IST 2015,FAIL,fCalculateSalesTax: Exception: org.openqa.selenium.NoSuchElementException: Unable to locate element: {"method":"link text","selector":"Orders"}
Command duration or timeout: 10.33 seconds
For documentation on this error, please visit: http://seleniumhq.org/exceptions/no_such_element.html
Build info: version: '2.40.0', revision: 'fbe29a9', time: '2014-02-19 20:55:11'
System info: host: 'Av-Pn-KhareA', ip: '10.240.20.94', os.name: 'Windows 7', os.arch: 'x86', os.version: '6.1', java.version: '1.6.0_45'
Session ID: bd794a0d-193c-402e-b090-f36b113c9f21
Driver info: org.openqa.selenium.firefox.FirefoxDriver
Capabilities [{platform=XP, acceptSslCerts=true, javascriptEnabled=true, browserName=firefox, rotatable=false, locationContextEnabled=true, version=12.0, cssSelectorsEnabled=true, databaseEnabled=true, handlesAlerts=true, browserConnectionEnabled=true, nativeEvents=false, webStorageEnabled=true, applicationCacheEnabled=true, takesScreenshot=true}]
OPENCART2_TAXCALC,TESTCASE2,Thu Apr 23 10:29:22 IST 2015,PASS,Tax Calculation for Test case: TestCase2 Started
OPENCART2_TAXCALC,TESTCASE2,Thu Apr 23 10:31:02 IST 2015,PASS,All the OpenCart admin setting is updated successfully
OPENCART2_TAXCALC,TESTCASE2,Thu Apr 23 10:31:13 IST 2015,PASS,OpenCart application is open successfully.
OPENCART2_TAXCALC,TESTCASE2,Thu Apr 23 10:33:50 IST 2015,FAIL,'Total Sales Tax' 87.00 NOT verified successfully for Test caseTestCase2 on StoreCart Window.Expected Tax :- 87.00 and Actual Tax:- 174.00
OPENCART2_TAXCALC,TESTCASE3,Thu Apr 23 10:33:50 IST 2015,PASS,Tax Calculation for Test case: TestCase3 Started
OPENCART2_TAXCALC,TESTCASE3,Thu Apr 23 10:34:10 IST 2015,FAIL,fUpdateSettingsException:org.openqa.selenium.NoSuchElementException: Unable to locate element: {"method":"xpath","selector":"//li[@id='system']/a/i"}
Command duration or timeout: 10.15 seconds
For documentation on this error, please visit: http://seleniumhq.org/exceptions/no_such_element.html
Build info: version: '2.40.0', revision: 'fbe29a9', time: '2014-02-19 20:55:11'
System info: host: 'Av-Pn-KhareA', ip: '10.240.20.94', os.name: 'Windows 7', os.arch: 'x86', os.version: '6.1', java.version: '1.6.0_45'
Session ID: bd794a0d-193c-402e-b090-f36b113c9f21
Driver info: org.openqa.selenium.firefox.FirefoxDriver
Capabilities [{platform=XP, acceptSslCerts=true, javascriptEnabled=true, browserName=firefox, rotatable=false, locationContextEnabled=true, version=12.0, cssSelectorsEnabled=true, databaseEnabled=true, handlesAlerts=true, browserConnectionEnabled=true, nativeEvents=false, webStorageEnabled=true, applicationCacheEnabled=true, takesScreenshot=true}]
OPENCART2_TAXCALC,TESTCASE4,Thu Apr 23 10:34:10 IST 2015,PASS,Tax Calculation for Test case: TestCase4 Started
OPENCART2_TAXCALC,TESTCASE4,Thu Apr 23 10:34:30 IST 2015,FAIL,fUpdateSettingsException:org.openqa.selenium.NoSuchElementException: Unable to locate element: {"method":"xpath","selector":"//li[@id='system']/a/i"}
Command duration or timeout: 10.08 seconds
For documentation on this error, please visit: http://seleniumhq.org/exceptions/no_such_element.html
Build info: version: '2.40.0', revision: 'fbe29a9', time: '2014-02-19 20:55:11'
System info: host: 'Av-Pn-KhareA', ip: '10.240.20.94', os.name: 'Windows 7', os.arch: 'x86', os.version: '6.1', java.version: '1.6.0_45'
Session ID: bd794a0d-193c-402e-b090-f36b113c9f21
Driver info: org.openqa.selenium.firefox.FirefoxDriver
Capabilities [{platform=XP, acceptSslCerts=true, javascriptEnabled=true, browserName=firefox, rotatable=false, locationContextEnabled=true, version=12.0, cssSelectorsEnabled=true, databaseEnabled=true, handlesAlerts=true, browserConnectionEnabled=true, nativeEvents=false, webStorageEnabled=true, applicationCacheEnabled=true, takesScreenshot=true}]
OPENCART2_TAXCALC,OPENCART2_TAXCALC,Thu Apr 23 10:34:30 IST 2015,PASS,Script Ended.
