ScriptName,TCName,Date,Result,Description,,,,,,,,,,
SalesForce_TaxCalc,SalesForce_TaxCalc,Tue Apr 07 11:51:15 IST 2015,FAIL,Logging into SalesForce application is Failed.,,,,,,,,,,
SalesForce_TaxCalc,TESTCASE1,Tue Apr 07 11:51:15 IST 2015,PASS,Tax Calculation for Test case: TestCase1 Started.,,,,,,,,,,
SalesForce_TaxCalc,TESTCASE1,Tue Apr 07 11:51:46 IST 2015,PASS,After clicking on menu TaxNowSettings Respective page opened successfully,,,,,,,,,,
SalesForce_TaxCalc,TESTCASE1,Tue Apr 07 11:52:13 IST 2015,PASS,Tax now settings updated successfully,,,,,,,,,,
SalesForce_TaxCalc,TESTCASE1,Tue Apr 07 11:53:05 IST 2015,PASS,After clicking on menu Accounts Respective page opened successfully,,,,,,,,,,
SalesForce_TaxCalc,TESTCASE1,Tue Apr 07 11:53:34 IST 2015,PASS,Opportunities created successfully,,,,,,,,,,
SalesForce_TaxCalc,TESTCASE1,Tue Apr 07 11:53:44 IST 2015,PASS,After clicking on menu Opportunities Respective page opened successfully,,,,,,,,,,
SalesForce_TaxCalc,TESTCASE1,Tue Apr 07 11:55:56 IST 2015,PASS,Avalara Status 'Temporary' verified successfully on adding products for Test case TestCase1 On Menu item : - Opportunities,,,,,,,,,,
SalesForce_TaxCalc,TESTCASE1,Tue Apr 07 11:56:06 IST 2015,PASS,'Total Sales Tax' 60.00 verified successfully for Test case TestCase1 on Opportunities Window.,,,,,,,,,,
SalesForce_TaxCalc,TESTCASE1,Tue Apr 07 11:56:06 IST 2015,PASS,Avalara Status ' Temporary' verified successfully on Calculate for Test case TestCase1 On tax calculation on Opportunities Window ,,,,,,,,,,
SalesForce_TaxCalc,TESTCASE1,Tue Apr 07 11:56:06 IST 2015,PASS,Tax Calculation for Test case: TestCase1 Ended.,,,,,,,,,,
SalesForce_TaxCalc,TESTCASE2,Tue Apr 07 11:56:06 IST 2015,PASS,Tax Calculation for Test case: TestCase2 Started.,,,,,,,,,,
SalesForce_TaxCalc,TESTCASE2,Tue Apr 07 11:57:37 IST 2015,PASS,After clicking on menu TaxNowSettings Respective page opened successfully,,,,,,,,,,
SalesForce_TaxCalc,TESTCASE2,Tue Apr 07 11:58:03 IST 2015,PASS,Tax now settings updated successfully,,,,,,,,,,
SalesForce_TaxCalc,TESTCASE2,Tue Apr 07 11:58:54 IST 2015,PASS,After clicking on menu Accounts Respective page opened successfully,,,,,,,,,,
SalesForce_TaxCalc,TESTCASE2,Tue Apr 07 11:59:23 IST 2015,PASS,Opportunities created successfully,,,,,,,,,,
SalesForce_TaxCalc,TESTCASE2,Tue Apr 07 11:59:33 IST 2015,PASS,After clicking on menu Opportunities Respective page opened successfully,,,,,,,,,,
SalesForce_TaxCalc,TESTCASE2,Tue Apr 07 12:00:46 IST 2015,FAIL,"fCalculateSalesTax: Exception: org.openqa.selenium.NoSuchElementException: Unable to locate element: {""method"":""id""","selector:""search""}",,,,,,,,,
Command duration or timeout: 60.08 seconds,,,,,,,,,,,,,,
For documentation on this error, please visit: http://seleniumhq.org/exceptions/no_such_element.html,,,,,,,,,,,,,
Build info: version: '2.40.0', revision: 'fbe29a9', time: '2014-02-19 20:55:11',,,,,,,,,,,,
System info: host: 'Av-Pn-KhareA', ip: '10.240.20.97', os.name: 'Windows 7', os.arch: 'x86', os.version: '6.1', java.version: '1.6.0_45',,,,,,,,,
Session ID: a86e3180-2386-4f43-85b9-c51b3e6d1cdf,,,,,,,,,,,,,,
Driver info: org.openqa.selenium.firefox.FirefoxDriver,,,,,,,,,,,,,,
Capabilities [{platform=XP, acceptSslCerts=true, javascriptEnabled=true, browserName=firefox, rotatable=false, locationContextEnabled=true, version=12.0, cssSelectorsEnabled=true, databaseEnabled=true, handlesAlerts=true, browserConnectionEnabled=true, nativeEvents=false, webStorageEnabled=true, applicationCacheEnabled=true, takesScreenshot=true}]
SalesForce_TaxCalc,TESTCASE3,Tue Apr 07 12:00:46 IST 2015,PASS,Tax Calculation for Test case: TestCase3 Started.,,,,,,,,,,
SalesForce_TaxCalc,TESTCASE3,Tue Apr 07 12:02:17 IST 2015,PASS,After clicking on menu TaxNowSettings Respective page opened successfully,,,,,,,,,,
SalesForce_TaxCalc,TESTCASE3,Tue Apr 07 12:02:42 IST 2015,PASS,Tax now settings updated successfully,,,,,,,,,,
SalesForce_TaxCalc,TESTCASE3,Tue Apr 07 12:03:35 IST 2015,PASS,After clicking on menu Accounts Respective page opened successfully,,,,,,,,,,
SalesForce_TaxCalc,TESTCASE3,Tue Apr 07 12:04:02 IST 2015,PASS,Opportunities created successfully,,,,,,,,,,
SalesForce_TaxCalc,TESTCASE3,Tue Apr 07 12:04:12 IST 2015,PASS,After clicking on menu Opportunities Respective page opened successfully,,,,,,,,,,
SalesForce_TaxCalc,TESTCASE3,Tue Apr 07 12:05:35 IST 2015,PASS,Avalara Status 'Temporary' verified successfully on adding products for Test case TestCase3 On Menu item : - Opportunities,,,,,,,,,,
SalesForce_TaxCalc,TESTCASE3,Tue Apr 07 12:05:43 IST 2015,PASS,'Total Sales Tax' 85.00 verified successfully for Test case TestCase3 on Opportunities Window.,,,,,,,,,,
SalesForce_TaxCalc,TESTCASE3,Tue Apr 07 12:05:43 IST 2015,PASS,Avalara Status ' Saved' verified successfully on Calculate for Test case TestCase3 On tax calculation on Opportunities Window ,,,,,,,,,,
SalesForce_TaxCalc,TESTCASE3,Tue Apr 07 12:05:50 IST 2015,PASS,'Total Sales Tax' 85.00 verified successfully for Test case TestCase3 on Finalize Opportunity Window.,,,,,,,,,,
SalesForce_TaxCalc,TESTCASE3,Tue Apr 07 12:05:50 IST 2015,PASS,Avalara Status ' Committed' verified successfully on Calculate for Test case TestCase3 On tax calculation on Finalize Opportunity Window ,,,,,,,,,,
SalesForce_TaxCalc,TESTCASE3,Tue Apr 07 12:05:50 IST 2015,PASS,Tax Calculation for Test case: TestCase3 Ended.,,,,,,,,,,
SalesForce_TaxCalc,TESTCASE4,Tue Apr 07 12:05:50 IST 2015,PASS,Tax Calculation for Test case: TestCase4 Started.,,,,,,,,,,
SalesForce_TaxCalc,TESTCASE4,Tue Apr 07 12:07:21 IST 2015,PASS,After clicking on menu TaxNowSettings Respective page opened successfully,,,,,,,,,,
SalesForce_TaxCalc,TESTCASE4,Tue Apr 07 12:07:47 IST 2015,PASS,Tax now settings updated successfully,,,,,,,,,,
SalesForce_TaxCalc,TESTCASE4,Tue Apr 07 12:08:40 IST 2015,PASS,After clicking on menu Accounts Respective page opened successfully,,,,,,,,,,
SalesForce_TaxCalc,TESTCASE4,Tue Apr 07 12:09:07 IST 2015,PASS,Opportunities created successfully,,,,,,,,,,
SalesForce_TaxCalc,TESTCASE4,Tue Apr 07 12:09:17 IST 2015,PASS,After clicking on menu Opportunities Respective page opened successfully,,,,,,,,,,
SalesForce_TaxCalc,TESTCASE4,Tue Apr 07 12:10:49 IST 2015,PASS,Avalara Status 'Temporary' verified successfully on adding products for Test case TestCase4 On Menu item : - Opportunities,,,,,,,,,,
SalesForce_TaxCalc,TESTCASE4,Tue Apr 07 12:10:57 IST 2015,PASS,'Total Sales Tax' 85.00 verified successfully for Test case TestCase4 on Opportunities Window.,,,,,,,,,,
SalesForce_TaxCalc,TESTCASE4,Tue Apr 07 12:10:57 IST 2015,PASS,Avalara Status ' Temporary' verified successfully on Calculate for Test case TestCase4 On tax calculation on Opportunities Window ,,,,,,,,,,
SalesForce_TaxCalc,TESTCASE4,Tue Apr 07 12:10:57 IST 2015,PASS,Tax Calculation for Test case: TestCase4 Ended.,,,,,,,,,,
SalesForce_TaxCalc,TESTCASE5,Tue Apr 07 12:10:57 IST 2015,PASS,Tax Calculation for Test case: TestCase5 Started.,,,,,,,,,,
SalesForce_TaxCalc,TESTCASE5,Tue Apr 07 12:12:28 IST 2015,PASS,After clicking on menu TaxNowSettings Respective page opened successfully,,,,,,,,,,
SalesForce_TaxCalc,TESTCASE5,Tue Apr 07 12:12:54 IST 2015,PASS,Tax now settings updated successfully,,,,,,,,,,
SalesForce_TaxCalc,TESTCASE5,Tue Apr 07 12:14:11 IST 2015,PASS,After clicking on menu Accounts Respective page opened successfully,,,,,,,,,,
SalesForce_TaxCalc,TESTCASE5,Tue Apr 07 12:14:40 IST 2015,PASS,Opportunities created successfully,,,,,,,,,,
SalesForce_TaxCalc,TESTCASE5,Tue Apr 07 12:14:50 IST 2015,PASS,After clicking on menu Opportunities Respective page opened successfully,,,,,,,,,,
SalesForce_TaxCalc,TESTCASE5,Tue Apr 07 12:15:39 IST 2015,PASS,Avalara Status 'Temporary' verified successfully on adding products for Test case TestCase5 On Menu item : - Opportunities,,,,,,,,,,
SalesForce_TaxCalc,TESTCASE5,Tue Apr 07 12:15:51 IST 2015,PASS,Error message appeared as Name: PreQualification Error Summary: Tax Calculations are Disabled - Check 'Enable Tax Calculations' in the TaxServices tab Details:,,,,,,,,,,
SalesForce_TaxCalc,TESTCASE5,Tue Apr 07 12:15:51 IST 2015,PASS,Tax Calculation for Test case: TestCase5 Ended.,,,,,,,,,,
SalesForce_TaxCalc,TESTCASE6,Tue Apr 07 12:15:51 IST 2015,PASS,Tax Calculation for Test case: TestCase6 Started.,,,,,,,,,,
SalesForce_TaxCalc,TESTCASE6,Tue Apr 07 12:17:22 IST 2015,PASS,After clicking on menu TaxNowSettings Respective page opened successfully,,,,,,,,,,
SalesForce_TaxCalc,TESTCASE6,Tue Apr 07 12:17:48 IST 2015,PASS,Tax now settings updated successfully,,,,,,,,,,
SalesForce_TaxCalc,TESTCASE6,Tue Apr 07 12:18:39 IST 2015,PASS,After clicking on menu Accounts Respective page opened successfully,,,,,,,,,,
SalesForce_TaxCalc,TESTCASE6,Tue Apr 07 12:19:06 IST 2015,PASS,Opportunities created successfully,,,,,,,,,,
SalesForce_TaxCalc,TESTCASE6,Tue Apr 07 12:19:16 IST 2015,PASS,After clicking on menu Opportunities Respective page opened successfully,,,,,,,,,,
SalesForce_TaxCalc,TESTCASE6,Tue Apr 07 12:20:03 IST 2015,PASS,Avalara Status 'Temporary' verified successfully on adding products for Test case TestCase6 On Menu item : - Opportunities,,,,,,,,,,
SalesForce_TaxCalc,TESTCASE6,Tue Apr 07 12:20:36 IST 2015,PASS,Error message appeared as Name: PreQualification Error Summary: Tax Calculations are Disabled - Check 'Enable Tax Calculations' in the TaxServices tab Details:,,,,,,,,,,
SalesForce_TaxCalc,TESTCASE6,Tue Apr 07 12:20:36 IST 2015,PASS,Tax Calculation for Test case: TestCase6 Ended.,,,,,,,,,,
SalesForce_TaxCalc,TESTCASE7,Tue Apr 07 12:20:36 IST 2015,PASS,Tax Calculation for Test case: TestCase7 Started.,,,,,,,,,,
SalesForce_TaxCalc,TESTCASE7,Tue Apr 07 12:22:07 IST 2015,PASS,After clicking on menu TaxNowSettings Respective page opened successfully,,,,,,,,,,
SalesForce_TaxCalc,TESTCASE7,Tue Apr 07 12:28:50 IST 2015,PASS,Tax now settings updated successfully,,,,,,,,,,
SalesForce_TaxCalc,TESTCASE7,Tue Apr 07 12:30:35 IST 2015,PASS,After clicking on menu Accounts Respective page opened successfully,,,,,,,,,,
SalesForce_TaxCalc,TESTCASE7,Tue Apr 07 12:31:03 IST 2015,PASS,Opportunities created successfully,,,,,,,,,,
SalesForce_TaxCalc,TESTCASE7,Tue Apr 07 12:31:13 IST 2015,PASS,After clicking on menu Opportunities Respective page opened successfully,,,,,,,,,,
SalesForce_TaxCalc,TESTCASE7,Tue Apr 07 12:32:01 IST 2015,PASS,Avalara Status 'Temporary' verified successfully on adding products for Test case TestCase7 On Menu item : - Opportunities,,,,,,,,,,
SalesForce_TaxCalc,TESTCASE7,Tue Apr 07 12:43:18 IST 2015,PASS,Error message appeared as Name: PreQualification Error Summary: Tax Calculations are Disabled - Check 'Enable Tax Calculations' in the TaxServices tab Details:,,,,,,,,,,
SalesForce_TaxCalc,TESTCASE7,Tue Apr 07 12:43:18 IST 2015,PASS,Tax Calculation for Test case: TestCase7 Ended.,,,,,,,,,,
SalesForce_MISC_Charges,SalesForce_MISC_Charges,Tue Apr 07 13:02:15 IST 2015,FAIL,"fLoginException:org.openqa.selenium.NoSuchElementException: Unable to locate element: {""method"":""id""","selector:""username""}",,,,,,,,,
Command duration or timeout: 56 milliseconds,,,,,,,,,,,,,,
For documentation on this error, please visit: http://seleniumhq.org/exceptions/no_such_element.html,,,,,,,,,,,,,
Build info: version: '2.40.0', revision: 'fbe29a9', time: '2014-02-19 20:55:11',,,,,,,,,,,,
System info: host: 'Av-Pn-KhareA', ip: '10.240.20.97', os.name: 'Windows 7', os.arch: 'x86', os.version: '6.1', java.version: '1.6.0_45',,,,,,,,,
Session ID: 6375bf6a-d4dc-4be5-a60e-e94691207b4d,,,,,,,,,,,,,,
Driver info: org.openqa.selenium.firefox.FirefoxDriver,,,,,,,,,,,,,,
Capabilities [{platform=XP, acceptSslCerts=true, javascriptEnabled=true, browserName=firefox, rotatable=false, locationContextEnabled=true, version=12.0, cssSelectorsEnabled=true, databaseEnabled=true, handlesAlerts=true, browserConnectionEnabled=true, nativeEvents=false, webStorageEnabled=true, applicationCacheEnabled=true, takesScreenshot=true}]
SalesForce_MISC_Charges,SalesForce_MISC_Charges,Tue Apr 07 13:02:15 IST 2015,PASS,Script Ended.,,,,,,,,,,
SalesForce_MISC_Charges,SalesForce_MISC_Charges,Tue Apr 07 13:08:13 IST 2015,FAIL,Logging into SalesForce application is Failed.,,,,,,,,,,
SalesForce_MISC_Charges,TESTCASE100,Tue Apr 07 13:08:13 IST 2015,PASS,Tax Calculation for Test case: TestCase100 Started.,,,,,,,,,,
SalesForce_MISC_Charges,TESTCASE100,Tue Apr 07 13:08:44 IST 2015,FAIL,"fMenuSelection: Exception: org.openqa.selenium.NoSuchElementException: Unable to locate element: {""method"":""link text""","selector:""TaxNowSettings""}",,,,,,,,,
Command duration or timeout: 27 milliseconds,,,,,,,,,,,,,,
For documentation on this error, please visit: http://seleniumhq.org/exceptions/no_such_element.html,,,,,,,,,,,,,
Build info: version: '2.40.0', revision: 'fbe29a9', time: '2014-02-19 20:55:11',,,,,,,,,,,,
System info: host: 'Av-Pn-KhareA', ip: '10.240.20.97', os.name: 'Windows 7', os.arch: 'x86', os.version: '6.1', java.version: '1.6.0_45',,,,,,,,,
Session ID: b607bb80-a3d4-4b87-b138-84171597271c,,,,,,,,,,,,,,
Driver info: org.openqa.selenium.firefox.FirefoxDriver,,,,,,,,,,,,,,
Capabilities [{platform=XP, acceptSslCerts=true, javascriptEnabled=true, browserName=firefox, rotatable=false, locationContextEnabled=true, version=12.0, cssSelectorsEnabled=true, databaseEnabled=true, handlesAlerts=true, browserConnectionEnabled=true, nativeEvents=false, webStorageEnabled=true, applicationCacheEnabled=true, takesScreenshot=true}]
SalesForce_MISC_Charges,TESTCASE101,Tue Apr 07 13:08:44 IST 2015,PASS,Tax Calculation for Test case: TestCase101 Started.,,,,,,,,,,
SalesForce_MISC_Charges,TESTCASE101,Tue Apr 07 13:09:20 IST 2015,FAIL,"fMenuSelection: Exception: org.openqa.selenium.NoSuchElementException: Unable to locate element: {""method"":""link text""","selector:""TaxNowSettings""}",,,,,,,,,
Command duration or timeout: 54 milliseconds,,,,,,,,,,,,,,
For documentation on this error, please visit: http://seleniumhq.org/exceptions/no_such_element.html,,,,,,,,,,,,,
Build info: version: '2.40.0', revision: 'fbe29a9', time: '2014-02-19 20:55:11',,,,,,,,,,,,
System info: host: 'Av-Pn-KhareA', ip: '10.240.20.97', os.name: 'Windows 7', os.arch: 'x86', os.version: '6.1', java.version: '1.6.0_45',,,,,,,,,
Session ID: b607bb80-a3d4-4b87-b138-84171597271c,,,,,,,,,,,,,,
Driver info: org.openqa.selenium.firefox.FirefoxDriver,,,,,,,,,,,,,,
Capabilities [{platform=XP, acceptSslCerts=true, javascriptEnabled=true, browserName=firefox, rotatable=false, locationContextEnabled=true, version=12.0, cssSelectorsEnabled=true, databaseEnabled=true, handlesAlerts=true, browserConnectionEnabled=true, nativeEvents=false, webStorageEnabled=true, applicationCacheEnabled=true, takesScreenshot=true}]
SalesForce_MISC_Charges,SalesForce_MISC_Charges,Tue Apr 07 13:09:20 IST 2015,PASS,Script Ended.,,,,,,,,,,
SalesForce_MISC_Charges,SalesForce_MISC_Charges,Tue Apr 07 13:20:05 IST 2015,PASS,Logging into SalesForce application is successful.,,,,,,,,,,
SalesForce_MISC_Charges,TESTCASE100,Tue Apr 07 13:20:05 IST 2015,PASS,Tax Calculation for Test case: TestCase100 Started.,,,,,,,,,,
SalesForce_MISC_Charges,TESTCASE100,Tue Apr 07 13:20:36 IST 2015,PASS,After clicking on menu TaxNowSettings Respective page opened successfully,,,,,,,,,,
SalesForce_MISC_Charges,TESTCASE100,Tue Apr 07 13:21:01 IST 2015,PASS,Tax now settings updated successfully,,,,,,,,,,
SalesForce_MISC_Charges,TESTCASE100,Tue Apr 07 13:21:53 IST 2015,PASS,After clicking on menu Accounts Respective page opened successfully,,,,,,,,,,
SalesForce_MISC_Charges,TESTCASE100,Tue Apr 07 13:22:21 IST 2015,PASS,Opportunities created successfully,,,,,,,,,,
SalesForce_MISC_Charges,TESTCASE100,Tue Apr 07 13:22:31 IST 2015,PASS,After clicking on menu Opportunities Respective page opened successfully,,,,,,,,,,
SalesForce_MISC_Charges,TESTCASE100,Tue Apr 07 13:23:22 IST 2015,PASS,Avalara Status 'Temporary' verified successfully on adding products for Test case TestCase100 On Menu item : - Opportunities,,,,,,,,,,
SalesForce_MISC_Charges,TESTCASE100,Tue Apr 07 13:23:32 IST 2015,PASS,'Total Sales Tax' 85.00 verified successfully for Test case TestCase100 on Opportunities Window.,,,,,,,,,,
SalesForce_MISC_Charges,TESTCASE100,Tue Apr 07 13:23:32 IST 2015,PASS,'Misc Tax' 8.50 verified successfully for Test caseTestCase100 on Opportunities Window.,,,,,,,,,,
SalesForce_MISC_Charges,TESTCASE100,Tue Apr 07 13:23:32 IST 2015,PASS,Avalara Status ' Saved' verified successfully on Calculate for Test case TestCase100 On tax calculation on Opportunities Window ,,,,,,,,,,
SalesForce_MISC_Charges,TESTCASE100,Tue Apr 07 13:23:39 IST 2015,PASS,'Total Sales Tax' 85.00 verified successfully for Test case TestCase100 on Finalize Opportunity Window.,,,,,,,,,,
SalesForce_MISC_Charges,TESTCASE100,Tue Apr 07 13:23:39 IST 2015,PASS,'Misc Tax' 8.50 verified successfully for Test caseTestCase100 on Finalize Opportunity Window.,,,,,,,,,,
SalesForce_MISC_Charges,TESTCASE100,Tue Apr 07 13:23:39 IST 2015,PASS,Avalara Status ' Committed' verified successfully on Calculate for Test case TestCase100 On tax calculation on Finalize Opportunity Window ,,,,,,,,,,
SalesForce_MISC_Charges,TESTCASE100,Tue Apr 07 13:23:39 IST 2015,PASS,Tax Calculation for Test case: TestCase100 Ended.,,,,,,,,,,
SalesForce_MISC_Charges,TESTCASE101,Tue Apr 07 13:23:39 IST 2015,PASS,Tax Calculation for Test case: TestCase101 Started.,,,,,,,,,,
SalesForce_MISC_Charges,TESTCASE101,Tue Apr 07 13:25:10 IST 2015,PASS,After clicking on menu TaxNowSettings Respective page opened successfully,,,,,,,,,,
SalesForce_MISC_Charges,TESTCASE101,Tue Apr 07 13:25:36 IST 2015,PASS,Tax now settings updated successfully,,,,,,,,,,
SalesForce_MISC_Charges,TESTCASE101,Tue Apr 07 13:26:28 IST 2015,PASS,After clicking on menu Accounts Respective page opened successfully,,,,,,,,,,
SalesForce_MISC_Charges,TESTCASE101,Tue Apr 07 13:26:56 IST 2015,PASS,Opportunities created successfully,,,,,,,,,,
SalesForce_MISC_Charges,TESTCASE101,Tue Apr 07 13:27:06 IST 2015,PASS,After clicking on menu Opportunities Respective page opened successfully,,,,,,,,,,
SalesForce_MISC_Charges,TESTCASE101,Tue Apr 07 13:27:54 IST 2015,PASS,Avalara Status 'Temporary' verified successfully on adding products for Test case TestCase101 On Menu item : - Opportunities,,,,,,,,,,
SalesForce_MISC_Charges,TESTCASE101,Tue Apr 07 13:28:02 IST 2015,PASS,'Total Sales Tax' 85.00 verified successfully for Test case TestCase101 on Opportunities Window.,,,,,,,,,,
SalesForce_MISC_Charges,TESTCASE101,Tue Apr 07 13:28:02 IST 2015,PASS,'Misc Tax' 8.50 verified successfully for Test caseTestCase101 on Opportunities Window.,,,,,,,,,,
SalesForce_MISC_Charges,TESTCASE101,Tue Apr 07 13:28:02 IST 2015,PASS,Avalara Status ' Saved' verified successfully on Calculate for Test case TestCase101 On tax calculation on Opportunities Window ,,,,,,,,,,
SalesForce_MISC_Charges,TESTCASE101,Tue Apr 07 13:28:09 IST 2015,PASS,'Total Sales Tax' 85.00 verified successfully for Test case TestCase101 on Finalize Opportunity Window.,,,,,,,,,,
SalesForce_MISC_Charges,TESTCASE101,Tue Apr 07 13:28:09 IST 2015,PASS,'Misc Tax' 8.50 verified successfully for Test caseTestCase101 on Finalize Opportunity Window.,,,,,,,,,,
SalesForce_MISC_Charges,TESTCASE101,Tue Apr 07 13:28:09 IST 2015,PASS,Avalara Status ' Committed' verified successfully on Calculate for Test case TestCase101 On tax calculation on Finalize Opportunity Window ,,,,,,,,,,
SalesForce_MISC_Charges,TESTCASE101,Tue Apr 07 13:28:09 IST 2015,PASS,Tax Calculation for Test case: TestCase101 Ended.,,,,,,,,,,
SalesForce_MISC_Charges,SalesForce_MISC_Charges,Tue Apr 07 13:28:09 IST 2015,PASS,Script Ended.,,,,,,,,,,
SalesForce_MISC_Charges,SalesForce_MISC_Charges,Tue Apr 07 14:14:06 IST 2015,FAIL,Logging into SalesForce application is Failed.,,,,,,,,,,
SalesForce_MISC_Charges,TESTCASE100,Tue Apr 07 14:14:06 IST 2015,PASS,Tax Calculation for Test case: TestCase100 Started.,,,,,,,,,,
SalesForce_MISC_Charges,TESTCASE100,Tue Apr 07 14:14:37 IST 2015,PASS,After clicking on menu TaxNowSettings Respective page opened successfully,,,,,,,,,,
SalesForce_MISC_Charges,TESTCASE100,Tue Apr 07 14:15:01 IST 2015,PASS,Tax now settings updated successfully,,,,,,,,,,
SalesForce_MISC_Charges,TESTCASE100,Tue Apr 07 14:15:52 IST 2015,PASS,After clicking on menu Accounts Respective page opened successfully,,,,,,,,,,
SalesForce_MISC_Charges,TESTCASE100,Tue Apr 07 14:16:20 IST 2015,PASS,Opportunities created successfully,,,,,,,,,,
SalesForce_MISC_Charges,TESTCASE100,Tue Apr 07 14:16:30 IST 2015,PASS,After clicking on menu Opportunities Respective page opened successfully,,,,,,,,,,
SalesForce_MISC_Charges,TESTCASE100,Tue Apr 07 14:17:59 IST 2015,PASS,Avalara Status 'Temporary' verified successfully on adding products for Test case TestCase100 On Menu item : - Opportunities,,,,,,,,,,
SalesForce_MISC_Charges,TESTCASE100,Tue Apr 07 14:18:09 IST 2015,PASS,'Total Sales Tax' 85.00 verified successfully for Test case TestCase100 on Opportunities Window.,,,,,,,,,,
SalesForce_MISC_Charges,TESTCASE100,Tue Apr 07 14:18:09 IST 2015,PASS,'Misc Tax' 8.50 verified successfully for Test caseTestCase100 on Opportunities Window.,,,,,,,,,,
SalesForce_MISC_Charges,TESTCASE100,Tue Apr 07 14:18:10 IST 2015,PASS,Avalara Status ' Saved' verified successfully on Calculate for Test case TestCase100 On tax calculation on Opportunities Window ,,,,,,,,,,
SalesForce_MISC_Charges,TESTCASE100,Tue Apr 07 14:18:16 IST 2015,PASS,'Total Sales Tax' 85.00 verified successfully for Test case TestCase100 on Finalize Opportunity Window.,,,,,,,,,,
SalesForce_MISC_Charges,TESTCASE100,Tue Apr 07 14:18:16 IST 2015,PASS,'Misc Tax' 8.50 verified successfully for Test caseTestCase100 on Finalize Opportunity Window.,,,,,,,,,,
SalesForce_MISC_Charges,TESTCASE100,Tue Apr 07 14:18:16 IST 2015,PASS,Avalara Status ' Committed' verified successfully on Calculate for Test case TestCase100 On tax calculation on Finalize Opportunity Window ,,,,,,,,,,
SalesForce_MISC_Charges,TESTCASE100,Tue Apr 07 14:18:16 IST 2015,PASS,Tax Calculation for Test case: TestCase100 Ended.,,,,,,,,,,
SalesForce_MISC_Charges,TESTCASE101,Tue Apr 07 14:18:16 IST 2015,PASS,Tax Calculation for Test case: TestCase101 Started.,,,,,,,,,,
SalesForce_MISC_Charges,TESTCASE101,Tue Apr 07 14:19:47 IST 2015,PASS,After clicking on menu TaxNowSettings Respective page opened successfully,,,,,,,,,,
SalesForce_MISC_Charges,TESTCASE101,Tue Apr 07 14:20:13 IST 2015,PASS,Tax now settings updated successfully,,,,,,,,,,
SalesForce_MISC_Charges,TESTCASE101,Tue Apr 07 14:21:05 IST 2015,PASS,After clicking on menu Accounts Respective page opened successfully,,,,,,,,,,
SalesForce_MISC_Charges,TESTCASE101,Tue Apr 07 14:21:33 IST 2015,PASS,Opportunities created successfully,,,,,,,,,,
SalesForce_ErrorMessageDisplayed,SalesForce_ErrorMessageDisplayed,Tue Apr 07 14:24:54 IST 2015,FAIL,Logging into SalesForce application is Failed.,,,,,,,,,,
SalesForce_ErrorMessageDisplayed,TESTCASE80,Tue Apr 07 14:24:54 IST 2015,PASS,Tax Calculation for Test case: TestCase80 Started.,,,,,,,,,,
SalesForce_ErrorMessageDisplayed,TESTCASE80,Tue Apr 07 14:25:25 IST 2015,PASS,After clicking on menu TaxNowSettings Respective page opened successfully,,,,,,,,,,
SalesForce_ErrorMessageDisplayed,TESTCASE80,Tue Apr 07 14:25:51 IST 2015,PASS,Tax now settings updated successfully,,,,,,,,,,
SalesForce_ErrorMessageDisplayed,TESTCASE80,Tue Apr 07 14:26:42 IST 2015,PASS,After clicking on menu Accounts Respective page opened successfully,,,,,,,,,,
SalesForce_ErrorMessageDisplayed,TESTCASE80,Tue Apr 07 14:27:15 IST 2015,PASS,Opportunities created successfully,,,,,,,,,,
SalesForce_ErrorMessageDisplayed,TESTCASE80,Tue Apr 07 14:27:25 IST 2015,PASS,After clicking on menu Opportunities Respective page opened successfully,,,,,,,,,,
SalesForce_ErrorMessageDisplayed,TESTCASE80,Tue Apr 07 14:28:37 IST 2015,FAIL,"fCalculateSalesTax: Exception: org.openqa.selenium.NoSuchElementException: Unable to locate element: {""method"":""id""","selector:""search""}",,,,,,,,,
Command duration or timeout: 60.08 seconds,,,,,,,,,,,,,,
For documentation on this error, please visit: http://seleniumhq.org/exceptions/no_such_element.html,,,,,,,,,,,,,
Build info: version: '2.40.0', revision: 'fbe29a9', time: '2014-02-19 20:55:11',,,,,,,,,,,,
System info: host: 'Av-Pn-KhareA', ip: '10.240.20.97', os.name: 'Windows 7', os.arch: 'x86', os.version: '6.1', java.version: '1.6.0_45',,,,,,,,,
Session ID: ea80767b-1d82-4429-97ae-bafbd015872f,,,,,,,,,,,,,,
Driver info: org.openqa.selenium.firefox.FirefoxDriver,,,,,,,,,,,,,,
Capabilities [{platform=XP, acceptSslCerts=true, javascriptEnabled=true, browserName=firefox, rotatable=false, locationContextEnabled=true, version=12.0, cssSelectorsEnabled=true, databaseEnabled=true, handlesAlerts=true, browserConnectionEnabled=true, nativeEvents=false, webStorageEnabled=true, applicationCacheEnabled=true, takesScreenshot=true}]
SalesForce_ErrorMessageDisplayed,TESTCASE81,Tue Apr 07 14:28:37 IST 2015,PASS,Tax Calculation for Test case: TestCase81 Started.,,,,,,,,,,
SalesForce_ErrorMessageDisplayed,TESTCASE81,Tue Apr 07 14:30:08 IST 2015,PASS,After clicking on menu TaxNowSettings Respective page opened successfully,,,,,,,,,,
SalesForce_ErrorMessageDisplayed,TESTCASE81,Tue Apr 07 14:30:34 IST 2015,PASS,Tax now settings updated successfully,,,,,,,,,,
SalesForce_ErrorMessageDisplayed,TESTCASE81,Tue Apr 07 14:31:25 IST 2015,PASS,After clicking on menu Accounts Respective page opened successfully,,,,,,,,,,
SalesForce_ErrorMessageDisplayed,TESTCASE81,Tue Apr 07 14:31:51 IST 2015,PASS,Opportunities created successfully,,,,,,,,,,
SalesForce_ErrorMessageDisplayed,TESTCASE81,Tue Apr 07 14:32:01 IST 2015,PASS,After clicking on menu Opportunities Respective page opened successfully,,,,,,,,,,
SalesForce_ErrorMessageDisplayed,TESTCASE81,Tue Apr 07 14:33:15 IST 2015,FAIL,"fCalculateSalesTax: Exception: org.openqa.selenium.NoSuchElementException: Unable to locate element: {""method"":""id""","selector:""search""}",,,,,,,,,
Command duration or timeout: 60.13 seconds,,,,,,,,,,,,,,
For documentation on this error, please visit: http://seleniumhq.org/exceptions/no_such_element.html,,,,,,,,,,,,,
Build info: version: '2.40.0', revision: 'fbe29a9', time: '2014-02-19 20:55:11',,,,,,,,,,,,
System info: host: 'Av-Pn-KhareA', ip: '10.240.20.97', os.name: 'Windows 7', os.arch: 'x86', os.version: '6.1', java.version: '1.6.0_45',,,,,,,,,
Session ID: ea80767b-1d82-4429-97ae-bafbd015872f,,,,,,,,,,,,,,
Driver info: org.openqa.selenium.firefox.FirefoxDriver,,,,,,,,,,,,,,
Capabilities [{platform=XP, acceptSslCerts=true, javascriptEnabled=true, browserName=firefox, rotatable=false, locationContextEnabled=true, version=12.0, cssSelectorsEnabled=true, databaseEnabled=true, handlesAlerts=true, browserConnectionEnabled=true, nativeEvents=false, webStorageEnabled=true, applicationCacheEnabled=true, takesScreenshot=true}]
SalesForce_ErrorMessageDisplayed,TESTCASE82,Tue Apr 07 14:33:15 IST 2015,PASS,Tax Calculation for Test case: TestCase82 Started.,,,,,,,,,,
SalesForce_ErrorMessageDisplayed,SalesForce_ErrorMessageDisplayed,Tue Apr 07 14:37:17 IST 2015,PASS,Logging into SalesForce application is successful.,,,,,,,,,,
SalesForce_ErrorMessageDisplayed,TESTCASE80,Tue Apr 07 14:37:17 IST 2015,PASS,Tax Calculation for Test case: TestCase80 Started.,,,,,,,,,,
SalesForce_ErrorMessageDisplayed,TESTCASE80,Tue Apr 07 14:37:49 IST 2015,PASS,After clicking on menu TaxNowSettings Respective page opened successfully,,,,,,,,,,
SalesForce_ErrorMessageDisplayed,TESTCASE80,Tue Apr 07 14:38:13 IST 2015,PASS,Tax now settings updated successfully,,,,,,,,,,
SalesForce_ErrorMessageDisplayed,TESTCASE80,Tue Apr 07 14:39:04 IST 2015,PASS,After clicking on menu Accounts Respective page opened successfully,,,,,,,,,,
SalesForce_ErrorMessageDisplayed,TESTCASE80,Tue Apr 07 14:39:33 IST 2015,PASS,Opportunities created successfully,,,,,,,,,,
SalesForce_ErrorMessageDisplayed,TESTCASE80,Tue Apr 07 14:39:43 IST 2015,PASS,After clicking on menu Opportunities Respective page opened successfully,,,,,,,,,,
SalesForce_ErrorMessageDisplayed,TESTCASE80,Tue Apr 07 14:40:36 IST 2015,PASS,Avalara Status 'Temporary' verified successfully on adding products for Test case TestCase80 On Menu item : - Opportunities,,,,,,,,,,
SalesForce_ErrorMessageDisplayed,TESTCASE80,Tue Apr 07 14:40:48 IST 2015,PASS,Error message appeared as Name: JurisdictionNotFoundError Summary: Unable to determine the taxing jurisdictions. Details: 900432 Winslow Way, Bainbridge Island, WA 453543 US (Destination),,,,,,,,
SalesForce_ErrorMessageDisplayed,TESTCASE80,Tue Apr 07 14:40:48 IST 2015,PASS,Tax Calculation for Test case: TestCase80 Ended.,,,,,,,,,,
SalesForce_ErrorMessageDisplayed,TESTCASE81,Tue Apr 07 14:40:48 IST 2015,PASS,Tax Calculation for Test case: TestCase81 Started.,,,,,,,,,,
SalesForce_ErrorMessageDisplayed,TESTCASE81,Tue Apr 07 14:42:19 IST 2015,PASS,After clicking on menu TaxNowSettings Respective page opened successfully,,,,,,,,,,
SalesForce_ErrorMessageDisplayed,TESTCASE81,Tue Apr 07 14:42:45 IST 2015,PASS,Tax now settings updated successfully,,,,,,,,,,
SalesForce_ErrorMessageDisplayed,TESTCASE81,Tue Apr 07 14:43:37 IST 2015,PASS,After clicking on menu Accounts Respective page opened successfully,,,,,,,,,,
SalesForce_ErrorMessageDisplayed,TESTCASE81,Tue Apr 07 14:44:04 IST 2015,PASS,Opportunities created successfully,,,,,,,,,,
SalesForce_ErrorMessageDisplayed,TESTCASE81,Tue Apr 07 14:44:14 IST 2015,PASS,After clicking on menu Opportunities Respective page opened successfully,,,,,,,,,,
SalesForce_ErrorMessageDisplayed,TESTCASE81,Tue Apr 07 14:45:08 IST 2015,PASS,Avalara Status 'Temporary' verified successfully on adding products for Test case TestCase81 On Menu item : - Opportunities,,,,,,,,,,
SalesForce_ErrorMessageDisplayed,TESTCASE81,Tue Apr 07 14:45:17 IST 2015,PASS,Error message appeared as Name: JurisdictionNotFoundError Summary: Unable to determine the taxing jurisdictions. Details: 900432 Winslow Way, Bainbridge Island, WA 453543 US (Destination),,,,,,,,
SalesForce_ErrorMessageDisplayed,TESTCASE81,Tue Apr 07 14:45:17 IST 2015,PASS,Tax Calculation for Test case: TestCase81 Ended.,,,,,,,,,,
SalesForce_ErrorMessageDisplayed,TESTCASE82,Tue Apr 07 14:45:17 IST 2015,PASS,Tax Calculation for Test case: TestCase82 Started.,,,,,,,,,,
SalesForce_ErrorMessageDisplayed,TESTCASE82,Tue Apr 07 14:46:48 IST 2015,PASS,After clicking on menu TaxNowSettings Respective page opened successfully,,,,,,,,,,
SalesForce_ErrorMessageDisplayed,TESTCASE82,Tue Apr 07 14:47:15 IST 2015,PASS,Tax now settings updated successfully,,,,,,,,,,
SalesForce_ErrorMessageDisplayed,TESTCASE82,Tue Apr 07 14:48:08 IST 2015,PASS,After clicking on menu Accounts Respective page opened successfully,,,,,,,,,,
SalesForce_ErrorMessageDisplayed,TESTCASE82,Tue Apr 07 14:48:36 IST 2015,PASS,Opportunities created successfully,,,,,,,,,,
SalesForce_ErrorMessageDisplayed,TESTCASE82,Tue Apr 07 14:48:46 IST 2015,PASS,After clicking on menu Opportunities Respective page opened successfully,,,,,,,,,,
SalesForce_ErrorMessageDisplayed,TESTCASE82,Tue Apr 07 14:49:38 IST 2015,PASS,Avalara Status 'Temporary' verified successfully on adding products for Test case TestCase82 On Menu item : - Opportunities,,,,,,,,,,
SalesForce_ErrorMessageDisplayed,TESTCASE82,Tue Apr 07 14:49:48 IST 2015,PASS,Error message appeared as Name: JurisdictionNotFoundError Summary: Unable to determine the taxing jurisdictions. Details: 900432 Winslow Way, Bainbridge Island, WA 453543 US (Destination),,,,,,,,
SalesForce_ErrorMessageDisplayed,TESTCASE82,Tue Apr 07 14:49:57 IST 2015,PASS,Error message appeared as Name: JurisdictionNotFoundError Summary: Unable to determine the taxing jurisdictions. Details: 900432 Winslow Way, Bainbridge Island, WA 453543 US (Destination),,,,,,,,
SalesForce_ErrorMessageDisplayed,TESTCASE82,Tue Apr 07 14:49:57 IST 2015,PASS,Tax Calculation for Test case: TestCase82 Ended.,,,,,,,,,,
SalesForce_ErrorMessageDisplayed,TESTCASE83,Tue Apr 07 14:49:57 IST 2015,PASS,Tax Calculation for Test case: TestCase83 Started.,,,,,,,,,,
SalesForce_ErrorMessageDisplayed,TESTCASE83,Tue Apr 07 14:51:28 IST 2015,PASS,After clicking on menu TaxNowSettings Respective page opened successfully,,,,,,,,,,
SalesForce_ErrorMessageDisplayed,TESTCASE83,Tue Apr 07 14:51:54 IST 2015,PASS,Tax now settings updated successfully,,,,,,,,,,
SalesForce_ErrorMessageDisplayed,TESTCASE83,Tue Apr 07 14:52:46 IST 2015,PASS,After clicking on menu Accounts Respective page opened successfully,,,,,,,,,,
SalesForce_ErrorMessageDisplayed,TESTCASE83,Tue Apr 07 14:53:13 IST 2015,PASS,Opportunities created successfully,,,,,,,,,,
SalesForce_ErrorMessageDisplayed,TESTCASE83,Tue Apr 07 14:53:23 IST 2015,PASS,After clicking on menu Opportunities Respective page opened successfully,,,,,,,,,,
SalesForce_ErrorMessageDisplayed,TESTCASE83,Tue Apr 07 14:54:15 IST 2015,PASS,Avalara Status 'Temporary' verified successfully on adding products for Test case TestCase83 On Menu item : - Opportunities,,,,,,,,,,
SalesForce_ErrorMessageDisplayed,TESTCASE83,Tue Apr 07 14:54:24 IST 2015,PASS,Error message appeared as Name: JurisdictionNotFoundError Summary: Unable to determine the taxing jurisdictions. Details: 900432 Winslow Way, Bainbridge Island, WA 453543 US (Destination),,,,,,,,
SalesForce_ErrorMessageDisplayed,TESTCASE83,Tue Apr 07 14:54:24 IST 2015,PASS,Tax Calculation for Test case: TestCase83 Ended.,,,,,,,,,,
SalesForce_ErrorMessageDisplayed,TESTCASE84,Tue Apr 07 14:54:24 IST 2015,PASS,Tax Calculation for Test case: TestCase84 Started.,,,,,,,,,,
SalesForce_ErrorMessageDisplayed,TESTCASE84,Tue Apr 07 14:55:55 IST 2015,PASS,After clicking on menu TaxNowSettings Respective page opened successfully,,,,,,,,,,
SalesForce_ErrorMessageDisplayed,TESTCASE84,Tue Apr 07 14:56:21 IST 2015,PASS,Tax now settings updated successfully,,,,,,,,,,
SalesForce_ErrorMessageDisplayed,TESTCASE84,Tue Apr 07 14:57:12 IST 2015,PASS,After clicking on menu Accounts Respective page opened successfully,,,,,,,,,,
SalesForce_ErrorMessageDisplayed,TESTCASE84,Tue Apr 07 14:57:39 IST 2015,PASS,Opportunities created successfully,,,,,,,,,,
SalesForce_ErrorMessageDisplayed,TESTCASE84,Tue Apr 07 14:57:49 IST 2015,PASS,After clicking on menu Opportunities Respective page opened successfully,,,,,,,,,,
SalesForce_ErrorMessageDisplayed,TESTCASE84,Tue Apr 07 14:58:42 IST 2015,PASS,Avalara Status 'Temporary' verified successfully on adding products for Test case TestCase84 On Menu item : - Opportunities,,,,,,,,,,
SalesForce_ErrorMessageDisplayed,TESTCASE84,Tue Apr 07 14:58:50 IST 2015,PASS,Error message appeared as Name: TaxAddressError Summary: An Address is incomplete or invalid. Details:,,,,,,,,,,
SalesForce_ErrorMessageDisplayed,TESTCASE84,Tue Apr 07 14:58:50 IST 2015,PASS,Tax Calculation for Test case: TestCase84 Ended.,,,,,,,,,,
SalesForce_ErrorMessageDisplayed,TESTCASE85,Tue Apr 07 14:58:50 IST 2015,PASS,Tax Calculation for Test case: TestCase85 Started.,,,,,,,,,,
SalesForce_ErrorMessageDisplayed,TESTCASE85,Tue Apr 07 15:00:21 IST 2015,PASS,After clicking on menu TaxNowSettings Respective page opened successfully,,,,,,,,,,
SalesForce_ErrorMessageDisplayed,TESTCASE85,Tue Apr 07 15:00:48 IST 2015,PASS,Tax now settings updated successfully,,,,,,,,,,
SalesForce_ErrorMessageDisplayed,TESTCASE85,Tue Apr 07 15:01:40 IST 2015,PASS,After clicking on menu Accounts Respective page opened successfully,,,,,,,,,,
SalesForce_ErrorMessageDisplayed,TESTCASE85,Tue Apr 07 15:02:07 IST 2015,PASS,Opportunities created successfully,,,,,,,,,,
SalesForce_ErrorMessageDisplayed,TESTCASE85,Tue Apr 07 15:02:17 IST 2015,PASS,After clicking on menu Opportunities Respective page opened successfully,,,,,,,,,,
SalesForce_ErrorMessageDisplayed,TESTCASE85,Tue Apr 07 15:03:10 IST 2015,PASS,Avalara Status 'Temporary' verified successfully on adding products for Test case TestCase85 On Menu item : - Opportunities,,,,,,,,,,
SalesForce_ErrorMessageDisplayed,TESTCASE85,Tue Apr 07 15:03:18 IST 2015,PASS,Error message appeared as Name: TaxAddressError Summary: An Address is incomplete or invalid. Details:,,,,,,,,,,
SalesForce_ErrorMessageDisplayed,TESTCASE85,Tue Apr 07 15:03:18 IST 2015,PASS,Tax Calculation for Test case: TestCase85 Ended.,,,,,,,,,,
SalesForce_ErrorMessageDisplayed,TESTCASE86,Tue Apr 07 15:03:18 IST 2015,PASS,Tax Calculation for Test case: TestCase86 Started.,,,,,,,,,,
SalesForce_ErrorMessageDisplayed,TESTCASE86,Tue Apr 07 15:04:49 IST 2015,PASS,After clicking on menu TaxNowSettings Respective page opened successfully,,,,,,,,,,
SalesForce_ErrorMessageDisplayed,TESTCASE86,Tue Apr 07 15:05:15 IST 2015,PASS,Tax now settings updated successfully,,,,,,,,,,
SalesForce_ErrorMessageDisplayed,TESTCASE86,Tue Apr 07 15:06:05 IST 2015,PASS,After clicking on menu Accounts Respective page opened successfully,,,,,,,,,,
SalesForce_ErrorMessageDisplayed,TESTCASE86,Tue Apr 07 15:06:32 IST 2015,PASS,Opportunities created successfully,,,,,,,,,,
SalesForce_ErrorMessageDisplayed,TESTCASE86,Tue Apr 07 15:06:42 IST 2015,PASS,After clicking on menu Opportunities Respective page opened successfully,,,,,,,,,,
SalesForce_ErrorMessageDisplayed,TESTCASE86,Tue Apr 07 15:07:32 IST 2015,PASS,Avalara Status 'Temporary' verified successfully on adding products for Test case TestCase86 On Menu item : - Opportunities,,,,,,,,,,
SalesForce_ErrorMessageDisplayed,TESTCASE86,Tue Apr 07 15:07:41 IST 2015,PASS,Error message appeared as Name: TaxAddressError Summary: An Address is incomplete or invalid. Details:,,,,,,,,,,
SalesForce_ErrorMessageDisplayed,TESTCASE86,Tue Apr 07 15:07:49 IST 2015,PASS,Error message appeared as Name: TaxAddressError Summary: An Address is incomplete or invalid. Details:,,,,,,,,,,
SalesForce_ErrorMessageDisplayed,TESTCASE86,Tue Apr 07 15:07:49 IST 2015,PASS,Tax Calculation for Test case: TestCase86 Ended.,,,,,,,,,,
SalesForce_ErrorMessageDisplayed,TESTCASE87,Tue Apr 07 15:07:49 IST 2015,PASS,Tax Calculation for Test case: TestCase87 Started.,,,,,,,,,,
SalesForce_ErrorMessageDisplayed,TESTCASE87,Tue Apr 07 15:09:19 IST 2015,PASS,After clicking on menu TaxNowSettings Respective page opened successfully,,,,,,,,,,
SalesForce_ErrorMessageDisplayed,TESTCASE87,Tue Apr 07 15:09:45 IST 2015,PASS,Tax now settings updated successfully,,,,,,,,,,
SalesForce_ErrorMessageDisplayed,TESTCASE87,Tue Apr 07 15:10:36 IST 2015,PASS,After clicking on menu Accounts Respective page opened successfully,,,,,,,,,,
SalesForce_ErrorMessageDisplayed,TESTCASE87,Tue Apr 07 15:11:04 IST 2015,PASS,Opportunities created successfully,,,,,,,,,,
SalesForce_ErrorMessageDisplayed,TESTCASE87,Tue Apr 07 15:11:14 IST 2015,PASS,After clicking on menu Opportunities Respective page opened successfully,,,,,,,,,,
SalesForce_ErrorMessageDisplayed,TESTCASE87,Tue Apr 07 15:12:06 IST 2015,PASS,Avalara Status 'Temporary' verified successfully on adding products for Test case TestCase87 On Menu item : - Opportunities,,,,,,,,,,
SalesForce_ErrorMessageDisplayed,TESTCASE87,Tue Apr 07 15:12:14 IST 2015,PASS,Error message appeared as Name: TaxAddressError Summary: An Address is incomplete or invalid. Details:,,,,,,,,,,
SalesForce_ErrorMessageDisplayed,TESTCASE87,Tue Apr 07 15:12:14 IST 2015,PASS,Tax Calculation for Test case: TestCase87 Ended.,,,,,,,,,,
SalesForce_ErrorMessageDisplayed,SalesForce_ErrorMessageDisplayed,Tue Apr 07 15:12:14 IST 2015,PASS,Script Ended.,,,,,,,,,,
SalesForce_EntityUseCode,SalesForce_EntityUseCode,Tue Apr 07 16:14:17 IST 2015,FAIL,Logging into SalesForce application is Failed.,,,,,,,,,,
SalesForce_EntityUseCode,TESTCASE110,Tue Apr 07 16:14:17 IST 2015,PASS,Tax Calculation for Test case: TestCase110 Started.,,,,,,,,,,
SalesForce_EntityUseCode,TESTCASE110,Tue Apr 07 16:14:48 IST 2015,PASS,After clicking on menu TaxNowSettings Respective page opened successfully,,,,,,,,,,
SalesForce_EntityUseCode,TESTCASE110,Tue Apr 07 16:15:14 IST 2015,PASS,Tax now settings updated successfully,,,,,,,,,,
SalesForce_EntityUseCode,TESTCASE110,Tue Apr 07 16:16:03 IST 2015,PASS,After clicking on menu Accounts Respective page opened successfully,,,,,,,,,,
SalesForce_EntityUseCode,TESTCASE110,Tue Apr 07 16:16:29 IST 2015,PASS,Opportunities created successfully,,,,,,,,,,
SalesForce_EntityUseCode,TESTCASE110,Tue Apr 07 16:16:39 IST 2015,PASS,After clicking on menu Opportunities Respective page opened successfully,,,,,,,,,,
SalesForce_EntityUseCode,TESTCASE110,Tue Apr 07 16:17:29 IST 2015,PASS,Avalara Status 'Temporary' verified successfully on adding products for Test case TestCase110 On Menu item : - Opportunities,,,,,,,,,,
SalesForce_EntityUseCode,TESTCASE110,Tue Apr 07 16:17:39 IST 2015,PASS,'Total Sales Tax' 0.00 verified successfully for Test case TestCase110 on Opportunities Window.,,,,,,,,,,
SalesForce_EntityUseCode,TESTCASE110,Tue Apr 07 16:17:39 IST 2015,PASS,Avalara Status ' Saved' verified successfully on Calculate for Test case TestCase110 On tax calculation on Opportunities Window ,,,,,,,,,,
SalesForce_EntityUseCode,TESTCASE110,Tue Apr 07 16:17:45 IST 2015,PASS,'Total Sales Tax' 0.00 verified successfully for Test case TestCase110 on Finalize Opportunity Window.,,,,,,,,,,
SalesForce_EntityUseCode,TESTCASE110,Tue Apr 07 16:17:45 IST 2015,PASS,Avalara Status ' Committed' verified successfully on Calculate for Test case TestCase110 On tax calculation on Finalize Opportunity Window ,,,,,,,,,,
SalesForce_EntityUseCode,TESTCASE110,Tue Apr 07 16:17:45 IST 2015,PASS,Tax Calculation for Test case: TestCase110 Ended.,,,,,,,,,,
SalesForce_EntityUseCode,TESTCASE111,Tue Apr 07 16:17:45 IST 2015,PASS,Tax Calculation for Test case: TestCase111 Started.,,,,,,,,,,
SalesForce_EntityUseCode,TESTCASE111,Tue Apr 07 16:19:16 IST 2015,PASS,After clicking on menu TaxNowSettings Respective page opened successfully,,,,,,,,,,
SalesForce_EntityUseCode,TESTCASE111,Tue Apr 07 16:19:41 IST 2015,PASS,Tax now settings updated successfully,,,,,,,,,,
SalesForce_EntityUseCode,TESTCASE111,Tue Apr 07 16:20:34 IST 2015,PASS,After clicking on menu Accounts Respective page opened successfully,,,,,,,,,,
SalesForce_EntityUseCode,TESTCASE111,Tue Apr 07 16:21:02 IST 2015,PASS,Opportunities created successfully,,,,,,,,,,
SalesForce_EntityUseCode,TESTCASE111,Tue Apr 07 16:21:12 IST 2015,PASS,After clicking on menu Opportunities Respective page opened successfully,,,,,,,,,,
SalesForce_EntityUseCode,TESTCASE111,Tue Apr 07 16:22:05 IST 2015,PASS,Avalara Status 'Temporary' verified successfully on adding products for Test case TestCase111 On Menu item : - Opportunities,,,,,,,,,,
SalesForce_EntityUseCode,TESTCASE111,Tue Apr 07 16:22:12 IST 2015,PASS,'Total Sales Tax' 60.00 verified successfully for Test case TestCase111 on Opportunities Window.,,,,,,,,,,
SalesForce_EntityUseCode,TESTCASE111,Tue Apr 07 16:22:12 IST 2015,PASS,Avalara Status ' Saved' verified successfully on Calculate for Test case TestCase111 On tax calculation on Opportunities Window ,,,,,,,,,,
SalesForce_EntityUseCode,TESTCASE111,Tue Apr 07 16:22:19 IST 2015,PASS,'Total Sales Tax' 60.00 verified successfully for Test case TestCase111 on Finalize Opportunity Window.,,,,,,,,,,
SalesForce_EntityUseCode,TESTCASE111,Tue Apr 07 16:22:19 IST 2015,PASS,Avalara Status ' Committed' verified successfully on Calculate for Test case TestCase111 On tax calculation on Finalize Opportunity Window ,,,,,,,,,,
SalesForce_EntityUseCode,TESTCASE111,Tue Apr 07 16:22:19 IST 2015,PASS,Tax Calculation for Test case: TestCase111 Ended.,,,,,,,,,,
SalesForce_EntityUseCode,SalesForce_EntityUseCode,Tue Apr 07 16:22:19 IST 2015,PASS,Script Ended.,,,,,,,,,,
SalesForce_TaxCode,SalesForce_TaxCode,Tue Apr 07 16:26:35 IST 2015,PASS,Logging into SalesForce application is successful.,,,,,,,,,,
