ScriptName,TCName,Date,Result,Description
SalesForce_TaxCalc,SalesForce_TaxCalc,Tue Aug 20 18:51:04 IST 2013,FAIL,fLoginException:java.lang.RuntimeException: Could not start Selenium session: Failed to start new browser session: org.openqa.selenium.server.RemoteCommandException: Error while launching browser
SalesForce_TaxCalc,SalesForce_TaxCalc,Tue Aug 20 18:51:04 IST 2013,PASS,Script Ended.
SalesForce_TaxCalc,SalesForce_TaxCalc,Tue Aug 20 18:51:17 IST 2013,FAIL,fLoginException:java.lang.RuntimeException: Could not start Selenium session: Failed to start new browser session: org.openqa.selenium.server.RemoteCommandException: Error while launching browser
SalesForce_TaxCalc,SalesForce_TaxCalc,Tue Aug 20 18:51:17 IST 2013,PASS,Script Ended.
SalesForce_TaxCalc,SalesForce_TaxCalc,Wed Aug 21 09:29:42 IST 2013,FAIL,fLoginException:com.thoughtworks.selenium.SeleniumException: ERROR: Command timed out
SalesForce_TaxCalc,SalesForce_TaxCalc,Wed Aug 21 09:29:42 IST 2013,FAIL,fLoginException:com.thoughtworks.selenium.SeleniumException: ERROR: Command timed out
SalesForce_TaxCalc,SalesForce_TaxCalc,Wed Aug 21 09:29:48 IST 2013,PASS,Script Ended.
SalesForce_TaxCalc,SalesForce_TaxCalc,Wed Aug 21 09:29:48 IST 2013,PASS,Script Ended.
SalesForce_TaxCalc,SalesForce_TaxCalc,Wed Aug 21 10:15:11 IST 2013,FAIL,fLoginException:com.thoughtworks.selenium.SeleniumException: ERROR: Element css=#006i0000005r1GF_RelatedQuoteList_link > span.listTitle not found
SalesForce_TaxCalc,SalesForce_TaxCalc,Wed Aug 21 10:15:11 IST 2013,PASS,Script Ended.
SalesForce_TaxCalc,SalesForce_TaxCalc,Wed Aug 21 10:20:06 IST 2013,FAIL,fLoginException:com.thoughtworks.selenium.SeleniumException: Timed out after 60000ms
SalesForce_TaxCalc,SalesForce_TaxCalc,Wed Aug 21 10:20:06 IST 2013,PASS,Script Ended.
SalesForce_TaxCalc,SalesForce_TaxCalc,Wed Aug 21 10:49:36 IST 2013,FAIL,fLoginException:com.thoughtworks.selenium.SeleniumException: ERROR: Element name=edit not found
SalesForce_TaxCalc,SalesForce_TaxCalc,Wed Aug 21 10:49:36 IST 2013,PASS,Script Ended.
SalesForce_TaxCalc,SalesForce_TaxCalc,Wed Aug 21 10:59:12 IST 2013,FAIL,fLoginException:com.thoughtworks.selenium.SeleniumException: Timed out after 60000ms
SalesForce_TaxCalc,SalesForce_TaxCalc,Wed Aug 21 11:00:51 IST 2013,PASS,Script Ended.
SalesForce_TaxCalc,SalesForce_TaxCalc,Wed Aug 21 11:28:33 IST 2013,FAIL,fLoginException:com.thoughtworks.selenium.SeleniumException: ERROR: Element //input[@name='edit' and @value='select'] not found
SalesForce_TaxCalc,SalesForce_TaxCalc,Wed Aug 21 11:28:33 IST 2013,PASS,Script Ended.
SalesForce_TaxCalc,SalesForce_TaxCalc,Wed Aug 21 11:34:22 IST 2013,FAIL,fLoginException:com.thoughtworks.selenium.SeleniumException: Timed out after 60000ms
SalesForce_TaxCalc,SalesForce_TaxCalc,Wed Aug 21 11:34:22 IST 2013,PASS,Script Ended.
SalesForce_TaxCalc,SalesForce_TaxCalc,Wed Aug 21 15:04:38 IST 2013,FAIL,fLoginException:com.thoughtworks.selenium.SeleniumException: ERROR: There was an unexpected Alert! [Please select at least one row]
SalesForce_TaxCalc,SalesForce_TaxCalc,Wed Aug 21 15:04:38 IST 2013,PASS,Script Ended.
SalesForce_TaxCalc,SalesForce_TaxCalc,Wed Aug 21 15:12:17 IST 2013,FAIL,fLoginException:com.thoughtworks.selenium.SeleniumException: Timed out after 60000ms
SalesForce_TaxCalc,SalesForce_TaxCalc,Wed Aug 21 15:12:17 IST 2013,PASS,Script Ended.
SalesForce_TaxCalc,SalesForce_TaxCalc,Wed Aug 21 15:58:08 IST 2013,FAIL,fLoginException:com.thoughtworks.selenium.SeleniumException: Timed out after 60000ms
SalesForce_TaxCalc,SalesForce_TaxCalc,Wed Aug 21 15:58:08 IST 2013,PASS,Script Ended.
SalesForce_TaxCalc,SalesForce_TaxCalc,Wed Aug 21 16:22:36 IST 2013,FAIL,fLoginException:com.thoughtworks.selenium.SeleniumException: Timed out after 60000ms
SalesForce_TaxCalc,SalesForce_TaxCalc,Wed Aug 21 16:22:36 IST 2013,PASS,Script Ended.
SalesForce_TaxCalc,SalesForce_TaxCalc,Wed Aug 21 17:43:11 IST 2013,FAIL,fLoginException:com.thoughtworks.selenium.SeleniumException: Timed out after 30000ms
SalesForce_TaxCalc,SalesForce_TaxCalc,Wed Aug 21 17:43:11 IST 2013,PASS,Script Ended.
SalesForce_TaxCalc,SalesForce_TaxCalc,Wed Aug 21 17:54:31 IST 2013,FAIL,fLoginException:com.thoughtworks.selenium.SeleniumException: ERROR: Element /html/body/div/div[2]/table/tbody/tr/td[2]/form/div/input not found
SalesForce_TaxCalc,SalesForce_TaxCalc,Wed Aug 21 17:54:31 IST 2013,PASS,Script Ended.
SalesForce_TaxCalc,SalesForce_TaxCalc,Wed Aug 21 18:18:20 IST 2013,FAIL,fLoginException:com.thoughtworks.selenium.SeleniumException: Timed out after 30000ms
SalesForce_TaxCalc,SalesForce_TaxCalc,Wed Aug 21 18:18:20 IST 2013,PASS,Script Ended.
SalesForce_TaxCalc,SalesForce_TaxCalc,Wed Aug 21 18:40:16 IST 2013,FAIL,fLoginException:java.lang.RuntimeException: Could not contact Selenium Server; have you started it on 'localhost:4444' ?
Read more at http://seleniumhq.org/projects/remote-control/not-started.html
Connection refused: connect
SalesForce_TaxCalc,SalesForce_TaxCalc,Wed Aug 21 18:40:16 IST 2013,PASS,Script Ended.
SalesForce_TaxCalc,SalesForce_TaxCalc,Thu Aug 22 10:05:22 IST 2013,FAIL,fLoginException:com.thoughtworks.selenium.SeleniumException: Timed out after 30000ms
SalesForce_TaxCalc,SalesForce_TaxCalc,Thu Aug 22 10:05:22 IST 2013,PASS,Script Ended.
SalesForce_TaxCalc,SalesForce_TaxCalc,Thu Aug 22 10:17:33 IST 2013,FAIL,fLoginException:com.thoughtworks.selenium.SeleniumException: ERROR: Command execution failure. Please search the user group at https://groups.google.com/forum/#!forum/selenium-users for error details from the log window.  The error message is: Value does not implement interface Event.
SalesForce_TaxCalc,SalesForce_TaxCalc,Thu Aug 22 10:17:33 IST 2013,PASS,Script Ended.
SalesForce_TaxCalc,SalesForce_TaxCalc,Thu Aug 22 11:00:52 IST 2013,FAIL,fLoginException:com.thoughtworks.selenium.SeleniumException: ERROR: Element //button[@name='edid' and not(@disabled)] not found
SalesForce_TaxCalc,SalesForce_TaxCalc,Thu Aug 22 11:00:52 IST 2013,PASS,Script Ended.
SalesForce_TaxCalc,SalesForce_TaxCalc,Thu Aug 22 11:02:08 IST 2013,FAIL,fLoginException:com.thoughtworks.selenium.SeleniumException: ERROR: Element //button[@name='edit' and not(@disabled)] not found
SalesForce_TaxCalc,SalesForce_TaxCalc,Thu Aug 22 11:02:08 IST 2013,PASS,Script Ended.
SalesForce_TaxCalc,SalesForce_TaxCalc,Thu Aug 22 11:04:03 IST 2013,FAIL,fLoginException:com.thoughtworks.selenium.SeleniumException: ERROR: Element //button[@name='edit'] not found
SalesForce_TaxCalc,SalesForce_TaxCalc,Thu Aug 22 11:04:03 IST 2013,PASS,Script Ended.
SalesForce_TaxCalc,SalesForce_TaxCalc,Thu Aug 22 11:50:20 IST 2013,FAIL,fLoginException:com.thoughtworks.selenium.SeleniumException: ERROR: Element name=addProd not found
SalesForce_TaxCalc,SalesForce_TaxCalc,Thu Aug 22 11:50:20 IST 2013,PASS,Script Ended.
SalesForce_TaxCalc,SalesForce_TaxCalc,Thu Aug 22 12:03:33 IST 2013,FAIL,fLoginException:com.thoughtworks.selenium.SeleniumException: Timed out after 60000ms
SalesForce_TaxCalc,SalesForce_TaxCalc,Thu Aug 22 12:03:33 IST 2013,PASS,Script Ended.
SalesForce_TaxCalc,SalesForce_TaxCalc,Thu Aug 22 12:14:31 IST 2013,FAIL,fLoginException:com.thoughtworks.selenium.SeleniumException: ERROR: Element name=addProd not found
SalesForce_TaxCalc,SalesForce_TaxCalc,Thu Aug 22 12:14:31 IST 2013,PASS,Script Ended.
SalesForce_TaxCalc,SalesForce_TaxCalc,Thu Aug 22 12:42:39 IST 2013,FAIL,fLoginException:com.thoughtworks.selenium.SeleniumException: Timed out after 60000ms
SalesForce_TaxCalc,SalesForce_TaxCalc,Thu Aug 22 12:42:39 IST 2013,PASS,Script Ended.
SalesForce_TaxCalc,SalesForce_TaxCalc,Thu Aug 22 12:56:37 IST 2013,FAIL,fLoginException:com.thoughtworks.selenium.SeleniumException: ERROR: Element name=selectButtons.edit not found
SalesForce_TaxCalc,SalesForce_TaxCalc,Thu Aug 22 12:56:37 IST 2013,PASS,Script Ended.
SalesForce_TaxCalc,SalesForce_TaxCalc,Thu Aug 22 13:02:07 IST 2013,FAIL,fLoginException:com.thoughtworks.selenium.SeleniumException: ERROR: Element name=selectButtons.btn.edit not found
SalesForce_TaxCalc,SalesForce_TaxCalc,Thu Aug 22 13:02:07 IST 2013,PASS,Script Ended.
SalesForce_TaxCalc,SalesForce_TaxCalc,Thu Aug 22 13:04:04 IST 2013,FAIL,fLoginException:com.thoughtworks.selenium.SeleniumException: ERROR: Element name=btn.edit not found
SalesForce_TaxCalc,SalesForce_TaxCalc,Thu Aug 22 13:04:04 IST 2013,PASS,Script Ended.
SalesForce_TaxCalc,SalesForce_TaxCalc,Thu Aug 22 23:03:53 IST 2013,FAIL,fLoginException:com.thoughtworks.selenium.SeleniumException: Timed out after 30000ms
SalesForce_TaxCalc,SalesForce_TaxCalc,Thu Aug 22 23:04:05 IST 2013,PASS,Script Ended.
SalesForce_TaxCalc,SalesForce_TaxCalc,Thu Aug 22 23:05:50 IST 2013,FAIL,fLoginException:com.thoughtworks.selenium.SeleniumException: Timed out after 30000ms
SalesForce_TaxCalc,SalesForce_TaxCalc,Thu Aug 22 23:05:50 IST 2013,PASS,Script Ended.
SalesForce_TaxCalc,SalesForce_TaxCalc,Thu Aug 22 23:20:05 IST 2013,FAIL,fLoginException:com.thoughtworks.selenium.SeleniumException: Timed out after 30000ms
SalesForce_TaxCalc,SalesForce_TaxCalc,Thu Aug 22 23:20:05 IST 2013,PASS,Script Ended.
SalesForce_TaxCalc,SalesForce_TaxCalc,Thu Aug 22 23:44:09 IST 2013,FAIL,fLoginException:com.thoughtworks.selenium.SeleniumException: ERROR: Element link=Opportunities not found
SalesForce_TaxCalc,SalesForce_TaxCalc,Thu Aug 22 23:44:09 IST 2013,PASS,Script Ended.
SalesForce_TaxCalc,SalesForce_TaxCalc,Thu Aug 22 23:45:53 IST 2013,FAIL,fLoginException:com.thoughtworks.selenium.SeleniumException: ERROR: Element link=Opportunities not found
SalesForce_TaxCalc,SalesForce_TaxCalc,Thu Aug 22 23:45:53 IST 2013,PASS,Script Ended.
SalesForce_TaxCalc,SalesForce_TaxCalc,Fri Aug 23 09:46:18 IST 2013,FAIL,fLoginException:com.thoughtworks.selenium.SeleniumException: ERROR: Element name=addProd not found
SalesForce_TaxCalc,SalesForce_TaxCalc,Fri Aug 23 09:46:18 IST 2013,PASS,Script Ended.
SalesForce_TaxCalc,SalesForce_TaxCalc,Fri Aug 23 09:48:31 IST 2013,FAIL,fLoginException:com.thoughtworks.selenium.SeleniumException: Timed out after 60000ms
SalesForce_TaxCalc,SalesForce_TaxCalc,Fri Aug 23 09:48:31 IST 2013,PASS,Script Ended.
SalesForce_TaxCalc,SalesForce_TaxCalc,Fri Aug 23 10:09:47 IST 2013,FAIL,fLoginException:com.thoughtworks.selenium.SeleniumException: ERROR: Element id=edit not found
SalesForce_TaxCalc,SalesForce_TaxCalc,Fri Aug 23 10:09:47 IST 2013,PASS,Script Ended.
SalesForce_TaxCalc,SalesForce_TaxCalc,Fri Aug 23 10:19:14 IST 2013,FAIL,fLoginException:com.thoughtworks.selenium.SeleniumException: ERROR: Unrecognised locator type: 'title'
SalesForce_TaxCalc,SalesForce_TaxCalc,Fri Aug 23 10:19:14 IST 2013,PASS,Script Ended.
SalesForce_TaxCalc,SalesForce_TaxCalc,Fri Aug 23 10:33:05 IST 2013,FAIL,fLoginException:com.thoughtworks.selenium.SeleniumException: Timed out after 60000ms
SalesForce_TaxCalc,SalesForce_TaxCalc,Fri Aug 23 10:33:05 IST 2013,PASS,Script Ended.
SalesForce_TaxCalc,SalesForce_TaxCalc,Fri Aug 23 10:49:38 IST 2013,FAIL,fLoginException:com.thoughtworks.selenium.SeleniumException: Timed out after 60000ms
SalesForce_TaxCalc,SalesForce_TaxCalc,Fri Aug 23 10:49:38 IST 2013,PASS,Script Ended.
SalesForce_TaxCalc,SalesForce_TaxCalc,Fri Aug 23 11:20:33 IST 2013,FAIL,fLoginException:com.thoughtworks.selenium.SeleniumException: ERROR: Element //input[contains(@name, 'Edit') and contains(@value, 'Select')] not found
SalesForce_TaxCalc,SalesForce_TaxCalc,Fri Aug 23 11:20:33 IST 2013,PASS,Script Ended.
SalesForce_TaxCalc,SalesForce_TaxCalc,Fri Aug 23 11:23:48 IST 2013,FAIL,fLoginException:com.thoughtworks.selenium.SeleniumException: Connection refused: connect
SalesForce_TaxCalc,SalesForce_TaxCalc,Fri Aug 23 11:23:48 IST 2013,PASS,Script Ended.
SalesForce_TaxCalc,SalesForce_TaxCalc,Fri Aug 23 15:33:39 IST 2013,FAIL,fLoginException:java.lang.RuntimeException: Could not start Selenium session: Failed to start new browser session: org.openqa.selenium.server.RemoteCommandException: Error while launching browser
SalesForce_TaxCalc,SalesForce_TaxCalc,Fri Aug 23 15:33:39 IST 2013,PASS,Script Ended.
SalesForce_TaxCalc,SalesForce_TaxCalc,Fri Aug 23 15:38:58 IST 2013,FAIL,fLoginException:com.thoughtworks.selenium.SeleniumException: ERROR: Command timed out
SalesForce_TaxCalc,SalesForce_TaxCalc,Fri Aug 23 15:38:58 IST 2013,PASS,Script Ended.
SalesForce_TaxCalc,TAX13,Fri Aug 23 17:42:49 IST 2013,NA,NA Test Case for Netsuite
SalesForce_TaxCalc,TAX14,Fri Aug 23 17:42:49 IST 2013,NA,NA Test Case for Netsuite
SalesForce_TaxCalc,TAX20,Fri Aug 23 17:42:49 IST 2013,NA,NA Test Case for Netsuite
SalesForce_TaxCalc,TAX25,Fri Aug 23 17:42:49 IST 2013,NA,NA Test Case for Netsuite
SalesForce_TaxCalc,TAX31,Fri Aug 23 17:42:49 IST 2013,NA,NA Test Case for Netsuite
SalesForce_TaxCalc,TAX36,Fri Aug 23 17:42:49 IST 2013,NA,NA Test Case for Netsuite
SalesForce_TaxCalc,TAX39,Fri Aug 23 17:42:49 IST 2013,NA,NA Test Case for Netsuite
SalesForce_TaxCalc,SalesForce_TaxCalc,Fri Aug 23 17:42:49 IST 2013,PASS,Script Ended.
SalesForce_TaxCalc,SalesForce_TaxCalc,Fri Aug 23 18:02:43 IST 2013,FAIL,fLoginException:com.thoughtworks.selenium.SeleniumException: Timed out after 60000ms
SalesForce_TaxCalc,SalesForce_TaxCalc,Mon Aug 26 10:18:18 IST 2013,FAIL,fLoginException:java.lang.RuntimeException: Could not contact Selenium Server; have you started it on 'localhost:4444' ?
Read more at http://seleniumhq.org/projects/remote-control/not-started.html
Connection refused: connect
SalesForce_TaxCalc,SalesForce_TaxCalc,Mon Aug 26 10:18:18 IST 2013,PASS,Script Ended.
SalesForce_TaxCalc,SalesForce_TaxCalc,Mon Aug 26 10:20:24 IST 2013,FAIL,fLoginException:com.thoughtworks.selenium.SeleniumException: Timed out after 30000ms
SalesForce_TaxCalc,SalesForce_TaxCalc,Mon Aug 26 10:20:24 IST 2013,PASS,Script Ended.
SalesForce_TaxCalc,TAX13,Mon Aug 26 10:22:43 IST 2013,NA,NA Test Case for Netsuite
SalesForce_TaxCalc,TAX14,Mon Aug 26 10:22:43 IST 2013,NA,NA Test Case for Netsuite
SalesForce_TaxCalc,TAX20,Mon Aug 26 10:22:43 IST 2013,NA,NA Test Case for Netsuite
SalesForce_TaxCalc,TAX25,Mon Aug 26 10:22:43 IST 2013,NA,NA Test Case for Netsuite
SalesForce_TaxCalc,TAX31,Mon Aug 26 10:22:43 IST 2013,NA,NA Test Case for Netsuite
SalesForce_TaxCalc,TAX36,Mon Aug 26 10:22:43 IST 2013,NA,NA Test Case for Netsuite
SalesForce_TaxCalc,TAX39,Mon Aug 26 10:22:43 IST 2013,NA,NA Test Case for Netsuite
SalesForce_TaxCalc,SalesForce_TaxCalc,Mon Aug 26 10:22:43 IST 2013,PASS,Script Ended.
SalesForce_TaxCalc,SalesForce_TaxCalc,Mon Aug 26 10:28:42 IST 2013,FAIL,fLoginException:com.thoughtworks.selenium.SeleniumException: Timed out after 60000ms
SalesForce_TaxCalc,SalesForce_TaxCalc,Mon Aug 26 10:28:42 IST 2013,PASS,Script Ended.
SalesForce_TaxCalc,SalesForce_TaxCalc,Mon Aug 26 10:30:55 IST 2013,FAIL,fLoginException:com.thoughtworks.selenium.SeleniumException: ERROR: Element id=Quantity01ui0000002upqo not found
SalesForce_TaxCalc,SalesForce_TaxCalc,Mon Aug 26 10:30:55 IST 2013,PASS,Script Ended.
SalesForce_TaxCalc,TAX13,Mon Aug 26 10:33:42 IST 2013,NA,NA Test Case for Netsuite
SalesForce_TaxCalc,TAX14,Mon Aug 26 10:33:42 IST 2013,NA,NA Test Case for Netsuite
SalesForce_TaxCalc,TAX20,Mon Aug 26 10:33:42 IST 2013,NA,NA Test Case for Netsuite
SalesForce_TaxCalc,TAX25,Mon Aug 26 10:33:42 IST 2013,NA,NA Test Case for Netsuite
SalesForce_TaxCalc,TAX31,Mon Aug 26 10:33:42 IST 2013,NA,NA Test Case for Netsuite
SalesForce_TaxCalc,TAX36,Mon Aug 26 10:33:42 IST 2013,NA,NA Test Case for Netsuite
SalesForce_TaxCalc,TAX39,Mon Aug 26 10:33:42 IST 2013,NA,NA Test Case for Netsuite
SalesForce_TaxCalc,SalesForce_TaxCalc,Mon Aug 26 10:33:42 IST 2013,PASS,Script Ended.
SalesForce_TaxCalc,SalesForce_TaxCalc,Tue Aug 27 14:54:28 IST 2013,FAIL,fLoginException:java.lang.RuntimeException: Could not contact Selenium Server; have you started it on 'localhost:4444' ?
Read more at http://seleniumhq.org/projects/remote-control/not-started.html
Connection refused: connect
SalesForce_TaxCalc,SalesForce_TaxCalc,Tue Aug 27 14:54:28 IST 2013,PASS,Script Ended.
SalesForce_TaxCalc,SalesForce_TaxCalc,Tue Aug 27 14:54:28 IST 2013,FAIL,fLoginException:java.lang.RuntimeException: Could not contact Selenium Server; have you started it on 'localhost:4444' ?
Read more at http://seleniumhq.org/projects/remote-control/not-started.html
Connection refused: connect
SalesForce_TaxCalc,SalesForce_TaxCalc,Tue Aug 27 14:54:28 IST 2013,PASS,Script Ended.
SalesForce_TaxCalc,SalesForce_TaxCalc,Tue Aug 27 14:54:38 IST 2013,FAIL,fLoginException:java.lang.RuntimeException: Could not contact Selenium Server; have you started it on 'localhost:4444' ?
Read more at http://seleniumhq.org/projects/remote-control/not-started.html
Connection refused: connect
SalesForce_TaxCalc,SalesForce_TaxCalc,Tue Aug 27 14:54:38 IST 2013,PASS,Script Ended.
SalesForce_TaxCalc,TAX13,Tue Aug 27 14:56:58 IST 2013,NA,NA Test Case for Netsuite
SalesForce_TaxCalc,TAX14,Tue Aug 27 14:56:58 IST 2013,NA,NA Test Case for Netsuite
SalesForce_TaxCalc,TAX20,Tue Aug 27 14:56:58 IST 2013,NA,NA Test Case for Netsuite
SalesForce_TaxCalc,TAX25,Tue Aug 27 14:56:58 IST 2013,NA,NA Test Case for Netsuite
SalesForce_TaxCalc,TAX31,Tue Aug 27 14:56:58 IST 2013,NA,NA Test Case for Netsuite
SalesForce_TaxCalc,TAX36,Tue Aug 27 14:56:58 IST 2013,NA,NA Test Case for Netsuite
SalesForce_TaxCalc,TAX39,Tue Aug 27 14:56:58 IST 2013,NA,NA Test Case for Netsuite
SalesForce_TaxCalc,SalesForce_TaxCalc,Tue Aug 27 14:56:58 IST 2013,PASS,Script Ended.
SalesForce_TaxCalc,TAX13,Tue Aug 27 14:59:25 IST 2013,NA,NA Test Case for Netsuite
SalesForce_TaxCalc,TAX14,Tue Aug 27 14:59:25 IST 2013,NA,NA Test Case for Netsuite
SalesForce_TaxCalc,TAX20,Tue Aug 27 14:59:25 IST 2013,NA,NA Test Case for Netsuite
SalesForce_TaxCalc,TAX25,Tue Aug 27 14:59:25 IST 2013,NA,NA Test Case for Netsuite
SalesForce_TaxCalc,TAX31,Tue Aug 27 14:59:25 IST 2013,NA,NA Test Case for Netsuite
SalesForce_TaxCalc,TAX36,Tue Aug 27 14:59:25 IST 2013,NA,NA Test Case for Netsuite
SalesForce_TaxCalc,TAX39,Tue Aug 27 14:59:25 IST 2013,NA,NA Test Case for Netsuite
SalesForce_TaxCalc,SalesForce_TaxCalc,Tue Aug 27 14:59:25 IST 2013,PASS,Script Ended.
SalesForce_TaxCalc,TAX13,Wed Aug 28 09:52:15 IST 2013,NA,NA Test Case for Netsuite
SalesForce_TaxCalc,TAX14,Wed Aug 28 09:52:15 IST 2013,NA,NA Test Case for Netsuite
SalesForce_TaxCalc,TAX20,Wed Aug 28 09:52:15 IST 2013,NA,NA Test Case for Netsuite
SalesForce_TaxCalc,TAX25,Wed Aug 28 09:52:15 IST 2013,NA,NA Test Case for Netsuite
SalesForce_TaxCalc,TAX31,Wed Aug 28 09:52:15 IST 2013,NA,NA Test Case for Netsuite
SalesForce_TaxCalc,TAX36,Wed Aug 28 09:52:15 IST 2013,NA,NA Test Case for Netsuite
SalesForce_TaxCalc,TAX39,Wed Aug 28 09:52:15 IST 2013,NA,NA Test Case for Netsuite
SalesForce_TaxCalc,SalesForce_TaxCalc,Wed Aug 28 09:52:15 IST 2013,PASS,Script Ended.
,,Wed Aug 28 18:10:32 IST 2013,FAIL,fLoginException:com.thoughtworks.selenium.SeleniumException: Timed out after 30000ms
,,Wed Aug 28 18:10:32 IST 2013,PASS,Script Ended.
SalesForce_TaxCalc,SalesForce_TaxCalc,Wed Aug 28 18:12:02 IST 2013,FAIL,fLoginException:com.thoughtworks.selenium.SeleniumException: Timed out after 30000ms
SalesForce_TaxCalc,SalesForce_TaxCalc,Wed Aug 28 18:12:02 IST 2013,PASS,Script Ended.
SalesForce_TaxCalc,SalesForce_TaxCalc,Wed Aug 28 18:13:13 IST 2013,FAIL,fLoginException:com.thoughtworks.selenium.SeleniumException: ERROR: Command execution failure. Please search the user group at https://groups.google.com/forum/#!forum/selenium-users for error details from the log window.  The error message is: Argument 1 of EventTarget.dispatchEvent does not implement interface Event.
SalesForce_TaxCalc,SalesForce_TaxCalc,Wed Aug 28 18:13:13 IST 2013,PASS,Script Ended.
SalesForce_TaxCalc,SalesForce_TaxCalc,Wed Aug 28 18:14:59 IST 2013,FAIL,fLoginException:com.thoughtworks.selenium.SeleniumException: Timed out after 30000ms
SalesForce_TaxCalc,SalesForce_TaxCalc,Wed Aug 28 18:14:59 IST 2013,PASS,Script Ended.
SalesForce_TaxCalc,SalesForce_TaxCalc,Wed Aug 28 18:16:21 IST 2013,FAIL,fLoginException:com.thoughtworks.selenium.SeleniumException: Timed out after 30000ms
SalesForce_TaxCalc,SalesForce_TaxCalc,Wed Aug 28 18:16:21 IST 2013,PASS,Script Ended.
SalesForce_TaxCalc,SalesForce_TaxCalc,Wed Aug 28 18:22:16 IST 2013,FAIL,fLoginException:com.thoughtworks.selenium.SeleniumException: Timed out after 30000ms
SalesForce_TaxCalc,SalesForce_TaxCalc,Wed Aug 28 18:22:16 IST 2013,PASS,Script Ended.
SalesForce_TaxCalc,SalesForce_TaxCalc,Wed Aug 28 18:30:01 IST 2013,FAIL,fLoginException:com.thoughtworks.selenium.SeleniumException: Connection refused: connect
SalesForce_TaxCalc,SalesForce_TaxCalc,Wed Aug 28 18:30:01 IST 2013,FAIL,fLoginException:com.thoughtworks.selenium.SeleniumException: Connection refused: connect
SalesForce_TaxCalc,SalesForce_TaxCalc,Wed Aug 28 18:30:01 IST 2013,PASS,Script Ended.
SalesForce_TaxCalc,SalesForce_TaxCalc,Wed Aug 28 18:30:01 IST 2013,PASS,Script Ended.
SalesForce_TaxCalc,SalesForce_TaxCalc,Thu Aug 29 09:46:13 IST 2013,FAIL,fLoginException:com.thoughtworks.selenium.SeleniumException: Timed out after 60000ms
SalesForce_TaxCalc,SalesForce_TaxCalc,Thu Aug 29 09:46:13 IST 2013,PASS,Script Ended.
SalesForce_TaxCalc,SalesForce_TaxCalc,Thu Aug 29 09:50:50 IST 2013,FAIL,fLoginException:com.thoughtworks.selenium.SeleniumException: Timed out after 30000ms
SalesForce_TaxCalc,SalesForce_TaxCalc,Thu Aug 29 09:50:50 IST 2013,PASS,Script Ended.
SalesForce_TaxCalc,SalesForce_TaxCalc,Thu Aug 29 09:52:15 IST 2013,FAIL,fLoginException:com.thoughtworks.selenium.SeleniumException: Timed out after 30000ms
SalesForce_TaxCalc,SalesForce_TaxCalc,Thu Aug 29 09:52:15 IST 2013,PASS,Script Ended.
SalesForce_TaxCalc,SalesForce_TaxCalc,Thu Aug 29 09:52:32 IST 2013,FAIL,fLoginException:java.lang.RuntimeException: Could not contact Selenium Server; have you started it on 'localhost:4444' ?
Read more at http://seleniumhq.org/projects/remote-control/not-started.html
Connection refused: connect
SalesForce_TaxCalc,SalesForce_TaxCalc,Thu Aug 29 09:52:32 IST 2013,PASS,Script Ended.
SalesForce_TaxCalc,SalesForce_TaxCalc,Thu Aug 29 09:59:14 IST 2013,FAIL,fLoginException:java.lang.RuntimeException: Could not contact Selenium Server; have you started it on 'localhost:4444' ?
Read more at http://seleniumhq.org/projects/remote-control/not-started.html
Connection refused: connect
SalesForce_TaxCalc,SalesForce_TaxCalc,Thu Aug 29 09:59:14 IST 2013,FAIL,fLoginException:com.thoughtworks.selenium.SeleniumException: Connection refused: connect
SalesForce_TaxCalc,SalesForce_TaxCalc,Thu Aug 29 09:59:14 IST 2013,PASS,Script Ended.
SalesForce_TaxCalc,SalesForce_TaxCalc,Thu Aug 29 09:59:14 IST 2013,PASS,Script Ended.
SalesForce_TaxCalc,SalesForce_TaxCalc,Thu Aug 29 10:03:47 IST 2013,FAIL,fLoginException:com.thoughtworks.selenium.SeleniumException: Timed out after 120000ms
SalesForce_TaxCalc,SalesForce_TaxCalc,Thu Aug 29 10:03:47 IST 2013,PASS,Script Ended.
SalesForce_TaxCalc,SalesForce_TaxCalc,Thu Aug 29 10:10:49 IST 2013,FAIL,fLoginException:java.lang.RuntimeException: Could not contact Selenium Server; have you started it on 'localhost:4444' ?
Read more at http://seleniumhq.org/projects/remote-control/not-started.html
Connection refused: connect
SalesForce_TaxCalc,SalesForce_TaxCalc,Thu Aug 29 10:10:49 IST 2013,PASS,Script Ended.
SalesForce_TaxCalc,SalesForce_TaxCalc,Thu Aug 29 10:28:37 IST 2013,FAIL,fLoginException:com.thoughtworks.selenium.SeleniumException: Connection refused: connect
SalesForce_TaxCalc,SalesForce_TaxCalc,Thu Aug 29 10:28:37 IST 2013,PASS,Script Ended.
SalesForce_TaxCalc,SalesForce_TaxCalc,Thu Aug 29 11:02:34 IST 2013,FAIL,fLoginException:com.thoughtworks.selenium.SeleniumException: Timed out after 60000ms
SalesForce_TaxCalc,SalesForce_TaxCalc,Thu Aug 29 11:02:34 IST 2013,PASS,Script Ended.
SalesForce_TaxCalc,SalesForce_TaxCalc,Thu Aug 29 11:11:22 IST 2013,FAIL,fLoginException:com.thoughtworks.selenium.SeleniumException: Timed out after 60000ms
SalesForce_TaxCalc,SalesForce_TaxCalc,Thu Aug 29 11:11:22 IST 2013,PASS,Script Ended.
SalesForce_TaxCalc,SalesForce_TaxCalc,Thu Aug 29 11:14:03 IST 2013,FAIL,fLoginException:java.lang.RuntimeException: Could not start Selenium session: Failed to start new browser session: org.openqa.selenium.server.RemoteCommandException: Error while launching browser
SalesForce_TaxCalc,SalesForce_TaxCalc,Thu Aug 29 11:14:03 IST 2013,PASS,Script Ended.
SalesForce_TaxCalc,SalesForce_TaxCalc,Thu Aug 29 11:14:55 IST 2013,FAIL,fLoginException:java.lang.RuntimeException: Could not start Selenium session: Failed to start new browser session: org.openqa.selenium.server.RemoteCommandException: Error while launching browser
SalesForce_TaxCalc,SalesForce_TaxCalc,Thu Aug 29 11:14:55 IST 2013,PASS,Script Ended.
SalesForce_TaxCalc,SalesForce_TaxCalc,Thu Aug 29 11:19:13 IST 2013,FAIL,fLoginException:com.thoughtworks.selenium.SeleniumException: Timed out after 30000ms
SalesForce_TaxCalc,SalesForce_TaxCalc,Thu Aug 29 11:19:14 IST 2013,PASS,Script Ended.
SalesForce_TaxCalc,SalesForce_TaxCalc,Thu Aug 29 11:21:30 IST 2013,FAIL,fLoginException:com.thoughtworks.selenium.SeleniumException: Timed out after 30000ms
SalesForce_TaxCalc,SalesForce_TaxCalc,Thu Aug 29 11:21:30 IST 2013,PASS,Script Ended.
SalesForce_TaxCalc,SalesForce_TaxCalc,Thu Aug 29 11:22:48 IST 2013,FAIL,fLoginException:com.thoughtworks.selenium.SeleniumException: Timed out after 30000ms
SalesForce_TaxCalc,SalesForce_TaxCalc,Thu Aug 29 11:22:48 IST 2013,PASS,Script Ended.
SalesForce_TaxCalc,SalesForce_TaxCalc,Thu Aug 29 11:23:50 IST 2013,FAIL,fLoginException:com.thoughtworks.selenium.SeleniumException: Timed out after 30000ms
SalesForce_TaxCalc,SalesForce_TaxCalc,Thu Aug 29 11:23:50 IST 2013,PASS,Script Ended.
SalesForce_TaxCalc,SalesForce_TaxCalc,Thu Aug 29 11:35:39 IST 2013,FAIL,fLoginException:java.lang.RuntimeException: Could not start Selenium session: Failed to start new browser session: org.openqa.selenium.server.RemoteCommandException: Error while launching browser
SalesForce_TaxCalc,SalesForce_TaxCalc,Thu Aug 29 11:35:39 IST 2013,PASS,Script Ended.
SalesForce_TaxCalc,SalesForce_TaxCalc,Thu Aug 29 11:36:18 IST 2013,FAIL,fLoginException:java.lang.RuntimeException: Could not start Selenium session: Failed to start new browser session: org.openqa.selenium.server.RemoteCommandException: Error while launching browser
SalesForce_TaxCalc,SalesForce_TaxCalc,Thu Aug 29 11:36:18 IST 2013,PASS,Script Ended.
SalesForce_TaxCalc,SalesForce_TaxCalc,Thu Aug 29 11:38:05 IST 2013,FAIL,fLoginException:java.lang.RuntimeException: Could not start Selenium session: Failed to start new browser session: org.openqa.selenium.server.RemoteCommandException: Error while launching browser
SalesForce_TaxCalc,SalesForce_TaxCalc,Thu Aug 29 11:38:05 IST 2013,PASS,Script Ended.
SalesForce_TaxCalc,SalesForce_TaxCalc,Thu Aug 29 11:46:15 IST 2013,FAIL,fLoginException:com.thoughtworks.selenium.SeleniumException: ERROR: Command timed out
SalesForce_TaxCalc,SalesForce_TaxCalc,Thu Aug 29 11:46:15 IST 2013,PASS,Script Ended.
SalesForce_TaxCalc,SalesForce_TaxCalc,Thu Aug 29 11:47:35 IST 2013,FAIL,fLoginException:com.thoughtworks.selenium.SeleniumException: ERROR: Command timed out
SalesForce_TaxCalc,SalesForce_TaxCalc,Thu Aug 29 11:47:35 IST 2013,PASS,Script Ended.
SalesForce_TaxCalc,SalesForce_TaxCalc,Thu Aug 29 12:40:16 IST 2013,FAIL,fLoginException:com.thoughtworks.selenium.SeleniumException: ERROR: Element username not found
SalesForce_TaxCalc,SalesForce_TaxCalc,Thu Aug 29 12:40:16 IST 2013,PASS,Script Ended.
SalesForce_TaxCalc,SalesForce_TaxCalc,Thu Aug 29 12:46:38 IST 2013,FAIL,fLoginException:com.thoughtworks.selenium.SeleniumException: ERROR: Element username not found
SalesForce_TaxCalc,SalesForce_TaxCalc,Thu Aug 29 12:46:38 IST 2013,PASS,Script Ended.
SalesForce_TaxCalc,SalesForce_TaxCalc,Thu Aug 29 12:49:01 IST 2013,FAIL,fLoginException:com.thoughtworks.selenium.SeleniumException: ERROR: Element username not found
SalesForce_TaxCalc,SalesForce_TaxCalc,Thu Aug 29 12:49:01 IST 2013,PASS,Script Ended.
SalesForce_TaxCalc,SalesForce_TaxCalc,Thu Aug 29 13:11:04 IST 2013,FAIL,fLoginException:java.lang.RuntimeException: Could not start Selenium session: Failed to start new browser session: org.openqa.selenium.server.RemoteCommandException: Error while launching browser
SalesForce_TaxCalc,SalesForce_TaxCalc,Thu Aug 29 13:11:04 IST 2013,PASS,Script Ended.
SalesForce_TaxCalc,SalesForce_TaxCalc,Thu Aug 29 13:16:06 IST 2013,FAIL,fLoginException:java.lang.RuntimeException: Could not start Selenium session: Failed to start new browser session: org.openqa.selenium.server.RemoteCommandException: Error while launching browser
SalesForce_TaxCalc,SalesForce_TaxCalc,Thu Aug 29 13:16:06 IST 2013,PASS,Script Ended.
SalesForce_TaxCalc,SalesForce_TaxCalc,Thu Aug 29 13:17:44 IST 2013,FAIL,fLoginException:java.lang.RuntimeException: Could not start Selenium session: Failed to start new browser session: org.openqa.selenium.server.RemoteCommandException: Error while launching browser
SalesForce_TaxCalc,SalesForce_TaxCalc,Thu Aug 29 13:17:44 IST 2013,PASS,Script Ended.
SalesForce_TaxCalc,SalesForce_TaxCalc,Thu Aug 29 14:09:16 IST 2013,FAIL,fLoginException:com.thoughtworks.selenium.SeleniumException: ERROR: Element username not found
SalesForce_TaxCalc,SalesForce_TaxCalc,Thu Aug 29 14:09:16 IST 2013,PASS,Script Ended.
SalesForce_TaxCalc,TAX13,Thu Aug 29 14:37:13 IST 2013,NA,NA Test Case for Netsuite
SalesForce_TaxCalc,TAX14,Thu Aug 29 14:37:13 IST 2013,NA,NA Test Case for Netsuite
SalesForce_TaxCalc,TAX20,Thu Aug 29 14:37:13 IST 2013,NA,NA Test Case for Netsuite
SalesForce_TaxCalc,TAX25,Thu Aug 29 14:37:13 IST 2013,NA,NA Test Case for Netsuite
SalesForce_TaxCalc,TAX31,Thu Aug 29 14:37:13 IST 2013,NA,NA Test Case for Netsuite
SalesForce_TaxCalc,TAX36,Thu Aug 29 14:37:13 IST 2013,NA,NA Test Case for Netsuite
SalesForce_TaxCalc,TAX39,Thu Aug 29 14:37:13 IST 2013,NA,NA Test Case for Netsuite
SalesForce_TaxCalc,SalesForce_TaxCalc,Thu Aug 29 14:37:13 IST 2013,PASS,Script Ended.
SalesForce_TaxCalc,SalesForce_TaxCalc,Thu Aug 29 14:47:01 IST 2013,PASS,Script Ended.
SalesForce_TaxCalc,TAX13,Thu Aug 29 15:45:38 IST 2013,NA,NA Test Case for Netsuite
SalesForce_TaxCalc,TAX14,Thu Aug 29 15:45:38 IST 2013,NA,NA Test Case for Netsuite
SalesForce_TaxCalc,TAX20,Thu Aug 29 15:45:38 IST 2013,NA,NA Test Case for Netsuite
SalesForce_TaxCalc,TAX25,Thu Aug 29 15:45:38 IST 2013,NA,NA Test Case for Netsuite
SalesForce_TaxCalc,TAX31,Thu Aug 29 15:45:38 IST 2013,NA,NA Test Case for Netsuite
SalesForce_TaxCalc,TAX36,Thu Aug 29 15:45:38 IST 2013,NA,NA Test Case for Netsuite
SalesForce_TaxCalc,TAX39,Thu Aug 29 15:45:38 IST 2013,NA,NA Test Case for Netsuite
SalesForce_TaxCalc,SalesForce_TaxCalc,Thu Aug 29 15:45:38 IST 2013,PASS,Script Ended.
SalesForce_TaxCalc,SalesForce_TaxCalc,Thu Aug 29 17:00:10 IST 2013,FAIL,fLoginException:java.lang.RuntimeException: Could not contact Selenium Server; have you started it on 'localhost:4444' ?
Read more at http://seleniumhq.org/projects/remote-control/not-started.html
Connection refused: connect
SalesForce_TaxCalc,SalesForce_TaxCalc,Thu Aug 29 17:00:10 IST 2013,PASS,Script Ended.
SalesForce_TaxCalc,SalesForce_TaxCalc,Thu Aug 29 17:01:46 IST 2013,FAIL,fLoginException:com.thoughtworks.selenium.SeleniumException: Timed out after 30000ms
SalesForce_TaxCalc,SalesForce_TaxCalc,Thu Aug 29 17:01:46 IST 2013,PASS,Script Ended.
SalesForce_TaxCalc,SalesForce_TaxCalc,Thu Aug 29 17:08:10 IST 2013,FAIL,fLoginException:com.thoughtworks.selenium.SeleniumException: Timed out after 60000ms
SalesForce_TaxCalc,SalesForce_TaxCalc,Thu Aug 29 17:08:10 IST 2013,PASS,Script Ended.
SalesForce_TaxCalc,SalesForce_TaxCalc,Thu Aug 29 17:13:44 IST 2013,FAIL,fLoginException:com.thoughtworks.selenium.SeleniumException: Timed out after 60000ms
SalesForce_TaxCalc,SalesForce_TaxCalc,Thu Aug 29 17:13:45 IST 2013,PASS,Script Ended.
SalesForce_TaxCalc,SalesForce_TaxCalc,Thu Aug 29 17:15:40 IST 2013,FAIL,fLoginException:com.thoughtworks.selenium.SeleniumException: Timed out after 30000ms
SalesForce_TaxCalc,SalesForce_TaxCalc,Thu Aug 29 17:15:41 IST 2013,PASS,Script Ended.
SalesForce_TaxCalc,SalesForce_TaxCalc,Thu Aug 29 17:21:33 IST 2013,FAIL,fLoginException:com.thoughtworks.selenium.SeleniumException: Timed out after 30000ms
SalesForce_TaxCalc,SalesForce_TaxCalc,Thu Aug 29 17:21:33 IST 2013,PASS,Script Ended.
SalesForce_TaxCalc,SalesForce_TaxCalc,Thu Aug 29 17:22:40 IST 2013,FAIL,fLoginException:com.thoughtworks.selenium.SeleniumException: Timed out after 30000ms
SalesForce_TaxCalc,SalesForce_TaxCalc,Thu Aug 29 17:22:40 IST 2013,PASS,Script Ended.
SalesForce_TaxCalc,SalesForce_TaxCalc,Thu Aug 29 17:50:25 IST 2013,FAIL,fLoginException:com.thoughtworks.selenium.SeleniumException: ERROR: Command timed out
SalesForce_TaxCalc,SalesForce_TaxCalc,Thu Aug 29 17:50:25 IST 2013,PASS,Script Ended.
SalesForce_TaxCalc,SalesForce_TaxCalc,Mon Sep 02 16:53:17 IST 2013,FAIL,fMenuSelection: Exception: com.thoughtworks.selenium.SeleniumException: Timed out after 60000ms
SalesForce_TaxCalc,SalesForce_TaxCalc,Mon Sep 02 16:53:17 IST 2013,PASS,Script Ended.
SalesForce_TaxCalc,SalesForce_TaxCalc,Mon Sep 02 17:01:15 IST 2013,FAIL,fLoginException:java.lang.RuntimeException: Could not contact Selenium Server; have you started it on 'localhost:4444' ?
Read more at http://seleniumhq.org/projects/remote-control/not-started.html
Connection refused: connect
SalesForce_TaxCalc,SalesForce_TaxCalc,Mon Sep 02 17:01:15 IST 2013,PASS,Script Ended.
SalesForce_TaxCalc,SalesForce_TaxCalc,Mon Sep 02 17:01:25 IST 2013,FAIL,fLoginException:java.lang.RuntimeException: Could not contact Selenium Server; have you started it on 'localhost:4444' ?
Read more at http://seleniumhq.org/projects/remote-control/not-started.html
Connection refused: connect
SalesForce_TaxCalc,SalesForce_TaxCalc,Mon Sep 02 17:01:25 IST 2013,PASS,Script Ended.
SalesForce_TaxCalc,SalesForce_TaxCalc,Mon Sep 02 17:10:51 IST 2013,FAIL,fLoginException:com.thoughtworks.selenium.SeleniumException: ERROR: Unrecognised locator type: 'setupid'
SalesForce_TaxCalc,SalesForce_TaxCalc,Mon Sep 02 17:10:51 IST 2013,PASS,Script Ended.
SalesForce_TaxCalc,SalesForce_TaxCalc,Mon Sep 02 17:14:05 IST 2013,FAIL,fMenuSelection: Exception: com.thoughtworks.selenium.SeleniumException: Timed out after 60000ms
SalesForce_TaxCalc,SalesForce_TaxCalc,Mon Sep 02 17:15:01 IST 2013,FAIL,fMenuSelection: Exception: com.thoughtworks.selenium.SeleniumException: ERROR Server Exception: sessionId 1d2c76bbc1f8473cb3c940a435dbf21c doesn't exist; perhaps this session was already stopped?
SalesForce_TaxCalc,TAX13,Mon Sep 02 17:15:01 IST 2013,NA,NA Test Case for Netsuite
SalesForce_TaxCalc,TAX14,Mon Sep 02 17:15:01 IST 2013,NA,NA Test Case for Netsuite
SalesForce_TaxCalc,TAX20,Mon Sep 02 17:15:01 IST 2013,NA,NA Test Case for Netsuite
SalesForce_TaxCalc,TAX25,Mon Sep 02 17:15:01 IST 2013,NA,NA Test Case for Netsuite
SalesForce_TaxCalc,TAX31,Mon Sep 02 17:15:01 IST 2013,NA,NA Test Case for Netsuite
SalesForce_TaxCalc,TAX36,Mon Sep 02 17:15:01 IST 2013,NA,NA Test Case for Netsuite
SalesForce_TaxCalc,TAX39,Mon Sep 02 17:15:01 IST 2013,NA,NA Test Case for Netsuite
SalesForce_TaxCalc,SalesForce_TaxCalc,Mon Sep 02 17:15:01 IST 2013,PASS,Script Ended.
SalesForce_TaxCalc,SalesForce_TaxCalc,Mon Sep 02 17:17:11 IST 2013,FAIL,fMenuSelection: Exception: com.thoughtworks.selenium.SeleniumException: Timed out after 60000ms
SalesForce_TaxCalc,SalesForce_TaxCalc,Mon Sep 02 17:17:11 IST 2013,PASS,Script Ended.
SalesForce_TaxCalc,SalesForce_TaxCalc,Mon Sep 02 17:19:23 IST 2013,FAIL,fMenuSelection: Exception: com.thoughtworks.selenium.SeleniumException: Timed out after 60000ms
SalesForce_TaxCalc,SalesForce_TaxCalc,Mon Sep 02 17:19:23 IST 2013,PASS,Script Ended.
SalesForce_TaxCalc,SalesForce_TaxCalc,Mon Sep 02 17:24:31 IST 2013,PASS,Logging into SalesForce application is Failed.
SalesForce_TaxCalc,SalesForce_TaxCalc,Mon Sep 02 17:25:33 IST 2013,FAIL,fMenuSelection: Exception: com.thoughtworks.selenium.SeleniumException: Timed out after 60000ms
SalesForce_TaxCalc,SalesForce_TaxCalc,Mon Sep 02 17:25:33 IST 2013,PASS,Script Ended.
SalesForce_TaxCalc,SalesForce_TaxCalc,Mon Sep 02 17:33:33 IST 2013,PASS,Logging into SalesForce application is Failed.
SalesForce_TaxCalc,SalesForce_TaxCalc,Mon Sep 02 17:34:36 IST 2013,FAIL,fMenuSelection: Exception: com.thoughtworks.selenium.SeleniumException: Timed out after 60000ms
SalesForce_TaxCalc,SalesForce_TaxCalc,Mon Sep 02 17:34:36 IST 2013,PASS,Script Ended.
SalesForce_TaxCalc,SalesForce_TaxCalc,Mon Sep 02 17:39:01 IST 2013,PASS,Logging into SalesForce application is Failed.
SalesForce_TaxCalc,SalesForce_TaxCalc,Mon Sep 02 17:40:42 IST 2013,PASS,Logging into SalesForce application is Failed.
SalesForce_TaxCalc,SalesForce_TaxCalc,Mon Sep 02 17:42:13 IST 2013,PASS,Logging into SalesForce application is Failed.
SalesForce_TaxCalc,SalesForce_TaxCalc,Mon Sep 02 17:43:13 IST 2013,FAIL,fLoginException:com.thoughtworks.selenium.SeleniumException: Timed out after 60000ms
SalesForce_TaxCalc,SalesForce_TaxCalc,Mon Sep 02 17:43:13 IST 2013,PASS,Script Ended.
SalesForce_TaxCalc,SalesForce_TaxCalc,Mon Sep 02 17:43:33 IST 2013,PASS,Logging into SalesForce application is Failed.
SalesForce_TaxCalc,SalesForce_TaxCalc,Mon Sep 02 17:44:33 IST 2013,FAIL,fLoginException:com.thoughtworks.selenium.SeleniumException: Timed out after 60000ms
SalesForce_TaxCalc,SalesForce_TaxCalc,Mon Sep 02 17:44:33 IST 2013,PASS,Script Ended.
SalesForce_TaxCalc,SalesForce_TaxCalc,Mon Sep 02 17:46:31 IST 2013,PASS,Logging into SalesForce application is Failed.
SalesForce_TaxCalc,SalesForce_TaxCalc,Mon Sep 02 17:51:58 IST 2013,FAIL,fLoginException:com.thoughtworks.selenium.SeleniumException: Timed out after 60000ms
SalesForce_TaxCalc,SalesForce_TaxCalc,Mon Sep 02 17:51:58 IST 2013,PASS,Script Ended.
SalesForce_TaxCalc,SalesForce_TaxCalc,Mon Sep 02 18:06:38 IST 2013,FAIL,fLoginException:com.thoughtworks.selenium.SeleniumException: Connection refused: connect
SalesForce_TaxCalc,SalesForce_TaxCalc,Mon Sep 02 18:06:38 IST 2013,PASS,Script Ended.
SalesForce_TaxCalc,SalesForce_TaxCalc,Mon Sep 02 18:06:44 IST 2013,FAIL,fMenuSelection: Exception: com.thoughtworks.selenium.SeleniumException: Connection refused: connect
SalesForce_TaxCalc,TAX13,Mon Sep 02 18:06:44 IST 2013,NA,NA Test Case for Netsuite
SalesForce_TaxCalc,TAX14,Mon Sep 02 18:06:44 IST 2013,NA,NA Test Case for Netsuite
SalesForce_TaxCalc,TAX20,Mon Sep 02 18:06:44 IST 2013,NA,NA Test Case for Netsuite
SalesForce_TaxCalc,TAX25,Mon Sep 02 18:06:44 IST 2013,NA,NA Test Case for Netsuite
SalesForce_TaxCalc,TAX31,Mon Sep 02 18:06:44 IST 2013,NA,NA Test Case for Netsuite
SalesForce_TaxCalc,TAX36,Mon Sep 02 18:06:44 IST 2013,NA,NA Test Case for Netsuite
SalesForce_TaxCalc,TAX39,Mon Sep 02 18:06:44 IST 2013,NA,NA Test Case for Netsuite
SalesForce_TaxCalc,SalesForce_TaxCalc,Mon Sep 02 18:06:44 IST 2013,PASS,Script Ended.
SalesForce_TaxCalc,SalesForce_TaxCalc,Mon Sep 02 18:06:45 IST 2013,FAIL,fLoginException:com.thoughtworks.selenium.SeleniumException: Connection refused: connect
SalesForce_TaxCalc,SalesForce_TaxCalc,Mon Sep 02 18:06:45 IST 2013,PASS,Script Ended.
SalesForce_TaxCalc,SalesForce_TaxCalc,Tue Sep 03 10:13:01 IST 2013,FAIL,fLoginException:java.lang.RuntimeException: Could not contact Selenium Server; have you started it on 'localhost:4444' ?
Read more at http://seleniumhq.org/projects/remote-control/not-started.html
Connection refused: connect
SalesForce_TaxCalc,SalesForce_TaxCalc,Tue Sep 03 10:13:01 IST 2013,PASS,Script Ended.
SalesForce_TaxCalc,SalesForce_TaxCalc,Tue Sep 03 10:14:30 IST 2013,PASS,Logging into SalesForce application is Failed.
SalesForce_TaxCalc,SalesForce_TaxCalc,Tue Sep 03 10:15:30 IST 2013,FAIL,fLoginException:com.thoughtworks.selenium.SeleniumException: Timed out after 60000ms
SalesForce_TaxCalc,SalesForce_TaxCalc,Tue Sep 03 10:15:30 IST 2013,PASS,Script Ended.
SalesForce_TaxCalc,SalesForce_TaxCalc,Tue Sep 03 10:24:10 IST 2013,PASS,Logging into SalesForce application is Failed.
SalesForce_TaxCalc,SalesForce_TaxCalc,Tue Sep 03 10:25:10 IST 2013,FAIL,fLoginException:com.thoughtworks.selenium.SeleniumException: Timed out after 60000ms
SalesForce_TaxCalc,SalesForce_TaxCalc,Tue Sep 03 10:25:10 IST 2013,PASS,Script Ended.
SalesForce_TaxCalc,SalesForce_TaxCalc,Tue Sep 03 12:48:47 IST 2013,FAIL,fLoginException:com.thoughtworks.selenium.SeleniumException: Timed out after 30000ms
SalesForce_TaxCalc,SalesForce_TaxCalc,Tue Sep 03 12:48:47 IST 2013,PASS,Script Ended.
SalesForce_TaxCalc,SalesForce_TaxCalc,Tue Sep 03 12:56:22 IST 2013,FAIL,fLoginException:com.thoughtworks.selenium.SeleniumException: Timed out after 30000ms
SalesForce_TaxCalc,SalesForce_TaxCalc,Tue Sep 03 12:56:22 IST 2013,PASS,Script Ended.
SalesForce_TaxCalc,SalesForce_TaxCalc,Wed Sep 04 11:33:21 IST 2013,FAIL,fLoginException:com.thoughtworks.selenium.SeleniumException: ERROR: Element username not found
SalesForce_TaxCalc,SalesForce_TaxCalc,Wed Sep 04 11:33:21 IST 2013,PASS,Script Ended.
SalesForce_TaxCalc,SalesForce_TaxCalc,Wed Sep 04 11:34:38 IST 2013,PASS,Logging into SalesForce application is Failed.
SalesForce_TaxCalc,SalesForce_TaxCalc,Wed Sep 04 11:35:50 IST 2013,FAIL,fMenuSelection: Exception: com.thoughtworks.selenium.SeleniumException: Timed out after 60000ms
SalesForce_TaxCalc,SalesForce_TaxCalc,Wed Sep 04 11:35:50 IST 2013,PASS,Script Ended.
SalesForce_TaxCalc,SalesForce_TaxCalc,Wed Sep 04 11:41:30 IST 2013,PASS,Logging into SalesForce application is Failed.
SalesForce_TaxCalc,SalesForce_TaxCalc,Wed Sep 04 11:44:09 IST 2013,FAIL,fMenuSelection: Exception: com.thoughtworks.selenium.SeleniumException: Timed out after 60000ms
SalesForce_TaxCalc,SalesForce_TaxCalc,Wed Sep 04 11:44:09 IST 2013,PASS,Logging into SalesForce application is Failed.
SalesForce_TaxCalc,SalesForce_TaxCalc,Wed Sep 04 11:44:30 IST 2013,FAIL,fLoginException:java.lang.RuntimeException: Could not contact Selenium Server; have you started it on 'localhost:4444' ?
Read more at http://seleniumhq.org/projects/remote-control/not-started.html
Connection refused: connect
SalesForce_TaxCalc,SalesForce_TaxCalc,Wed Sep 04 11:44:31 IST 2013,PASS,Script Ended.
SalesForce_TaxCalc,SalesForce_TaxCalc,Wed Sep 04 11:45:13 IST 2013,FAIL,fLoginException:java.lang.RuntimeException: Could not contact Selenium Server; have you started it on 'localhost:4444' ?
Read more at http://seleniumhq.org/projects/remote-control/not-started.html
Connection refused: connect
SalesForce_TaxCalc,SalesForce_TaxCalc,Wed Sep 04 11:45:13 IST 2013,PASS,Script Ended.
SalesForce_TaxCalc,SalesForce_TaxCalc,Wed Sep 04 11:46:20 IST 2013,FAIL,fLoginException:java.lang.RuntimeException: Could not contact Selenium Server; have you started it on 'localhost:4444' ?
Read more at http://seleniumhq.org/projects/remote-control/not-started.html
Connection refused: connect
SalesForce_TaxCalc,SalesForce_TaxCalc,Wed Sep 04 11:46:37 IST 2013,PASS,Script Ended.
SalesForce_TaxCalc,SalesForce_TaxCalc,Wed Sep 04 11:47:05 IST 2013,FAIL,fLoginException:java.lang.RuntimeException: Could not contact Selenium Server; have you started it on 'localhost:4444' ?
Read more at http://seleniumhq.org/projects/remote-control/not-started.html
Connection refused: connect
SalesForce_TaxCalc,SalesForce_TaxCalc,Wed Sep 04 11:47:05 IST 2013,PASS,Script Ended.
SalesForce_TaxCalc,SalesForce_TaxCalc,Wed Sep 04 11:47:35 IST 2013,FAIL,fLoginException:java.lang.RuntimeException: Could not contact Selenium Server; have you started it on 'localhost:4444' ?
Read more at http://seleniumhq.org/projects/remote-control/not-started.html
Connection refused: connect
SalesForce_TaxCalc,SalesForce_TaxCalc,Wed Sep 04 11:48:52 IST 2013,FAIL,fLoginException:com.thoughtworks.selenium.SeleniumException: Connection refused: connect
SalesForce_TaxCalc,SalesForce_TaxCalc,Wed Sep 04 11:48:52 IST 2013,PASS,Script Ended.
SalesForce_TaxCalc,SalesForce_TaxCalc,Wed Sep 04 11:48:52 IST 2013,FAIL,fLoginException:com.thoughtworks.selenium.SeleniumException: Connection refused: connect
SalesForce_TaxCalc,SalesForce_TaxCalc,Wed Sep 04 11:48:52 IST 2013,PASS,Script Ended.
SalesForce_TaxCalc,SalesForce_TaxCalc,Wed Sep 04 11:48:52 IST 2013,FAIL,fLoginException:java.lang.RuntimeException: Could not contact Selenium Server; have you started it on 'localhost:4444' ?
Read more at http://seleniumhq.org/projects/remote-control/not-started.html
Connection refused: connect
SalesForce_TaxCalc,SalesForce_TaxCalc,Wed Sep 04 11:48:52 IST 2013,PASS,Script Ended.
SalesForce_TaxCalc,SalesForce_TaxCalc,Wed Sep 04 11:49:49 IST 2013,PASS,Logging into SalesForce application is Failed.
SalesForce_TaxCalc,SalesForce_TaxCalc,Wed Sep 04 11:50:49 IST 2013,FAIL,fLoginException:com.thoughtworks.selenium.SeleniumException: Timed out after 60000ms
SalesForce_TaxCalc,SalesForce_TaxCalc,Wed Sep 04 11:50:49 IST 2013,PASS,Script Ended.
SalesForce_TaxCalc,SalesForce_TaxCalc,Wed Sep 04 11:56:02 IST 2013,PASS,Logging into SalesForce application is Failed.
SalesForce_TaxCalc,SalesForce_TaxCalc,Wed Sep 04 11:58:05 IST 2013,PASS,Logging into SalesForce application is Failed.
SalesForce_TaxCalc,SalesForce_TaxCalc,Wed Sep 04 11:59:19 IST 2013,PASS,Logging into SalesForce application is Failed.
SalesForce_TaxCalc,SalesForce_TaxCalc,Wed Sep 04 12:00:22 IST 2013,FAIL,fMenuSelection: Exception: com.thoughtworks.selenium.SeleniumException: Timed out after 60000ms
SalesForce_TaxCalc,SalesForce_TaxCalc,Wed Sep 04 12:00:22 IST 2013,PASS,Script Ended.
SalesForce_TaxCalc,SalesForce_TaxCalc,Wed Sep 04 15:33:35 IST 2013,FAIL,fLoginException:com.thoughtworks.selenium.SeleniumException: Connection refused: connect
SalesForce_TaxCalc,SalesForce_TaxCalc,Wed Sep 04 15:33:35 IST 2013,FAIL,fMenuSelection: Exception: com.thoughtworks.selenium.SeleniumException: Connection refused: connect
SalesForce_TaxCalc,SalesForce_TaxCalc,Wed Sep 04 15:33:35 IST 2013,PASS,Script Ended.
SalesForce_TaxCalc,SalesForce_TaxCalc,Wed Sep 04 15:33:36 IST 2013,FAIL,fCalculateSalesTax: Exception: com.thoughtworks.selenium.SeleniumException: Connection refused: connect
SalesForce_TaxCalc,SalesForce_TaxCalc,Wed Sep 04 15:33:36 IST 2013,PASS,Script Ended.
,,Wed Nov 06 11:24:19 IST 2013,FAIL,java.lang.NullPointerException
,,Wed Nov 06 11:24:19 IST 2013,PASS,Script Ended.
,,Wed Nov 06 11:26:28 IST 2013,FAIL,java.lang.NullPointerException
,,Wed Nov 06 11:26:28 IST 2013,PASS,Script Ended.
,,Wed Nov 06 11:27:58 IST 2013,FAIL,java.lang.NullPointerException
,,Wed Nov 06 11:27:58 IST 2013,PASS,Script Ended.
,,Wed Nov 06 11:28:04 IST 2013,FAIL,java.lang.NullPointerException
,,Wed Nov 06 11:28:04 IST 2013,PASS,Script Ended.
,,Wed Nov 06 11:29:13 IST 2013,FAIL,java.lang.NullPointerException
,,Wed Nov 06 11:29:13 IST 2013,PASS,Script Ended.
,,Wed Nov 06 11:34:06 IST 2013,FAIL,java.lang.NullPointerException
,,Wed Nov 06 11:34:06 IST 2013,PASS,Script Ended.
,,Wed Nov 06 11:34:16 IST 2013,FAIL,java.lang.NullPointerException
,,Wed Nov 06 11:34:16 IST 2013,PASS,Script Ended.
,,Wed Nov 06 11:34:44 IST 2013,FAIL,java.lang.NullPointerException
,,Wed Nov 06 11:34:44 IST 2013,PASS,Script Ended.
,,Wed Nov 06 11:34:59 IST 2013,FAIL,java.lang.NullPointerException
,,Wed Nov 06 11:34:59 IST 2013,PASS,Script Ended.
,,Wed Nov 06 11:37:04 IST 2013,FAIL,java.lang.NullPointerException
,,Wed Nov 06 11:37:04 IST 2013,PASS,Script Ended.
,,Wed Nov 06 11:39:13 IST 2013,FAIL,java.lang.NullPointerException
,,Wed Nov 06 11:39:13 IST 2013,PASS,Script Ended.
,,Wed Nov 06 11:41:35 IST 2013,FAIL,java.lang.NullPointerException
,,Wed Nov 06 11:41:35 IST 2013,PASS,Script Ended.
,,Wed Nov 06 11:45:10 IST 2013,FAIL,java.lang.NullPointerException
,,Wed Nov 06 11:45:10 IST 2013,PASS,Script Ended.
,,Wed Nov 06 11:52:25 IST 2013,FAIL,java.lang.NullPointerException
,,Wed Nov 06 11:52:25 IST 2013,PASS,Script Ended.
,,Wed Nov 06 16:16:33 IST 2013,FAIL,java.lang.NullPointerException
,,Wed Nov 06 16:16:33 IST 2013,PASS,Script Ended.
,,Wed Nov 06 16:33:10 IST 2013,FAIL,java.lang.NullPointerException
,,Wed Nov 06 16:33:10 IST 2013,PASS,Script Ended.
,,Wed Nov 06 16:36:51 IST 2013,FAIL,java.lang.NullPointerException
,,Wed Nov 06 16:36:51 IST 2013,PASS,Script Ended.
,,Wed Nov 06 16:37:39 IST 2013,FAIL,java.lang.NullPointerException
,,Wed Nov 06 16:37:40 IST 2013,PASS,Script Ended.
,,Wed Nov 06 17:26:33 IST 2013,FAIL,java.lang.NullPointerException
,,Wed Nov 06 17:26:33 IST 2013,PASS,Script Ended.
,,Wed Nov 06 17:26:51 IST 2013,FAIL,java.lang.NullPointerException
,,Wed Nov 06 17:26:51 IST 2013,PASS,Script Ended.
,,Wed Nov 06 17:27:20 IST 2013,FAIL,java.lang.NullPointerException
,,Wed Nov 06 17:27:20 IST 2013,PASS,Script Ended.
,,Thu Nov 07 09:52:15 IST 2013,FAIL,java.lang.NullPointerException
,,Thu Nov 07 09:52:15 IST 2013,PASS,Script Ended.
,,Thu Nov 07 09:53:00 IST 2013,FAIL,java.lang.NullPointerException
,,Thu Nov 07 09:53:00 IST 2013,PASS,Script Ended.
,,Thu Nov 07 09:53:19 IST 2013,FAIL,java.lang.NullPointerException
,,Thu Nov 07 09:53:19 IST 2013,PASS,Script Ended.
,,Thu Nov 07 09:54:01 IST 2013,FAIL,java.lang.NullPointerException
,,Thu Nov 07 09:54:01 IST 2013,PASS,Script Ended.
,,Thu Nov 07 09:54:49 IST 2013,FAIL,java.lang.NullPointerException
,,Thu Nov 07 09:54:49 IST 2013,PASS,Script Ended.
,,Thu Nov 07 09:55:00 IST 2013,FAIL,java.lang.NullPointerException
,,Thu Nov 07 09:55:00 IST 2013,PASS,Script Ended.
,,Thu Nov 07 09:55:09 IST 2013,FAIL,java.lang.NullPointerException
,,Thu Nov 07 09:55:09 IST 2013,PASS,Script Ended.
,,Thu Nov 07 09:55:15 IST 2013,FAIL,java.lang.NullPointerException
,,Thu Nov 07 09:55:15 IST 2013,PASS,Script Ended.
,,Thu Nov 07 09:55:25 IST 2013,FAIL,java.lang.NullPointerException
,,Thu Nov 07 09:55:25 IST 2013,PASS,Script Ended.
,,Thu Nov 07 09:57:52 IST 2013,FAIL,java.lang.NullPointerException
,,Thu Nov 07 09:57:52 IST 2013,PASS,Script Ended.
,,Thu Nov 07 11:47:40 IST 2013,FAIL,java.lang.NullPointerException
,,Thu Nov 07 11:47:40 IST 2013,PASS,Script Ended.
SalesForce_TaxCalc,SalesForce_TaxCalc,Thu Nov 07 12:03:53 IST 2013,PASS,Logging into SalesForce application is Failed.
SalesForce_TaxCalc,SalesForce_TaxCalc,Thu Nov 07 12:03:53 IST 2013,PASS,Script Ended.
SalesForce_TaxCalc,SalesForce_TaxCalc,Thu Nov 07 12:09:12 IST 2013,PASS,Logging into SalesForce application is Failed.
SalesForce_TaxCalc,SalesForce_TaxCalc,Thu Nov 07 12:09:12 IST 2013,PASS,Script Ended.
SalesForce_TaxCalc,SalesForce_TaxCalc,Thu Nov 07 12:12:42 IST 2013,PASS,Logging into SalesForce application is Failed.
SalesForce_TaxCalc,SalesForce_TaxCalc,Thu Nov 07 12:12:42 IST 2013,PASS,Script Ended.
SalesForce_TaxCalc,SalesForce_TaxCalc,Thu Nov 07 12:18:06 IST 2013,FAIL,fLoginException:com.thoughtworks.selenium.SeleniumException: ERROR: Element name=Ajay not found
SalesForce_TaxCalc,SalesForce_TaxCalc,Thu Nov 07 12:18:06 IST 2013,PASS,Script Ended.
SalesForce_TaxCalc,SalesForce_TaxCalc,Thu Nov 07 12:28:50 IST 2013,FAIL,fLoginException:com.thoughtworks.selenium.SeleniumException: ERROR: Element name=a not found
SalesForce_TaxCalc,SalesForce_TaxCalc,Thu Nov 07 12:28:50 IST 2013,PASS,Script Ended.
SalesForce_TaxCalc,SalesForce_TaxCalc,Thu Nov 07 12:30:57 IST 2013,PASS,Logging into SalesForce application is Failed.
SalesForce_TaxCalc,SalesForce_TaxCalc,Thu Nov 07 12:30:57 IST 2013,PASS,Script Ended.
SalesForce_TaxCalc,SalesForce_TaxCalc,Thu Nov 07 15:21:35 IST 2013,FAIL,fLoginException:java.lang.RuntimeException: Could not contact Selenium Server; have you started it on 'localhost:4444' ?
Read more at http://seleniumhq.org/projects/remote-control/not-started.html
Connection refused: connect
SalesForce_TaxCalc,SalesForce_TaxCalc,Thu Nov 07 15:21:36 IST 2013,PASS,Script Ended.
SalesForce_TaxCalc,SalesForce_TaxCalc,Thu Nov 07 15:25:47 IST 2013,PASS,Script Ended.
SalesForce_TaxCalc,SalesForce_TaxCalc,Thu Nov 07 15:48:14 IST 2013,FAIL,fLoginException:com.thoughtworks.selenium.SeleniumException: Timed out after 60000ms
SalesForce_TaxCalc,SalesForce_TaxCalc,Thu Nov 07 15:48:14 IST 2013,PASS,Script Ended.
SalesForce_TaxCalc,SalesForce_TaxCalc,Thu Nov 07 15:51:12 IST 2013,FAIL,fLoginException:com.thoughtworks.selenium.SeleniumException: Timed out after 20000ms
SalesForce_TaxCalc,SalesForce_TaxCalc,Thu Nov 07 15:51:12 IST 2013,PASS,Script Ended.
SalesForce_TaxCalc,SalesForce_TaxCalc,Thu Nov 07 15:52:23 IST 2013,FAIL,fLoginException:com.thoughtworks.selenium.SeleniumException: Timed out after 20000ms
SalesForce_TaxCalc,SalesForce_TaxCalc,Thu Nov 07 15:52:23 IST 2013,PASS,Script Ended.
SalesForce_TaxCalc,SalesForce_TaxCalc,Thu Nov 07 15:57:24 IST 2013,FAIL,fLoginException:com.thoughtworks.selenium.SeleniumException: Timed out after 20000ms
SalesForce_TaxCalc,SalesForce_TaxCalc,Thu Nov 07 15:59:58 IST 2013,FAIL,fLoginException:com.thoughtworks.selenium.SeleniumException: Timed out after 20000ms
SalesForce_TaxCalc,SalesForce_TaxCalc,Thu Nov 07 16:02:21 IST 2013,FAIL,fLoginException:com.thoughtworks.selenium.SeleniumException: Timed out after 20000ms
SalesForce_TaxCalc,SalesForce_TaxCalc,Thu Nov 07 16:03:37 IST 2013,FAIL,fLoginException:com.thoughtworks.selenium.SeleniumException: Timed out after 20000ms
SalesForce_TaxCalc,SalesForce_TaxCalc,Thu Nov 07 16:04:20 IST 2013,FAIL,com.thoughtworks.selenium.SeleniumException: ERROR: Element name=Ajay not found
SalesForce_TaxCalc,SalesForce_TaxCalc,Thu Nov 07 16:04:22 IST 2013,PASS,Script Ended.
SalesForce_TaxCalc,SalesForce_TaxCalc,Thu Nov 07 16:19:50 IST 2013,FAIL,fLoginException:com.thoughtworks.selenium.SeleniumException: ERROR: Command timed out
SalesForce_TaxCalc,SalesForce_TaxCalc,Thu Nov 07 16:19:50 IST 2013,PASS,Script Ended.
SalesForce_TaxCalc,SalesForce_TaxCalc,Thu Nov 07 16:30:21 IST 2013,FAIL,fLoginException:com.thoughtworks.selenium.SeleniumException: Timed out after 20000ms
SalesForce_TaxCalc,SalesForce_TaxCalc,Thu Nov 07 16:31:30 IST 2013,FAIL,com.thoughtworks.selenium.SeleniumException: ERROR: Element name=edit not found
SalesForce_TaxCalc,SalesForce_TaxCalc,Thu Nov 07 16:31:36 IST 2013,PASS,Script Ended.
SalesForce_TaxCalc,SalesForce_TaxCalc,Mon Nov 11 10:37:19 IST 2013,FAIL,fLoginException:com.thoughtworks.selenium.SeleniumException: Timed out after 20000ms
SalesForce_TaxCalc,SalesForce_TaxCalc,Mon Nov 11 10:37:24 IST 2013,FAIL,com.thoughtworks.selenium.SeleniumException: ERROR: Element name=edit not found
SalesForce_TaxCalc,SalesForce_TaxCalc,Mon Nov 11 10:37:24 IST 2013,PASS,Script Ended.
SalesForce_TaxCalc,SalesForce_TaxCalc,Mon Nov 11 11:24:34 IST 2013,FAIL,fLoginException:com.thoughtworks.selenium.SeleniumException: Timed out after 20000ms
SalesForce_TaxCalc,TESTCASE1,Mon Nov 11 11:24:34 IST 2013,PASS,Tax Calculation for Test case: TestCase1 Started. EnableTaxCalculationFlag(bGLTaxCodeAtLinelevel):false
SalesForce_TaxCalc,TESTCASE1,Mon Nov 11 11:24:34 IST 2013,FAIL,Unable to connect to excel sheet
SalesForce_TaxCalc,TESTCASE1,Mon Nov 11 11:24:34 IST 2013,FAIL,fCalculateSalesTax: Exception: java.lang.NullPointerException
SalesForce_TaxCalc,TESTCASE2,Mon Nov 11 11:24:34 IST 2013,PASS,Tax Calculation for Test case: TestCase2 Started. EnableTaxCalculationFlag(bGLTaxCodeAtLinelevel):false
SalesForce_TaxCalc,TESTCASE2,Mon Nov 11 11:24:34 IST 2013,FAIL,Unable to connect to excel sheet
SalesForce_TaxCalc,TESTCASE2,Mon Nov 11 11:24:34 IST 2013,FAIL,fCalculateSalesTax: Exception: java.lang.NullPointerException
SalesForce_TaxCalc,TESTCASE3,Mon Nov 11 11:24:34 IST 2013,PASS,Tax Calculation for Test case: TestCase3 Started. EnableTaxCalculationFlag(bGLTaxCodeAtLinelevel):false
SalesForce_TaxCalc,TESTCASE3,Mon Nov 11 11:24:34 IST 2013,FAIL,Unable to connect to excel sheet
SalesForce_TaxCalc,TESTCASE3,Mon Nov 11 11:24:34 IST 2013,FAIL,fCalculateSalesTax: Exception: java.lang.NullPointerException
SalesForce_TaxCalc,TESTCASE4,Mon Nov 11 11:24:34 IST 2013,PASS,Tax Calculation for Test case: TestCase4 Started. EnableTaxCalculationFlag(bGLTaxCodeAtLinelevel):false
SalesForce_TaxCalc,TESTCASE4,Mon Nov 11 11:24:34 IST 2013,FAIL,Unable to connect to excel sheet
SalesForce_TaxCalc,TESTCASE4,Mon Nov 11 11:24:34 IST 2013,FAIL,fCalculateSalesTax: Exception: java.lang.NullPointerException
SalesForce_TaxCalc,TESTCASE5,Mon Nov 11 11:24:34 IST 2013,PASS,Tax Calculation for Test case: TestCase5 Started. EnableTaxCalculationFlag(bGLTaxCodeAtLinelevel):false
SalesForce_TaxCalc,TESTCASE5,Mon Nov 11 11:24:34 IST 2013,FAIL,Unable to connect to excel sheet
SalesForce_TaxCalc,TESTCASE5,Mon Nov 11 11:24:34 IST 2013,FAIL,fCalculateSalesTax: Exception: java.lang.NullPointerException
SalesForce_TaxCalc,TESTCASE6,Mon Nov 11 11:24:34 IST 2013,PASS,Tax Calculation for Test case: TestCase6 Started. EnableTaxCalculationFlag(bGLTaxCodeAtLinelevel):false
SalesForce_TaxCalc,TESTCASE6,Mon Nov 11 11:24:34 IST 2013,FAIL,Unable to connect to excel sheet
SalesForce_TaxCalc,TESTCASE6,Mon Nov 11 11:24:34 IST 2013,FAIL,fCalculateSalesTax: Exception: java.lang.NullPointerException
SalesForce_TaxCalc,TESTCASE7,Mon Nov 11 11:24:34 IST 2013,PASS,Tax Calculation for Test case: TestCase7 Started. EnableTaxCalculationFlag(bGLTaxCodeAtLinelevel):false
SalesForce_TaxCalc,TESTCASE7,Mon Nov 11 11:24:34 IST 2013,FAIL,Unable to connect to excel sheet
SalesForce_TaxCalc,TESTCASE7,Mon Nov 11 11:24:34 IST 2013,FAIL,fCalculateSalesTax: Exception: java.lang.NullPointerException
SalesForce_TaxCalc,TESTCASE8,Mon Nov 11 11:24:34 IST 2013,PASS,Tax Calculation for Test case: TestCase8 Started. EnableTaxCalculationFlag(bGLTaxCodeAtLinelevel):false
SalesForce_TaxCalc,TESTCASE8,Mon Nov 11 11:24:34 IST 2013,FAIL,Unable to connect to excel sheet
SalesForce_TaxCalc,TESTCASE8,Mon Nov 11 11:24:34 IST 2013,FAIL,fCalculateSalesTax: Exception: java.lang.NullPointerException
SalesForce_TaxCalc,TESTCASE9,Mon Nov 11 11:24:34 IST 2013,PASS,Tax Calculation for Test case: TestCase9 Started. EnableTaxCalculationFlag(bGLTaxCodeAtLinelevel):false
SalesForce_TaxCalc,TESTCASE9,Mon Nov 11 11:24:34 IST 2013,FAIL,Unable to connect to excel sheet
SalesForce_TaxCalc,TESTCASE9,Mon Nov 11 11:24:34 IST 2013,FAIL,fCalculateSalesTax: Exception: java.lang.NullPointerException
SalesForce_TaxCalc,TESTCASE10,Mon Nov 11 11:24:34 IST 2013,PASS,Tax Calculation for Test case: TestCase10 Started. EnableTaxCalculationFlag(bGLTaxCodeAtLinelevel):false
SalesForce_TaxCalc,TESTCASE10,Mon Nov 11 11:24:34 IST 2013,FAIL,Unable to connect to excel sheet
SalesForce_TaxCalc,TESTCASE10,Mon Nov 11 11:24:34 IST 2013,FAIL,fCalculateSalesTax: Exception: java.lang.NullPointerException
SalesForce_TaxCalc,TESTCASE11,Mon Nov 11 11:24:34 IST 2013,PASS,Tax Calculation for Test case: TestCase11 Started. EnableTaxCalculationFlag(bGLTaxCodeAtLinelevel):false
SalesForce_TaxCalc,TESTCASE11,Mon Nov 11 11:24:34 IST 2013,FAIL,Unable to connect to excel sheet
SalesForce_TaxCalc,TESTCASE11,Mon Nov 11 11:24:34 IST 2013,FAIL,fCalculateSalesTax: Exception: java.lang.NullPointerException
SalesForce_TaxCalc,TESTCASE12,Mon Nov 11 11:24:34 IST 2013,PASS,Tax Calculation for Test case: TestCase12 Started. EnableTaxCalculationFlag(bGLTaxCodeAtLinelevel):false
SalesForce_TaxCalc,TESTCASE12,Mon Nov 11 11:24:34 IST 2013,FAIL,Unable to connect to excel sheet
SalesForce_TaxCalc,TESTCASE12,Mon Nov 11 11:24:34 IST 2013,FAIL,fCalculateSalesTax: Exception: java.lang.NullPointerException
SalesForce_TaxCalc,TESTCASE13,Mon Nov 11 11:24:34 IST 2013,PASS,Tax Calculation for Test case: TestCase13 Started. EnableTaxCalculationFlag(bGLTaxCodeAtLinelevel):false
SalesForce_TaxCalc,TESTCASE13,Mon Nov 11 11:24:34 IST 2013,FAIL,Unable to connect to excel sheet
SalesForce_TaxCalc,TESTCASE13,Mon Nov 11 11:24:34 IST 2013,FAIL,fCalculateSalesTax: Exception: java.lang.NullPointerException
SalesForce_TaxCalc,TESTCASE14,Mon Nov 11 11:24:34 IST 2013,PASS,Tax Calculation for Test case: TestCase14 Started. EnableTaxCalculationFlag(bGLTaxCodeAtLinelevel):false
SalesForce_TaxCalc,TESTCASE14,Mon Nov 11 11:24:34 IST 2013,FAIL,Unable to connect to excel sheet
SalesForce_TaxCalc,TESTCASE14,Mon Nov 11 11:24:34 IST 2013,FAIL,fCalculateSalesTax: Exception: java.lang.NullPointerException
SalesForce_TaxCalc,TESTCASE15,Mon Nov 11 11:24:34 IST 2013,PASS,Tax Calculation for Test case: TestCase15 Started. EnableTaxCalculationFlag(bGLTaxCodeAtLinelevel):false
SalesForce_TaxCalc,TESTCASE15,Mon Nov 11 11:24:34 IST 2013,FAIL,Unable to connect to excel sheet
SalesForce_TaxCalc,TESTCASE15,Mon Nov 11 11:24:34 IST 2013,FAIL,fCalculateSalesTax: Exception: java.lang.NullPointerException
SalesForce_TaxCalc,TESTCASE16,Mon Nov 11 11:24:34 IST 2013,PASS,Tax Calculation for Test case: TestCase16 Started. EnableTaxCalculationFlag(bGLTaxCodeAtLinelevel):false
SalesForce_TaxCalc,TESTCASE16,Mon Nov 11 11:24:34 IST 2013,FAIL,Unable to connect to excel sheet
SalesForce_TaxCalc,TESTCASE16,Mon Nov 11 11:24:34 IST 2013,FAIL,fCalculateSalesTax: Exception: java.lang.NullPointerException
SalesForce_TaxCalc,TESTCASE17,Mon Nov 11 11:24:34 IST 2013,PASS,Tax Calculation for Test case: TestCase17 Started. EnableTaxCalculationFlag(bGLTaxCodeAtLinelevel):false
SalesForce_TaxCalc,TESTCASE17,Mon Nov 11 11:24:34 IST 2013,FAIL,Unable to connect to excel sheet
SalesForce_TaxCalc,TESTCASE17,Mon Nov 11 11:24:34 IST 2013,FAIL,fCalculateSalesTax: Exception: java.lang.NullPointerException
SalesForce_TaxCalc,TESTCASE18,Mon Nov 11 11:24:34 IST 2013,PASS,Tax Calculation for Test case: TestCase18 Started. EnableTaxCalculationFlag(bGLTaxCodeAtLinelevel):false
SalesForce_TaxCalc,TESTCASE18,Mon Nov 11 11:24:34 IST 2013,FAIL,Unable to connect to excel sheet
SalesForce_TaxCalc,TESTCASE18,Mon Nov 11 11:24:34 IST 2013,FAIL,fCalculateSalesTax: Exception: java.lang.NullPointerException
SalesForce_TaxCalc,SalesForce_TaxCalc,Mon Nov 11 11:24:34 IST 2013,PASS,Script Ended.
SalesForce_TaxCalc,SalesForce_TaxCalc,Mon Nov 11 11:34:16 IST 2013,PASS,Logging into SalesForce application is successful.
SalesForce_TaxCalc,TESTCASE1,Mon Nov 11 11:34:31 IST 2013,PASS,Tax Calculation for Test case: TestCase1 Started. EnableTaxCalculationFlag(bGLTaxCodeAtLinelevel):false
SalesForce_TaxCalc,TESTCASE1,Mon Nov 11 11:37:13 IST 2013,FAIL,Unable to connect to excel sheet
SalesForce_TaxCalc,TESTCASE1,Mon Nov 11 11:37:15 IST 2013,FAIL,fCalculateSalesTax: Exception: java.lang.NullPointerException
SalesForce_TaxCalc,TESTCASE2,Mon Nov 11 11:37:18 IST 2013,PASS,Tax Calculation for Test case: TestCase2 Started. EnableTaxCalculationFlag(bGLTaxCodeAtLinelevel):false
SalesForce_TaxCalc,TESTCASE2,Mon Nov 11 11:37:18 IST 2013,FAIL,Unable to connect to excel sheet
SalesForce_TaxCalc,TESTCASE2,Mon Nov 11 11:37:18 IST 2013,FAIL,fCalculateSalesTax: Exception: java.lang.NullPointerException
SalesForce_TaxCalc,TESTCASE3,Mon Nov 11 11:37:19 IST 2013,PASS,Tax Calculation for Test case: TestCase3 Started. EnableTaxCalculationFlag(bGLTaxCodeAtLinelevel):false
SalesForce_TaxCalc,TESTCASE3,Mon Nov 11 11:37:19 IST 2013,FAIL,Unable to connect to excel sheet
SalesForce_TaxCalc,TESTCASE3,Mon Nov 11 11:37:19 IST 2013,FAIL,fCalculateSalesTax: Exception: java.lang.NullPointerException
SalesForce_TaxCalc,TESTCASE4,Mon Nov 11 11:37:21 IST 2013,PASS,Tax Calculation for Test case: TestCase4 Started. EnableTaxCalculationFlag(bGLTaxCodeAtLinelevel):false
SalesForce_TaxCalc,TESTCASE4,Mon Nov 11 11:37:21 IST 2013,FAIL,Unable to connect to excel sheet
SalesForce_TaxCalc,TESTCASE4,Mon Nov 11 11:37:21 IST 2013,FAIL,fCalculateSalesTax: Exception: java.lang.NullPointerException
SalesForce_TaxCalc,TESTCASE5,Mon Nov 11 11:37:21 IST 2013,PASS,Tax Calculation for Test case: TestCase5 Started. EnableTaxCalculationFlag(bGLTaxCodeAtLinelevel):false
SalesForce_TaxCalc,TESTCASE5,Mon Nov 11 11:37:21 IST 2013,FAIL,Unable to connect to excel sheet
SalesForce_TaxCalc,TESTCASE5,Mon Nov 11 11:37:21 IST 2013,FAIL,fCalculateSalesTax: Exception: java.lang.NullPointerException
SalesForce_TaxCalc,TESTCASE6,Mon Nov 11 11:37:21 IST 2013,PASS,Tax Calculation for Test case: TestCase6 Started. EnableTaxCalculationFlag(bGLTaxCodeAtLinelevel):false
SalesForce_TaxCalc,TESTCASE6,Mon Nov 11 11:37:21 IST 2013,FAIL,Unable to connect to excel sheet
SalesForce_TaxCalc,TESTCASE6,Mon Nov 11 11:37:21 IST 2013,FAIL,fCalculateSalesTax: Exception: java.lang.NullPointerException
SalesForce_TaxCalc,TESTCASE7,Mon Nov 11 11:37:21 IST 2013,PASS,Tax Calculation for Test case: TestCase7 Started. EnableTaxCalculationFlag(bGLTaxCodeAtLinelevel):false
SalesForce_TaxCalc,TESTCASE7,Mon Nov 11 11:37:21 IST 2013,FAIL,Unable to connect to excel sheet
SalesForce_TaxCalc,TESTCASE7,Mon Nov 11 11:37:21 IST 2013,FAIL,fCalculateSalesTax: Exception: java.lang.NullPointerException
SalesForce_TaxCalc,TESTCASE8,Mon Nov 11 11:37:21 IST 2013,PASS,Tax Calculation for Test case: TestCase8 Started. EnableTaxCalculationFlag(bGLTaxCodeAtLinelevel):false
SalesForce_TaxCalc,TESTCASE8,Mon Nov 11 11:37:21 IST 2013,FAIL,Unable to connect to excel sheet
SalesForce_TaxCalc,TESTCASE8,Mon Nov 11 11:37:21 IST 2013,FAIL,fCalculateSalesTax: Exception: java.lang.NullPointerException
SalesForce_TaxCalc,TESTCASE9,Mon Nov 11 11:37:21 IST 2013,PASS,Tax Calculation for Test case: TestCase9 Started. EnableTaxCalculationFlag(bGLTaxCodeAtLinelevel):false
SalesForce_TaxCalc,TESTCASE9,Mon Nov 11 11:37:21 IST 2013,FAIL,Unable to connect to excel sheet
SalesForce_TaxCalc,TESTCASE9,Mon Nov 11 11:37:21 IST 2013,FAIL,fCalculateSalesTax: Exception: java.lang.NullPointerException
SalesForce_TaxCalc,TESTCASE10,Mon Nov 11 11:37:21 IST 2013,PASS,Tax Calculation for Test case: TestCase10 Started. EnableTaxCalculationFlag(bGLTaxCodeAtLinelevel):false
SalesForce_TaxCalc,TESTCASE10,Mon Nov 11 11:37:21 IST 2013,FAIL,Unable to connect to excel sheet
SalesForce_TaxCalc,TESTCASE10,Mon Nov 11 11:37:21 IST 2013,FAIL,fCalculateSalesTax: Exception: java.lang.NullPointerException
SalesForce_TaxCalc,TESTCASE11,Mon Nov 11 11:37:21 IST 2013,PASS,Tax Calculation for Test case: TestCase11 Started. EnableTaxCalculationFlag(bGLTaxCodeAtLinelevel):false
SalesForce_TaxCalc,TESTCASE11,Mon Nov 11 11:37:21 IST 2013,FAIL,Unable to connect to excel sheet
SalesForce_TaxCalc,TESTCASE11,Mon Nov 11 11:37:21 IST 2013,FAIL,fCalculateSalesTax: Exception: java.lang.NullPointerException
SalesForce_TaxCalc,TESTCASE12,Mon Nov 11 11:37:21 IST 2013,PASS,Tax Calculation for Test case: TestCase12 Started. EnableTaxCalculationFlag(bGLTaxCodeAtLinelevel):false
SalesForce_TaxCalc,TESTCASE12,Mon Nov 11 11:37:21 IST 2013,FAIL,Unable to connect to excel sheet
SalesForce_TaxCalc,TESTCASE12,Mon Nov 11 11:37:21 IST 2013,FAIL,fCalculateSalesTax: Exception: java.lang.NullPointerException
SalesForce_TaxCalc,TESTCASE13,Mon Nov 11 11:37:22 IST 2013,PASS,Tax Calculation for Test case: TestCase13 Started. EnableTaxCalculationFlag(bGLTaxCodeAtLinelevel):false
SalesForce_TaxCalc,TESTCASE13,Mon Nov 11 11:37:22 IST 2013,FAIL,Unable to connect to excel sheet
SalesForce_TaxCalc,TESTCASE13,Mon Nov 11 11:37:22 IST 2013,FAIL,fCalculateSalesTax: Exception: java.lang.NullPointerException
SalesForce_TaxCalc,TESTCASE14,Mon Nov 11 11:37:22 IST 2013,PASS,Tax Calculation for Test case: TestCase14 Started. EnableTaxCalculationFlag(bGLTaxCodeAtLinelevel):false
SalesForce_TaxCalc,TESTCASE14,Mon Nov 11 11:37:22 IST 2013,FAIL,Unable to connect to excel sheet
SalesForce_TaxCalc,TESTCASE14,Mon Nov 11 11:37:22 IST 2013,FAIL,fCalculateSalesTax: Exception: java.lang.NullPointerException
SalesForce_TaxCalc,SalesForce_TaxCalc,Mon Nov 11 11:38:11 IST 2013,PASS,Logging into SalesForce application is successful.
SalesForce_TaxCalc,TESTCASE1,Mon Nov 11 11:38:36 IST 2013,PASS,Tax Calculation for Test case: TestCase1 Started. EnableTaxCalculationFlag(bGLTaxCodeAtLinelevel):false
SalesForce_TaxCalc,SalesForce_TaxCalc,Mon Nov 11 11:44:14 IST 2013,PASS,Logging into SalesForce application is successful.
SalesForce_TaxCalc,TESTCASE1,Mon Nov 11 11:44:48 IST 2013,PASS,Tax Calculation for Test case: TestCase1 Started. EnableTaxCalculationFlag(bGLTaxCodeAtLinelevel):false
SalesForce_TaxCalc,SalesForce_TaxCalc,Mon Nov 11 11:48:25 IST 2013,PASS,Logging into SalesForce application is successful.
SalesForce_TaxCalc,TESTCASE1,Mon Nov 11 11:48:31 IST 2013,PASS,Tax Calculation for Test case: TestCase1 Started. EnableTaxCalculationFlag(bGLTaxCodeAtLinelevel):false
SalesForce_TaxCalc,SalesForce_TaxCalc,Mon Nov 11 11:50:22 IST 2013,PASS,Logging into SalesForce application is successful.
SalesForce_TaxCalc,TESTCASE1,Mon Nov 11 11:50:38 IST 2013,PASS,Tax Calculation for Test case: TestCase1 Started. EnableTaxCalculationFlag(bGLTaxCodeAtLinelevel):false
SalesForce_TaxCalc,TESTCASE1,Mon Nov 11 11:51:29 IST 2013,FAIL,Unable to connect to excel sheet
SalesForce_TaxCalc,TESTCASE1,Mon Nov 11 11:51:31 IST 2013,FAIL,fCalculateSalesTax: Exception: java.lang.NullPointerException
SalesForce_TaxCalc,SalesForce_TaxCalc,Mon Nov 11 11:57:36 IST 2013,PASS,Logging into SalesForce application is successful.
SalesForce_TaxCalc,TESTCASE1,Mon Nov 11 11:57:36 IST 2013,PASS,Tax Calculation for Test case: TestCase1 Started. EnableTaxCalculationFlag(bGLTaxCodeAtLinelevel):false
SalesForce_TaxCalc,TESTCASE1,Mon Nov 11 11:59:45 IST 2013,FAIL,Unable to connect to excel sheet
SalesForce_TaxCalc,TESTCASE1,Mon Nov 11 12:03:56 IST 2013,FAIL,fCalculateSalesTax: Exception: java.lang.NullPointerException
SalesForce_TaxCalc,TESTCASE2,Mon Nov 11 12:04:08 IST 2013,PASS,Tax Calculation for Test case: TestCase2 Started. EnableTaxCalculationFlag(bGLTaxCodeAtLinelevel):false
SalesForce_TaxCalc,TESTCASE2,Mon Nov 11 12:04:10 IST 2013,FAIL,Unable to connect to excel sheet
SalesForce_TaxCalc,TESTCASE2,Mon Nov 11 12:04:24 IST 2013,FAIL,fCalculateSalesTax: Exception: java.lang.NullPointerException
SalesForce_TaxCalc,TESTCASE3,Mon Nov 11 12:04:25 IST 2013,PASS,Tax Calculation for Test case: TestCase3 Started. EnableTaxCalculationFlag(bGLTaxCodeAtLinelevel):false
