ScriptName,TCName,Date,Result,Description,,,,,,,,,,,,,,
SalesForce_AddressValidation,SalesForce_AddressValidation,Mon Apr 25 15:14:23 IST 2016,PASS,Logging into SalesForce application is successful.,,,,,,,,,,,,,,
SalesForce_AddressValidation,TESTCASE60,Mon Apr 25 15:14:23 IST 2016,PASS,Address Validation for Test case: TestCase60 Started.,,,,,,,,,,,,,,
SalesForce_AddressValidation,TESTCASE60,Mon Apr 25 15:15:10 IST 2016,PASS,After clicking on menu TaxNowSettings Respective page opened successfully,,,,,,,,,,,,,,
SalesForce_AddressValidation,TESTCASE60,Mon Apr 25 15:15:33 IST 2016,PASS,Avalara Configuration settings updated successfully,,,,,,,,,,,,,,
SalesForce_AddressValidation,TESTCASE60,Mon Apr 25 15:15:50 IST 2016,PASS,Avalara Address Validation Test Case' verified successfully for TestCase60TaxNowSettings Window ,,,,,,,,,,,,,,
SalesForce_AddressValidation,TESTCASE60,Mon Apr 25 15:16:02 IST 2016,PASS,Address validation saved successfully,,,,,,,,,,,,,,
SalesForce_AddressValidation,TESTCASE60,Mon Apr 25 15:16:49 IST 2016,PASS,After clicking on menu Contacts Respective page opened successfully,,,,,,,,,,,,,,
SalesForce_AddressValidation,TESTCASE60,Mon Apr 25 15:17:01 IST 2016,PASS,Avalara Address Validation Test Case' verified successfully for TestCase60Contacts Window ,,,,,,,,,,,,,,
SalesForce_AddressValidation,TESTCASE60,Mon Apr 25 15:17:13 IST 2016,PASS,Address validation saved successfully,,,,,,,,,,,,,,
SalesForce_AddressValidation,TESTCASE60,Mon Apr 25 15:17:25 IST 2016,PASS,Avalara Address Validation Test Case' verified successfully for TestCase60Contacts Window ,,,,,,,,,,,,,,
SalesForce_AddressValidation,TESTCASE60,Mon Apr 25 15:17:31 IST 2016,PASS,Address validation saved successfully,,,,,,,,,,,,,,
SalesForce_AddressValidation,TESTCASE60,Mon Apr 25 15:18:29 IST 2016,PASS,After clicking on menu Accounts Respective page opened successfully,,,,,,,,,,,,,,
SalesForce_AddressValidation,TESTCASE60,Mon Apr 25 15:18:41 IST 2016,PASS,Avalara Address Validation Test Case' verified successfully for TestCase60Accounts Window ,,,,,,,,,,,,,,
SalesForce_AddressValidation,TESTCASE60,Mon Apr 25 15:18:52 IST 2016,PASS,Address validation saved successfully,,,,,,,,,,,,,,
SalesForce_AddressValidation,TESTCASE60,Mon Apr 25 15:19:05 IST 2016,PASS,Avalara Address Validation Test Case' verified successfully for TestCase60Accounts Window ,,,,,,,,,,,,,,
SalesForce_AddressValidation,TESTCASE60,Mon Apr 25 15:19:11 IST 2016,PASS,Address validation saved successfully,,,,,,,,,,,,,,
SalesForce_AddressValidation,TESTCASE60,Mon Apr 25 15:19:47 IST 2016,PASS,Opportunities created successfully,,,,,,,,,,,,,,
SalesForce_AddressValidation,TESTCASE60,Mon Apr 25 15:19:57 IST 2016,PASS,After clicking on menu Opportunities Respective page opened successfully,,,,,,,,,,,,,,
SalesForce_AddressValidation,TESTCASE60,Mon Apr 25 15:20:57 IST 2016,FAIL,"fAddressValidation: Exception: org.openqa.selenium.NoSuchElementException: no such element: Unable to locate element: {""method"":""name""","selector:""ava_sfcore__oppvalshipto""}",,,,,,,,,,,,,
  (Session info: chrome=49.0.2623.112),,,,,,,,,,,,,,,,,,
  (Driver info: chromedriver=2.20.353145 (343b531d31eeb933ec778dbcf7081628a1396067),platform=Windows NT 6.1 SP1 x86_64) (WARNING: The server did not provide any stacktrace information),,,,,,,,,,,,,,,,,
Command duration or timeout: 60.07 seconds,,,,,,,,,,,,,,,,,,
For documentation on this error, please visit: http://seleniumhq.org/exceptions/no_such_element.html,,,,,,,,,,,,,,,,,
Build info: version: '2.48.2', revision: '41bccdd', time: '2015-10-09 19:59:12',,,,,,,,,,,,,,,,
System info: host: 'AV-PN-KHAREA', ip: '10.240.20.140', os.name: 'Windows 7', os.arch: 'amd64', os.version: '6.1', java.version: '1.8.0_74',,,,,,,,,,,,,
Driver info: org.openqa.selenium.chrome.ChromeDriver,,,,,,,,,,,,,,,,,,
Capabilities [{applicationCacheEnabled=false, rotatable=false, mobileEmulationEnabled=false, chrome={userDataDir=C:\Users\AJAY~1.KHA\AppData\Local\Temp\scoped_dir15856_8091}, takesHeapSnapshot=true, databaseEnabled=false, handlesAlerts=true, hasTouchScreen=false, version=49.0.2623.112, platform=XP, browserConnectionEnabled=false, nativeEvents=true, acceptSslCerts=true, locationContextEnabled=true, webStorageEnabled=true, browserName=chrome, takesScreenshot=true, javascriptEnabled=true, cssSelectorsEnabled=true}]
Session ID: dbb8451bc158d0ee94b78eb8b54ff40c,,,,,,,,,,,,,,,,,,
*** Element info: {Using=name, value=ava_sfcore__oppvalshipto},,,,,,,,,,,,,,,,,
SalesForce_AddressValidation,TESTCASE61,Mon Apr 25 15:20:57 IST 2016,PASS,Address Validation for Test case: TestCase61 Started.,,,,,,,,,,,,,,
SalesForce_AddressValidation,TESTCASE61,Mon Apr 25 15:21:42 IST 2016,PASS,After clicking on menu TaxNowSettings Respective page opened successfully,,,,,,,,,,,,,,
SalesForce_AddressValidation,TESTCASE61,Mon Apr 25 15:22:04 IST 2016,PASS,Avalara Configuration settings updated successfully,,,,,,,,,,,,,,
SalesForce_AddressValidation,TESTCASE61,Mon Apr 25 15:23:16 IST 2016,PASS,Address validation verified successfully,,,,,,,,,,,,,,
SalesForce_AddressValidation,TESTCASE61,Mon Apr 25 15:24:27 IST 2016,PASS,Address validation saved successfully,,,,,,,,,,,,,,
SalesForce_AddressValidation,TESTCASE61,Mon Apr 25 15:25:14 IST 2016,PASS,After clicking on menu Contacts Respective page opened successfully,,,,,,,,,,,,,,
SalesForce_AddressValidation,TESTCASE61,Mon Apr 25 15:26:25 IST 2016,PASS,Address validation verified successfully,,,,,,,,,,,,,,
SalesForce_AddressValidation,TESTCASE61,Mon Apr 25 15:27:36 IST 2016,PASS,Address validation saved successfully,,,,,,,,,,,,,,
SalesForce_AddressValidation,TESTCASE61,Mon Apr 25 15:28:47 IST 2016,PASS,Address validation verified successfully,,,,,,,,,,,,,,
SalesForce_AddressValidation,TESTCASE61,Mon Apr 25 15:29:54 IST 2016,PASS,Address validation saved successfully,,,,,,,,,,,,,,
SalesForce_AddressValidation,TESTCASE61,Mon Apr 25 15:30:49 IST 2016,PASS,After clicking on menu Accounts Respective page opened successfully,,,,,,,,,,,,,,
SalesForce_AddressValidation,TESTCASE61,Mon Apr 25 15:32:01 IST 2016,PASS,Address validation verified successfully,,,,,,,,,,,,,,
SalesForce_AddressValidation,TESTCASE61,Mon Apr 25 15:33:12 IST 2016,PASS,Address validation saved successfully,,,,,,,,,,,,,,
SalesForce_AddressValidation,TESTCASE61,Mon Apr 25 15:34:24 IST 2016,PASS,Address validation verified successfully,,,,,,,,,,,,,,
SalesForce_AddressValidation,TESTCASE61,Mon Apr 25 15:35:30 IST 2016,PASS,Address validation saved successfully,,,,,,,,,,,,,,
SalesForce_AddressValidation,TESTCASE61,Mon Apr 25 15:36:04 IST 2016,PASS,Opportunities created successfully,,,,,,,,,,,,,,
SalesForce_AddressValidation,TESTCASE61,Mon Apr 25 15:36:14 IST 2016,PASS,After clicking on menu Opportunities Respective page opened successfully,,,,,,,,,,,,,,
SalesForce_AddressValidation,TESTCASE63,Mon Apr 25 15:37:48 IST 2016,PASS,Address Validation for Test case: TestCase63 Started.,,,,,,,,,,,,,,
SalesForce_AddressValidation,TESTCASE63,Mon Apr 25 15:38:32 IST 2016,PASS,After clicking on menu TaxNowSettings Respective page opened successfully,,,,,,,,,,,,,,
SalesForce_AddressValidation,TESTCASE63,Mon Apr 25 15:38:55 IST 2016,PASS,Avalara Configuration settings updated successfully,,,,,,,,,,,,,,
SalesForce_AddressValidation,TESTCASE63,Mon Apr 25 15:39:06 IST 2016,PASS,Avalara Address Validation Test Case' verified successfully for TestCase63TaxNowSettings Window ,,,,,,,,,,,,,,
SalesForce_AddressValidation,TESTCASE63,Mon Apr 25 15:39:17 IST 2016,PASS,Address validation saved successfully,,,,,,,,,,,,,,
SalesForce_AddressValidation,TESTCASE63,Mon Apr 25 15:40:05 IST 2016,PASS,After clicking on menu Contacts Respective page opened successfully,,,,,,,,,,,,,,
SalesForce_AddressValidation,TESTCASE63,Mon Apr 25 15:40:16 IST 2016,PASS,Avalara Address Validation Test Case' verified successfully for TestCase63Contacts Window ,,,,,,,,,,,,,,
SalesForce_AddressValidation,TESTCASE63,Mon Apr 25 15:40:28 IST 2016,PASS,Address validation saved successfully,,,,,,,,,,,,,,
SalesForce_AddressValidation,TESTCASE63,Mon Apr 25 15:40:39 IST 2016,PASS,Avalara Address Validation Test Case' verified successfully for TestCase63Contacts Window ,,,,,,,,,,,,,,
SalesForce_AddressValidation,TESTCASE63,Mon Apr 25 15:40:45 IST 2016,PASS,Address validation saved successfully,,,,,,,,,,,,,,
SalesForce_AddressValidation,TESTCASE63,Mon Apr 25 15:41:41 IST 2016,PASS,After clicking on menu Accounts Respective page opened successfully,,,,,,,,,,,,,,
SalesForce_AddressValidation,TESTCASE63,Mon Apr 25 15:41:52 IST 2016,PASS,Avalara Address Validation Test Case' verified successfully for TestCase63Accounts Window ,,,,,,,,,,,,,,
SalesForce_AddressValidation,TESTCASE63,Mon Apr 25 15:42:04 IST 2016,PASS,Address validation saved successfully,,,,,,,,,,,,,,
SalesForce_AddressValidation,TESTCASE63,Mon Apr 25 15:42:15 IST 2016,PASS,Avalara Address Validation Test Case' verified successfully for TestCase63Accounts Window ,,,,,,,,,,,,,,
SalesForce_AddressValidation,TESTCASE63,Mon Apr 25 15:42:22 IST 2016,PASS,Address validation saved successfully,,,,,,,,,,,,,,
SalesForce_AddressValidation,TESTCASE63,Mon Apr 25 15:42:56 IST 2016,PASS,Opportunities created successfully,,,,,,,,,,,,,,
SalesForce_AddressValidation,TESTCASE63,Mon Apr 25 15:43:06 IST 2016,PASS,After clicking on menu Opportunities Respective page opened successfully,,,,,,,,,,,,,,
AccountingSeed_AddressValidation,AccountingSeed_AddressValidation,Wed May 25 11:00:05 IST 2016,PASS,Logging into AccountingSeed application is successful.
AccountingSeed_AddressValidation,TESTCASE60,Wed May 25 11:00:05 IST 2016,PASS,Address Validation for Test case: TestCase60 Started.
AccountingSeed_AddressValidation,TESTCASE60,Wed May 25 11:00:06 IST 2016,FAIL,Unable to connect to excel sheet
AccountingSeed_AddressValidation,TESTCASE60,Wed May 25 11:00:06 IST 2016,FAIL,fAddressValidation: Exception: java.lang.NullPointerException
AccountingSeed_AddressValidation,TESTCASE61,Wed May 25 11:00:06 IST 2016,PASS,Address Validation for Test case: TestCase61 Started.
AccountingSeed_AddressValidation,TESTCASE61,Wed May 25 11:00:06 IST 2016,FAIL,Unable to connect to excel sheet
AccountingSeed_AddressValidation,TESTCASE61,Wed May 25 11:00:06 IST 2016,FAIL,fAddressValidation: Exception: java.lang.NullPointerException
AccountingSeed_AddressValidation,TESTCASE62,Wed May 25 11:00:06 IST 2016,PASS,Address Validation for Test case: TestCase62 Started.
AccountingSeed_AddressValidation,TESTCASE62,Wed May 25 11:00:06 IST 2016,FAIL,Unable to connect to excel sheet
AccountingSeed_AddressValidation,TESTCASE62,Wed May 25 11:00:06 IST 2016,FAIL,fAddressValidation: Exception: java.lang.NullPointerException
AccountingSeed_AddressValidation,AccountingSeed_AddressValidation,Wed May 25 11:00:06 IST 2016,PASS,Script Ended.
AccountingSeed_AddressValidation,AccountingSeed_AddressValidation,Wed May 25 11:01:22 IST 2016,PASS,Logging into AccountingSeed application is successful.
AccountingSeed_AddressValidation,TESTCASE60,Wed May 25 11:01:22 IST 2016,PASS,Address Validation for Test case: TestCase60 Started.
AccountingSeed_AddressValidation,TESTCASE60,Wed May 25 11:01:23 IST 2016,FAIL,Unable to connect to excel sheet
AccountingSeed_AddressValidation,TESTCASE60,Wed May 25 11:01:23 IST 2016,FAIL,fAddressValidation: Exception: java.lang.NullPointerException
AccountingSeed_AddressValidation,TESTCASE61,Wed May 25 11:01:23 IST 2016,PASS,Address Validation for Test case: TestCase61 Started.
AccountingSeed_AddressValidation,TESTCASE61,Wed May 25 11:01:23 IST 2016,FAIL,Unable to connect to excel sheet
AccountingSeed_AddressValidation,TESTCASE61,Wed May 25 11:01:23 IST 2016,FAIL,fAddressValidation: Exception: java.lang.NullPointerException
AccountingSeed_AddressValidation,TESTCASE62,Wed May 25 11:01:23 IST 2016,PASS,Address Validation for Test case: TestCase62 Started.
AccountingSeed_AddressValidation,TESTCASE62,Wed May 25 11:01:23 IST 2016,FAIL,Unable to connect to excel sheet
AccountingSeed_AddressValidation,TESTCASE62,Wed May 25 11:01:23 IST 2016,FAIL,fAddressValidation: Exception: java.lang.NullPointerException
AccountingSeed_AddressValidation,AccountingSeed_AddressValidation,Wed May 25 11:01:23 IST 2016,PASS,Script Ended.
AccountingSeed_AddressValidation,AccountingSeed_AddressValidation,Wed May 25 11:03:43 IST 2016,PASS,Logging into AccountingSeed application is successful.
AccountingSeed_AddressValidation,TESTCASE60,Wed May 25 11:03:55 IST 2016,PASS,Address Validation for Test case: TestCase60 Started.
AccountingSeed_AddressValidation,AccountingSeed_AddressValidation,Wed May 25 12:39:55 IST 2016,PASS,Logging into AccountingSeed application is successful.
AccountingSeed_AddressValidation,TESTCASE60,Wed May 25 12:39:55 IST 2016,PASS,Address Validation for Test case: TestCase60 Started.
AccountingSeed_AddressValidation,TESTCASE60,Wed May 25 12:39:55 IST 2016,FAIL,Unable to connect to excel sheet
AccountingSeed_AddressValidation,TESTCASE60,Wed May 25 12:39:55 IST 2016,FAIL,fAddressValidation: Exception: java.lang.NullPointerException
AccountingSeed_AddressValidation,TESTCASE61,Wed May 25 12:39:55 IST 2016,PASS,Address Validation for Test case: TestCase61 Started.
AccountingSeed_AddressValidation,TESTCASE61,Wed May 25 12:39:55 IST 2016,FAIL,Unable to connect to excel sheet
AccountingSeed_AddressValidation,TESTCASE61,Wed May 25 12:39:55 IST 2016,FAIL,fAddressValidation: Exception: java.lang.NullPointerException
AccountingSeed_AddressValidation,TESTCASE62,Wed May 25 12:39:55 IST 2016,PASS,Address Validation for Test case: TestCase62 Started.
AccountingSeed_AddressValidation,TESTCASE62,Wed May 25 12:39:55 IST 2016,FAIL,Unable to connect to excel sheet
AccountingSeed_AddressValidation,TESTCASE62,Wed May 25 12:39:55 IST 2016,FAIL,fAddressValidation: Exception: java.lang.NullPointerException
AccountingSeed_AddressValidation,AccountingSeed_AddressValidation,Wed May 25 12:39:55 IST 2016,PASS,Script Ended.
AccountingSeed_AddressValidation,AccountingSeed_AddressValidation,Wed May 25 12:49:42 IST 2016,PASS,Logging into AccountingSeed application is successful.
AccountingSeed_AddressValidation,TESTCASE60,Wed May 25 12:49:42 IST 2016,PASS,Address Validation for Test case: TestCase60 Started.
AccountingSeed_AddressValidation,TESTCASE60,Wed May 25 12:49:43 IST 2016,FAIL,Unable to connect to excel sheet
AccountingSeed_AddressValidation,TESTCASE60,Wed May 25 12:49:43 IST 2016,FAIL,fAddressValidation: Exception: java.lang.NullPointerException
AccountingSeed_AddressValidation,TESTCASE61,Wed May 25 12:49:43 IST 2016,PASS,Address Validation for Test case: TestCase61 Started.
AccountingSeed_AddressValidation,TESTCASE61,Wed May 25 12:49:43 IST 2016,FAIL,Unable to connect to excel sheet
AccountingSeed_AddressValidation,TESTCASE61,Wed May 25 12:49:43 IST 2016,FAIL,fAddressValidation: Exception: java.lang.NullPointerException
AccountingSeed_AddressValidation,TESTCASE62,Wed May 25 12:49:43 IST 2016,PASS,Address Validation for Test case: TestCase62 Started.
AccountingSeed_AddressValidation,TESTCASE62,Wed May 25 12:49:43 IST 2016,FAIL,Unable to connect to excel sheet
AccountingSeed_AddressValidation,TESTCASE62,Wed May 25 12:49:43 IST 2016,FAIL,fAddressValidation: Exception: java.lang.NullPointerException
AccountingSeed_AddressValidation,AccountingSeed_AddressValidation,Wed May 25 12:49:43 IST 2016,PASS,Script Ended.
AccountingSeed_AddressValidation,AccountingSeed_AddressValidation,Wed May 25 14:16:46 IST 2016,PASS,Logging into AccountingSeed application is successful.
AccountingSeed_AddressValidation,TESTCASE60,Wed May 25 14:16:46 IST 2016,PASS,Address Validation for Test case: TestCase60 Started.
AccountingSeed_AddressValidation,TESTCASE60,Wed May 25 14:18:06 IST 2016,PASS,After clicking on menu AvaTax Settings Respective page opened successfully
