ScriptName,TCName,Date,Result,Description
SalesForce_TaxCalc,SalesForce_TaxCalc,Wed Aug 10 11:55:35 IST 2016,PASS,Logging into SalesForce application is successful.
SalesForce_TaxCalc,TESTCASE1,Wed Aug 10 11:55:35 IST 2016,PASS,Tax Calculation for Test case: TestCase1 Started.
SalesForce_TaxCalc,TESTCASE1,Wed Aug 10 11:56:22 IST 2016,PASS,After clicking on menu TaxNowSettings Respective page opened successfully
SalesForce_TaxCalc,TESTCASE1,Wed Aug 10 11:56:45 IST 2016,PASS,Avalara Configuration settings updated successfully
SalesForce_TaxCalc,TESTCASE1,Wed Aug 10 11:57:31 IST 2016,PASS,After clicking on menu Accounts Respective page opened successfully
SalesForce_TaxCalc,TESTCASE1,Wed Aug 10 11:58:08 IST 2016,PASS,Order created successfully
SalesForce_TaxCalc,TESTCASE1,Wed Aug 10 11:58:18 IST 2016,PASS,After clicking on menu Orders Respective page opened successfully
SalesForce_TaxCalc,TESTCASE1,Wed Aug 10 11:59:12 IST 2016,PASS,'Total Sales Tax' 87.00 verified successfully for Test case TestCase1 on Orders Window.
SalesForce_TaxCalc,TESTCASE1,Wed Aug 10 11:59:12 IST 2016,PASS,Avalara Status ' Temporary' verified successfully on Calculate for Test case TestCase1 On tax calculation on Orders Window 
SalesForce_TaxCalc,TESTCASE1,Wed Aug 10 11:59:52 IST 2016,PASS,Opportunities created successfully
SalesForce_TaxCalc,TESTCASE1,Wed Aug 10 12:00:02 IST 2016,PASS,After clicking on menu Opportunities Respective page opened successfully
SalesForce_TaxCalc,TESTCASE1,Wed Aug 10 12:00:47 IST 2016,PASS,Avalara Status 'Temporary' verified successfully on adding products for Test case TestCase1 On Menu item : - Opportunities
SalesForce_TaxCalc,TESTCASE1,Wed Aug 10 12:00:53 IST 2016,PASS,'Total Sales Tax' 87.00 verified successfully for Test case TestCase1 on Opportunities Window.
SalesForce_TaxCalc,TESTCASE1,Wed Aug 10 12:00:53 IST 2016,PASS,Avalara Status ' Temporary' verified successfully on Calculate for Test case TestCase1 On tax calculation on Opportunities Window 
SalesForce_TaxCalc,TESTCASE1,Wed Aug 10 12:01:27 IST 2016,PASS,After clicking on menu newQuote Respective page opened successfully
SalesForce_TaxCalc,TESTCASE1,Wed Aug 10 12:02:10 IST 2016,PASS,Avalara Status 'Temporary' verified successfully on adding products for Test case TestCase1 On Menu item : - Quotes
SalesForce_TaxCalc,TESTCASE1,Wed Aug 10 12:02:17 IST 2016,PASS,'Total Sales Tax' 174.00 verified successfully for Test case TestCase1 on Quotes Window.
SalesForce_TaxCalc,TESTCASE1,Wed Aug 10 12:02:17 IST 2016,PASS,Avalara Status ' Temporary' verified successfully on Calculate for Test case TestCase1 On tax calculation on Quotes Window 
SalesForce_TaxCalc,TESTCASE1,Wed Aug 10 12:02:17 IST 2016,PASS,Tax Calculation for Test case: TestCase1 Ended.
SalesForce_TaxCalc,TESTCASE2,Wed Aug 10 12:02:17 IST 2016,PASS,Tax Calculation for Test case: TestCase2 Started.
SalesForce_TaxCalc,TESTCASE2,Wed Aug 10 12:02:50 IST 2016,PASS,After clicking on menu TaxNowSettings Respective page opened successfully
SalesForce_TaxCalc,TESTCASE2,Wed Aug 10 12:03:13 IST 2016,PASS,Avalara Configuration settings updated successfully
SalesForce_TaxCalc,TESTCASE2,Wed Aug 10 12:03:58 IST 2016,PASS,After clicking on menu Accounts Respective page opened successfully
SalesForce_TaxCalc,TESTCASE2,Wed Aug 10 12:04:34 IST 2016,PASS,Order created successfully
SalesForce_TaxCalc,TESTCASE2,Wed Aug 10 12:04:44 IST 2016,PASS,After clicking on menu Orders Respective page opened successfully
SalesForce_TaxCalc,TESTCASE2,Wed Aug 10 12:05:37 IST 2016,PASS,'Total Sales Tax' 87.00 verified successfully for Test case TestCase2 on Orders Window.
SalesForce_TaxCalc,TESTCASE2,Wed Aug 10 12:05:37 IST 2016,PASS,Avalara Status ' Saved' verified successfully on Calculate for Test case TestCase2 On tax calculation on Orders Window 
SalesForce_TaxCalc,TESTCASE2,Wed Aug 10 12:06:11 IST 2016,PASS,Opportunities created successfully
SalesForce_TaxCalc,TESTCASE2,Wed Aug 10 12:06:21 IST 2016,PASS,After clicking on menu Opportunities Respective page opened successfully
SalesForce_TaxCalc,TESTCASE2,Wed Aug 10 12:07:03 IST 2016,PASS,Avalara Status 'Temporary' verified successfully on adding products for Test case TestCase2 On Menu item : - Opportunities
SalesForce_TaxCalc,TESTCASE2,Wed Aug 10 12:07:08 IST 2016,PASS,'Total Sales Tax' 87.00 verified successfully for Test case TestCase2 on Opportunities Window.
SalesForce_TaxCalc,TESTCASE2,Wed Aug 10 12:07:08 IST 2016,PASS,Avalara Status ' Saved' verified successfully on Calculate for Test case TestCase2 On tax calculation on Opportunities Window 
SalesForce_TaxCalc,TESTCASE2,Wed Aug 10 12:07:41 IST 2016,PASS,After clicking on menu newQuote Respective page opened successfully
SalesForce_TaxCalc,TESTCASE2,Wed Aug 10 12:08:23 IST 2016,PASS,Avalara Status 'Temporary' verified successfully on adding products for Test case TestCase2 On Menu item : - Quotes
SalesForce_TaxCalc,TESTCASE2,Wed Aug 10 12:08:28 IST 2016,PASS,'Total Sales Tax' 174.00 verified successfully for Test case TestCase2 on Quotes Window.
SalesForce_TaxCalc,TESTCASE2,Wed Aug 10 12:08:28 IST 2016,PASS,Avalara Status ' Saved' verified successfully on Calculate for Test case TestCase2 On tax calculation on Quotes Window 
SalesForce_TaxCalc,TESTCASE2,Wed Aug 10 12:08:28 IST 2016,PASS,Tax Calculation for Test case: TestCase2 Ended.
SalesForce_TaxCalc,TESTCASE3,Wed Aug 10 12:08:28 IST 2016,PASS,Tax Calculation for Test case: TestCase3 Started.
SalesForce_TaxCalc,TESTCASE3,Wed Aug 10 12:09:01 IST 2016,PASS,After clicking on menu TaxNowSettings Respective page opened successfully
SalesForce_TaxCalc,TESTCASE3,Wed Aug 10 12:09:23 IST 2016,PASS,Avalara Configuration settings updated successfully
SalesForce_TaxCalc,TESTCASE3,Wed Aug 10 12:10:08 IST 2016,PASS,After clicking on menu Accounts Respective page opened successfully
SalesForce_TaxCalc,TESTCASE3,Wed Aug 10 12:10:44 IST 2016,PASS,Order created successfully
SalesForce_TaxCalc,TESTCASE3,Wed Aug 10 12:10:54 IST 2016,PASS,After clicking on menu Orders Respective page opened successfully
SalesForce_TaxCalc,TESTCASE3,Wed Aug 10 12:11:52 IST 2016,PASS,'Total Sales Tax' 87.00 verified successfully for Test case TestCase3 on Orders Window.
SalesForce_TaxCalc,TESTCASE3,Wed Aug 10 12:11:52 IST 2016,PASS,Avalara Status ' Saved' verified successfully on Calculate for Test case TestCase3 On tax calculation on Orders Window 
SalesForce_TaxCalc,TESTCASE3,Wed Aug 10 12:12:26 IST 2016,PASS,Opportunities created successfully
SalesForce_TaxCalc,TESTCASE3,Wed Aug 10 12:12:36 IST 2016,PASS,After clicking on menu Opportunities Respective page opened successfully
SalesForce_TaxCalc,TESTCASE3,Wed Aug 10 12:13:20 IST 2016,PASS,Avalara Status 'Temporary' verified successfully on adding products for Test case TestCase3 On Menu item : - Opportunities
SalesForce_TaxCalc,TESTCASE3,Wed Aug 10 12:13:25 IST 2016,PASS,'Total Sales Tax' 87.00 verified successfully for Test case TestCase3 on Opportunities Window.
SalesForce_TaxCalc,TESTCASE3,Wed Aug 10 12:13:25 IST 2016,PASS,Avalara Status ' Saved' verified successfully on Calculate for Test case TestCase3 On tax calculation on Opportunities Window 
SalesForce_TaxCalc,TESTCASE3,Wed Aug 10 12:13:29 IST 2016,PASS,'Total Sales Tax' 87.00 verified successfully for Test case TestCase3 on Finalize Opportunity Window.
SalesForce_TaxCalc,TESTCASE3,Wed Aug 10 12:13:30 IST 2016,PASS,Avalara Status ' Committed' verified successfully on Calculate for Test case TestCase3 On tax calculation on Finalize Opportunity Window 
SalesForce_TaxCalc,TESTCASE3,Wed Aug 10 12:14:02 IST 2016,PASS,After clicking on menu newQuote Respective page opened successfully
SalesForce_TaxCalc,TESTCASE3,Wed Aug 10 12:14:44 IST 2016,PASS,Avalara Status 'Temporary' verified successfully on adding products for Test case TestCase3 On Menu item : - Quotes
SalesForce_TaxCalc,TESTCASE3,Wed Aug 10 12:14:50 IST 2016,PASS,'Total Sales Tax' 174.00 verified successfully for Test case TestCase3 on Quotes Window.
SalesForce_TaxCalc,TESTCASE3,Wed Aug 10 12:14:50 IST 2016,PASS,Avalara Status ' Saved' verified successfully on Calculate for Test case TestCase3 On tax calculation on Quotes Window 
SalesForce_TaxCalc,TESTCASE3,Wed Aug 10 12:14:55 IST 2016,PASS,'Total Sales Tax' 174.00 verified successfully for Test case TestCase3 on Finalize Quote Window.
SalesForce_TaxCalc,TESTCASE3,Wed Aug 10 12:14:55 IST 2016,PASS,Avalara Status ' Committed' verified successfully on Calculate for Test case TestCase3 On tax calculation on Finalize Quote Window 
SalesForce_TaxCalc,TESTCASE3,Wed Aug 10 12:14:55 IST 2016,PASS,Tax Calculation for Test case: TestCase3 Ended.
SalesForce_TaxCalc,TESTCASE4,Wed Aug 10 12:14:55 IST 2016,PASS,Tax Calculation for Test case: TestCase4 Started.
SalesForce_TaxCalc,TESTCASE4,Wed Aug 10 12:15:27 IST 2016,PASS,After clicking on menu TaxNowSettings Respective page opened successfully
SalesForce_TaxCalc,TESTCASE4,Wed Aug 10 12:15:49 IST 2016,PASS,Avalara Configuration settings updated successfully
SalesForce_TaxCalc,TESTCASE4,Wed Aug 10 12:16:36 IST 2016,PASS,After clicking on menu Accounts Respective page opened successfully
SalesForce_TaxCalc,TESTCASE4,Wed Aug 10 12:17:11 IST 2016,PASS,Order created successfully
SalesForce_TaxCalc,TESTCASE4,Wed Aug 10 12:17:21 IST 2016,PASS,After clicking on menu Orders Respective page opened successfully
SalesForce_TaxCalc,TESTCASE4,Wed Aug 10 12:18:13 IST 2016,PASS,'Total Sales Tax' 87.00 verified successfully for Test case TestCase4 on Orders Window.
SalesForce_TaxCalc,TESTCASE4,Wed Aug 10 12:18:13 IST 2016,PASS,Avalara Status ' Temporary' verified successfully on Calculate for Test case TestCase4 On tax calculation on Orders Window 
SalesForce_TaxCalc,TESTCASE4,Wed Aug 10 12:18:47 IST 2016,PASS,Opportunities created successfully
SalesForce_TaxCalc,TESTCASE4,Wed Aug 10 12:18:57 IST 2016,PASS,After clicking on menu Opportunities Respective page opened successfully
SalesForce_TaxCalc,TESTCASE4,Wed Aug 10 12:19:41 IST 2016,PASS,Avalara Status 'Temporary' verified successfully on adding products for Test case TestCase4 On Menu item : - Opportunities
SalesForce_TaxCalc,TESTCASE4,Wed Aug 10 12:19:46 IST 2016,PASS,'Total Sales Tax' 87.00 verified successfully for Test case TestCase4 on Opportunities Window.
SalesForce_TaxCalc,TESTCASE4,Wed Aug 10 12:19:46 IST 2016,PASS,Avalara Status ' Temporary' verified successfully on Calculate for Test case TestCase4 On tax calculation on Opportunities Window 
SalesForce_TaxCalc,TESTCASE4,Wed Aug 10 12:20:19 IST 2016,PASS,After clicking on menu newQuote Respective page opened successfully
SalesForce_TaxCalc,TESTCASE4,Wed Aug 10 12:21:02 IST 2016,PASS,Avalara Status 'Temporary' verified successfully on adding products for Test case TestCase4 On Menu item : - Quotes
SalesForce_TaxCalc,TESTCASE4,Wed Aug 10 12:21:07 IST 2016,PASS,'Total Sales Tax' 174.00 verified successfully for Test case TestCase4 on Quotes Window.
SalesForce_TaxCalc,TESTCASE4,Wed Aug 10 12:21:07 IST 2016,PASS,Avalara Status ' Temporary' verified successfully on Calculate for Test case TestCase4 On tax calculation on Quotes Window 
SalesForce_TaxCalc,TESTCASE4,Wed Aug 10 12:21:07 IST 2016,PASS,Tax Calculation for Test case: TestCase4 Ended.
SalesForce_TaxCalc,TESTCASE5,Wed Aug 10 12:21:07 IST 2016,PASS,Tax Calculation for Test case: TestCase5 Started.
SalesForce_TaxCalc,TESTCASE5,Wed Aug 10 12:21:39 IST 2016,PASS,After clicking on menu TaxNowSettings Respective page opened successfully
SalesForce_TaxCalc,TESTCASE5,Wed Aug 10 12:22:02 IST 2016,PASS,Avalara Configuration settings updated successfully
SalesForce_TaxCalc,TESTCASE5,Wed Aug 10 12:22:47 IST 2016,PASS,After clicking on menu Accounts Respective page opened successfully
SalesForce_TaxCalc,TESTCASE5,Wed Aug 10 12:23:22 IST 2016,PASS,Order created successfully
SalesForce_TaxCalc,TESTCASE5,Wed Aug 10 12:23:32 IST 2016,PASS,After clicking on menu Orders Respective page opened successfully
SalesForce_TaxCalc,TESTCASE5,Wed Aug 10 12:24:28 IST 2016,PASS,Error message appeared as Name: PreQualification Error Summary: Tax Calculations are Disabled - Check 'Enable Tax Calculations' in the TaxServices tab Details:
SalesForce_TaxCalc,TESTCASE5,Wed Aug 10 12:25:02 IST 2016,PASS,Opportunities created successfully
SalesForce_TaxCalc,TESTCASE5,Wed Aug 10 12:25:12 IST 2016,PASS,After clicking on menu Opportunities Respective page opened successfully
SalesForce_TaxCalc,TESTCASE5,Wed Aug 10 12:25:56 IST 2016,PASS,Avalara Status 'Temporary' verified successfully on adding products for Test case TestCase5 On Menu item : - Opportunities
SalesForce_TaxCalc,TESTCASE5,Wed Aug 10 12:25:59 IST 2016,PASS,Error message appeared as Name: PreQualification Error Summary: Tax Calculations are Disabled - Check 'Enable Tax Calculations' in the TaxServices tab Details:
SalesForce_TaxCalc,TESTCASE5,Wed Aug 10 12:26:32 IST 2016,PASS,After clicking on menu newQuote Respective page opened successfully
SalesForce_TaxCalc,TESTCASE5,Wed Aug 10 12:27:15 IST 2016,FAIL,Avalara Status 'Temporary' NOT verified successfully on adding products for Test case TestCase5 On Menu item : - QuotesExpected : Temporary and Actual:Tax Calculations are Disabled - Check 'Enable Tax Calculations' in the TaxServices tab
SalesForce_TaxCalc,TESTCASE6,Wed Aug 10 12:27:15 IST 2016,PASS,Tax Calculation for Test case: TestCase6 Started.
SalesForce_TaxCalc,TESTCASE6,Wed Aug 10 12:27:47 IST 2016,PASS,After clicking on menu TaxNowSettings Respective page opened successfully
SalesForce_TaxCalc,TESTCASE6,Wed Aug 10 12:28:10 IST 2016,PASS,Avalara Configuration settings updated successfully
SalesForce_TaxCalc,TESTCASE6,Wed Aug 10 12:28:56 IST 2016,PASS,After clicking on menu Accounts Respective page opened successfully
SalesForce_TaxCalc,TESTCASE6,Wed Aug 10 12:29:31 IST 2016,PASS,Order created successfully
SalesForce_TaxCalc,TESTCASE6,Wed Aug 10 12:29:41 IST 2016,PASS,After clicking on menu Orders Respective page opened successfully
SalesForce_TaxCalc,TESTCASE6,Wed Aug 10 12:30:36 IST 2016,PASS,Error message appeared as Name: PreQualification Error Summary: Tax Calculations are Disabled - Check 'Enable Tax Calculations' in the TaxServices tab Details:
SalesForce_TaxCalc,TESTCASE6,Wed Aug 10 12:31:10 IST 2016,PASS,Opportunities created successfully
SalesForce_TaxCalc,TESTCASE6,Wed Aug 10 12:31:20 IST 2016,PASS,After clicking on menu Opportunities Respective page opened successfully
SalesForce_TaxCalc,TESTCASE6,Wed Aug 10 12:32:04 IST 2016,PASS,Avalara Status 'Temporary' verified successfully on adding products for Test case TestCase6 On Menu item : - Opportunities
SalesForce_TaxCalc,TESTCASE6,Wed Aug 10 12:32:07 IST 2016,PASS,Error message appeared as Name: PreQualification Error Summary: Tax Calculations are Disabled - Check 'Enable Tax Calculations' in the TaxServices tab Details:
SalesForce_TaxCalc,TESTCASE6,Wed Aug 10 12:32:39 IST 2016,PASS,After clicking on menu newQuote Respective page opened successfully
SalesForce_TaxCalc,TESTCASE6,Wed Aug 10 12:33:22 IST 2016,FAIL,Avalara Status 'Temporary' NOT verified successfully on adding products for Test case TestCase6 On Menu item : - QuotesExpected : Temporary and Actual:Tax Calculations are Disabled - Check 'Enable Tax Calculations' in the TaxServices tab
SalesForce_TaxCalc,TESTCASE7,Wed Aug 10 12:33:22 IST 2016,PASS,Tax Calculation for Test case: TestCase7 Started.
SalesForce_TaxCalc,TESTCASE7,Wed Aug 10 12:33:54 IST 2016,PASS,After clicking on menu TaxNowSettings Respective page opened successfully
SalesForce_TaxCalc,TESTCASE7,Wed Aug 10 12:34:16 IST 2016,PASS,Avalara Configuration settings updated successfully
SalesForce_AddressValidation,SalesForce_AddressValidation,Wed Aug 10 14:32:14 IST 2016,PASS,Logging into SalesForce application is successful.
SalesForce_AddressValidation,TESTCASE61,Wed Aug 10 14:32:14 IST 2016,PASS,Address Validation for Test case: TestCase61 Started.
SalesForce_AddressValidation,TESTCASE61,Wed Aug 10 14:33:03 IST 2016,PASS,After clicking on menu TaxNowSettings Respective page opened successfully
SalesForce_AddressValidation,TESTCASE61,Wed Aug 10 14:33:27 IST 2016,PASS,Avalara Configuration settings updated successfully
SalesForce_AddressValidation,TESTCASE61,Wed Aug 10 14:34:16 IST 2016,PASS,After clicking on menu Contacts Respective page opened successfully
SalesForce_AddressValidation,TESTCASE61,Wed Aug 10 14:35:36 IST 2016,PASS,Address validation verified successfully
SalesForce_AddressValidation,TESTCASE61,Wed Aug 10 14:36:48 IST 2016,PASS,Address validation saved successfully
SalesForce_AddressValidation,TESTCASE61,Wed Aug 10 14:38:01 IST 2016,PASS,Address validation verified successfully
SalesForce_AddressValidation,TESTCASE61,Wed Aug 10 14:39:07 IST 2016,PASS,Address validation saved successfully
SalesForce_AddressValidation,TESTCASE61,Wed Aug 10 14:40:05 IST 2016,PASS,After clicking on menu Accounts Respective page opened successfully
SalesForce_AddressValidation,TESTCASE61,Wed Aug 10 14:41:16 IST 2016,PASS,Address validation verified successfully
SalesForce_AddressValidation,TESTCASE61,Wed Aug 10 14:42:27 IST 2016,PASS,Address validation saved successfully
SalesForce_AddressValidation,TESTCASE61,Wed Aug 10 14:43:39 IST 2016,PASS,Address validation verified successfully
SalesForce_AddressValidation,TESTCASE61,Wed Aug 10 14:44:45 IST 2016,PASS,Address validation saved successfully
SalesForce_AddressValidation,TESTCASE61,Wed Aug 10 14:45:51 IST 2016,PASS,After clicking on menu Contracts Respective page opened successfully
SalesForce_AddressValidation,TESTCASE61,Wed Aug 10 14:49:05 IST 2016,PASS,Address validation saved successfully
SalesForce_AddressValidation,TESTCASE61,Wed Aug 10 14:52:18 IST 2016,PASS,Address validation saved successfully
SalesForce_AddressValidation,TESTCASE61,Wed Aug 10 14:53:06 IST 2016,PASS,Order created successfully
SalesForce_AddressValidation,TESTCASE61,Wed Aug 10 14:53:16 IST 2016,PASS,After clicking on menu Orders Respective page opened successfully
SalesForce_AddressValidation,TESTCASE61,Wed Aug 10 14:56:26 IST 2016,PASS,Address validation saved successfully
SalesForce_AddressValidation,TESTCASE61,Wed Aug 10 14:59:35 IST 2016,PASS,Address validation saved successfully
SalesForce_AddressValidation,TESTCASE61,Wed Aug 10 15:00:23 IST 2016,PASS,Opportunities created successfully
SalesForce_AddressValidation,TESTCASE61,Wed Aug 10 15:00:33 IST 2016,PASS,After clicking on menu Opportunities Respective page opened successfully
SalesForce_AddressValidation,TESTCASE61,Wed Aug 10 15:03:42 IST 2016,PASS,Address validation saved successfully
SalesForce_AddressValidation,TESTCASE61,Wed Aug 10 15:06:50 IST 2016,PASS,Address validation saved successfully
SalesForce_AddressValidation,TESTCASE61,Wed Aug 10 15:07:36 IST 2016,PASS,After clicking on menu newQuote Respective page opened successfully
SalesForce_AddressValidation,TESTCASE61,Wed Aug 10 15:08:50 IST 2016,PASS,Address validation verified successfully
SalesForce_AddressValidation,TESTCASE61,Wed Aug 10 15:10:02 IST 2016,PASS,Address validation saved successfully
SalesForce_AddressValidation,TESTCASE61,Wed Aug 10 15:11:14 IST 2016,PASS,Address validation verified successfully
SalesForce_AddressValidation,TESTCASE61,Wed Aug 10 15:12:21 IST 2016,PASS,Address validation saved successfully
SalesForce_AddressValidation,TESTCASE62,Wed Aug 10 15:12:31 IST 2016,PASS,Address Validation for Test case: TestCase62 Started.
SalesForce_AddressValidation,TESTCASE62,Wed Aug 10 15:13:06 IST 2016,FAIL,fMenuSelection: Exception: org.openqa.selenium.WebDriverException: unknown error: keys should be a string
  (Session info: chrome=52.0.2743.116)
  (Driver info: chromedriver=2.20.353145 (343b531d31eeb933ec778dbcf7081628a1396067),platform=Windows NT 6.1 SP1 x86_64) (WARNING: The server did not provide any stacktrace information)
Command duration or timeout: 72 milliseconds
Build info: version: '2.48.2', revision: '41bccdd', time: '2015-10-09 19:59:12'
System info: host: 'AV-PN-KHAREA', ip: '10.240.40.154', os.name: 'Windows 7', os.arch: 'amd64', os.version: '6.1', java.version: '1.8.0_74'
Driver info: org.openqa.selenium.chrome.ChromeDriver
Capabilities [{applicationCacheEnabled=false, rotatable=false, mobileEmulationEnabled=false, chrome={userDataDir=C:\Users\AJAY~1.KHA\AppData\Local\Temp\scoped_dir23264_14990}, takesHeapSnapshot=true, databaseEnabled=false, handlesAlerts=true, hasTouchScreen=false, version=52.0.2743.116, platform=XP, browserConnectionEnabled=false, nativeEvents=true, acceptSslCerts=true, locationContextEnabled=true, webStorageEnabled=true, browserName=chrome, takesScreenshot=true, javascriptEnabled=true, cssSelectorsEnabled=true}]
Session ID: 24a7b4099b93fa5ec6e87b9d76944132
SalesForce_AddressValidation,TESTCASE63,Wed Aug 10 15:13:06 IST 2016,PASS,Address Validation for Test case: TestCase63 Started.
SalesForce_AddressValidation,TESTCASE63,Wed Aug 10 15:13:51 IST 2016,PASS,After clicking on menu TaxNowSettings Respective page opened successfully
SalesForce_AddressValidation,TESTCASE63,Wed Aug 10 15:14:14 IST 2016,PASS,Avalara Configuration settings updated successfully
SalesForce_AddressValidation,TESTCASE63,Wed Aug 10 15:15:03 IST 2016,PASS,After clicking on menu Contacts Respective page opened successfully
SalesForce_AddressValidation,TESTCASE63,Wed Aug 10 15:15:15 IST 2016,PASS,Avalara Address Validation Test Case' verified successfully for TestCase63Contacts Window 
SalesForce_AddressValidation,TESTCASE63,Wed Aug 10 15:15:27 IST 2016,PASS,Address validation saved successfully
SalesForce_AddressValidation,TESTCASE63,Wed Aug 10 15:15:38 IST 2016,PASS,Avalara Address Validation Test Case' verified successfully for TestCase63Contacts Window 
SalesForce_AddressValidation,TESTCASE63,Wed Aug 10 15:15:45 IST 2016,PASS,Address validation saved successfully
SalesForce_AddressValidation,TESTCASE63,Wed Aug 10 15:16:42 IST 2016,PASS,After clicking on menu Accounts Respective page opened successfully
SalesForce_AddressValidation,TESTCASE63,Wed Aug 10 15:16:53 IST 2016,PASS,Avalara Address Validation Test Case' verified successfully for TestCase63Accounts Window 
SalesForce_AddressValidation,TESTCASE63,Wed Aug 10 15:17:05 IST 2016,PASS,Address validation saved successfully
SalesForce_AddressValidation,TESTCASE63,Wed Aug 10 15:17:17 IST 2016,PASS,Avalara Address Validation Test Case' verified successfully for TestCase63Accounts Window 
SalesForce_AddressValidation,TESTCASE63,Wed Aug 10 15:17:23 IST 2016,PASS,Address validation saved successfully
SalesForce_AddressValidation,TESTCASE63,Wed Aug 10 15:18:29 IST 2016,PASS,After clicking on menu Contracts Respective page opened successfully
SalesForce_AddressValidation,TESTCASE63,Wed Aug 10 15:18:52 IST 2016,PASS,Avalara Address Validation Test Case' verified successfully for TestCase63Contracts Window 
SalesForce_AddressValidation,TESTCASE63,Wed Aug 10 15:19:00 IST 2016,PASS,Address validation saved successfully
SalesForce_AddressValidation,TESTCASE63,Wed Aug 10 15:19:12 IST 2016,PASS,Avalara Address Validation Test Case' verified successfully for TestCase63Contracts Window 
SalesForce_AddressValidation,TESTCASE63,Wed Aug 10 15:19:19 IST 2016,PASS,Address validation saved successfully
SalesForce_AddressValidation,TESTCASE63,Wed Aug 10 15:20:06 IST 2016,PASS,Order created successfully
SalesForce_AddressValidation,TESTCASE63,Wed Aug 10 15:20:16 IST 2016,PASS,After clicking on menu Orders Respective page opened successfully
SalesForce_AddressValidation,TESTCASE63,Wed Aug 10 15:20:28 IST 2016,PASS,Avalara Address Validation Test Case' verified successfully for TestCase63Orders Window 
SalesForce_AddressValidation,TESTCASE63,Wed Aug 10 15:20:35 IST 2016,PASS,Address validation saved successfully
SalesForce_AddressValidation,TESTCASE63,Wed Aug 10 15:20:46 IST 2016,PASS,Avalara Address Validation Test Case' verified successfully for TestCase63Orders Window 
SalesForce_AddressValidation,TESTCASE63,Wed Aug 10 15:20:53 IST 2016,PASS,Address validation saved successfully
SalesForce_AddressValidation,TESTCASE63,Wed Aug 10 15:21:38 IST 2016,PASS,Opportunities created successfully
SalesForce_AddressValidation,TESTCASE63,Wed Aug 10 15:21:48 IST 2016,PASS,After clicking on menu Opportunities Respective page opened successfully
SalesForce_AddressValidation,TESTCASE63,Wed Aug 10 15:22:00 IST 2016,PASS,Avalara Address Validation Test Case' verified successfully for TestCase63Opportunities Window 
SalesForce_AddressValidation,TESTCASE63,Wed Aug 10 15:22:06 IST 2016,PASS,Address validation saved successfully
SalesForce_AddressValidation,TESTCASE63,Wed Aug 10 15:22:18 IST 2016,PASS,Avalara Address Validation Test Case' verified successfully for TestCase63Opportunities Window 
SalesForce_AddressValidation,TESTCASE63,Wed Aug 10 15:22:25 IST 2016,PASS,Address validation saved successfully
SalesForce_AddressValidation,TESTCASE63,Wed Aug 10 15:23:10 IST 2016,PASS,After clicking on menu newQuote Respective page opened successfully
SalesForce_AddressValidation,TESTCASE63,Wed Aug 10 15:23:29 IST 2016,PASS,Avalara Address Validation Test Case' verified successfully for TestCase63newQuote Window 
SalesForce_AddressValidation,TESTCASE63,Wed Aug 10 15:23:41 IST 2016,PASS,Address validation saved successfully
SalesForce_AddressValidation,TESTCASE63,Wed Aug 10 15:23:52 IST 2016,PASS,Avalara Address Validation Test Case' verified successfully for TestCase63newQuote Window 
SalesForce_AddressValidation,TESTCASE63,Wed Aug 10 15:23:59 IST 2016,PASS,Address validation saved successfully
SalesForce_AddressValidation,TESTCASE64,Wed Aug 10 15:24:09 IST 2016,PASS,Address Validation for Test case: TestCase64 Started.
SalesForce_AddressValidation,TESTCASE64,Wed Aug 10 15:24:55 IST 2016,PASS,After clicking on menu TaxNowSettings Respective page opened successfully
SalesForce_AddressValidation,TESTCASE64,Wed Aug 10 15:25:18 IST 2016,PASS,Avalara Configuration settings updated successfully
SalesForce_AddressValidation,TESTCASE64,Wed Aug 10 15:26:05 IST 2016,PASS,After clicking on menu Contacts Respective page opened successfully
SalesForce_AddressValidation,TESTCASE64,Wed Aug 10 15:27:17 IST 2016,PASS,Address validation verified successfully
SalesForce_AddressValidation,TESTCASE64,Wed Aug 10 15:28:28 IST 2016,PASS,Address validation saved successfully
SalesForce_AddressValidation,TESTCASE64,Wed Aug 10 15:29:39 IST 2016,PASS,Address validation verified successfully
SalesForce_AddressValidation,TESTCASE64,Wed Aug 10 15:30:46 IST 2016,PASS,Address validation saved successfully
SalesForce_AddressValidation,TESTCASE64,Wed Aug 10 15:31:42 IST 2016,PASS,After clicking on menu Accounts Respective page opened successfully
SalesForce_AddressValidation,TESTCASE64,Wed Aug 10 15:32:54 IST 2016,PASS,Address validation verified successfully
SalesForce_AddressValidation,TESTCASE64,Wed Aug 10 15:34:06 IST 2016,PASS,Address validation saved successfully
SalesForce_AddressValidation,TESTCASE64,Wed Aug 10 15:35:17 IST 2016,PASS,Address validation verified successfully
SalesForce_AddressValidation,TESTCASE64,Wed Aug 10 15:36:28 IST 2016,PASS,Address validation saved successfully
SalesForce_AddressValidation,TESTCASE64,Wed Aug 10 15:37:34 IST 2016,PASS,After clicking on menu Contracts Respective page opened successfully
SalesForce_AddressValidation,TESTCASE64,Wed Aug 10 15:40:43 IST 2016,PASS,Address validation saved successfully
SalesForce_AddressValidation,TESTCASE64,Wed Aug 10 15:43:52 IST 2016,PASS,Address validation saved successfully
SalesForce_AddressValidation,TESTCASE64,Wed Aug 10 15:44:38 IST 2016,PASS,Order created successfully
SalesForce_AddressValidation,TESTCASE64,Wed Aug 10 15:44:48 IST 2016,PASS,After clicking on menu Orders Respective page opened successfully
SalesForce_AddressValidation,TESTCASE64,Wed Aug 10 15:47:56 IST 2016,PASS,Address validation saved successfully
SalesForce_AddressValidation,TESTCASE64,Wed Aug 10 15:51:04 IST 2016,PASS,Address validation saved successfully
SalesForce_AddressValidation,TESTCASE64,Wed Aug 10 15:51:49 IST 2016,PASS,Opportunities created successfully
SalesForce_AddressValidation,TESTCASE64,Wed Aug 10 15:51:59 IST 2016,PASS,After clicking on menu Opportunities Respective page opened successfully
SalesForce_AddressValidation,TESTCASE64,Wed Aug 10 15:55:08 IST 2016,PASS,Address validation saved successfully
SalesForce_AddressValidation,TESTCASE64,Wed Aug 10 15:58:17 IST 2016,PASS,Address validation saved successfully
SalesForce_AddressValidation,TESTCASE64,Wed Aug 10 15:59:01 IST 2016,PASS,After clicking on menu newQuote Respective page opened successfully
SalesForce_AddressValidation,TESTCASE64,Wed Aug 10 16:00:14 IST 2016,PASS,Address validation verified successfully
SalesForce_AddressValidation,TESTCASE64,Wed Aug 10 16:01:26 IST 2016,PASS,Address validation saved successfully
SalesForce_AddressValidation,TESTCASE64,Wed Aug 10 16:02:37 IST 2016,PASS,Address validation verified successfully
SalesForce_AddressValidation,TESTCASE64,Wed Aug 10 16:03:44 IST 2016,PASS,Address validation saved successfully
SalesForce_AddressValidation,TESTCASE65,Wed Aug 10 16:03:54 IST 2016,PASS,Address Validation for Test case: TestCase65 Started.
SalesForce_AddressValidation,TESTCASE65,Wed Aug 10 16:04:28 IST 2016,FAIL,fMenuSelection: Exception: org.openqa.selenium.WebDriverException: unknown error: keys should be a string
  (Session info: chrome=52.0.2743.116)
  (Driver info: chromedriver=2.20.353145 (343b531d31eeb933ec778dbcf7081628a1396067),platform=Windows NT 6.1 SP1 x86_64) (WARNING: The server did not provide any stacktrace information)
Command duration or timeout: 49 milliseconds
Build info: version: '2.48.2', revision: '41bccdd', time: '2015-10-09 19:59:12'
System info: host: 'AV-PN-KHAREA', ip: '10.240.40.154', os.name: 'Windows 7', os.arch: 'amd64', os.version: '6.1', java.version: '1.8.0_74'
Driver info: org.openqa.selenium.chrome.ChromeDriver
Capabilities [{applicationCacheEnabled=false, rotatable=false, mobileEmulationEnabled=false, chrome={userDataDir=C:\Users\AJAY~1.KHA\AppData\Local\Temp\scoped_dir23264_14990}, takesHeapSnapshot=true, databaseEnabled=false, handlesAlerts=true, hasTouchScreen=false, version=52.0.2743.116, platform=XP, browserConnectionEnabled=false, nativeEvents=true, acceptSslCerts=true, locationContextEnabled=true, webStorageEnabled=true, browserName=chrome, takesScreenshot=true, javascriptEnabled=true, cssSelectorsEnabled=true}]
Session ID: 24a7b4099b93fa5ec6e87b9d76944132
SalesForce_AddressValidation,SalesForce_AddressValidation,Wed Aug 10 16:04:28 IST 2016,PASS,Script Ended.
