ScriptName,TCName,Date,Result,Description
SalesForce_AddressValidation,SalesForce_AddressValidation,Thu Jun 23 16:33:29 IST 2016,PASS,Logging into SalesForce application is successful.
SalesForce_AddressValidation,TESTCASE60,Thu Jun 23 16:33:29 IST 2016,PASS,Address Validation for Test case: TestCase60 Started.
SalesForce_AddressValidation,TESTCASE60,Thu Jun 23 16:35:04 IST 2016,FAIL,fMenuSelection: Exception: org.openqa.selenium.NoSuchElementException: no such element: Unable to locate element: {"method":"xpath","selector":"//div[@id='ep']/div[2]/div[7]/table/tbody/tr[2]/td[2]/input"}
  (Session info: chrome=51.0.2704.103)
  (Driver info: chromedriver=2.20.353145 (343b531d31eeb933ec778dbcf7081628a1396067),platform=Windows NT 6.1 SP1 x86_64) (WARNING: The server did not provide any stacktrace information)
Command duration or timeout: 60.07 seconds
For documentation on this error, please visit: http://seleniumhq.org/exceptions/no_such_element.html
Build info: version: '2.48.2', revision: '41bccdd', time: '2015-10-09 19:59:12'
System info: host: 'AV-PN-KHAREA', ip: '10.240.20.185', os.name: 'Windows 7', os.arch: 'amd64', os.version: '6.1', java.version: '1.8.0_74'
Driver info: org.openqa.selenium.chrome.ChromeDriver
Capabilities [{applicationCacheEnabled=false, rotatable=false, mobileEmulationEnabled=false, chrome={userDataDir=C:\Users\AJAY~1.KHA\AppData\Local\Temp\scoped_dir12000_32648}, takesHeapSnapshot=true, databaseEnabled=false, handlesAlerts=true, hasTouchScreen=false, version=51.0.2704.103, platform=XP, browserConnectionEnabled=false, nativeEvents=true, acceptSslCerts=true, locationContextEnabled=true, webStorageEnabled=true, browserName=chrome, takesScreenshot=true, javascriptEnabled=true, cssSelectorsEnabled=true}]
Session ID: 6c0b9c329dc3807324db3ac2f606d3c8
*** Element info: {Using=xpath, value=//div[@id='ep']/div[2]/div[7]/table/tbody/tr[2]/td[2]/input}
SalesForce_AddressValidation,TESTCASE61,Thu Jun 23 16:35:04 IST 2016,PASS,Address Validation for Test case: TestCase61 Started.
SalesForce_AddressValidation,TESTCASE60,Thu Jun 23 16:43:49 IST 2016,PASS,Avalara Address Validation Test Case' verified successfully for TestCase60TaxNowSettings Window 
SalesForce_AddressValidation,TESTCASE60,Thu Jun 23 16:44:00 IST 2016,PASS,Address validation saved successfully
SalesForce_AddressValidation,TESTCASE60,Thu Jun 23 16:44:49 IST 2016,PASS,After clicking on menu Contacts Respective page opened successfully
SalesForce_AddressValidation,TESTCASE60,Thu Jun 23 16:45:02 IST 2016,PASS,Avalara Address Validation Test Case' verified successfully for TestCase60Contacts Window 
SalesForce_AddressValidation,TESTCASE60,Thu Jun 23 16:45:14 IST 2016,PASS,Address validation saved successfully
SalesForce_AddressValidation,TESTCASE60,Thu Jun 23 16:45:26 IST 2016,PASS,Avalara Address Validation Test Case' verified successfully for TestCase60Contacts Window 
SalesForce_AddressValidation,TESTCASE60,Thu Jun 23 16:45:35 IST 2016,PASS,Address validation saved successfully
SalesForce_AddressValidation,TESTCASE60,Thu Jun 23 16:46:31 IST 2016,PASS,After clicking on menu Accounts Respective page opened successfully
SalesForce_AddressValidation,TESTCASE60,Thu Jun 23 16:46:48 IST 2016,PASS,Avalara Address Validation Test Case' verified successfully for TestCase60Accounts Window 
SalesForce_AddressValidation,TESTCASE60,Thu Jun 23 16:46:59 IST 2016,PASS,Address validation saved successfully
SalesForce_AddressValidation,TESTCASE60,Thu Jun 23 16:47:12 IST 2016,PASS,Avalara Address Validation Test Case' verified successfully for TestCase60Accounts Window 
SalesForce_AddressValidation,TESTCASE60,Thu Jun 23 16:47:18 IST 2016,PASS,Address validation saved successfully
SalesForce_AddressValidation,TESTCASE60,Thu Jun 23 16:47:54 IST 2016,PASS,Opportunities created successfully
SalesForce_AddressValidation,TESTCASE60,Thu Jun 23 16:48:04 IST 2016,PASS,After clicking on menu Opportunities Respective page opened successfully
SalesForce_AddressValidation,TESTCASE60,Thu Jun 23 16:49:04 IST 2016,FAIL,fAddressValidation: Exception: org.openqa.selenium.NoSuchElementException: no such element: Unable to locate element: {"method":"name","selector":"ava_sfcore__oppvalshipto"}
  (Session info: chrome=51.0.2704.103)
  (Driver info: chromedriver=2.20.353145 (343b531d31eeb933ec778dbcf7081628a1396067),platform=Windows NT 6.1 SP1 x86_64) (WARNING: The server did not provide any stacktrace information)
Command duration or timeout: 60.06 seconds
For documentation on this error, please visit: http://seleniumhq.org/exceptions/no_such_element.html
Build info: version: '2.48.2', revision: '41bccdd', time: '2015-10-09 19:59:12'
System info: host: 'AV-PN-KHAREA', ip: '10.240.20.185', os.name: 'Windows 7', os.arch: 'amd64', os.version: '6.1', java.version: '1.8.0_74'
Driver info: org.openqa.selenium.chrome.ChromeDriver
Capabilities [{applicationCacheEnabled=false, rotatable=false, mobileEmulationEnabled=false, chrome={userDataDir=C:\Users\AJAY~1.KHA\AppData\Local\Temp\scoped_dir11584_2014}, takesHeapSnapshot=true, databaseEnabled=false, handlesAlerts=true, hasTouchScreen=false, version=51.0.2704.103, platform=XP, browserConnectionEnabled=false, nativeEvents=true, acceptSslCerts=true, locationContextEnabled=true, webStorageEnabled=true, browserName=chrome, takesScreenshot=true, javascriptEnabled=true, cssSelectorsEnabled=true}]
Session ID: 0c1a820635fa2a6bfeb1ecec1182d91d
*** Element info: {Using=name, value=ava_sfcore__oppvalshipto}
SalesForce_AddressValidation,TESTCASE61,Thu Jun 23 16:49:04 IST 2016,PASS,Address Validation for Test case: TestCase61 Started.
SalesForce_AddressValidation,TESTCASE61,Thu Jun 23 16:49:49 IST 2016,PASS,After clicking on menu TaxNowSettings Respective page opened successfully
SalesForce_AddressValidation,TESTCASE61,Thu Jun 23 16:50:12 IST 2016,PASS,Avalara Configuration settings updated successfully
SalesForce_AddressValidation,TESTCASE61,Thu Jun 23 16:51:23 IST 2016,PASS,Address validation verified successfully
SalesForce_AddressValidation,TESTCASE61,Thu Jun 23 16:52:34 IST 2016,PASS,Address validation saved successfully
SalesForce_AddressValidation,TESTCASE61,Thu Jun 23 16:53:21 IST 2016,PASS,After clicking on menu Contacts Respective page opened successfully
SalesForce_AddressValidation,TESTCASE61,Thu Jun 23 16:54:33 IST 2016,PASS,Address validation verified successfully
SalesForce_AddressValidation,TESTCASE61,Thu Jun 23 16:55:44 IST 2016,PASS,Address validation saved successfully
SalesForce_AddressValidation,TESTCASE61,Thu Jun 23 16:56:56 IST 2016,PASS,Address validation verified successfully
SalesForce_AddressValidation,TESTCASE61,Thu Jun 23 16:58:02 IST 2016,PASS,Address validation saved successfully
SalesForce_AddressValidation,TESTCASE61,Thu Jun 23 16:58:58 IST 2016,PASS,After clicking on menu Accounts Respective page opened successfully
SalesForce_AddressValidation,TESTCASE61,Thu Jun 23 17:00:09 IST 2016,PASS,Address validation verified successfully
SalesForce_AddressValidation,TESTCASE61,Thu Jun 23 17:01:21 IST 2016,PASS,Address validation saved successfully
SalesForce_AddressValidation,TESTCASE61,Thu Jun 23 17:02:32 IST 2016,PASS,Address validation verified successfully
SalesForce_AddressValidation,TESTCASE61,Thu Jun 23 17:03:39 IST 2016,PASS,Address validation saved successfully
SalesForce_AddressValidation,TESTCASE61,Thu Jun 23 17:04:16 IST 2016,PASS,Opportunities created successfully
SalesForce_AddressValidation,TESTCASE61,Thu Jun 23 17:04:26 IST 2016,PASS,After clicking on menu Opportunities Respective page opened successfully
SalesForce_AddressValidation,TESTCASE61,Thu Jun 23 17:05:26 IST 2016,FAIL,fAddressValidation: Exception: org.openqa.selenium.NoSuchElementException: no such element: Unable to locate element: {"method":"name","selector":"ava_sfcore__oppvalshipto"}
  (Session info: chrome=51.0.2704.103)
  (Driver info: chromedriver=2.20.353145 (343b531d31eeb933ec778dbcf7081628a1396067),platform=Windows NT 6.1 SP1 x86_64) (WARNING: The server did not provide any stacktrace information)
Command duration or timeout: 60.02 seconds
For documentation on this error, please visit: http://seleniumhq.org/exceptions/no_such_element.html
Build info: version: '2.48.2', revision: '41bccdd', time: '2015-10-09 19:59:12'
System info: host: 'AV-PN-KHAREA', ip: '10.240.20.185', os.name: 'Windows 7', os.arch: 'amd64', os.version: '6.1', java.version: '1.8.0_74'
Driver info: org.openqa.selenium.chrome.ChromeDriver
Capabilities [{applicationCacheEnabled=false, rotatable=false, mobileEmulationEnabled=false, chrome={userDataDir=C:\Users\AJAY~1.KHA\AppData\Local\Temp\scoped_dir11584_2014}, takesHeapSnapshot=true, databaseEnabled=false, handlesAlerts=true, hasTouchScreen=false, version=51.0.2704.103, platform=XP, browserConnectionEnabled=false, nativeEvents=true, acceptSslCerts=true, locationContextEnabled=true, webStorageEnabled=true, browserName=chrome, takesScreenshot=true, javascriptEnabled=true, cssSelectorsEnabled=true}]
Session ID: 0c1a820635fa2a6bfeb1ecec1182d91d
*** Element info: {Using=name, value=ava_sfcore__oppvalshipto}
SalesForce_AddressValidation,TESTCASE62,Thu Jun 23 17:05:26 IST 2016,PASS,Address Validation for Test case: TestCase62 Started.
SalesForce_AddressValidation,TESTCASE62,Thu Jun 23 17:05:59 IST 2016,FAIL,fMenuSelection: Exception: org.openqa.selenium.WebDriverException: unknown error: keys should be a string
  (Session info: chrome=51.0.2704.103)
  (Driver info: chromedriver=2.20.353145 (343b531d31eeb933ec778dbcf7081628a1396067),platform=Windows NT 6.1 SP1 x86_64) (WARNING: The server did not provide any stacktrace information)
Command duration or timeout: 142 milliseconds
Build info: version: '2.48.2', revision: '41bccdd', time: '2015-10-09 19:59:12'
System info: host: 'AV-PN-KHAREA', ip: '10.240.20.185', os.name: 'Windows 7', os.arch: 'amd64', os.version: '6.1', java.version: '1.8.0_74'
Driver info: org.openqa.selenium.chrome.ChromeDriver
Capabilities [{applicationCacheEnabled=false, rotatable=false, mobileEmulationEnabled=false, chrome={userDataDir=C:\Users\AJAY~1.KHA\AppData\Local\Temp\scoped_dir11584_2014}, takesHeapSnapshot=true, databaseEnabled=false, handlesAlerts=true, hasTouchScreen=false, version=51.0.2704.103, platform=XP, browserConnectionEnabled=false, nativeEvents=true, acceptSslCerts=true, locationContextEnabled=true, webStorageEnabled=true, browserName=chrome, takesScreenshot=true, javascriptEnabled=true, cssSelectorsEnabled=true}]
Session ID: 0c1a820635fa2a6bfeb1ecec1182d91d
SalesForce_AddressValidation,TESTCASE63,Thu Jun 23 17:05:59 IST 2016,PASS,Address Validation for Test case: TestCase63 Started.
SalesForce_AddressValidation,TESTCASE63,Thu Jun 23 17:06:44 IST 2016,PASS,After clicking on menu TaxNowSettings Respective page opened successfully
SalesForce_AddressValidation,TESTCASE63,Thu Jun 23 17:07:07 IST 2016,PASS,Avalara Configuration settings updated successfully
SalesForce_AddressValidation,TESTCASE63,Thu Jun 23 17:07:18 IST 2016,PASS,Avalara Address Validation Test Case' verified successfully for TestCase63TaxNowSettings Window 
SalesForce_AddressValidation,TESTCASE63,Thu Jun 23 17:07:30 IST 2016,PASS,Address validation saved successfully
SalesForce_AddressValidation,TESTCASE63,Thu Jun 23 17:08:17 IST 2016,PASS,After clicking on menu Contacts Respective page opened successfully
SalesForce_AddressValidation,TESTCASE63,Thu Jun 23 17:08:28 IST 2016,PASS,Avalara Address Validation Test Case' verified successfully for TestCase63Contacts Window 
SalesForce_AddressValidation,TESTCASE63,Thu Jun 23 17:08:40 IST 2016,PASS,Address validation saved successfully
SalesForce_AddressValidation,TESTCASE63,Thu Jun 23 17:08:51 IST 2016,PASS,Avalara Address Validation Test Case' verified successfully for TestCase63Contacts Window 
SalesForce_AddressValidation,TESTCASE63,Thu Jun 23 17:08:58 IST 2016,PASS,Address validation saved successfully
SalesForce_AddressValidation,TESTCASE63,Thu Jun 23 17:09:54 IST 2016,PASS,After clicking on menu Accounts Respective page opened successfully
SalesForce_AddressValidation,TESTCASE63,Thu Jun 23 17:10:05 IST 2016,PASS,Avalara Address Validation Test Case' verified successfully for TestCase63Accounts Window 
SalesForce_AddressValidation,TESTCASE63,Thu Jun 23 17:10:17 IST 2016,PASS,Address validation saved successfully
SalesForce_AddressValidation,TESTCASE63,Thu Jun 23 17:10:28 IST 2016,PASS,Avalara Address Validation Test Case' verified successfully for TestCase63Accounts Window 
SalesForce_AddressValidation,TESTCASE63,Thu Jun 23 17:10:35 IST 2016,PASS,Address validation saved successfully
SalesForce_AddressValidation,TESTCASE63,Thu Jun 23 17:11:09 IST 2016,PASS,Opportunities created successfully
SalesForce_AddressValidation,TESTCASE63,Thu Jun 23 17:11:19 IST 2016,PASS,After clicking on menu Opportunities Respective page opened successfully
SalesForce_AddressValidation,TESTCASE63,Thu Jun 23 17:12:19 IST 2016,FAIL,fAddressValidation: Exception: org.openqa.selenium.NoSuchElementException: no such element: Unable to locate element: {"method":"name","selector":"ava_sfcore__oppvalshipto"}
  (Session info: chrome=51.0.2704.103)
  (Driver info: chromedriver=2.20.353145 (343b531d31eeb933ec778dbcf7081628a1396067),platform=Windows NT 6.1 SP1 x86_64) (WARNING: The server did not provide any stacktrace information)
Command duration or timeout: 60.03 seconds
For documentation on this error, please visit: http://seleniumhq.org/exceptions/no_such_element.html
Build info: version: '2.48.2', revision: '41bccdd', time: '2015-10-09 19:59:12'
System info: host: 'AV-PN-KHAREA', ip: '10.240.20.185', os.name: 'Windows 7', os.arch: 'amd64', os.version: '6.1', java.version: '1.8.0_74'
Driver info: org.openqa.selenium.chrome.ChromeDriver
Capabilities [{applicationCacheEnabled=false, rotatable=false, mobileEmulationEnabled=false, chrome={userDataDir=C:\Users\AJAY~1.KHA\AppData\Local\Temp\scoped_dir11584_2014}, takesHeapSnapshot=true, databaseEnabled=false, handlesAlerts=true, hasTouchScreen=false, version=51.0.2704.103, platform=XP, browserConnectionEnabled=false, nativeEvents=true, acceptSslCerts=true, locationContextEnabled=true, webStorageEnabled=true, browserName=chrome, takesScreenshot=true, javascriptEnabled=true, cssSelectorsEnabled=true}]
Session ID: 0c1a820635fa2a6bfeb1ecec1182d91d
*** Element info: {Using=name, value=ava_sfcore__oppvalshipto}
SalesForce_AddressValidation,TESTCASE64,Thu Jun 23 17:12:19 IST 2016,PASS,Address Validation for Test case: TestCase64 Started.
SalesForce_AddressValidation,TESTCASE64,Thu Jun 23 17:13:04 IST 2016,PASS,After clicking on menu TaxNowSettings Respective page opened successfully
SalesForce_AddressValidation,TESTCASE64,Thu Jun 23 17:13:29 IST 2016,PASS,Avalara Configuration settings updated successfully
SalesForce_AddressValidation,TESTCASE64,Thu Jun 23 17:14:41 IST 2016,PASS,Address validation verified successfully
SalesForce_AddressValidation,TESTCASE64,Thu Jun 23 17:15:52 IST 2016,PASS,Address validation saved successfully
SalesForce_AddressValidation,TESTCASE64,Thu Jun 23 17:16:39 IST 2016,PASS,After clicking on menu Contacts Respective page opened successfully
SalesForce_AddressValidation,TESTCASE64,Thu Jun 23 17:17:51 IST 2016,PASS,Address validation verified successfully
