ScriptName,TCName,Date,Result,Description,,
AccountingSeed_ErrorMessageDisplayed,AccountingSeed_ErrorMessageDisplayed,Tue Aug 02 12:07:10 IST 2016,PASS,Logging into AccountingSeed application is successful.,,
AccountingSeed_ErrorMessageDisplayed,TESTCASE80,Tue Aug 02 12:07:10 IST 2016,PASS,Tax Calculation for Test case: TestCase80 Started.,,
AccountingSeed_ErrorMessageDisplayed,TESTCASE80,Tue Aug 02 12:07:46 IST 2016,PASS,Tax now settings updated successfully,,
AccountingSeed_ErrorMessageDisplayed,TESTCASE80,Tue Aug 02 12:08:33 IST 2016,PASS,After clicking on menu Accounts Respective page opened successfully,,
AccountingSeed_ErrorMessageDisplayed,TESTCASE80,Tue Aug 02 12:08:59 IST 2016,PASS,Opportunities created successfully,,
AccountingSeed_ErrorMessageDisplayed,TESTCASE80,Tue Aug 02 12:09:09 IST 2016,PASS,After clicking on menu Opportunities Respective page opened successfully,,
AccountingSeed_ErrorMessageDisplayed,TESTCASE80,Tue Aug 02 12:10:58 IST 2016,PASS,Error message appeared as JurisdictionNotFoundError Unable to determine the taxing jurisdictions. 900432 Winslow way, Bainbridge Island, FL 453543 US (Destination)
AccountingSeed_ErrorMessageDisplayed,TESTCASE81,Tue Aug 02 12:11:36 IST 2016,PASS,Tax Calculation for Test case: TestCase81 Started.,,
AccountingSeed_ErrorMessageDisplayed,TESTCASE81,Tue Aug 02 12:12:08 IST 2016,PASS,Tax now settings updated successfully,,
AccountingSeed_ErrorMessageDisplayed,AccountingSeed_ErrorMessageDisplayed,Tue Aug 02 12:13:15 IST 2016,PASS,Script Ended.,,
AccountingSeed_ErrorMessageDisplayed,AccountingSeed_ErrorMessageDisplayed,Tue Aug 02 12:13:58 IST 2016,PASS,Logging into AccountingSeed application is successful.,,
AccountingSeed_ErrorMessageDisplayed,TESTCASE80,Tue Aug 02 12:13:58 IST 2016,PASS,Tax Calculation for Test case: TestCase80 Started.,,
AccountingSeed_ErrorMessageDisplayed,TESTCASE80,Tue Aug 02 12:14:33 IST 2016,PASS,Tax now settings updated successfully,,
AccountingSeed_ErrorMessageDisplayed,TESTCASE80,Tue Aug 02 12:15:19 IST 2016,PASS,After clicking on menu Accounts Respective page opened successfully,,
AccountingSeed_ErrorMessageDisplayed,TESTCASE80,Tue Aug 02 12:15:45 IST 2016,PASS,Opportunities created successfully,,
AccountingSeed_ErrorMessageDisplayed,TESTCASE80,Tue Aug 02 12:15:55 IST 2016,PASS,After clicking on menu Opportunities Respective page opened successfully,,
AccountingSeed_ErrorMessageDisplayed,TESTCASE80,Tue Aug 02 12:17:46 IST 2016,PASS,Error message appeared as JurisdictionNotFoundError Unable to determine the taxing jurisdictions. 900432 Winslow way, Bainbridge Island, FL 453543 US (Destination)
AccountingSeed_ErrorMessageDisplayed,TESTCASE81,Tue Aug 02 12:18:23 IST 2016,PASS,Tax Calculation for Test case: TestCase81 Started.,,
AccountingSeed_ErrorMessageDisplayed,TESTCASE81,Tue Aug 02 12:18:56 IST 2016,PASS,Tax now settings updated successfully,,
AccountingSeed_ErrorMessageDisplayed,TESTCASE81,Tue Aug 02 12:19:41 IST 2016,PASS,After clicking on menu Accounts Respective page opened successfully,,
AccountingSeed_ErrorMessageDisplayed,TESTCASE81,Tue Aug 02 12:20:07 IST 2016,PASS,Opportunities created successfully,,
AccountingSeed_ErrorMessageDisplayed,TESTCASE81,Tue Aug 02 12:20:17 IST 2016,PASS,After clicking on menu Opportunities Respective page opened successfully,,
AccountingSeed_ErrorMessageDisplayed,TESTCASE81,Tue Aug 02 12:21:58 IST 2016,PASS,Error message appeared as TaxAddressError An Address is incomplete or invalid.,,
AccountingSeed_ErrorMessageDisplayed,AccountingSeed_ErrorMessageDisplayed,Tue Aug 02 12:22:29 IST 2016,PASS,Script Ended.,,
AccountingSeed_TaxCalc,AccountingSeed_TaxCalc,Tue Aug 02 12:38:31 IST 2016,PASS,Logging into AccountingSeed application is successful.,,
AccountingSeed_TaxCalc,TESTCASE1,Tue Aug 02 12:38:31 IST 2016,PASS,Tax Calculation for Test case: TestCase1 Started.,,
AccountingSeed_TaxCalc,TESTCASE1,Tue Aug 02 12:39:07 IST 2016,PASS,Tax now settings updated successfully,,
AccountingSeed_TaxCalc,TESTCASE1,Tue Aug 02 12:39:54 IST 2016,PASS,After clicking on menu Accounts Respective page opened successfully,,
AccountingSeed_TaxCalc,TESTCASE1,Tue Aug 02 12:40:23 IST 2016,PASS,Opportunities created successfully,,
AccountingSeed_TaxCalc,TESTCASE1,Tue Aug 02 12:40:33 IST 2016,PASS,After clicking on menu Opportunities Respective page opened successfully,,
AccountingSeed_TaxCalc,TESTCASE1,Tue Aug 02 12:41:57 IST 2016,PASS,'Total Sales Tax' 60.00 verified successfully for Test case TestCase1 on Opportunities Window.,,
AccountingSeed_TaxCalc,AccountingSeed_TaxCalc,Tue Aug 02 12:42:41 IST 2016,PASS,Script Ended.,,
AccountingSeed_TaxCalc,AccountingSeed_TaxCalc,Tue Aug 02 12:54:18 IST 2016,PASS,Logging into AccountingSeed application is successful.,,
AccountingSeed_TaxCalc,TESTCASE1,Tue Aug 02 12:54:18 IST 2016,PASS,Tax Calculation for Test case: TestCase1 Started.,,
AccountingSeed_TaxCalc,TESTCASE1,Tue Aug 02 12:54:54 IST 2016,PASS,Tax now settings updated successfully,,
AccountingSeed_TaxCalc,TESTCASE1,Tue Aug 02 12:55:40 IST 2016,PASS,After clicking on menu Accounts Respective page opened successfully,,
AccountingSeed_TaxCalc,TESTCASE1,Tue Aug 02 12:56:07 IST 2016,PASS,Opportunities created successfully,,
AccountingSeed_TaxCalc,TESTCASE1,Tue Aug 02 12:56:17 IST 2016,PASS,After clicking on menu Opportunities Respective page opened successfully,,
AccountingSeed_TaxCalc,TESTCASE1,Tue Aug 02 12:57:43 IST 2016,PASS,'Total Sales Tax' 60.00 verified successfully for Test case TestCase1 on Opportunities Window.,,
AccountingSeed_TaxCalc,AccountingSeed_TaxCalc,Tue Aug 02 12:59:11 IST 2016,PASS,Script Ended.,,
AccountingSeed_EntityUseCode,AccountingSeed_EntityUseCode,Wed Aug 03 11:49:27 IST 2016,PASS,Logging into AccountingSeed application is successful.
AccountingSeed_EntityUseCode,TESTCASE110,Wed Aug 03 11:49:27 IST 2016,PASS,Tax Calculation for Test case: TestCase110 Started.
AccountingSeed_EntityUseCode,TESTCASE110,Wed Aug 03 11:50:02 IST 2016,PASS,Tax now settings updated successfully
AccountingSeed_EntityUseCode,TESTCASE110,Wed Aug 03 11:50:50 IST 2016,PASS,After clicking on menu Accounts Respective page opened successfully
AccountingSeed_EntityUseCode,TESTCASE110,Wed Aug 03 11:51:17 IST 2016,PASS,Opportunities created successfully
AccountingSeed_EntityUseCode,TESTCASE110,Wed Aug 03 11:51:27 IST 2016,PASS,After clicking on menu Opportunities Respective page opened successfully
AccountingSeed_EntityUseCode,TESTCASE110,Wed Aug 03 11:52:53 IST 2016,PASS,'Total Sales Tax' 0.00 verified successfully for Test case TestCase110 on Opportunities Window.
AccountingSeed_EntityUseCode,TESTCASE110,Wed Aug 03 11:53:03 IST 2016,PASS,Tax Calculation for Test case: TestCase110 Ended.
AccountingSeed_EntityUseCode,AccountingSeed_EntityUseCode,Wed Aug 03 11:53:03 IST 2016,PASS,Script Ended.
SalesForce_AddressValidation,SalesForce_AddressValidation,Tue Aug 09 11:21:54 IST 2016,PASS,Logging into SalesForce application is successful.
SalesForce_AddressValidation,TESTCASE61,Tue Aug 09 11:21:54 IST 2016,PASS,Address Validation for Test case: TestCase61 Started.
SalesForce_AddressValidation,TESTCASE61,Tue Aug 09 11:22:44 IST 2016,PASS,After clicking on menu TaxNowSettings Respective page opened successfully
SalesForce_AddressValidation,TESTCASE61,Tue Aug 09 11:23:07 IST 2016,PASS,Avalara Configuration settings updated successfully
SalesForce_AddressValidation,TESTCASE61,Tue Aug 09 11:24:29 IST 2016,PASS,Address validation verified successfully
SalesForce_AddressValidation,TESTCASE61,Tue Aug 09 11:25:42 IST 2016,PASS,Address validation saved successfully
SalesForce_AddressValidation,TESTCASE61,Tue Aug 09 11:26:17 IST 2016,FAIL,fMenuSelection: Exception: org.openqa.selenium.InvalidElementStateException: invalid element state: Element must be user-editable in order to clear it.
  (Session info: chrome=52.0.2743.116)
  (Driver info: chromedriver=2.20.353145 (343b531d31eeb933ec778dbcf7081628a1396067),platform=Windows NT 6.1 SP1 x86_64) (WARNING: The server did not provide any stacktrace information)
Command duration or timeout: 30 milliseconds
Build info: version: '2.48.2', revision: '41bccdd', time: '2015-10-09 19:59:12'
System info: host: 'AV-PN-KHAREA', ip: '10.240.20.140', os.name: 'Windows 7', os.arch: 'amd64', os.version: '6.1', java.version: '1.8.0_74'
Driver info: org.openqa.selenium.chrome.ChromeDriver
Capabilities [{applicationCacheEnabled=false, rotatable=false, mobileEmulationEnabled=false, chrome={userDataDir=C:\Users\AJAY~1.KHA\AppData\Local\Temp\scoped_dir11636_6565}, takesHeapSnapshot=true, databaseEnabled=false, handlesAlerts=true, hasTouchScreen=false, version=52.0.2743.116, platform=XP, browserConnectionEnabled=false, nativeEvents=true, acceptSslCerts=true, locationContextEnabled=true, webStorageEnabled=true, browserName=chrome, takesScreenshot=true, javascriptEnabled=true, cssSelectorsEnabled=true}]
Session ID: 041e54f27a258134dc626836441bdd8a
SalesForce_AddressValidation,TESTCASE62,Tue Aug 09 11:26:17 IST 2016,PASS,Address Validation for Test case: TestCase62 Started.
SalesForce_AddressValidation,TESTCASE62,Tue Aug 09 11:26:51 IST 2016,FAIL,fMenuSelection: Exception: org.openqa.selenium.WebDriverException: unknown error: keys should be a string
  (Session info: chrome=52.0.2743.116)
  (Driver info: chromedriver=2.20.353145 (343b531d31eeb933ec778dbcf7081628a1396067),platform=Windows NT 6.1 SP1 x86_64) (WARNING: The server did not provide any stacktrace information)
Command duration or timeout: 43 milliseconds
Build info: version: '2.48.2', revision: '41bccdd', time: '2015-10-09 19:59:12'
System info: host: 'AV-PN-KHAREA', ip: '10.240.20.140', os.name: 'Windows 7', os.arch: 'amd64', os.version: '6.1', java.version: '1.8.0_74'
Driver info: org.openqa.selenium.chrome.ChromeDriver
Capabilities [{applicationCacheEnabled=false, rotatable=false, mobileEmulationEnabled=false, chrome={userDataDir=C:\Users\AJAY~1.KHA\AppData\Local\Temp\scoped_dir11636_6565}, takesHeapSnapshot=true, databaseEnabled=false, handlesAlerts=true, hasTouchScreen=false, version=52.0.2743.116, platform=XP, browserConnectionEnabled=false, nativeEvents=true, acceptSslCerts=true, locationContextEnabled=true, webStorageEnabled=true, browserName=chrome, takesScreenshot=true, javascriptEnabled=true, cssSelectorsEnabled=true}]
Session ID: 041e54f27a258134dc626836441bdd8a
SalesForce_AddressValidation,TESTCASE63,Tue Aug 09 11:26:51 IST 2016,PASS,Address Validation for Test case: TestCase63 Started.
SalesForce_AddressValidation,TESTCASE63,Tue Aug 09 11:27:36 IST 2016,PASS,After clicking on menu TaxNowSettings Respective page opened successfully
SalesForce_AddressValidation,TESTCASE63,Tue Aug 09 11:27:59 IST 2016,PASS,Avalara Configuration settings updated successfully
SalesForce_AddressValidation,TESTCASE63,Tue Aug 09 11:28:11 IST 2016,PASS,Avalara Address Validation Test Case' verified successfully for TestCase63TaxNowSettings Window 
SalesForce_AddressValidation,TESTCASE63,Tue Aug 09 11:28:23 IST 2016,PASS,Address validation saved successfully
SalesForce_AddressValidation,TESTCASE63,Tue Aug 09 11:28:58 IST 2016,FAIL,fMenuSelection: Exception: org.openqa.selenium.InvalidElementStateException: invalid element state: Element must be user-editable in order to clear it.
  (Session info: chrome=52.0.2743.116)
  (Driver info: chromedriver=2.20.353145 (343b531d31eeb933ec778dbcf7081628a1396067),platform=Windows NT 6.1 SP1 x86_64) (WARNING: The server did not provide any stacktrace information)
Command duration or timeout: 28 milliseconds
Build info: version: '2.48.2', revision: '41bccdd', time: '2015-10-09 19:59:12'
System info: host: 'AV-PN-KHAREA', ip: '10.240.20.140', os.name: 'Windows 7', os.arch: 'amd64', os.version: '6.1', java.version: '1.8.0_74'
Driver info: org.openqa.selenium.chrome.ChromeDriver
Capabilities [{applicationCacheEnabled=false, rotatable=false, mobileEmulationEnabled=false, chrome={userDataDir=C:\Users\AJAY~1.KHA\AppData\Local\Temp\scoped_dir11636_6565}, takesHeapSnapshot=true, databaseEnabled=false, handlesAlerts=true, hasTouchScreen=false, version=52.0.2743.116, platform=XP, browserConnectionEnabled=false, nativeEvents=true, acceptSslCerts=true, locationContextEnabled=true, webStorageEnabled=true, browserName=chrome, takesScreenshot=true, javascriptEnabled=true, cssSelectorsEnabled=true}]
Session ID: 041e54f27a258134dc626836441bdd8a
SalesForce_AddressValidation,TESTCASE64,Tue Aug 09 11:28:58 IST 2016,PASS,Address Validation for Test case: TestCase64 Started.
SalesForce_AddressValidation,TESTCASE64,Tue Aug 09 11:29:43 IST 2016,PASS,After clicking on menu TaxNowSettings Respective page opened successfully
SalesForce_AddressValidation,TESTCASE64,Tue Aug 09 11:30:06 IST 2016,PASS,Avalara Configuration settings updated successfully
SalesForce_AddressValidation,TESTCASE64,Tue Aug 09 11:31:17 IST 2016,PASS,Address validation verified successfully
SalesForce_AddressValidation,TESTCASE64,Tue Aug 09 11:32:28 IST 2016,PASS,Address validation saved successfully
SalesForce_AddressValidation,TESTCASE64,Tue Aug 09 11:33:03 IST 2016,FAIL,fMenuSelection: Exception: org.openqa.selenium.InvalidElementStateException: invalid element state: Element must be user-editable in order to clear it.
  (Session info: chrome=52.0.2743.116)
  (Driver info: chromedriver=2.20.353145 (343b531d31eeb933ec778dbcf7081628a1396067),platform=Windows NT 6.1 SP1 x86_64) (WARNING: The server did not provide any stacktrace information)
Command duration or timeout: 28 milliseconds
Build info: version: '2.48.2', revision: '41bccdd', time: '2015-10-09 19:59:12'
System info: host: 'AV-PN-KHAREA', ip: '10.240.20.140', os.name: 'Windows 7', os.arch: 'amd64', os.version: '6.1', java.version: '1.8.0_74'
Driver info: org.openqa.selenium.chrome.ChromeDriver
Capabilities [{applicationCacheEnabled=false, rotatable=false, mobileEmulationEnabled=false, chrome={userDataDir=C:\Users\AJAY~1.KHA\AppData\Local\Temp\scoped_dir11636_6565}, takesHeapSnapshot=true, databaseEnabled=false, handlesAlerts=true, hasTouchScreen=false, version=52.0.2743.116, platform=XP, browserConnectionEnabled=false, nativeEvents=true, acceptSslCerts=true, locationContextEnabled=true, webStorageEnabled=true, browserName=chrome, takesScreenshot=true, javascriptEnabled=true, cssSelectorsEnabled=true}]
Session ID: 041e54f27a258134dc626836441bdd8a
SalesForce_AddressValidation,TESTCASE65,Tue Aug 09 11:33:03 IST 2016,PASS,Address Validation for Test case: TestCase65 Started.
SalesForce_AddressValidation,TESTCASE65,Tue Aug 09 11:33:37 IST 2016,FAIL,fMenuSelection: Exception: org.openqa.selenium.WebDriverException: unknown error: keys should be a string
  (Session info: chrome=52.0.2743.116)
  (Driver info: chromedriver=2.20.353145 (343b531d31eeb933ec778dbcf7081628a1396067),platform=Windows NT 6.1 SP1 x86_64) (WARNING: The server did not provide any stacktrace information)
Command duration or timeout: 46 milliseconds
Build info: version: '2.48.2', revision: '41bccdd', time: '2015-10-09 19:59:12'
System info: host: 'AV-PN-KHAREA', ip: '10.240.20.140', os.name: 'Windows 7', os.arch: 'amd64', os.version: '6.1', java.version: '1.8.0_74'
Driver info: org.openqa.selenium.chrome.ChromeDriver
Capabilities [{applicationCacheEnabled=false, rotatable=false, mobileEmulationEnabled=false, chrome={userDataDir=C:\Users\AJAY~1.KHA\AppData\Local\Temp\scoped_dir11636_6565}, takesHeapSnapshot=true, databaseEnabled=false, handlesAlerts=true, hasTouchScreen=false, version=52.0.2743.116, platform=XP, browserConnectionEnabled=false, nativeEvents=true, acceptSslCerts=true, locationContextEnabled=true, webStorageEnabled=true, browserName=chrome, takesScreenshot=true, javascriptEnabled=true, cssSelectorsEnabled=true}]
Session ID: 041e54f27a258134dc626836441bdd8a
SalesForce_AddressValidation,SalesForce_AddressValidation,Tue Aug 09 11:33:37 IST 2016,PASS,Script Ended.
