ScriptName,TCName,Date,Result,Description
SalesForce_TaxCalc,SalesForce_TaxCalc,Wed Mar 26 16:08:21 IST 2014,PASS,Logging into SalesForce application is successful.
SalesForce_TaxCalc,TESTCASE1,Wed Mar 26 16:08:21 IST 2014,PASS,Tax Calculation for Test case: TestCase1 Started.
SalesForce_TaxCalc,TESTCASE1,Wed Mar 26 16:08:27 IST 2014,PASS,After clicking on menu TaxNowSettings Respective page opened successfully
SalesForce_TaxCalc,TESTCASE1,Wed Mar 26 16:08:31 IST 2014,PASS,Tax now settings updated successfully
SalesForce_TaxCalc,TESTCASE1,Wed Mar 26 16:08:42 IST 2014,PASS,After clicking on menu Accounts Respective page opened successfully
SalesForce_TaxCalc,TESTCASE1,Wed Mar 26 16:08:50 IST 2014,PASS,Opportunities created successfully
SalesForce_TaxCalc,TESTCASE1,Wed Mar 26 16:08:51 IST 2014,PASS,After clicking on menu Opportunities Respective page opened successfully
SalesForce_TaxCalc,TESTCASE1,Wed Mar 26 16:09:01 IST 2014,PASS,Avalara Status 'Temporary' verified successfully on adding products for Test case TestCase1 On Menu item : - Opportunities
SalesForce_TaxCalc,TESTCASE1,Wed Mar 26 16:09:06 IST 2014,PASS,'Total Sales Tax' 60.00 verified successfully for Test case TestCase1 on Opportunities Window.
SalesForce_TaxCalc,TESTCASE1,Wed Mar 26 16:09:06 IST 2014,PASS,Avalara Status ' Temporary' verified successfully on Calculate for Test case TestCase1 On tax calculation on Opportunities Window 
SalesForce_TaxCalc,TESTCASE1,Wed Mar 26 16:09:12 IST 2014,PASS,After clicking on menu newQuote Respective page opened successfully
SalesForce_TaxCalc,TESTCASE1,Wed Mar 26 16:09:23 IST 2014,PASS,Avalara Status 'Temporary' verified successfully on adding products for Test case TestCase1 On Menu item : - Quotes
SalesForce_TaxCalc,TESTCASE1,Wed Mar 26 16:09:27 IST 2014,PASS,'Total Sales Tax' 120.00 verified successfully for Test case TestCase1 on Quotes Window.
SalesForce_TaxCalc,TESTCASE1,Wed Mar 26 16:09:28 IST 2014,PASS,Avalara Status ' Temporary' verified successfully on Calculate for Test case TestCase1 On tax calculation on Quotes Window 
SalesForce_TaxCalc,TESTCASE1,Wed Mar 26 16:09:28 IST 2014,PASS,Tax Calculation for Test case: TestCase1 Ended.
SalesForce_TaxCalc,TESTCASE2,Wed Mar 26 16:09:28 IST 2014,PASS,Tax Calculation for Test case: TestCase2 Started.
SalesForce_TaxCalc,TESTCASE2,Wed Mar 26 16:09:33 IST 2014,PASS,After clicking on menu TaxNowSettings Respective page opened successfully
SalesForce_TaxCalc,TESTCASE2,Wed Mar 26 16:09:37 IST 2014,PASS,Tax now settings updated successfully
SalesForce_TaxCalc,TESTCASE2,Wed Mar 26 16:09:47 IST 2014,PASS,After clicking on menu Accounts Respective page opened successfully
SalesForce_TaxCalc,TESTCASE2,Wed Mar 26 16:09:54 IST 2014,PASS,Opportunities created successfully
SalesForce_TaxCalc,TESTCASE2,Wed Mar 26 16:09:55 IST 2014,PASS,After clicking on menu Opportunities Respective page opened successfully
SalesForce_TaxCalc,TESTCASE2,Wed Mar 26 16:10:05 IST 2014,PASS,Avalara Status 'Temporary' verified successfully on adding products for Test case TestCase2 On Menu item : - Opportunities
SalesForce_TaxCalc,TESTCASE2,Wed Mar 26 16:10:07 IST 2014,PASS,'Total Sales Tax' 60.00 verified successfully for Test case TestCase2 on Opportunities Window.
SalesForce_TaxCalc,TESTCASE2,Wed Mar 26 16:10:08 IST 2014,PASS,Avalara Status ' Saved' verified successfully on Calculate for Test case TestCase2 On tax calculation on Opportunities Window 
SalesForce_TaxCalc,TESTCASE2,Wed Mar 26 16:10:14 IST 2014,PASS,After clicking on menu newQuote Respective page opened successfully
SalesForce_TaxCalc,TESTCASE2,Wed Mar 26 16:10:23 IST 2014,FAIL,Avalara Status 'Temporary' NOT verified successfully on adding products for Test case TestCase2 On Menu item : - QuotesExpected : Temporary and Actual:Saved
SalesForce_TaxCalc,TESTCASE3,Wed Mar 26 16:10:23 IST 2014,PASS,Tax Calculation for Test case: TestCase3 Started.
SalesForce_TaxCalc,TESTCASE3,Wed Mar 26 16:10:29 IST 2014,PASS,After clicking on menu TaxNowSettings Respective page opened successfully
SalesForce_TaxCalc,TESTCASE3,Wed Mar 26 16:10:33 IST 2014,PASS,Tax now settings updated successfully
SalesForce_TaxCalc,TESTCASE3,Wed Mar 26 16:10:43 IST 2014,PASS,After clicking on menu Accounts Respective page opened successfully
SalesForce_TaxCalc,TESTCASE3,Wed Mar 26 16:10:50 IST 2014,PASS,Opportunities created successfully
SalesForce_TaxCalc,TESTCASE3,Wed Mar 26 16:10:51 IST 2014,PASS,After clicking on menu Opportunities Respective page opened successfully
SalesForce_TaxCalc,TESTCASE3,Wed Mar 26 16:11:00 IST 2014,PASS,Avalara Status 'Temporary' verified successfully on adding products for Test case TestCase3 On Menu item : - Opportunities
SalesForce_TaxCalc,TESTCASE3,Wed Mar 26 16:11:03 IST 2014,FAIL,'Total Sales Tax' 29.00 NOT verified successfully for Test caseTestCase3 on Opportunities Window.Expected Tax :- 29.00 and Actual Tax:- 77.50
SalesForce_TaxCalc,TESTCASE4,Wed Mar 26 16:11:03 IST 2014,PASS,Tax Calculation for Test case: TestCase4 Started.
SalesForce_TaxCalc,TESTCASE4,Wed Mar 26 16:11:10 IST 2014,PASS,After clicking on menu TaxNowSettings Respective page opened successfully
SalesForce_TaxCalc,TESTCASE4,Wed Mar 26 16:11:14 IST 2014,PASS,Tax now settings updated successfully
SalesForce_TaxCalc,TESTCASE4,Wed Mar 26 16:11:24 IST 2014,PASS,After clicking on menu Accounts Respective page opened successfully
SalesForce_TaxCalc,TESTCASE4,Wed Mar 26 16:11:31 IST 2014,PASS,Opportunities created successfully
SalesForce_TaxCalc,TESTCASE4,Wed Mar 26 16:11:32 IST 2014,PASS,After clicking on menu Opportunities Respective page opened successfully
SalesForce_TaxCalc,TESTCASE4,Wed Mar 26 16:11:41 IST 2014,PASS,Avalara Status 'Temporary' verified successfully on adding products for Test case TestCase4 On Menu item : - Opportunities
SalesForce_TaxCalc,TESTCASE4,Wed Mar 26 16:11:44 IST 2014,FAIL,'Total Sales Tax' 29.00 NOT verified successfully for Test caseTestCase4 on Opportunities Window.Expected Tax :- 29.00 and Actual Tax:- 77.50
SalesForce_TaxCalc,TESTCASE5,Wed Mar 26 16:11:44 IST 2014,PASS,Tax Calculation for Test case: TestCase5 Started.
SalesForce_TaxCalc,TESTCASE5,Wed Mar 26 16:11:51 IST 2014,PASS,After clicking on menu TaxNowSettings Respective page opened successfully
SalesForce_TaxCalc,TESTCASE5,Wed Mar 26 16:11:54 IST 2014,PASS,Tax now settings updated successfully
SalesForce_TaxCalc,TESTCASE5,Wed Mar 26 16:12:04 IST 2014,PASS,After clicking on menu Accounts Respective page opened successfully
SalesForce_TaxCalc,TESTCASE5,Wed Mar 26 16:12:11 IST 2014,PASS,Opportunities created successfully
SalesForce_TaxCalc,TESTCASE5,Wed Mar 26 16:12:12 IST 2014,PASS,After clicking on menu Opportunities Respective page opened successfully
SalesForce_TaxCalc,TESTCASE5,Wed Mar 26 16:12:21 IST 2014,PASS,Avalara Status 'Temporary' verified successfully on adding products for Test case TestCase5 On Menu item : - Opportunities
SalesForce_TaxCalc,TESTCASE5,Wed Mar 26 16:13:27 IST 2014,FAIL,fCalculateSalesTax: Exception: org.openqa.selenium.NoSuchElementException: Unable to locate element: {"method":"id","selector":"00Ni000000DEYPx_ileinner"}
Command duration or timeout: 65.25 seconds
For documentation on this error, please visit: http://seleniumhq.org/exceptions/no_such_element.html
Build info: version: '2.40.0', revision: 'fbe29a9', time: '2014-02-19 20:55:11'
System info: host: 'Av-Pn-KhareA', ip: '10.240.20.106', os.name: 'Windows 7', os.arch: 'x86', os.version: '6.1', java.version: '1.6.0_45'
Session ID: 792ac407-bae5-4c07-96b2-453b1e385f07
Driver info: org.openqa.selenium.firefox.FirefoxDriver
Capabilities [{platform=XP, acceptSslCerts=true, javascriptEnabled=true, browserName=firefox, rotatable=false, locationContextEnabled=true, version=12.0, cssSelectorsEnabled=true, databaseEnabled=true, handlesAlerts=true, browserConnectionEnabled=true, nativeEvents=false, webStorageEnabled=true, applicationCacheEnabled=true, takesScreenshot=true}]
SalesForce_TaxCalc,TESTCASE6,Wed Mar 26 16:13:27 IST 2014,PASS,Tax Calculation for Test case: TestCase6 Started.
SalesForce_TaxCalc,TESTCASE6,Wed Mar 26 16:13:33 IST 2014,PASS,After clicking on menu TaxNowSettings Respective page opened successfully
SalesForce_TaxCalc,TESTCASE6,Wed Mar 26 16:13:37 IST 2014,PASS,Tax now settings updated successfully
SalesForce_TaxCalc,TESTCASE6,Wed Mar 26 16:13:47 IST 2014,PASS,After clicking on menu Accounts Respective page opened successfully
SalesForce_TaxCalc,TESTCASE6,Wed Mar 26 16:13:55 IST 2014,PASS,Opportunities created successfully
SalesForce_TaxCalc,TESTCASE6,Wed Mar 26 16:13:56 IST 2014,PASS,After clicking on menu Opportunities Respective page opened successfully
SalesForce_TaxCalc,TESTCASE6,Wed Mar 26 16:14:05 IST 2014,PASS,Avalara Status 'Temporary' verified successfully on adding products for Test case TestCase6 On Menu item : - Opportunities
SalesForce_TaxCalc,TESTCASE6,Wed Mar 26 16:15:07 IST 2014,FAIL,fCalculateSalesTax: Exception: org.openqa.selenium.NoSuchElementException: Unable to locate element: {"method":"id","selector":"00Ni000000DEYPx_ileinner"}
Command duration or timeout: 60.89 seconds
For documentation on this error, please visit: http://seleniumhq.org/exceptions/no_such_element.html
Build info: version: '2.40.0', revision: 'fbe29a9', time: '2014-02-19 20:55:11'
System info: host: 'Av-Pn-KhareA', ip: '10.240.20.106', os.name: 'Windows 7', os.arch: 'x86', os.version: '6.1', java.version: '1.6.0_45'
Session ID: 792ac407-bae5-4c07-96b2-453b1e385f07
Driver info: org.openqa.selenium.firefox.FirefoxDriver
Capabilities [{platform=XP, acceptSslCerts=true, javascriptEnabled=true, browserName=firefox, rotatable=false, locationContextEnabled=true, version=12.0, cssSelectorsEnabled=true, databaseEnabled=true, handlesAlerts=true, browserConnectionEnabled=true, nativeEvents=false, webStorageEnabled=true, applicationCacheEnabled=true, takesScreenshot=true}]
SalesForce_TaxCalc,TESTCASE7,Wed Mar 26 16:15:07 IST 2014,PASS,Tax Calculation for Test case: TestCase7 Started.
SalesForce_TaxCalc,TESTCASE7,Wed Mar 26 16:15:13 IST 2014,PASS,After clicking on menu TaxNowSettings Respective page opened successfully
SalesForce_TaxCalc,TESTCASE7,Wed Mar 26 16:15:16 IST 2014,PASS,Tax now settings updated successfully
SalesForce_TaxCalc,TESTCASE7,Wed Mar 26 16:15:26 IST 2014,PASS,After clicking on menu Accounts Respective page opened successfully
SalesForce_TaxCalc,TESTCASE7,Wed Mar 26 16:15:34 IST 2014,PASS,Opportunities created successfully
SalesForce_TaxCalc,TESTCASE7,Wed Mar 26 16:15:35 IST 2014,PASS,After clicking on menu Opportunities Respective page opened successfully
SalesForce_TaxCalc,TESTCASE7,Wed Mar 26 16:15:44 IST 2014,PASS,Avalara Status 'Temporary' verified successfully on adding products for Test case TestCase7 On Menu item : - Opportunities
SalesForce_TaxCalc,TESTCASE7,Wed Mar 26 16:16:46 IST 2014,FAIL,fCalculateSalesTax: Exception: org.openqa.selenium.NoSuchElementException: Unable to locate element: {"method":"id","selector":"00Ni000000DEYPx_ileinner"}
Command duration or timeout: 60.45 seconds
For documentation on this error, please visit: http://seleniumhq.org/exceptions/no_such_element.html
Build info: version: '2.40.0', revision: 'fbe29a9', time: '2014-02-19 20:55:11'
System info: host: 'Av-Pn-KhareA', ip: '10.240.20.106', os.name: 'Windows 7', os.arch: 'x86', os.version: '6.1', java.version: '1.6.0_45'
Session ID: 792ac407-bae5-4c07-96b2-453b1e385f07
Driver info: org.openqa.selenium.firefox.FirefoxDriver
Capabilities [{platform=XP, acceptSslCerts=true, javascriptEnabled=true, browserName=firefox, rotatable=false, locationContextEnabled=true, version=12.0, cssSelectorsEnabled=true, databaseEnabled=true, handlesAlerts=true, browserConnectionEnabled=true, nativeEvents=false, webStorageEnabled=true, applicationCacheEnabled=true, takesScreenshot=true}]
SalesForce_TaxCalc,TESTCASE8,Wed Mar 26 16:16:46 IST 2014,PASS,Tax Calculation for Test case: TestCase8 Started.
SalesForce_TaxCalc,TESTCASE8,Wed Mar 26 16:16:52 IST 2014,PASS,After clicking on menu TaxNowSettings Respective page opened successfully
SalesForce_TaxCalc,TESTCASE8,Wed Mar 26 16:16:56 IST 2014,PASS,Tax now settings updated successfully
SalesForce_TaxCalc,TESTCASE8,Wed Mar 26 16:17:06 IST 2014,PASS,After clicking on menu Accounts Respective page opened successfully
SalesForce_TaxCalc,TESTCASE8,Wed Mar 26 16:17:13 IST 2014,PASS,Opportunities created successfully
SalesForce_TaxCalc,TESTCASE8,Wed Mar 26 16:17:14 IST 2014,PASS,After clicking on menu Opportunities Respective page opened successfully
SalesForce_TaxCalc,TESTCASE8,Wed Mar 26 16:17:23 IST 2014,PASS,Avalara Status 'Temporary' verified successfully on adding products for Test case TestCase8 On Menu item : - Opportunities
SalesForce_TaxCalc,TESTCASE8,Wed Mar 26 16:18:25 IST 2014,FAIL,fCalculateSalesTax: Exception: org.openqa.selenium.NoSuchElementException: Unable to locate element: {"method":"id","selector":"00Ni000000DEYPx_ileinner"}
Command duration or timeout: 60.50 seconds
For documentation on this error, please visit: http://seleniumhq.org/exceptions/no_such_element.html
Build info: version: '2.40.0', revision: 'fbe29a9', time: '2014-02-19 20:55:11'
System info: host: 'Av-Pn-KhareA', ip: '10.240.20.106', os.name: 'Windows 7', os.arch: 'x86', os.version: '6.1', java.version: '1.6.0_45'
Session ID: 792ac407-bae5-4c07-96b2-453b1e385f07
Driver info: org.openqa.selenium.firefox.FirefoxDriver
Capabilities [{platform=XP, acceptSslCerts=true, javascriptEnabled=true, browserName=firefox, rotatable=false, locationContextEnabled=true, version=12.0, cssSelectorsEnabled=true, databaseEnabled=true, handlesAlerts=true, browserConnectionEnabled=true, nativeEvents=false, webStorageEnabled=true, applicationCacheEnabled=true, takesScreenshot=true}]
SalesForce_TaxCalc,TESTCASE9,Wed Mar 26 16:18:25 IST 2014,PASS,Tax Calculation for Test case: TestCase9 Started.
SalesForce_TaxCalc,TESTCASE9,Wed Mar 26 16:18:30 IST 2014,PASS,After clicking on menu TaxNowSettings Respective page opened successfully
SalesForce_TaxCalc,TESTCASE9,Wed Mar 26 16:18:35 IST 2014,PASS,Tax now settings updated successfully
SalesForce_TaxCalc,TESTCASE9,Wed Mar 26 16:18:45 IST 2014,PASS,After clicking on menu Accounts Respective page opened successfully
SalesForce_TaxCalc,TESTCASE9,Wed Mar 26 16:18:52 IST 2014,PASS,Opportunities created successfully
SalesForce_TaxCalc,TESTCASE9,Wed Mar 26 16:18:53 IST 2014,PASS,After clicking on menu Opportunities Respective page opened successfully
SalesForce_TaxCalc,TESTCASE9,Wed Mar 26 16:19:03 IST 2014,PASS,Avalara Status 'Temporary' verified successfully on adding products for Test case TestCase9 On Menu item : - Opportunities
SalesForce_TaxCalc,TESTCASE9,Wed Mar 26 16:19:06 IST 2014,PASS,'Total Sales Tax' 50.00 verified successfully for Test case TestCase9 on Opportunities Window.
SalesForce_TaxCalc,TESTCASE9,Wed Mar 26 16:19:06 IST 2014,PASS,Avalara Status ' Saved' verified successfully on Calculate for Test case TestCase9 On tax calculation on Opportunities Window 
SalesForce_TaxCalc,TESTCASE9,Wed Mar 26 16:19:09 IST 2014,PASS,'Total Sales Tax' 50.00 verified successfully for Test case TestCase9 on Finalize Opportunity Window.
SalesForce_TaxCalc,TESTCASE9,Wed Mar 26 16:19:09 IST 2014,PASS,Avalara Status ' Committed' verified successfully on Calculate for Test case TestCase9 On tax calculation on Finalize Opportunity Window 
SalesForce_TaxCalc,TESTCASE9,Wed Mar 26 16:19:15 IST 2014,PASS,After clicking on menu newQuote Respective page opened successfully
SalesForce_TaxCalc,TESTCASE9,Wed Mar 26 16:19:25 IST 2014,FAIL,Avalara Status 'Temporary' NOT verified successfully on adding products for Test case TestCase9 On Menu item : - QuotesExpected : Temporary and Actual:Saved
SalesForce_TaxCalc,TESTCASE10,Wed Mar 26 16:19:25 IST 2014,PASS,Tax Calculation for Test case: TestCase10 Started.
SalesForce_TaxCalc,TESTCASE10,Wed Mar 26 16:19:30 IST 2014,PASS,After clicking on menu TaxNowSettings Respective page opened successfully
SalesForce_TaxCalc,TESTCASE10,Wed Mar 26 16:19:34 IST 2014,PASS,Tax now settings updated successfully
SalesForce_TaxCalc,TESTCASE10,Wed Mar 26 16:19:44 IST 2014,PASS,After clicking on menu Accounts Respective page opened successfully
SalesForce_TaxCalc,TESTCASE10,Wed Mar 26 16:19:52 IST 2014,PASS,Opportunities created successfully
SalesForce_TaxCalc,TESTCASE10,Wed Mar 26 16:19:53 IST 2014,PASS,After clicking on menu Opportunities Respective page opened successfully
SalesForce_TaxCalc,TESTCASE10,Wed Mar 26 16:20:01 IST 2014,PASS,Avalara Status 'Temporary' verified successfully on adding products for Test case TestCase10 On Menu item : - Opportunities
SalesForce_TaxCalc,TESTCASE10,Wed Mar 26 16:21:04 IST 2014,FAIL,fCalculateSalesTax: Exception: org.openqa.selenium.NoSuchElementException: Unable to locate element: {"method":"id","selector":"00Ni000000DEYPx_ileinner"}
Command duration or timeout: 60.78 seconds
For documentation on this error, please visit: http://seleniumhq.org/exceptions/no_such_element.html
Build info: version: '2.40.0', revision: 'fbe29a9', time: '2014-02-19 20:55:11'
System info: host: 'Av-Pn-KhareA', ip: '10.240.20.106', os.name: 'Windows 7', os.arch: 'x86', os.version: '6.1', java.version: '1.6.0_45'
Session ID: 792ac407-bae5-4c07-96b2-453b1e385f07
Driver info: org.openqa.selenium.firefox.FirefoxDriver
Capabilities [{platform=XP, acceptSslCerts=true, javascriptEnabled=true, browserName=firefox, rotatable=false, locationContextEnabled=true, version=12.0, cssSelectorsEnabled=true, databaseEnabled=true, handlesAlerts=true, browserConnectionEnabled=true, nativeEvents=false, webStorageEnabled=true, applicationCacheEnabled=true, takesScreenshot=true}]
SalesForce_TaxCalc,TESTCASE11,Wed Mar 26 16:21:04 IST 2014,PASS,Tax Calculation for Test case: TestCase11 Started.
SalesForce_TaxCalc,TESTCASE11,Wed Mar 26 16:21:10 IST 2014,PASS,After clicking on menu TaxNowSettings Respective page opened successfully
SalesForce_TaxCalc,TESTCASE11,Wed Mar 26 16:21:14 IST 2014,PASS,Tax now settings updated successfully
SalesForce_TaxCalc,TESTCASE11,Wed Mar 26 16:21:23 IST 2014,PASS,After clicking on menu Accounts Respective page opened successfully
SalesForce_TaxCalc,TESTCASE11,Wed Mar 26 16:21:31 IST 2014,PASS,Opportunities created successfully
SalesForce_TaxCalc,TESTCASE11,Wed Mar 26 16:21:32 IST 2014,PASS,After clicking on menu Opportunities Respective page opened successfully
SalesForce_TaxCalc,TESTCASE11,Wed Mar 26 16:21:41 IST 2014,PASS,Avalara Status 'Temporary' verified successfully on adding products for Test case TestCase11 On Menu item : - Opportunities
SalesForce_TaxCalc,TESTCASE11,Wed Mar 26 16:22:45 IST 2014,FAIL,fCalculateSalesTax: Exception: org.openqa.selenium.NoSuchElementException: Unable to locate element: {"method":"id","selector":"00Ni000000DEYPx_ileinner"}
Command duration or timeout: 60.99 seconds
For documentation on this error, please visit: http://seleniumhq.org/exceptions/no_such_element.html
Build info: version: '2.40.0', revision: 'fbe29a9', time: '2014-02-19 20:55:11'
System info: host: 'Av-Pn-KhareA', ip: '10.240.20.106', os.name: 'Windows 7', os.arch: 'x86', os.version: '6.1', java.version: '1.6.0_45'
Session ID: 792ac407-bae5-4c07-96b2-453b1e385f07
Driver info: org.openqa.selenium.firefox.FirefoxDriver
Capabilities [{platform=XP, acceptSslCerts=true, javascriptEnabled=true, browserName=firefox, rotatable=false, locationContextEnabled=true, version=12.0, cssSelectorsEnabled=true, databaseEnabled=true, handlesAlerts=true, browserConnectionEnabled=true, nativeEvents=false, webStorageEnabled=true, applicationCacheEnabled=true, takesScreenshot=true}]
SalesForce_TaxCalc,TESTCASE12,Wed Mar 26 16:22:45 IST 2014,PASS,Tax Calculation for Test case: TestCase12 Started.
SalesForce_TaxCalc,TESTCASE12,Wed Mar 26 16:22:52 IST 2014,PASS,After clicking on menu TaxNowSettings Respective page opened successfully
SalesForce_TaxCalc,TESTCASE12,Wed Mar 26 16:22:56 IST 2014,PASS,Tax now settings updated successfully
SalesForce_TaxCalc,TESTCASE12,Wed Mar 26 16:23:09 IST 2014,PASS,After clicking on menu Accounts Respective page opened successfully
SalesForce_TaxCalc,TESTCASE12,Wed Mar 26 16:23:17 IST 2014,PASS,Opportunities created successfully
SalesForce_TaxCalc,TESTCASE12,Wed Mar 26 16:23:18 IST 2014,PASS,After clicking on menu Opportunities Respective page opened successfully
SalesForce_TaxCalc,TESTCASE12,Wed Mar 26 16:23:28 IST 2014,PASS,Avalara Status 'Temporary' verified successfully on adding products for Test case TestCase12 On Menu item : - Opportunities
SalesForce_TaxCalc,TESTCASE12,Wed Mar 26 16:24:31 IST 2014,FAIL,fCalculateSalesTax: Exception: org.openqa.selenium.NoSuchElementException: Unable to locate element: {"method":"id","selector":"00Ni000000DEYPx_ileinner"}
Command duration or timeout: 60.86 seconds
For documentation on this error, please visit: http://seleniumhq.org/exceptions/no_such_element.html
Build info: version: '2.40.0', revision: 'fbe29a9', time: '2014-02-19 20:55:11'
System info: host: 'Av-Pn-KhareA', ip: '10.240.20.106', os.name: 'Windows 7', os.arch: 'x86', os.version: '6.1', java.version: '1.6.0_45'
Session ID: 792ac407-bae5-4c07-96b2-453b1e385f07
Driver info: org.openqa.selenium.firefox.FirefoxDriver
Capabilities [{platform=XP, acceptSslCerts=true, javascriptEnabled=true, browserName=firefox, rotatable=false, locationContextEnabled=true, version=12.0, cssSelectorsEnabled=true, databaseEnabled=true, handlesAlerts=true, browserConnectionEnabled=true, nativeEvents=false, webStorageEnabled=true, applicationCacheEnabled=true, takesScreenshot=true}]
SalesForce_TaxCalc,TESTCASE13,Wed Mar 26 16:24:31 IST 2014,PASS,Tax Calculation for Test case: TestCase13 Started.
SalesForce_TaxCalc,TESTCASE13,Wed Mar 26 16:24:37 IST 2014,PASS,After clicking on menu TaxNowSettings Respective page opened successfully
SalesForce_TaxCalc,TESTCASE13,Wed Mar 26 16:24:41 IST 2014,PASS,Tax now settings updated successfully
SalesForce_TaxCalc,TESTCASE13,Wed Mar 26 16:24:52 IST 2014,PASS,After clicking on menu Accounts Respective page opened successfully
SalesForce_TaxCalc,TESTCASE13,Wed Mar 26 16:24:59 IST 2014,PASS,Opportunities created successfully
SalesForce_TaxCalc,TESTCASE13,Wed Mar 26 16:25:00 IST 2014,PASS,After clicking on menu Opportunities Respective page opened successfully
SalesForce_TaxCalc,TESTCASE13,Wed Mar 26 16:25:10 IST 2014,PASS,Avalara Status 'Temporary' verified successfully on adding products for Test case TestCase13 On Menu item : - Opportunities
SalesForce_TaxCalc,TESTCASE13,Wed Mar 26 16:26:12 IST 2014,FAIL,fCalculateSalesTax: Exception: org.openqa.selenium.NoSuchElementException: Unable to locate element: {"method":"id","selector":"00Ni000000DEYPx_ileinner"}
Command duration or timeout: 60.91 seconds
For documentation on this error, please visit: http://seleniumhq.org/exceptions/no_such_element.html
Build info: version: '2.40.0', revision: 'fbe29a9', time: '2014-02-19 20:55:11'
System info: host: 'Av-Pn-KhareA', ip: '10.240.20.106', os.name: 'Windows 7', os.arch: 'x86', os.version: '6.1', java.version: '1.6.0_45'
Session ID: 792ac407-bae5-4c07-96b2-453b1e385f07
Driver info: org.openqa.selenium.firefox.FirefoxDriver
Capabilities [{platform=XP, acceptSslCerts=true, javascriptEnabled=true, browserName=firefox, rotatable=false, locationContextEnabled=true, version=12.0, cssSelectorsEnabled=true, databaseEnabled=true, handlesAlerts=true, browserConnectionEnabled=true, nativeEvents=false, webStorageEnabled=true, applicationCacheEnabled=true, takesScreenshot=true}]
SalesForce_TaxCalc,TESTCASE14,Wed Mar 26 16:26:12 IST 2014,PASS,Tax Calculation for Test case: TestCase14 Started.
SalesForce_TaxCalc,TESTCASE14,Wed Mar 26 16:26:18 IST 2014,PASS,After clicking on menu TaxNowSettings Respective page opened successfully
SalesForce_TaxCalc,TESTCASE14,Wed Mar 26 16:26:22 IST 2014,PASS,Tax now settings updated successfully
SalesForce_TaxCalc,TESTCASE14,Wed Mar 26 16:26:33 IST 2014,PASS,After clicking on menu Accounts Respective page opened successfully
SalesForce_TaxCalc,TESTCASE14,Wed Mar 26 16:26:40 IST 2014,PASS,Opportunities created successfully
SalesForce_TaxCalc,TESTCASE14,Wed Mar 26 16:26:41 IST 2014,PASS,After clicking on menu Opportunities Respective page opened successfully
SalesForce_TaxCalc,TESTCASE14,Wed Mar 26 16:26:50 IST 2014,PASS,Avalara Status 'Temporary' verified successfully on adding products for Test case TestCase14 On Menu item : - Opportunities
SalesForce_TaxCalc,TESTCASE14,Wed Mar 26 16:27:52 IST 2014,FAIL,fCalculateSalesTax: Exception: org.openqa.selenium.NoSuchElementException: Unable to locate element: {"method":"id","selector":"00Ni000000DEYPx_ileinner"}
Command duration or timeout: 60.94 seconds
For documentation on this error, please visit: http://seleniumhq.org/exceptions/no_such_element.html
Build info: version: '2.40.0', revision: 'fbe29a9', time: '2014-02-19 20:55:11'
System info: host: 'Av-Pn-KhareA', ip: '10.240.20.106', os.name: 'Windows 7', os.arch: 'x86', os.version: '6.1', java.version: '1.6.0_45'
Session ID: 792ac407-bae5-4c07-96b2-453b1e385f07
Driver info: org.openqa.selenium.firefox.FirefoxDriver
Capabilities [{platform=XP, acceptSslCerts=true, javascriptEnabled=true, browserName=firefox, rotatable=false, locationContextEnabled=true, version=12.0, cssSelectorsEnabled=true, databaseEnabled=true, handlesAlerts=true, browserConnectionEnabled=true, nativeEvents=false, webStorageEnabled=true, applicationCacheEnabled=true, takesScreenshot=true}]
SalesForce_TaxCalc,TESTCASE15,Wed Mar 26 16:27:52 IST 2014,PASS,Tax Calculation for Test case: TestCase15 Started.
SalesForce_TaxCalc,TESTCASE15,Wed Mar 26 16:27:58 IST 2014,PASS,After clicking on menu TaxNowSettings Respective page opened successfully
SalesForce_TaxCalc,TESTCASE15,Wed Mar 26 16:28:02 IST 2014,PASS,Tax now settings updated successfully
SalesForce_TaxCalc,TESTCASE15,Wed Mar 26 16:28:12 IST 2014,PASS,After clicking on menu Accounts Respective page opened successfully
SalesForce_TaxCalc,TESTCASE15,Wed Mar 26 16:28:20 IST 2014,PASS,Opportunities created successfully
SalesForce_TaxCalc,TESTCASE15,Wed Mar 26 16:28:21 IST 2014,PASS,After clicking on menu Opportunities Respective page opened successfully
SalesForce_TaxCalc,TESTCASE15,Wed Mar 26 16:28:32 IST 2014,PASS,Avalara Status 'Temporary' verified successfully on adding products for Test case TestCase15 On Menu item : - Opportunities
SalesForce_TaxCalc,TESTCASE15,Wed Mar 26 16:29:34 IST 2014,FAIL,fCalculateSalesTax: Exception: org.openqa.selenium.NoSuchElementException: Unable to locate element: {"method":"id","selector":"00Ni000000DEYPx_ileinner"}
Command duration or timeout: 60.98 seconds
For documentation on this error, please visit: http://seleniumhq.org/exceptions/no_such_element.html
Build info: version: '2.40.0', revision: 'fbe29a9', time: '2014-02-19 20:55:11'
System info: host: 'Av-Pn-KhareA', ip: '10.240.20.106', os.name: 'Windows 7', os.arch: 'x86', os.version: '6.1', java.version: '1.6.0_45'
Session ID: 792ac407-bae5-4c07-96b2-453b1e385f07
Driver info: org.openqa.selenium.firefox.FirefoxDriver
Capabilities [{platform=XP, acceptSslCerts=true, javascriptEnabled=true, browserName=firefox, rotatable=false, locationContextEnabled=true, version=12.0, cssSelectorsEnabled=true, databaseEnabled=true, handlesAlerts=true, browserConnectionEnabled=true, nativeEvents=false, webStorageEnabled=true, applicationCacheEnabled=true, takesScreenshot=true}]
SalesForce_TaxCalc,TESTCASE16,Wed Mar 26 16:29:34 IST 2014,PASS,Tax Calculation for Test case: TestCase16 Started.
SalesForce_TaxCalc,TESTCASE16,Wed Mar 26 16:29:39 IST 2014,PASS,After clicking on menu TaxNowSettings Respective page opened successfully
SalesForce_TaxCalc,TESTCASE16,Wed Mar 26 16:29:43 IST 2014,PASS,Tax now settings updated successfully
SalesForce_TaxCalc,TESTCASE16,Wed Mar 26 16:29:53 IST 2014,PASS,After clicking on menu Accounts Respective page opened successfully
SalesForce_TaxCalc,TESTCASE16,Wed Mar 26 16:30:01 IST 2014,PASS,Opportunities created successfully
SalesForce_TaxCalc,TESTCASE16,Wed Mar 26 16:30:02 IST 2014,PASS,After clicking on menu Opportunities Respective page opened successfully
SalesForce_TaxCalc,TESTCASE16,Wed Mar 26 16:30:11 IST 2014,PASS,Avalara Status 'Temporary' verified successfully on adding products for Test case TestCase16 On Menu item : - Opportunities
SalesForce_TaxCalc,TESTCASE16,Wed Mar 26 16:31:13 IST 2014,FAIL,fCalculateSalesTax: Exception: org.openqa.selenium.NoSuchElementException: Unable to locate element: {"method":"id","selector":"00Ni000000DEYPx_ileinner"}
Command duration or timeout: 60.87 seconds
For documentation on this error, please visit: http://seleniumhq.org/exceptions/no_such_element.html
Build info: version: '2.40.0', revision: 'fbe29a9', time: '2014-02-19 20:55:11'
System info: host: 'Av-Pn-KhareA', ip: '10.240.20.106', os.name: 'Windows 7', os.arch: 'x86', os.version: '6.1', java.version: '1.6.0_45'
Session ID: 792ac407-bae5-4c07-96b2-453b1e385f07
Driver info: org.openqa.selenium.firefox.FirefoxDriver
Capabilities [{platform=XP, acceptSslCerts=true, javascriptEnabled=true, browserName=firefox, rotatable=false, locationContextEnabled=true, version=12.0, cssSelectorsEnabled=true, databaseEnabled=true, handlesAlerts=true, browserConnectionEnabled=true, nativeEvents=false, webStorageEnabled=true, applicationCacheEnabled=true, takesScreenshot=true}]
SalesForce_TaxCalc,TESTCASE17,Wed Mar 26 16:31:13 IST 2014,PASS,Tax Calculation for Test case: TestCase17 Started.
SalesForce_TaxCalc,TESTCASE17,Wed Mar 26 16:31:19 IST 2014,PASS,After clicking on menu TaxNowSettings Respective page opened successfully
SalesForce_TaxCalc,TESTCASE17,Wed Mar 26 16:31:23 IST 2014,PASS,Tax now settings updated successfully
SalesForce_TaxCalc,TESTCASE17,Wed Mar 26 16:31:33 IST 2014,PASS,After clicking on menu Accounts Respective page opened successfully
SalesForce_TaxCalc,TESTCASE17,Wed Mar 26 16:31:40 IST 2014,PASS,Opportunities created successfully
SalesForce_TaxCalc,TESTCASE17,Wed Mar 26 16:31:41 IST 2014,PASS,After clicking on menu Opportunities Respective page opened successfully
SalesForce_TaxCalc,TESTCASE17,Wed Mar 26 16:31:52 IST 2014,PASS,Avalara Status 'Temporary' verified successfully on adding products for Test case TestCase17 On Menu item : - Opportunities
SalesForce_TaxCalc,TESTCASE17,Wed Mar 26 16:32:54 IST 2014,FAIL,fCalculateSalesTax: Exception: org.openqa.selenium.NoSuchElementException: Unable to locate element: {"method":"id","selector":"00Ni000000DEYPx_ileinner"}
Command duration or timeout: 60.90 seconds
For documentation on this error, please visit: http://seleniumhq.org/exceptions/no_such_element.html
Build info: version: '2.40.0', revision: 'fbe29a9', time: '2014-02-19 20:55:11'
System info: host: 'Av-Pn-KhareA', ip: '10.240.20.106', os.name: 'Windows 7', os.arch: 'x86', os.version: '6.1', java.version: '1.6.0_45'
Session ID: 792ac407-bae5-4c07-96b2-453b1e385f07
Driver info: org.openqa.selenium.firefox.FirefoxDriver
Capabilities [{platform=XP, acceptSslCerts=true, javascriptEnabled=true, browserName=firefox, rotatable=false, locationContextEnabled=true, version=12.0, cssSelectorsEnabled=true, databaseEnabled=true, handlesAlerts=true, browserConnectionEnabled=true, nativeEvents=false, webStorageEnabled=true, applicationCacheEnabled=true, takesScreenshot=true}]
SalesForce_TaxCalc,TESTCASE18,Wed Mar 26 16:32:54 IST 2014,PASS,Tax Calculation for Test case: TestCase18 Started.
SalesForce_TaxCalc,TESTCASE18,Wed Mar 26 16:33:00 IST 2014,PASS,After clicking on menu TaxNowSettings Respective page opened successfully
SalesForce_TaxCalc,TESTCASE18,Wed Mar 26 16:33:04 IST 2014,PASS,Tax now settings updated successfully
SalesForce_TaxCalc,TESTCASE18,Wed Mar 26 16:33:14 IST 2014,PASS,After clicking on menu Accounts Respective page opened successfully
SalesForce_TaxCalc,TESTCASE18,Wed Mar 26 16:33:21 IST 2014,PASS,Opportunities created successfully
SalesForce_TaxCalc,TESTCASE18,Wed Mar 26 16:33:22 IST 2014,PASS,After clicking on menu Opportunities Respective page opened successfully
SalesForce_TaxCalc,TESTCASE18,Wed Mar 26 16:33:32 IST 2014,PASS,Avalara Status 'Temporary' verified successfully on adding products for Test case TestCase18 On Menu item : - Opportunities
SalesForce_TaxCalc,TESTCASE18,Wed Mar 26 16:34:34 IST 2014,FAIL,fCalculateSalesTax: Exception: org.openqa.selenium.NoSuchElementException: Unable to locate element: {"method":"id","selector":"00Ni000000DEYPx_ileinner"}
Command duration or timeout: 60.84 seconds
For documentation on this error, please visit: http://seleniumhq.org/exceptions/no_such_element.html
Build info: version: '2.40.0', revision: 'fbe29a9', time: '2014-02-19 20:55:11'
System info: host: 'Av-Pn-KhareA', ip: '10.240.20.106', os.name: 'Windows 7', os.arch: 'x86', os.version: '6.1', java.version: '1.6.0_45'
Session ID: 792ac407-bae5-4c07-96b2-453b1e385f07
Driver info: org.openqa.selenium.firefox.FirefoxDriver
Capabilities [{platform=XP, acceptSslCerts=true, javascriptEnabled=true, browserName=firefox, rotatable=false, locationContextEnabled=true, version=12.0, cssSelectorsEnabled=true, databaseEnabled=true, handlesAlerts=true, browserConnectionEnabled=true, nativeEvents=false, webStorageEnabled=true, applicationCacheEnabled=true, takesScreenshot=true}]
SalesForce_TaxCalc,SalesForce_TaxCalc,Wed Mar 26 16:34:34 IST 2014,PASS,Script Ended.
