ScriptName,TCName,Date,Result,Description
,,Wed Apr 02 17:11:07 IST 2014,FAIL,java.lang.NullPointerException
,,Wed Apr 02 17:11:07 IST 2014,PASS,Script Ended.
SalesForce_ErrorMessageDisplayed,SalesForce_ErrorMessageDisplayed,Wed Apr 02 17:14:52 IST 2014,PASS,Logging into SalesForce application is successful.
SalesForce_ErrorMessageDisplayed,TESTCASE80,Wed Apr 02 17:14:52 IST 2014,PASS,Tax Calculation for Test case: TestCase80 Started.
SalesForce_ErrorMessageDisplayed,TESTCASE80,Wed Apr 02 17:15:59 IST 2014,FAIL,fMenuSelection: Exception: org.openqa.selenium.NoSuchElementException: Unable to locate element: {"method":"name","selector":"save"}
Command duration or timeout: 61.93 seconds
For documentation on this error, please visit: http://seleniumhq.org/exceptions/no_such_element.html
Build info: version: '2.40.0', revision: 'fbe29a9', time: '2014-02-19 20:55:11'
System info: host: 'Av-Pn-KhareA', ip: '10.240.20.115', os.name: 'Windows 7', os.arch: 'x86', os.version: '6.1', java.version: '1.6.0_45'
Session ID: 3252b5bb-651e-4696-8099-be9248db9c5d
Driver info: org.openqa.selenium.firefox.FirefoxDriver
Capabilities [{platform=XP, acceptSslCerts=true, javascriptEnabled=true, browserName=firefox, rotatable=false, locationContextEnabled=true, version=12.0, cssSelectorsEnabled=true, databaseEnabled=true, handlesAlerts=true, browserConnectionEnabled=true, nativeEvents=false, webStorageEnabled=true, applicationCacheEnabled=true, takesScreenshot=true}]
SalesForce_ErrorMessageDisplayed,TESTCASE81,Wed Apr 02 17:15:59 IST 2014,PASS,Tax Calculation for Test case: TestCase81 Started.
SalesForce_ErrorMessageDisplayed,TESTCASE81,Wed Apr 02 17:17:04 IST 2014,FAIL,fMenuSelection: Exception: org.openqa.selenium.NoSuchElementException: Unable to locate element: {"method":"name","selector":"save"}
Command duration or timeout: 60.52 seconds
For documentation on this error, please visit: http://seleniumhq.org/exceptions/no_such_element.html
Build info: version: '2.40.0', revision: 'fbe29a9', time: '2014-02-19 20:55:11'
System info: host: 'Av-Pn-KhareA', ip: '10.240.20.115', os.name: 'Windows 7', os.arch: 'x86', os.version: '6.1', java.version: '1.6.0_45'
Session ID: 3252b5bb-651e-4696-8099-be9248db9c5d
Driver info: org.openqa.selenium.firefox.FirefoxDriver
Capabilities [{platform=XP, acceptSslCerts=true, javascriptEnabled=true, browserName=firefox, rotatable=false, locationContextEnabled=true, version=12.0, cssSelectorsEnabled=true, databaseEnabled=true, handlesAlerts=true, browserConnectionEnabled=true, nativeEvents=false, webStorageEnabled=true, applicationCacheEnabled=true, takesScreenshot=true}]
SalesForce_ErrorMessageDisplayed,TESTCASE82,Wed Apr 02 17:17:04 IST 2014,PASS,Tax Calculation for Test case: TestCase82 Started.
SalesForce_ErrorMessageDisplayed,TESTCASE82,Wed Apr 02 17:18:09 IST 2014,FAIL,fMenuSelection: Exception: org.openqa.selenium.NoSuchElementException: Unable to locate element: {"method":"name","selector":"save"}
Command duration or timeout: 60.39 seconds
For documentation on this error, please visit: http://seleniumhq.org/exceptions/no_such_element.html
Build info: version: '2.40.0', revision: 'fbe29a9', time: '2014-02-19 20:55:11'
System info: host: 'Av-Pn-KhareA', ip: '10.240.20.115', os.name: 'Windows 7', os.arch: 'x86', os.version: '6.1', java.version: '1.6.0_45'
Session ID: 3252b5bb-651e-4696-8099-be9248db9c5d
Driver info: org.openqa.selenium.firefox.FirefoxDriver
Capabilities [{platform=XP, acceptSslCerts=true, javascriptEnabled=true, browserName=firefox, rotatable=false, locationContextEnabled=true, version=12.0, cssSelectorsEnabled=true, databaseEnabled=true, handlesAlerts=true, browserConnectionEnabled=true, nativeEvents=false, webStorageEnabled=true, applicationCacheEnabled=true, takesScreenshot=true}]
SalesForce_ErrorMessageDisplayed,TESTCASE83,Wed Apr 02 17:18:09 IST 2014,PASS,Tax Calculation for Test case: TestCase83 Started.
SalesForce_ErrorMessageDisplayed,TESTCASE83,Wed Apr 02 17:19:14 IST 2014,FAIL,fMenuSelection: Exception: org.openqa.selenium.NoSuchElementException: Unable to locate element: {"method":"name","selector":"save"}
Command duration or timeout: 60.72 seconds
For documentation on this error, please visit: http://seleniumhq.org/exceptions/no_such_element.html
Build info: version: '2.40.0', revision: 'fbe29a9', time: '2014-02-19 20:55:11'
System info: host: 'Av-Pn-KhareA', ip: '10.240.20.115', os.name: 'Windows 7', os.arch: 'x86', os.version: '6.1', java.version: '1.6.0_45'
Session ID: 3252b5bb-651e-4696-8099-be9248db9c5d
Driver info: org.openqa.selenium.firefox.FirefoxDriver
Capabilities [{platform=XP, acceptSslCerts=true, javascriptEnabled=true, browserName=firefox, rotatable=false, locationContextEnabled=true, version=12.0, cssSelectorsEnabled=true, databaseEnabled=true, handlesAlerts=true, browserConnectionEnabled=true, nativeEvents=false, webStorageEnabled=true, applicationCacheEnabled=true, takesScreenshot=true}]
SalesForce_ErrorMessageDisplayed,TESTCASE84,Wed Apr 02 17:19:14 IST 2014,PASS,Tax Calculation for Test case: TestCase84 Started.
SalesForce_ErrorMessageDisplayed,SalesForce_ErrorMessageDisplayed,Wed Apr 02 17:24:23 IST 2014,PASS,Logging into SalesForce application is successful.
SalesForce_ErrorMessageDisplayed,TESTCASE80,Wed Apr 02 17:24:23 IST 2014,PASS,Tax Calculation for Test case: TestCase80 Started.
SalesForce_ErrorMessageDisplayed,TESTCASE80,Wed Apr 02 17:25:29 IST 2014,FAIL,fMenuSelection: Exception: org.openqa.selenium.remote.UnreachableBrowserException: Error communicating with the remote browser. It may have died.
Build info: version: '2.40.0', revision: 'fbe29a9', time: '2014-02-19 20:55:11'
System info: host: 'Av-Pn-KhareA', ip: '10.240.20.115', os.name: 'Windows 7', os.arch: 'x86', os.version: '6.1', java.version: '1.6.0_45'
Driver info: driver.version: RemoteWebDriver
SalesForce_ErrorMessageDisplayed,TESTCASE81,Wed Apr 02 17:25:29 IST 2014,PASS,Tax Calculation for Test case: TestCase81 Started.
SalesForce_ErrorMessageDisplayed,TESTCASE81,Wed Apr 02 17:25:32 IST 2014,FAIL,fMenuSelection: Exception: org.openqa.selenium.remote.UnreachableBrowserException: Error communicating with the remote browser. It may have died.
Build info: version: '2.40.0', revision: 'fbe29a9', time: '2014-02-19 20:55:11'
System info: host: 'Av-Pn-KhareA', ip: '10.240.20.115', os.name: 'Windows 7', os.arch: 'x86', os.version: '6.1', java.version: '1.6.0_45'
Driver info: driver.version: RemoteWebDriver
SalesForce_ErrorMessageDisplayed,TESTCASE82,Wed Apr 02 17:25:32 IST 2014,PASS,Tax Calculation for Test case: TestCase82 Started.
SalesForce_ErrorMessageDisplayed,TESTCASE82,Wed Apr 02 17:25:35 IST 2014,FAIL,fMenuSelection: Exception: org.openqa.selenium.remote.UnreachableBrowserException: Error communicating with the remote browser. It may have died.
Build info: version: '2.40.0', revision: 'fbe29a9', time: '2014-02-19 20:55:11'
System info: host: 'Av-Pn-KhareA', ip: '10.240.20.115', os.name: 'Windows 7', os.arch: 'x86', os.version: '6.1', java.version: '1.6.0_45'
Driver info: driver.version: RemoteWebDriver
SalesForce_ErrorMessageDisplayed,TESTCASE83,Wed Apr 02 17:25:35 IST 2014,PASS,Tax Calculation for Test case: TestCase83 Started.
SalesForce_ErrorMessageDisplayed,TESTCASE83,Wed Apr 02 17:25:38 IST 2014,FAIL,fMenuSelection: Exception: org.openqa.selenium.remote.UnreachableBrowserException: Error communicating with the remote browser. It may have died.
Build info: version: '2.40.0', revision: 'fbe29a9', time: '2014-02-19 20:55:11'
System info: host: 'Av-Pn-KhareA', ip: '10.240.20.115', os.name: 'Windows 7', os.arch: 'x86', os.version: '6.1', java.version: '1.6.0_45'
Driver info: driver.version: RemoteWebDriver
SalesForce_ErrorMessageDisplayed,TESTCASE84,Wed Apr 02 17:25:38 IST 2014,PASS,Tax Calculation for Test case: TestCase84 Started.
SalesForce_ErrorMessageDisplayed,TESTCASE84,Wed Apr 02 17:25:41 IST 2014,FAIL,fMenuSelection: Exception: org.openqa.selenium.remote.UnreachableBrowserException: Error communicating with the remote browser. It may have died.
Build info: version: '2.40.0', revision: 'fbe29a9', time: '2014-02-19 20:55:11'
System info: host: 'Av-Pn-KhareA', ip: '10.240.20.115', os.name: 'Windows 7', os.arch: 'x86', os.version: '6.1', java.version: '1.6.0_45'
Driver info: driver.version: RemoteWebDriver
SalesForce_ErrorMessageDisplayed,TESTCASE85,Wed Apr 02 17:25:41 IST 2014,PASS,Tax Calculation for Test case: TestCase85 Started.
SalesForce_ErrorMessageDisplayed,TESTCASE85,Wed Apr 02 17:25:44 IST 2014,FAIL,fMenuSelection: Exception: org.openqa.selenium.remote.UnreachableBrowserException: Error communicating with the remote browser. It may have died.
Build info: version: '2.40.0', revision: 'fbe29a9', time: '2014-02-19 20:55:11'
System info: host: 'Av-Pn-KhareA', ip: '10.240.20.115', os.name: 'Windows 7', os.arch: 'x86', os.version: '6.1', java.version: '1.6.0_45'
Driver info: driver.version: RemoteWebDriver
SalesForce_ErrorMessageDisplayed,TESTCASE86,Wed Apr 02 17:25:44 IST 2014,PASS,Tax Calculation for Test case: TestCase86 Started.
SalesForce_ErrorMessageDisplayed,TESTCASE86,Wed Apr 02 17:25:47 IST 2014,FAIL,fMenuSelection: Exception: org.openqa.selenium.remote.UnreachableBrowserException: Error communicating with the remote browser. It may have died.
Build info: version: '2.40.0', revision: 'fbe29a9', time: '2014-02-19 20:55:11'
System info: host: 'Av-Pn-KhareA', ip: '10.240.20.115', os.name: 'Windows 7', os.arch: 'x86', os.version: '6.1', java.version: '1.6.0_45'
Driver info: driver.version: RemoteWebDriver
SalesForce_ErrorMessageDisplayed,TESTCASE87,Wed Apr 02 17:25:47 IST 2014,PASS,Tax Calculation for Test case: TestCase87 Started.
SalesForce_ErrorMessageDisplayed,TESTCASE87,Wed Apr 02 17:25:50 IST 2014,FAIL,fMenuSelection: Exception: org.openqa.selenium.remote.UnreachableBrowserException: Error communicating with the remote browser. It may have died.
Build info: version: '2.40.0', revision: 'fbe29a9', time: '2014-02-19 20:55:11'
System info: host: 'Av-Pn-KhareA', ip: '10.240.20.115', os.name: 'Windows 7', os.arch: 'x86', os.version: '6.1', java.version: '1.6.0_45'
Driver info: driver.version: RemoteWebDriver
SalesForce_ErrorMessageDisplayed,SalesForce_ErrorMessageDisplayed,Wed Apr 02 17:25:50 IST 2014,PASS,Script Ended.
SalesForce_ErrorMessageDisplayed,SalesForce_ErrorMessageDisplayed,Wed Apr 02 17:26:46 IST 2014,FAIL,Logging into SalesForce application is Failed.
SalesForce_ErrorMessageDisplayed,TESTCASE80,Wed Apr 02 17:26:46 IST 2014,PASS,Tax Calculation for Test case: TestCase80 Started.
SalesForce_ErrorMessageDisplayed,SalesForce_ErrorMessageDisplayed,Wed Apr 02 17:27:57 IST 2014,PASS,Logging into SalesForce application is successful.
SalesForce_ErrorMessageDisplayed,TESTCASE80,Wed Apr 02 17:27:57 IST 2014,PASS,Tax Calculation for Test case: TestCase80 Started.
SalesForce_ErrorMessageDisplayed,SalesForce_ErrorMessageDisplayed,Wed Apr 02 17:32:30 IST 2014,PASS,Logging into SalesForce application is successful.
SalesForce_ErrorMessageDisplayed,TESTCASE80,Wed Apr 02 17:32:30 IST 2014,PASS,Tax Calculation for Test case: TestCase80 Started.
SalesForce_ErrorMessageDisplayed,TESTCASE80,Wed Apr 02 17:32:36 IST 2014,PASS,After clicking on menu TaxNowSettings Respective page opened successfully
SalesForce_ErrorMessageDisplayed,TESTCASE80,Wed Apr 02 17:33:01 IST 2014,PASS,Tax now settings updated successfully
SalesForce_ErrorMessageDisplayed,TESTCASE80,Wed Apr 02 17:33:17 IST 2014,PASS,After clicking on menu Accounts Respective page opened successfully
SalesForce_ErrorMessageDisplayed,TESTCASE80,Wed Apr 02 17:33:32 IST 2014,PASS,Opportunities created successfully
SalesForce_ErrorMessageDisplayed,TESTCASE80,Wed Apr 02 17:33:33 IST 2014,PASS,After clicking on menu Opportunities Respective page opened successfully
SalesForce_ErrorMessageDisplayed,TESTCASE80,Wed Apr 02 17:33:52 IST 2014,PASS,Avalara Status 'Temporary' verified successfully on adding products for Test case TestCase80 On Menu item : - Opportunities
SalesForce_ErrorMessageDisplayed,TESTCASE80,Wed Apr 02 17:34:31 IST 2014,PASS,Error message appeared as Name: JurisdictionNotFoundError Summary: Unable to determine the taxing jurisdictions. Details: 900432 Winslow Way, Bainbridge Island, WA 453543 US (Destination)
SalesForce_ErrorMessageDisplayed,TESTCASE80,Wed Apr 02 17:34:58 IST 2014,FAIL,'Total Sales Tax'  NOT verified successfully for Test caseTestCase80 on Opportunities Window.Expected Tax :-  and Actual Tax:- 0.00
