ScriptName,TCName,Date,Result,Description
AccountingSeed_AddressValidation,AccountingSeed_AddressValidation,Fri Jan 29 15:27:26 IST 2016,FAIL,Logging into AccountingSeed application is Failed.
AccountingSeed_AddressValidation,TESTCASE60,Fri Jan 29 15:27:26 IST 2016,PASS,Address Validation for Test case: TestCase60 Started.
AccountingSeed_AddressValidation,TESTCASE60,Fri Jan 29 15:27:27 IST 2016,FAIL,fAddressValidation: Exception: java.sql.SQLException: Column not found
AccountingSeed_AddressValidation,TESTCASE61,Fri Jan 29 15:27:27 IST 2016,PASS,Address Validation for Test case: TestCase61 Started.
AccountingSeed_AddressValidation,TESTCASE61,Fri Jan 29 15:27:27 IST 2016,FAIL,fAddressValidation: Exception: java.sql.SQLException: Column not found
AccountingSeed_AddressValidation,TESTCASE62,Fri Jan 29 15:27:27 IST 2016,PASS,Address Validation for Test case: TestCase62 Started.
AccountingSeed_AddressValidation,TESTCASE62,Fri Jan 29 15:27:27 IST 2016,FAIL,fAddressValidation: Exception: java.sql.SQLException: Column not found
AccountingSeed_AddressValidation,AccountingSeed_AddressValidation,Fri Jan 29 15:27:27 IST 2016,PASS,Script Ended.
AccountingSeed_AddressValidation,AccountingSeed_AddressValidation,Fri Jan 29 15:31:16 IST 2016,PASS,Logging into AccountingSeed application is successful.
AccountingSeed_AddressValidation,TESTCASE60,Fri Jan 29 15:31:16 IST 2016,PASS,Address Validation for Test case: TestCase60 Started.
AccountingSeed_AddressValidation,TESTCASE60,Fri Jan 29 15:31:16 IST 2016,FAIL,fAddressValidation: Exception: java.sql.SQLException: Column not found
AccountingSeed_AddressValidation,TESTCASE61,Fri Jan 29 15:31:16 IST 2016,PASS,Address Validation for Test case: TestCase61 Started.
AccountingSeed_AddressValidation,TESTCASE61,Fri Jan 29 15:31:16 IST 2016,FAIL,fAddressValidation: Exception: java.sql.SQLException: Column not found
AccountingSeed_AddressValidation,TESTCASE62,Fri Jan 29 15:31:16 IST 2016,PASS,Address Validation for Test case: TestCase62 Started.
AccountingSeed_AddressValidation,TESTCASE62,Fri Jan 29 15:31:16 IST 2016,FAIL,fAddressValidation: Exception: java.sql.SQLException: Column not found
AccountingSeed_AddressValidation,AccountingSeed_AddressValidation,Fri Jan 29 15:31:17 IST 2016,PASS,Script Ended.
AccountingSeed_AddressValidation,AccountingSeed_AddressValidation,Fri Jan 29 15:45:00 IST 2016,PASS,Logging into AccountingSeed application is successful.
AccountingSeed_AddressValidation,TESTCASE60,Fri Jan 29 15:45:00 IST 2016,PASS,Address Validation for Test case: TestCase60 Started.
AccountingSeed_AddressValidation,TESTCASE60,Fri Jan 29 15:45:01 IST 2016,FAIL,fAddressValidation: Exception: java.sql.SQLException: Column not found
AccountingSeed_AddressValidation,TESTCASE61,Fri Jan 29 15:45:01 IST 2016,PASS,Address Validation for Test case: TestCase61 Started.
AccountingSeed_AddressValidation,TESTCASE61,Fri Jan 29 15:45:01 IST 2016,FAIL,fAddressValidation: Exception: java.sql.SQLException: Column not found
AccountingSeed_AddressValidation,TESTCASE62,Fri Jan 29 15:45:01 IST 2016,PASS,Address Validation for Test case: TestCase62 Started.
AccountingSeed_AddressValidation,TESTCASE62,Fri Jan 29 15:45:01 IST 2016,FAIL,fAddressValidation: Exception: java.sql.SQLException: Column not found
AccountingSeed_AddressValidation,AccountingSeed_AddressValidation,Fri Jan 29 15:45:01 IST 2016,PASS,Script Ended.
AccountingSeed_AddressValidation,AccountingSeed_AddressValidation,Fri Jan 29 15:46:35 IST 2016,PASS,Logging into AccountingSeed application is successful.
AccountingSeed_AddressValidation,TESTCASE60,Fri Jan 29 15:46:35 IST 2016,PASS,Address Validation for Test case: TestCase60 Started.
AccountingSeed_AddressValidation,TESTCASE60,Fri Jan 29 15:46:35 IST 2016,FAIL,fAddressValidation: Exception: java.sql.SQLException: Column not found
AccountingSeed_AddressValidation,TESTCASE61,Fri Jan 29 15:46:35 IST 2016,PASS,Address Validation for Test case: TestCase61 Started.
AccountingSeed_AddressValidation,TESTCASE61,Fri Jan 29 15:46:35 IST 2016,FAIL,fAddressValidation: Exception: java.sql.SQLException: Column not found
AccountingSeed_AddressValidation,TESTCASE62,Fri Jan 29 15:46:35 IST 2016,PASS,Address Validation for Test case: TestCase62 Started.
AccountingSeed_AddressValidation,TESTCASE62,Fri Jan 29 15:46:35 IST 2016,FAIL,fAddressValidation: Exception: java.sql.SQLException: Column not found
AccountingSeed_AddressValidation,AccountingSeed_AddressValidation,Fri Jan 29 15:46:35 IST 2016,PASS,Script Ended.
SalesForce_AddressValidation,SalesForce_AddressValidation,Fri Jan 29 15:48:16 IST 2016,PASS,Logging into SalesForce application is successful.
SalesForce_AddressValidation,TESTCASE60,Fri Jan 29 15:48:16 IST 2016,PASS,Address Validation for Test case: TestCase60 Started.
SalesForce_AddressValidation,TESTCASE60,Fri Jan 29 15:48:53 IST 2016,PASS,After clicking on menu TaxNowSettings Respective page opened successfully
SalesForce_AddressValidation,TESTCASE60,Fri Jan 29 15:49:17 IST 2016,PASS,Avalara Configuration settings updated successfully
SalesForce_AddressValidation,TESTCASE60,Fri Jan 29 15:49:35 IST 2016,PASS,Avalara Address Validation Test Case' verified successfully for TestCase60TaxNowSettings Window 
SalesForce_AddressValidation,TESTCASE60,Fri Jan 29 15:49:47 IST 2016,PASS,Address validation saved successfully
SalesForce_AddressValidation,TESTCASE60,Fri Jan 29 15:50:32 IST 2016,PASS,After clicking on menu Contacts Respective page opened successfully
SalesForce_AddressValidation,TESTCASE60,Fri Jan 29 15:50:45 IST 2016,PASS,Avalara Address Validation Test Case' verified successfully for TestCase60Contacts Window 
SalesForce_AddressValidation,TESTCASE60,Fri Jan 29 15:50:56 IST 2016,PASS,Address validation saved successfully
SalesForce_AddressValidation,TESTCASE60,Fri Jan 29 15:51:12 IST 2016,PASS,Avalara Address Validation Test Case' verified successfully for TestCase60Contacts Window 
SalesForce_AddressValidation,TESTCASE60,Fri Jan 29 15:51:18 IST 2016,PASS,Address validation saved successfully
SalesForce_AddressValidation,TESTCASE60,Fri Jan 29 15:52:14 IST 2016,PASS,After clicking on menu Accounts Respective page opened successfully
SalesForce_AddressValidation,TESTCASE60,Fri Jan 29 15:52:27 IST 2016,PASS,Avalara Address Validation Test Case' verified successfully for TestCase60Accounts Window 
SalesForce_AddressValidation,TESTCASE60,Fri Jan 29 15:52:38 IST 2016,PASS,Address validation saved successfully
SalesForce_AddressValidation,TESTCASE60,Fri Jan 29 15:52:53 IST 2016,PASS,Avalara Address Validation Test Case' verified successfully for TestCase60Accounts Window 
SalesForce_AddressValidation,TESTCASE60,Fri Jan 29 15:52:59 IST 2016,PASS,Address validation saved successfully
SalesForce_AddressValidation,TESTCASE60,Fri Jan 29 15:53:34 IST 2016,PASS,Opportunities created successfully
SalesForce_AddressValidation,TESTCASE60,Fri Jan 29 15:53:44 IST 2016,PASS,After clicking on menu Opportunities Respective page opened successfully
SalesForce_AddressValidation,TESTCASE60,Fri Jan 29 15:53:56 IST 2016,PASS,Avalara Address Validation Test Case' verified successfully for TestCase60Opportunities Window 
SalesForce_AddressValidation,TESTCASE60,Fri Jan 29 15:54:02 IST 2016,PASS,Address validation saved successfully
SalesForce_AddressValidation,TESTCASE60,Fri Jan 29 15:54:17 IST 2016,PASS,Avalara Address Validation Test Case' verified successfully for TestCase60Opportunities Window 
SalesForce_AddressValidation,TESTCASE60,Fri Jan 29 15:54:23 IST 2016,PASS,Address validation saved successfully
SalesForce_AddressValidation,TESTCASE60,Fri Jan 29 15:55:08 IST 2016,PASS,After clicking on menu newQuote Respective page opened successfully
SalesForce_AddressValidation,TESTCASE60,Fri Jan 29 15:55:25 IST 2016,PASS,Avalara Address Validation Test Case' verified successfully for TestCase60newQuote Window 
SalesForce_AddressValidation,TESTCASE60,Fri Jan 29 15:55:36 IST 2016,PASS,Address validation saved successfully
SalesForce_AddressValidation,TESTCASE60,Fri Jan 29 15:55:50 IST 2016,PASS,Avalara Address Validation Test Case' verified successfully for TestCase60newQuote Window 
SalesForce_AddressValidation,TESTCASE60,Fri Jan 29 15:55:56 IST 2016,PASS,Address validation saved successfully
SalesForce_AddressValidation,TESTCASE61,Fri Jan 29 15:56:06 IST 2016,PASS,Address Validation for Test case: TestCase61 Started.
SalesForce_AddressValidation,TESTCASE61,Fri Jan 29 15:56:42 IST 2016,PASS,After clicking on menu TaxNowSettings Respective page opened successfully
SalesForce_AddressValidation,TESTCASE61,Fri Jan 29 15:57:05 IST 2016,PASS,Avalara Configuration settings updated successfully
SalesForce_AddressValidation,TESTCASE61,Fri Jan 29 15:58:18 IST 2016,PASS,Address validation verified successfully
SalesForce_AddressValidation,TESTCASE61,Fri Jan 29 15:59:29 IST 2016,PASS,Address validation saved successfully
SalesForce_AddressValidation,TESTCASE61,Fri Jan 29 16:00:15 IST 2016,PASS,After clicking on menu Contacts Respective page opened successfully
SalesForce_AddressValidation,TESTCASE61,Fri Jan 29 16:01:27 IST 2016,PASS,Address validation verified successfully
SalesForce_AddressValidation,TESTCASE61,Fri Jan 29 16:02:38 IST 2016,PASS,Address validation saved successfully
SalesForce_AddressValidation,TESTCASE61,Fri Jan 29 16:03:54 IST 2016,PASS,Address validation verified successfully
SalesForce_AddressValidation,TESTCASE61,Fri Jan 29 16:05:01 IST 2016,PASS,Address validation saved successfully
SalesForce_AddressValidation,TESTCASE61,Fri Jan 29 16:05:57 IST 2016,PASS,After clicking on menu Accounts Respective page opened successfully
SalesForce_AddressValidation,TESTCASE61,Fri Jan 29 16:07:09 IST 2016,PASS,Address validation verified successfully
SalesForce_AddressValidation,TESTCASE61,Fri Jan 29 16:08:21 IST 2016,PASS,Address validation saved successfully
SalesForce_AddressValidation,TESTCASE61,Fri Jan 29 16:09:35 IST 2016,PASS,Address validation verified successfully
SalesForce_AddressValidation,TESTCASE61,Fri Jan 29 16:10:42 IST 2016,PASS,Address validation saved successfully
SalesForce_AddressValidation,TESTCASE61,Fri Jan 29 16:11:15 IST 2016,PASS,Opportunities created successfully
SalesForce_AddressValidation,TESTCASE61,Fri Jan 29 16:11:25 IST 2016,PASS,After clicking on menu Opportunities Respective page opened successfully
SalesForce_AddressValidation,TESTCASE61,Fri Jan 29 16:14:34 IST 2016,PASS,Address validation saved successfully
SalesForce_AddressValidation,TESTCASE61,Fri Jan 29 16:17:45 IST 2016,PASS,Address validation saved successfully
SalesForce_AddressValidation,TESTCASE61,Fri Jan 29 16:18:29 IST 2016,PASS,After clicking on menu newQuote Respective page opened successfully
SalesForce_AddressValidation,TESTCASE61,Fri Jan 29 16:19:42 IST 2016,PASS,Address validation verified successfully
SalesForce_AddressValidation,TESTCASE61,Fri Jan 29 16:20:53 IST 2016,PASS,Address validation saved successfully
SalesForce_EntityUseCode,SalesForce_EntityUseCode,Fri Jan 29 16:22:20 IST 2016,PASS,Logging into SalesForce application is successful.
SalesForce_EntityUseCode,TESTCASE110,Fri Jan 29 16:22:20 IST 2016,PASS,Tax Calculation for Test case: TestCase110 Started.
SalesForce_EntityUseCode,TESTCASE110,Fri Jan 29 16:22:53 IST 2016,PASS,After clicking on menu TaxNowSettings Respective page opened successfully
SalesForce_EntityUseCode,TESTCASE110,Fri Jan 29 16:23:18 IST 2016,PASS,Avalara Configuration settings updated successfully
SalesForce_EntityUseCode,TESTCASE110,Fri Jan 29 16:24:08 IST 2016,PASS,After clicking on menu Accounts Respective page opened successfully
SalesForce_EntityUseCode,TESTCASE110,Fri Jan 29 16:24:48 IST 2016,PASS,Order created successfully
SalesForce_EntityUseCode,TESTCASE110,Fri Jan 29 16:24:58 IST 2016,PASS,After clicking on menu Orders Respective page opened successfully
SalesForce_EntityUseCode,TESTCASE110,Fri Jan 29 16:25:57 IST 2016,PASS,'Total Sales Tax' 0.00 verified successfully for Test case TestCase110 on Orders Window.
SalesForce_EntityUseCode,TESTCASE110,Fri Jan 29 16:25:57 IST 2016,PASS,Avalara Status ' Saved' verified successfully on Calculate for Test case TestCase110 On tax calculation on Orders Window 
SalesForce_EntityUseCode,TESTCASE110,Fri Jan 29 16:26:23 IST 2016,PASS,Opportunities created successfully
SalesForce_EntityUseCode,TESTCASE110,Fri Jan 29 16:26:33 IST 2016,PASS,After clicking on menu Opportunities Respective page opened successfully
SalesForce_EntityUseCode,TESTCASE110,Fri Jan 29 16:27:23 IST 2016,PASS,Avalara Status 'Temporary' verified successfully on adding products for Test case TestCase110 On Menu item : - Opportunities
SalesForce_EntityUseCode,TESTCASE110,Fri Jan 29 16:27:30 IST 2016,PASS,'Total Sales Tax' 0.00 verified successfully for Test case TestCase110 on Opportunities Window.
SalesForce_EntityUseCode,TESTCASE110,Fri Jan 29 16:27:30 IST 2016,PASS,Avalara Status ' Saved' verified successfully on Calculate for Test case TestCase110 On tax calculation on Opportunities Window 
SalesForce_EntityUseCode,TESTCASE110,Fri Jan 29 16:27:36 IST 2016,PASS,'Total Sales Tax' 0.00 verified successfully for Test case TestCase110 on Finalize Opportunity Window.
SalesForce_EntityUseCode,TESTCASE110,Fri Jan 29 16:27:36 IST 2016,PASS,Avalara Status ' Committed' verified successfully on Calculate for Test case TestCase110 On tax calculation on Finalize Opportunity Window 
SalesForce_EntityUseCode,TESTCASE110,Fri Jan 29 16:28:10 IST 2016,PASS,After clicking on menu newQuote Respective page opened successfully
SalesForce_EntityUseCode,TESTCASE110,Fri Jan 29 16:28:57 IST 2016,PASS,Avalara Status 'Temporary' verified successfully on adding products for Test case TestCase110 On Menu item : - Quotes
SalesForce_EntityUseCode,TESTCASE110,Fri Jan 29 16:29:04 IST 2016,PASS,'Total Sales Tax' 0.00 verified successfully for Test case TestCase110 on Quotes Window.
SalesForce_EntityUseCode,TESTCASE110,Fri Jan 29 16:29:04 IST 2016,PASS,Avalara Status ' Saved' verified successfully on Calculate for Test case TestCase110 On tax calculation on Quotes Window 
SalesForce_EntityUseCode,TESTCASE110,Fri Jan 29 16:29:09 IST 2016,PASS,'Total Sales Tax' 0.00 verified successfully for Test case TestCase110 on Finalize Quote Window.
SalesForce_EntityUseCode,TESTCASE110,Fri Jan 29 16:29:09 IST 2016,PASS,Avalara Status ' Committed' verified successfully on Calculate for Test case TestCase110 On tax calculation on Finalize Quote Window 
SalesForce_EntityUseCode,TESTCASE110,Fri Jan 29 16:29:09 IST 2016,PASS,Tax Calculation for Test case: TestCase110 Ended.
SalesForce_EntityUseCode,TESTCASE111,Fri Jan 29 16:29:09 IST 2016,PASS,Tax Calculation for Test case: TestCase111 Started.
SalesForce_EntityUseCode,TESTCASE111,Fri Jan 29 16:29:40 IST 2016,PASS,After clicking on menu TaxNowSettings Respective page opened successfully
SalesForce_EntityUseCode,TESTCASE111,Fri Jan 29 16:30:04 IST 2016,PASS,Avalara Configuration settings updated successfully
SalesForce_EntityUseCode,TESTCASE111,Fri Jan 29 16:30:53 IST 2016,PASS,After clicking on menu Accounts Respective page opened successfully
SalesForce_EntityUseCode,TESTCASE111,Fri Jan 29 16:31:31 IST 2016,PASS,Order created successfully
SalesForce_EntityUseCode,TESTCASE111,Fri Jan 29 16:31:41 IST 2016,PASS,After clicking on menu Orders Respective page opened successfully
SalesForce_EntityUseCode,TESTCASE111,Fri Jan 29 16:32:37 IST 2016,FAIL,'Total Sales Tax' 60.00 NOT verified successfully for Test caseTestCase111 on Orders Window.Expected Tax :- 60.00 and Actual Tax:- 0.00
SalesForce_EntityUseCode,SalesForce_EntityUseCode,Fri Jan 29 16:32:37 IST 2016,PASS,Script Ended.
SalesForce_ErrorMessageDisplayed,SalesForce_ErrorMessageDisplayed,Fri Jan 29 16:40:01 IST 2016,PASS,Logging into SalesForce application is successful.
SalesForce_ErrorMessageDisplayed,TESTCASE80,Fri Jan 29 16:40:01 IST 2016,PASS,Tax Calculation for Test case: TestCase80 Started.
SalesForce_ErrorMessageDisplayed,TESTCASE80,Fri Jan 29 16:40:33 IST 2016,PASS,After clicking on menu TaxNowSettings Respective page opened successfully
SalesForce_ErrorMessageDisplayed,TESTCASE80,Fri Jan 29 16:40:56 IST 2016,PASS,Avalara Configuration settings updated successfully
SalesForce_ErrorMessageDisplayed,TESTCASE80,Fri Jan 29 16:41:43 IST 2016,PASS,After clicking on menu Accounts Respective page opened successfully
SalesForce_ErrorMessageDisplayed,TESTCASE80,Fri Jan 29 16:42:18 IST 2016,PASS,Order created successfully
SalesForce_ErrorMessageDisplayed,TESTCASE80,Fri Jan 29 16:42:28 IST 2016,PASS,After clicking on menu Orders Respective page opened successfully
SalesForce_ErrorMessageDisplayed,TESTCASE80,Fri Jan 29 16:43:28 IST 2016,PASS,Error message appeared as Name: JurisdictionNotFoundError Summary: Unable to determine the taxing jurisdictions. Details: 900432 Winslow way, Bainbridge Island, WA 453543 US (Destination)
SalesForce_ErrorMessageDisplayed,TESTCASE80,Fri Jan 29 16:43:53 IST 2016,PASS,Opportunities created successfully
SalesForce_ErrorMessageDisplayed,TESTCASE80,Fri Jan 29 16:44:03 IST 2016,PASS,After clicking on menu Opportunities Respective page opened successfully
SalesForce_ErrorMessageDisplayed,TESTCASE80,Fri Jan 29 16:44:50 IST 2016,PASS,Avalara Status 'Temporary' verified successfully on adding products for Test case TestCase80 On Menu item : - Opportunities
SalesForce_ErrorMessageDisplayed,TESTCASE80,Fri Jan 29 16:44:55 IST 2016,PASS,Error message appeared as Name: JurisdictionNotFoundError Summary: Unable to determine the taxing jurisdictions. Details: 900432 Winslow way, Bainbridge Island, WA 453543 US (Destination)
SalesForce_ErrorMessageDisplayed,TESTCASE80,Fri Jan 29 16:45:28 IST 2016,PASS,After clicking on menu newQuote Respective page opened successfully
SalesForce_ErrorMessageDisplayed,TESTCASE80,Fri Jan 29 16:46:12 IST 2016,PASS,Avalara Status 'Temporary' verified successfully on adding products for Test case TestCase80 On Menu item : - Quotes
SalesForce_ErrorMessageDisplayed,TESTCASE80,Fri Jan 29 16:46:19 IST 2016,PASS,Error message appeared as Name: JurisdictionNotFoundError Summary: Unable to determine the taxing jurisdictions. Details: 900432 Winslow way, Bainbridge Island, WA 453543 US (Destination)
SalesForce_ErrorMessageDisplayed,TESTCASE80,Fri Jan 29 16:46:19 IST 2016,PASS,Tax Calculation for Test case: TestCase80 Ended.
SalesForce_ErrorMessageDisplayed,TESTCASE81,Fri Jan 29 16:46:19 IST 2016,PASS,Tax Calculation for Test case: TestCase81 Started.
SalesForce_ErrorMessageDisplayed,TESTCASE81,Fri Jan 29 16:46:50 IST 2016,PASS,After clicking on menu TaxNowSettings Respective page opened successfully
SalesForce_ErrorMessageDisplayed,TESTCASE81,Fri Jan 29 16:47:13 IST 2016,PASS,Avalara Configuration settings updated successfully
SalesForce_ErrorMessageDisplayed,TESTCASE81,Fri Jan 29 16:47:59 IST 2016,PASS,After clicking on menu Accounts Respective page opened successfully
SalesForce_ErrorMessageDisplayed,TESTCASE81,Fri Jan 29 16:48:35 IST 2016,PASS,Order created successfully
SalesForce_ErrorMessageDisplayed,TESTCASE81,Fri Jan 29 16:48:45 IST 2016,PASS,After clicking on menu Orders Respective page opened successfully
SalesForce_ErrorMessageDisplayed,TESTCASE81,Fri Jan 29 16:49:39 IST 2016,PASS,Error message appeared as Name: JurisdictionNotFoundError Summary: Unable to determine the taxing jurisdictions. Details: 900432 Winslow way, Bainbridge Island, WA 453543 US (Destination)
SalesForce_ErrorMessageDisplayed,TESTCASE81,Fri Jan 29 16:50:03 IST 2016,PASS,Opportunities created successfully
SalesForce_ErrorMessageDisplayed,TESTCASE81,Fri Jan 29 16:50:13 IST 2016,PASS,After clicking on menu Opportunities Respective page opened successfully
SalesForce_ErrorMessageDisplayed,TESTCASE81,Fri Jan 29 16:50:59 IST 2016,PASS,Avalara Status 'Temporary' verified successfully on adding products for Test case TestCase81 On Menu item : - Opportunities
SalesForce_ErrorMessageDisplayed,TESTCASE81,Fri Jan 29 16:51:04 IST 2016,PASS,Error message appeared as Name: JurisdictionNotFoundError Summary: Unable to determine the taxing jurisdictions. Details: 900432 Winslow way, Bainbridge Island, WA 453543 US (Destination)
SalesForce_ErrorMessageDisplayed,TESTCASE81,Fri Jan 29 16:51:37 IST 2016,PASS,After clicking on menu newQuote Respective page opened successfully
SalesForce_ErrorMessageDisplayed,TESTCASE81,Fri Jan 29 16:52:22 IST 2016,PASS,Avalara Status 'Temporary' verified successfully on adding products for Test case TestCase81 On Menu item : - Quotes
SalesForce_ErrorMessageDisplayed,TESTCASE81,Fri Jan 29 16:52:27 IST 2016,PASS,Error message appeared as Name: JurisdictionNotFoundError Summary: Unable to determine the taxing jurisdictions. Details: 900432 Winslow way, Bainbridge Island, WA 453543 US (Destination)
SalesForce_ErrorMessageDisplayed,TESTCASE81,Fri Jan 29 16:52:27 IST 2016,PASS,Tax Calculation for Test case: TestCase81 Ended.
SalesForce_ErrorMessageDisplayed,TESTCASE82,Fri Jan 29 16:52:27 IST 2016,PASS,Tax Calculation for Test case: TestCase82 Started.
SalesForce_ErrorMessageDisplayed,TESTCASE82,Fri Jan 29 16:52:58 IST 2016,PASS,After clicking on menu TaxNowSettings Respective page opened successfully
SalesForce_ErrorMessageDisplayed,TESTCASE82,Fri Jan 29 16:53:21 IST 2016,PASS,Avalara Configuration settings updated successfully
SalesForce_ErrorMessageDisplayed,TESTCASE82,Fri Jan 29 16:54:11 IST 2016,PASS,After clicking on menu Accounts Respective page opened successfully
SalesForce_ErrorMessageDisplayed,TESTCASE82,Fri Jan 29 16:54:50 IST 2016,PASS,Order created successfully
SalesForce_ErrorMessageDisplayed,TESTCASE82,Fri Jan 29 16:55:00 IST 2016,PASS,After clicking on menu Orders Respective page opened successfully
SalesForce_ErrorMessageDisplayed,TESTCASE82,Fri Jan 29 16:55:57 IST 2016,PASS,Error message appeared as Name: JurisdictionNotFoundError Summary: Unable to determine the taxing jurisdictions. Details: 900432 Winslow way, Bainbridge Island, WA 453543 US (Destination)
SalesForce_ErrorMessageDisplayed,TESTCASE82,Fri Jan 29 16:56:23 IST 2016,PASS,Opportunities created successfully
SalesForce_ErrorMessageDisplayed,TESTCASE82,Fri Jan 29 16:56:33 IST 2016,PASS,After clicking on menu Opportunities Respective page opened successfully
SalesForce_ErrorMessageDisplayed,TESTCASE82,Fri Jan 29 16:57:23 IST 2016,PASS,Avalara Status 'Temporary' verified successfully on adding products for Test case TestCase82 On Menu item : - Opportunities
SalesForce_ErrorMessageDisplayed,TESTCASE82,Fri Jan 29 16:57:29 IST 2016,PASS,Error message appeared as Name: JurisdictionNotFoundError Summary: Unable to determine the taxing jurisdictions. Details: 900432 Winslow way, Bainbridge Island, WA 453543 US (Destination)
SalesForce_ErrorMessageDisplayed,TESTCASE82,Fri Jan 29 16:57:36 IST 2016,PASS,Error message appeared as Name: JurisdictionNotFoundError Summary: Unable to determine the taxing jurisdictions. Details: 900432 Winslow way, Bainbridge Island, WA 453543 US (Destination)
SalesForce_ErrorMessageDisplayed,TESTCASE82,Fri Jan 29 16:58:10 IST 2016,PASS,After clicking on menu newQuote Respective page opened successfully
SalesForce_ErrorMessageDisplayed,TESTCASE82,Fri Jan 29 16:58:57 IST 2016,PASS,Avalara Status 'Temporary' verified successfully on adding products for Test case TestCase82 On Menu item : - Quotes
SalesForce_ErrorMessageDisplayed,TESTCASE82,Fri Jan 29 16:59:03 IST 2016,PASS,Error message appeared as Name: JurisdictionNotFoundError Summary: Unable to determine the taxing jurisdictions. Details: 900432 Winslow way, Bainbridge Island, WA 453543 US (Destination)
SalesForce_ErrorMessageDisplayed,TESTCASE82,Fri Jan 29 16:59:09 IST 2016,PASS,Error message appeared as Name: JurisdictionNotFoundError Summary: Unable to determine the taxing jurisdictions. Details: 900432 Winslow way, Bainbridge Island, WA 453543 US (Destination)
SalesForce_ErrorMessageDisplayed,TESTCASE82,Fri Jan 29 16:59:09 IST 2016,PASS,Tax Calculation for Test case: TestCase82 Ended.
SalesForce_ErrorMessageDisplayed,TESTCASE83,Fri Jan 29 16:59:09 IST 2016,PASS,Tax Calculation for Test case: TestCase83 Started.
SalesForce_ErrorMessageDisplayed,TESTCASE83,Fri Jan 29 16:59:40 IST 2016,PASS,After clicking on menu TaxNowSettings Respective page opened successfully
SalesForce_ErrorMessageDisplayed,TESTCASE83,Fri Jan 29 17:00:03 IST 2016,PASS,Avalara Configuration settings updated successfully
SalesForce_ErrorMessageDisplayed,TESTCASE83,Fri Jan 29 17:00:49 IST 2016,PASS,After clicking on menu Accounts Respective page opened successfully
SalesForce_ErrorMessageDisplayed,TESTCASE83,Fri Jan 29 17:01:25 IST 2016,PASS,Order created successfully
SalesForce_ErrorMessageDisplayed,TESTCASE83,Fri Jan 29 17:01:35 IST 2016,PASS,After clicking on menu Orders Respective page opened successfully
SalesForce_ErrorMessageDisplayed,TESTCASE83,Fri Jan 29 17:02:30 IST 2016,PASS,Error message appeared as Name: JurisdictionNotFoundError Summary: Unable to determine the taxing jurisdictions. Details: 900432 Winslow way, Bainbridge Island, WA 453543 US (Destination)
SalesForce_ErrorMessageDisplayed,TESTCASE83,Fri Jan 29 17:02:53 IST 2016,PASS,Opportunities created successfully
SalesForce_ErrorMessageDisplayed,TESTCASE83,Fri Jan 29 17:03:03 IST 2016,PASS,After clicking on menu Opportunities Respective page opened successfully
SalesForce_ErrorMessageDisplayed,TESTCASE83,Fri Jan 29 17:03:50 IST 2016,PASS,Avalara Status 'Temporary' verified successfully on adding products for Test case TestCase83 On Menu item : - Opportunities
SalesForce_ErrorMessageDisplayed,TESTCASE83,Fri Jan 29 17:03:55 IST 2016,PASS,Error message appeared as Name: JurisdictionNotFoundError Summary: Unable to determine the taxing jurisdictions. Details: 900432 Winslow way, Bainbridge Island, WA 453543 US (Destination)
SalesForce_ErrorMessageDisplayed,TESTCASE83,Fri Jan 29 17:04:28 IST 2016,PASS,After clicking on menu newQuote Respective page opened successfully
SalesForce_ErrorMessageDisplayed,TESTCASE83,Fri Jan 29 17:05:14 IST 2016,PASS,Avalara Status 'Temporary' verified successfully on adding products for Test case TestCase83 On Menu item : - Quotes
SalesForce_ErrorMessageDisplayed,TESTCASE83,Fri Jan 29 17:05:19 IST 2016,PASS,Error message appeared as Name: JurisdictionNotFoundError Summary: Unable to determine the taxing jurisdictions. Details: 900432 Winslow way, Bainbridge Island, WA 453543 US (Destination)
SalesForce_ErrorMessageDisplayed,TESTCASE83,Fri Jan 29 17:05:19 IST 2016,PASS,Tax Calculation for Test case: TestCase83 Ended.
SalesForce_ErrorMessageDisplayed,TESTCASE84,Fri Jan 29 17:05:19 IST 2016,PASS,Tax Calculation for Test case: TestCase84 Started.
SalesForce_ErrorMessageDisplayed,TESTCASE84,Fri Jan 29 17:05:50 IST 2016,PASS,After clicking on menu TaxNowSettings Respective page opened successfully
SalesForce_ErrorMessageDisplayed,TESTCASE84,Fri Jan 29 17:06:14 IST 2016,PASS,Avalara Configuration settings updated successfully
SalesForce_ErrorMessageDisplayed,TESTCASE84,Fri Jan 29 17:07:00 IST 2016,PASS,After clicking on menu Accounts Respective page opened successfully
SalesForce_ErrorMessageDisplayed,TESTCASE84,Fri Jan 29 17:07:36 IST 2016,PASS,Order created successfully
SalesForce_ErrorMessageDisplayed,TESTCASE84,Fri Jan 29 17:07:46 IST 2016,PASS,After clicking on menu Orders Respective page opened successfully
SalesForce_ErrorMessageDisplayed,TESTCASE84,Fri Jan 29 17:08:40 IST 2016,PASS,Error message appeared as Name: TaxAddressError Summary: An Address is incomplete or invalid. Details:
SalesForce_ErrorMessageDisplayed,TESTCASE84,Fri Jan 29 17:09:04 IST 2016,PASS,Opportunities created successfully
SalesForce_ErrorMessageDisplayed,TESTCASE84,Fri Jan 29 17:09:14 IST 2016,PASS,After clicking on menu Opportunities Respective page opened successfully
SalesForce_ErrorMessageDisplayed,TESTCASE84,Fri Jan 29 17:10:01 IST 2016,PASS,Avalara Status 'Temporary' verified successfully on adding products for Test case TestCase84 On Menu item : - Opportunities
SalesForce_ErrorMessageDisplayed,TESTCASE84,Fri Jan 29 17:10:07 IST 2016,PASS,Error message appeared as Name: TaxAddressError Summary: An Address is incomplete or invalid. Details:
SalesForce_ErrorMessageDisplayed,TESTCASE84,Fri Jan 29 17:10:39 IST 2016,PASS,After clicking on menu newQuote Respective page opened successfully
SalesForce_ErrorMessageDisplayed,TESTCASE84,Fri Jan 29 17:11:24 IST 2016,PASS,Avalara Status 'Temporary' verified successfully on adding products for Test case TestCase84 On Menu item : - Quotes
SalesForce_ErrorMessageDisplayed,TESTCASE84,Fri Jan 29 17:11:29 IST 2016,PASS,Error message appeared as Name: TaxAddressError Summary: An Address is incomplete or invalid. Details:
SalesForce_ErrorMessageDisplayed,TESTCASE84,Fri Jan 29 17:11:29 IST 2016,PASS,Tax Calculation for Test case: TestCase84 Ended.
SalesForce_ErrorMessageDisplayed,TESTCASE85,Fri Jan 29 17:11:29 IST 2016,PASS,Tax Calculation for Test case: TestCase85 Started.
SalesForce_ErrorMessageDisplayed,TESTCASE85,Fri Jan 29 17:12:00 IST 2016,PASS,After clicking on menu TaxNowSettings Respective page opened successfully
SalesForce_ErrorMessageDisplayed,TESTCASE85,Fri Jan 29 17:12:23 IST 2016,PASS,Avalara Configuration settings updated successfully
SalesForce_ErrorMessageDisplayed,TESTCASE85,Fri Jan 29 17:13:09 IST 2016,PASS,After clicking on menu Accounts Respective page opened successfully
SalesForce_ErrorMessageDisplayed,TESTCASE85,Fri Jan 29 17:13:45 IST 2016,PASS,Order created successfully
SalesForce_ErrorMessageDisplayed,TESTCASE85,Fri Jan 29 17:13:55 IST 2016,PASS,After clicking on menu Orders Respective page opened successfully
SalesForce_ErrorMessageDisplayed,TESTCASE85,Fri Jan 29 17:14:49 IST 2016,PASS,Error message appeared as Name: TaxAddressError Summary: An Address is incomplete or invalid. Details:
SalesForce_ErrorMessageDisplayed,TESTCASE85,Fri Jan 29 17:15:13 IST 2016,PASS,Opportunities created successfully
SalesForce_ErrorMessageDisplayed,TESTCASE85,Fri Jan 29 17:15:23 IST 2016,PASS,After clicking on menu Opportunities Respective page opened successfully
SalesForce_ErrorMessageDisplayed,TESTCASE85,Fri Jan 29 17:16:10 IST 2016,PASS,Avalara Status 'Temporary' verified successfully on adding products for Test case TestCase85 On Menu item : - Opportunities
SalesForce_ErrorMessageDisplayed,TESTCASE85,Fri Jan 29 17:16:15 IST 2016,PASS,Error message appeared as Name: TaxAddressError Summary: An Address is incomplete or invalid. Details:
SalesForce_ErrorMessageDisplayed,TESTCASE85,Fri Jan 29 17:16:48 IST 2016,PASS,After clicking on menu newQuote Respective page opened successfully
SalesForce_ErrorMessageDisplayed,TESTCASE85,Fri Jan 29 17:17:32 IST 2016,PASS,Avalara Status 'Temporary' verified successfully on adding products for Test case TestCase85 On Menu item : - Quotes
SalesForce_ErrorMessageDisplayed,TESTCASE85,Fri Jan 29 17:17:38 IST 2016,PASS,Error message appeared as Name: TaxAddressError Summary: An Address is incomplete or invalid. Details:
SalesForce_ErrorMessageDisplayed,TESTCASE85,Fri Jan 29 17:17:38 IST 2016,PASS,Tax Calculation for Test case: TestCase85 Ended.
SalesForce_ErrorMessageDisplayed,TESTCASE86,Fri Jan 29 17:17:38 IST 2016,PASS,Tax Calculation for Test case: TestCase86 Started.
SalesForce_ErrorMessageDisplayed,TESTCASE86,Fri Jan 29 17:18:09 IST 2016,PASS,After clicking on menu TaxNowSettings Respective page opened successfully
SalesForce_ErrorMessageDisplayed,TESTCASE86,Fri Jan 29 17:18:32 IST 2016,PASS,Avalara Configuration settings updated successfully
SalesForce_ErrorMessageDisplayed,TESTCASE86,Fri Jan 29 17:19:18 IST 2016,PASS,After clicking on menu Accounts Respective page opened successfully
SalesForce_ErrorMessageDisplayed,TESTCASE86,Fri Jan 29 17:19:54 IST 2016,PASS,Order created successfully
SalesForce_ErrorMessageDisplayed,TESTCASE86,Fri Jan 29 17:20:04 IST 2016,PASS,After clicking on menu Orders Respective page opened successfully
SalesForce_ErrorMessageDisplayed,TESTCASE86,Fri Jan 29 17:21:00 IST 2016,PASS,Error message appeared as Name: TaxAddressError Summary: An Address is incomplete or invalid. Details:
SalesForce_ErrorMessageDisplayed,TESTCASE86,Fri Jan 29 17:21:25 IST 2016,PASS,Opportunities created successfully
SalesForce_ErrorMessageDisplayed,TESTCASE86,Fri Jan 29 17:21:35 IST 2016,PASS,After clicking on menu Opportunities Respective page opened successfully
SalesForce_ErrorMessageDisplayed,TESTCASE86,Fri Jan 29 17:22:24 IST 2016,PASS,Avalara Status 'Temporary' verified successfully on adding products for Test case TestCase86 On Menu item : - Opportunities
SalesForce_ErrorMessageDisplayed,TESTCASE86,Fri Jan 29 17:22:29 IST 2016,PASS,Error message appeared as Name: TaxAddressError Summary: An Address is incomplete or invalid. Details:
SalesForce_ErrorMessageDisplayed,TESTCASE86,Fri Jan 29 17:22:36 IST 2016,PASS,Error message appeared as Name: TaxAddressError Summary: An Address is incomplete or invalid. Details:
SalesForce_ErrorMessageDisplayed,TESTCASE86,Fri Jan 29 17:23:10 IST 2016,PASS,After clicking on menu newQuote Respective page opened successfully
SalesForce_ErrorMessageDisplayed,TESTCASE86,Fri Jan 29 17:23:56 IST 2016,PASS,Avalara Status 'Temporary' verified successfully on adding products for Test case TestCase86 On Menu item : - Quotes
SalesForce_ErrorMessageDisplayed,TESTCASE86,Fri Jan 29 17:24:02 IST 2016,PASS,Error message appeared as Name: TaxAddressError Summary: An Address is incomplete or invalid. Details:
SalesForce_ErrorMessageDisplayed,TESTCASE86,Fri Jan 29 17:24:08 IST 2016,PASS,Error message appeared as Name: TaxAddressError Summary: An Address is incomplete or invalid. Details:
SalesForce_ErrorMessageDisplayed,TESTCASE86,Fri Jan 29 17:24:08 IST 2016,PASS,Tax Calculation for Test case: TestCase86 Ended.
SalesForce_ErrorMessageDisplayed,TESTCASE87,Fri Jan 29 17:24:08 IST 2016,PASS,Tax Calculation for Test case: TestCase87 Started.
SalesForce_ErrorMessageDisplayed,TESTCASE87,Fri Jan 29 17:24:39 IST 2016,PASS,After clicking on menu TaxNowSettings Respective page opened successfully
SalesForce_ErrorMessageDisplayed,TESTCASE87,Fri Jan 29 17:25:05 IST 2016,PASS,Avalara Configuration settings updated successfully
SalesForce_ErrorMessageDisplayed,TESTCASE87,Fri Jan 29 17:25:54 IST 2016,PASS,After clicking on menu Accounts Respective page opened successfully
SalesForce_ErrorMessageDisplayed,TESTCASE87,Fri Jan 29 17:26:33 IST 2016,PASS,Order created successfully
SalesForce_ErrorMessageDisplayed,TESTCASE87,Fri Jan 29 17:26:43 IST 2016,PASS,After clicking on menu Orders Respective page opened successfully
SalesForce_ErrorMessageDisplayed,TESTCASE87,Fri Jan 29 17:27:41 IST 2016,PASS,Error message appeared as Name: TaxAddressError Summary: An Address is incomplete or invalid. Details:
SalesForce_ErrorMessageDisplayed,TESTCASE87,Fri Jan 29 17:28:05 IST 2016,PASS,Opportunities created successfully
SalesForce_ErrorMessageDisplayed,TESTCASE87,Fri Jan 29 17:28:15 IST 2016,PASS,After clicking on menu Opportunities Respective page opened successfully
SalesForce_ErrorMessageDisplayed,TESTCASE87,Fri Jan 29 17:29:03 IST 2016,PASS,Avalara Status 'Temporary' verified successfully on adding products for Test case TestCase87 On Menu item : - Opportunities
SalesForce_ErrorMessageDisplayed,TESTCASE87,Fri Jan 29 17:29:08 IST 2016,PASS,Error message appeared as Name: TaxAddressError Summary: An Address is incomplete or invalid. Details:
SalesForce_ErrorMessageDisplayed,TESTCASE87,Fri Jan 29 17:29:41 IST 2016,PASS,After clicking on menu newQuote Respective page opened successfully
SalesForce_ErrorMessageDisplayed,TESTCASE87,Fri Jan 29 17:30:25 IST 2016,PASS,Avalara Status 'Temporary' verified successfully on adding products for Test case TestCase87 On Menu item : - Quotes
SalesForce_ErrorMessageDisplayed,TESTCASE87,Fri Jan 29 17:30:32 IST 2016,PASS,Error message appeared as Name: TaxAddressError Summary: An Address is incomplete or invalid. Details:
SalesForce_ErrorMessageDisplayed,TESTCASE87,Fri Jan 29 17:30:32 IST 2016,PASS,Tax Calculation for Test case: TestCase87 Ended.
SalesForce_ErrorMessageDisplayed,SalesForce_ErrorMessageDisplayed,Fri Jan 29 17:30:32 IST 2016,PASS,Script Ended.
AccountingSeed_AddressValidation,AccountingSeed_AddressValidation,Fri Mar 04 15:00:14 IST 2016,FAIL,Logging into AccountingSeed application is Failed.
AccountingSeed_AddressValidation,TESTCASE60,Fri Mar 04 15:00:14 IST 2016,PASS,Address Validation for Test case: TestCase60 Started.
AccountingSeed_AddressValidation,TESTCASE60,Fri Mar 04 15:00:25 IST 2016,FAIL,fMenuSelection: Exception: org.openqa.selenium.NoSuchElementException: Unable to locate element: {"method":"link text","selector":"Avalara"}
Command duration or timeout: 32 milliseconds
For documentation on this error, please visit: http://seleniumhq.org/exceptions/no_such_element.html
Build info: version: '2.40.0', revision: 'fbe29a9', time: '2014-02-19 20:55:11'
System info: host: 'AV-PN-KHAREA', ip: '10.240.20.115', os.name: 'Windows 7', os.arch: 'x86', os.version: '6.1', java.version: '1.6.0_45'
Session ID: 64d34429-1f33-43e7-b58f-b237ca56cc5e
Driver info: org.openqa.selenium.firefox.FirefoxDriver
Capabilities [{platform=XP, acceptSslCerts=true, javascriptEnabled=true, browserName=firefox, rotatable=false, locationContextEnabled=true, version=12.0, cssSelectorsEnabled=true, databaseEnabled=true, handlesAlerts=true, browserConnectionEnabled=true, nativeEvents=false, webStorageEnabled=true, applicationCacheEnabled=true, takesScreenshot=true}]
AccountingSeed_AddressValidation,TESTCASE61,Fri Mar 04 15:00:25 IST 2016,PASS,Address Validation for Test case: TestCase61 Started.
AccountingSeed_AddressValidation,TESTCASE61,Fri Mar 04 15:00:36 IST 2016,FAIL,fMenuSelection: Exception: org.openqa.selenium.remote.UnreachableBrowserException: Error communicating with the remote browser. It may have died.
Build info: version: '2.40.0', revision: 'fbe29a9', time: '2014-02-19 20:55:11'
System info: host: 'AV-PN-KHAREA', ip: '10.240.20.115', os.name: 'Windows 7', os.arch: 'x86', os.version: '6.1', java.version: '1.6.0_45'
Driver info: driver.version: RemoteWebDriver
AccountingSeed_AddressValidation,TESTCASE62,Fri Mar 04 15:00:36 IST 2016,PASS,Address Validation for Test case: TestCase62 Started.
AccountingSeed_AddressValidation,AccountingSeed_AddressValidation,Fri Mar 04 15:01:03 IST 2016,FAIL,Logging into AccountingSeed application is Failed.
AccountingSeed_AddressValidation,TESTCASE60,Fri Mar 04 15:01:03 IST 2016,PASS,Address Validation for Test case: TestCase60 Started.
AccountingSeed_AddressValidation,TESTCASE60,Fri Mar 04 15:01:13 IST 2016,FAIL,fMenuSelection: Exception: org.openqa.selenium.NoSuchElementException: Unable to locate element: {"method":"link text","selector":"Avalara"}
Command duration or timeout: 32 milliseconds
For documentation on this error, please visit: http://seleniumhq.org/exceptions/no_such_element.html
Build info: version: '2.40.0', revision: 'fbe29a9', time: '2014-02-19 20:55:11'
System info: host: 'AV-PN-KHAREA', ip: '10.240.20.115', os.name: 'Windows 7', os.arch: 'x86', os.version: '6.1', java.version: '1.6.0_45'
Session ID: f63dbdf1-c3c9-4f7d-91c9-d7cccbe5f779
Driver info: org.openqa.selenium.firefox.FirefoxDriver
Capabilities [{platform=XP, acceptSslCerts=true, javascriptEnabled=true, browserName=firefox, rotatable=false, locationContextEnabled=true, version=12.0, cssSelectorsEnabled=true, databaseEnabled=true, handlesAlerts=true, browserConnectionEnabled=true, nativeEvents=false, webStorageEnabled=true, applicationCacheEnabled=true, takesScreenshot=true}]
AccountingSeed_AddressValidation,TESTCASE61,Fri Mar 04 15:01:13 IST 2016,PASS,Address Validation for Test case: TestCase61 Started.
AccountingSeed_AddressValidation,TESTCASE61,Fri Mar 04 15:01:23 IST 2016,FAIL,fMenuSelection: Exception: org.openqa.selenium.NoSuchElementException: Unable to locate element: {"method":"link text","selector":"Avalara"}
Command duration or timeout: 66 milliseconds
For documentation on this error, please visit: http://seleniumhq.org/exceptions/no_such_element.html
Build info: version: '2.40.0', revision: 'fbe29a9', time: '2014-02-19 20:55:11'
System info: host: 'AV-PN-KHAREA', ip: '10.240.20.115', os.name: 'Windows 7', os.arch: 'x86', os.version: '6.1', java.version: '1.6.0_45'
Session ID: f63dbdf1-c3c9-4f7d-91c9-d7cccbe5f779
Driver info: org.openqa.selenium.firefox.FirefoxDriver
Capabilities [{platform=XP, acceptSslCerts=true, javascriptEnabled=true, browserName=firefox, rotatable=false, locationContextEnabled=true, version=12.0, cssSelectorsEnabled=true, databaseEnabled=true, handlesAlerts=true, browserConnectionEnabled=true, nativeEvents=false, webStorageEnabled=true, applicationCacheEnabled=true, takesScreenshot=true}]
AccountingSeed_AddressValidation,TESTCASE62,Fri Mar 04 15:01:23 IST 2016,PASS,Address Validation for Test case: TestCase62 Started.
AccountingSeed_AddressValidation,TESTCASE62,Fri Mar 04 15:01:33 IST 2016,FAIL,fMenuSelection: Exception: org.openqa.selenium.NoSuchElementException: Unable to locate element: {"method":"link text","selector":"Avalara"}
Command duration or timeout: 34 milliseconds
For documentation on this error, please visit: http://seleniumhq.org/exceptions/no_such_element.html
Build info: version: '2.40.0', revision: 'fbe29a9', time: '2014-02-19 20:55:11'
System info: host: 'AV-PN-KHAREA', ip: '10.240.20.115', os.name: 'Windows 7', os.arch: 'x86', os.version: '6.1', java.version: '1.6.0_45'
Session ID: f63dbdf1-c3c9-4f7d-91c9-d7cccbe5f779
Driver info: org.openqa.selenium.firefox.FirefoxDriver
Capabilities [{platform=XP, acceptSslCerts=true, javascriptEnabled=true, browserName=firefox, rotatable=false, locationContextEnabled=true, version=12.0, cssSelectorsEnabled=true, databaseEnabled=true, handlesAlerts=true, browserConnectionEnabled=true, nativeEvents=false, webStorageEnabled=true, applicationCacheEnabled=true, takesScreenshot=true}]
AccountingSeed_AddressValidation,AccountingSeed_AddressValidation,Fri Mar 04 15:01:33 IST 2016,PASS,Script Ended.
AccountingSeed_AddressValidation,AccountingSeed_AddressValidation,Fri Mar 04 15:45:50 IST 2016,FAIL,Logging into AccountingSeed application is Failed.
AccountingSeed_AddressValidation,TESTCASE60,Fri Mar 04 15:45:50 IST 2016,PASS,Address Validation for Test case: TestCase60 Started.
AccountingSeed_AddressValidation,TESTCASE60,Fri Mar 04 15:46:00 IST 2016,FAIL,fMenuSelection: Exception: org.openqa.selenium.NoSuchElementException: Unable to locate element: {"method":"link text","selector":"Avalara"}
Command duration or timeout: 48 milliseconds
For documentation on this error, please visit: http://seleniumhq.org/exceptions/no_such_element.html
Build info: version: '2.40.0', revision: 'fbe29a9', time: '2014-02-19 20:55:11'
System info: host: 'AV-PN-KHAREA', ip: '10.240.20.115', os.name: 'Windows 7', os.arch: 'x86', os.version: '6.1', java.version: '1.6.0_45'
Session ID: 81e20386-1464-465c-9442-6c0f55ed4d46
Driver info: org.openqa.selenium.firefox.FirefoxDriver
Capabilities [{platform=XP, acceptSslCerts=true, javascriptEnabled=true, browserName=firefox, rotatable=false, locationContextEnabled=true, version=12.0, cssSelectorsEnabled=true, databaseEnabled=true, handlesAlerts=true, browserConnectionEnabled=true, nativeEvents=false, webStorageEnabled=true, applicationCacheEnabled=true, takesScreenshot=true}]
AccountingSeed_AddressValidation,TESTCASE61,Fri Mar 04 15:46:00 IST 2016,PASS,Address Validation for Test case: TestCase61 Started.
AccountingSeed_AddressValidation,TESTCASE61,Fri Mar 04 15:46:47 IST 2016,PASS,After clicking on menu AvaTax Settings Respective page opened successfully
AccountingSeed_AddressValidation,TESTCASE61,Fri Mar 04 15:47:12 IST 2016,PASS,Tax now settings updated successfully
AccountingSeed_AddressValidation,TESTCASE61,Fri Mar 04 15:48:35 IST 2016,PASS,Address validation verified successfullyAvaTax Settings
AccountingSeed_AddressValidation,TESTCASE61,Fri Mar 04 15:49:42 IST 2016,PASS,Address validation saved successfullyAvaTax Settings
AccountingSeed_AddressValidation,TESTCASE61,Fri Mar 04 15:50:40 IST 2016,PASS,After clicking on menu Contacts Respective page opened successfully
AccountingSeed_AddressValidation,TESTCASE61,Fri Mar 04 15:51:40 IST 2016,FAIL,fAddressValidation: Exception: org.openqa.selenium.NoSuchElementException: Unable to locate element: {"method":"name","selector":"avaacctseed__validate_mailing_address"}
Command duration or timeout: 60.10 seconds
For documentation on this error, please visit: http://seleniumhq.org/exceptions/no_such_element.html
Build info: version: '2.40.0', revision: 'fbe29a9', time: '2014-02-19 20:55:11'
System info: host: 'AV-PN-KHAREA', ip: '10.240.20.115', os.name: 'Windows 7', os.arch: 'x86', os.version: '6.1', java.version: '1.6.0_45'
Session ID: 81e20386-1464-465c-9442-6c0f55ed4d46
Driver info: org.openqa.selenium.firefox.FirefoxDriver
Capabilities [{platform=XP, acceptSslCerts=true, javascriptEnabled=true, browserName=firefox, rotatable=false, locationContextEnabled=true, version=12.0, cssSelectorsEnabled=true, databaseEnabled=true, handlesAlerts=true, browserConnectionEnabled=true, nativeEvents=false, webStorageEnabled=true, applicationCacheEnabled=true, takesScreenshot=true}]
AccountingSeed_AddressValidation,TESTCASE62,Fri Mar 04 15:51:40 IST 2016,PASS,Address Validation for Test case: TestCase62 Started.
AccountingSeed_AddressValidation,TESTCASE62,Fri Mar 04 15:52:21 IST 2016,PASS,After clicking on menu AvaTax Settings Respective page opened successfully
AccountingSeed_AddressValidation,TESTCASE62,Fri Mar 04 15:52:45 IST 2016,PASS,Tax now settings updated successfully
AccountingSeed_AddressValidation,TESTCASE62,Fri Mar 04 15:53:08 IST 2016,FAIL,Avalara Address Validation Test Case '  ' NOT verified successfully  for TestCase62AvaTax Settings Window Expected :  and Actual: 900 winslow way e, Bainbridge Island, WA 98110-2450, US
AccountingSeed_AddressValidation,AccountingSeed_AddressValidation,Fri Mar 04 15:53:08 IST 2016,PASS,Script Ended.
AccountingSeed_TaxCalc,AccountingSeed_TaxCalc,Thu Mar 10 12:07:46 IST 2016,FAIL,Logging into AccountingSeed application is Failed.
AccountingSeed_TaxCalc,TESTCASE1,Thu Mar 10 12:07:46 IST 2016,PASS,Tax Calculation for Test case: TestCase1 Started.
AccountingSeed_TaxCalc,TESTCASE1,Thu Mar 10 12:07:46 IST 2016,FAIL,Unable to connect to excel sheet
AccountingSeed_TaxCalc,TESTCASE1,Thu Mar 10 12:07:46 IST 2016,FAIL,fCalculateSalesTax: Exception: java.lang.NullPointerException
AccountingSeed_TaxCalc,AccountingSeed_TaxCalc,Thu Mar 10 12:07:46 IST 2016,PASS,Script Ended.
AccountingSeed_TaxCalc,AccountingSeed_TaxCalc,Thu Mar 10 12:10:24 IST 2016,FAIL,Logging into AccountingSeed application is Failed.
AccountingSeed_TaxCalc,TESTCASE1,Thu Mar 10 12:11:12 IST 2016,PASS,Tax Calculation for Test case: TestCase1 Started.
AccountingSeed_TaxCalc,TESTCASE1,Thu Mar 10 12:11:14 IST 2016,FAIL,Unable to connect to excel sheet
AccountingSeed_TaxCalc,AccountingSeed_TaxCalc,Thu Mar 10 12:32:00 IST 2016,FAIL,Logging into AccountingSeed application is Failed.
AccountingSeed_TaxCalc,TESTCASE1,Thu Mar 10 12:32:00 IST 2016,PASS,Tax Calculation for Test case: TestCase1 Started.
AccountingSeed_TaxCalc,TESTCASE1,Thu Mar 10 12:35:09 IST 2016,FAIL,Unable to connect to excel sheet
AccountingSeed_TaxCalc,TESTCASE1,Thu Mar 10 12:35:09 IST 2016,FAIL,fCalculateSalesTax: Exception: java.lang.NullPointerException
AccountingSeed_TaxCalc,AccountingSeed_TaxCalc,Thu Mar 10 12:35:09 IST 2016,PASS,Script Ended.
AccountingSeed_TaxCalc,AccountingSeed_TaxCalc,Thu Mar 10 12:35:39 IST 2016,FAIL,Logging into AccountingSeed application is Failed.
AccountingSeed_TaxCalc,TESTCASE1,Thu Mar 10 12:35:39 IST 2016,PASS,Tax Calculation for Test case: TestCase1 Started.
AccountingSeed_TaxCalc,AccountingSeed_TaxCalc,Thu Mar 10 12:38:13 IST 2016,FAIL,Logging into AccountingSeed application is Failed.
AccountingSeed_TaxCalc,TESTCASE1,Thu Mar 10 12:38:13 IST 2016,PASS,Tax Calculation for Test case: TestCase1 Started.
AccountingSeed_TaxCalc,AccountingSeed_TaxCalc,Thu Mar 10 12:40:13 IST 2016,FAIL,Logging into AccountingSeed application is Failed.
AccountingSeed_TaxCalc,TESTCASE1,Thu Mar 10 12:40:13 IST 2016,PASS,Tax Calculation for Test case: TestCase1 Started.
AccountingSeed_TaxCalc,AccountingSeed_TaxCalc,Thu Mar 10 12:41:53 IST 2016,FAIL,Logging into AccountingSeed application is Failed.
AccountingSeed_TaxCalc,TESTCASE1,Thu Mar 10 12:41:53 IST 2016,PASS,Tax Calculation for Test case: TestCase1 Started.
AccountingSeed_TaxCalc,AccountingSeed_TaxCalc,Thu Mar 10 14:16:37 IST 2016,FAIL,Logging into AccountingSeed application is Failed.
AccountingSeed_TaxCalc,TESTCASE1,Thu Mar 10 14:16:37 IST 2016,PASS,Tax Calculation for Test case: TestCase1 Started.
AccountingSeed_TaxCalc,TESTCASE1,Thu Mar 10 14:16:38 IST 2016,FAIL,Unable to connect to excel sheet
AccountingSeed_TaxCalc,TESTCASE1,Thu Mar 10 14:16:38 IST 2016,FAIL,fCalculateSalesTax: Exception: java.lang.NullPointerException
AccountingSeed_TaxCalc,AccountingSeed_TaxCalc,Thu Mar 10 14:16:38 IST 2016,PASS,Script Ended.
AccountingSeed_TaxCalc,AccountingSeed_TaxCalc,Thu Mar 10 14:16:43 IST 2016,FAIL,Logging into AccountingSeed application is Failed.
AccountingSeed_TaxCalc,TESTCASE1,Thu Mar 10 14:16:43 IST 2016,PASS,Tax Calculation for Test case: TestCase1 Started.
AccountingSeed_TaxCalc,AccountingSeed_TaxCalc,Thu Mar 10 14:18:06 IST 2016,FAIL,Logging into AccountingSeed application is Failed.
AccountingSeed_TaxCalc,TESTCASE1,Thu Mar 10 14:18:06 IST 2016,PASS,Tax Calculation for Test case: TestCase1 Started.
AccountingSeed_TaxCalc,AccountingSeed_TaxCalc,Thu Mar 10 14:19:19 IST 2016,FAIL,Logging into AccountingSeed application is Failed.
AccountingSeed_TaxCalc,TESTCASE1,Thu Mar 10 14:19:19 IST 2016,PASS,Tax Calculation for Test case: TestCase1 Started.
,TESTCASE1,Thu Mar 10 14:20:50 IST 2016,PASS,Tax Calculation for Test case: TestCase1 Started.
,TESTCASE1,Thu Mar 10 14:21:57 IST 2016,PASS,Tax Calculation for Test case: TestCase1 Started.
,TESTCASE1,Thu Mar 10 14:26:54 IST 2016,PASS,Tax Calculation for Test case: TestCase1 Started.
,TESTCASE1,Thu Mar 10 14:29:13 IST 2016,PASS,Tax Calculation for Test case: TestCase1 Started.
,TESTCASE1,Thu Mar 10 14:30:02 IST 2016,PASS,Tax Calculation for Test case: TestCase1 Started.
,TESTCASE1,Thu Mar 10 14:31:38 IST 2016,PASS,Tax Calculation for Test case: TestCase1 Started.
,TESTCASE1,Thu Mar 10 14:33:08 IST 2016,PASS,Tax Calculation for Test case: TestCase1 Started.
,TESTCASE1,Thu Mar 10 14:48:37 IST 2016,PASS,Tax Calculation for Test case: TestCase1 Started.
,TESTCASE1,Thu Mar 10 14:49:27 IST 2016,PASS,Tax Calculation for Test case: TestCase1 Started.
,TESTCASE1,Thu Mar 10 14:50:35 IST 2016,PASS,Tax Calculation for Test case: TestCase1 Started.
,TESTCASE1,Thu Mar 10 14:50:36 IST 2016,FAIL,Unable to connect to excel sheet
,TESTCASE1,Thu Mar 10 14:50:36 IST 2016,FAIL,fCalculateSalesTax: Exception: java.lang.NullPointerException
,,Thu Mar 10 14:50:36 IST 2016,PASS,Script Ended.
,TESTCASE1,Thu Mar 10 14:51:29 IST 2016,PASS,Tax Calculation for Test case: TestCase1 Started.
,TESTCASE1,Thu Mar 10 14:52:35 IST 2016,PASS,Tax Calculation for Test case: TestCase1 Started.
,TESTCASE1,Thu Mar 10 14:53:44 IST 2016,PASS,Tax Calculation for Test case: TestCase1 Started.
,TESTCASE1,Thu Mar 10 14:54:46 IST 2016,PASS,Tax Calculation for Test case: TestCase1 Started.
,TESTCASE1,Thu Mar 10 14:55:47 IST 2016,PASS,Tax Calculation for Test case: TestCase1 Started.
,TESTCASE1,Thu Mar 10 14:56:35 IST 2016,PASS,Tax Calculation for Test case: TestCase1 Started.
,TESTCASE1,Thu Mar 10 14:57:37 IST 2016,PASS,Tax Calculation for Test case: TestCase1 Started.
,TESTCASE1,Thu Mar 10 14:58:11 IST 2016,PASS,Tax Calculation for Test case: TestCase1 Started.
,TESTCASE1,Thu Mar 10 15:03:33 IST 2016,PASS,Tax Calculation for Test case: TestCase1 Started.
,TESTCASE1,Thu Mar 10 15:04:20 IST 2016,PASS,Tax Calculation for Test case: TestCase1 Started.
,TESTCASE1,Thu Mar 10 15:04:52 IST 2016,PASS,Tax Calculation for Test case: TestCase1 Started.
,TESTCASE1,Thu Mar 10 15:05:32 IST 2016,PASS,Tax Calculation for Test case: TestCase1 Started.
,TESTCASE1,Thu Mar 10 15:08:05 IST 2016,PASS,Tax Calculation for Test case: TestCase1 Started.
,TESTCASE1,Thu Mar 10 15:10:01 IST 2016,PASS,Tax Calculation for Test case: TestCase1 Started.
,TESTCASE1,Thu Mar 10 15:11:12 IST 2016,PASS,Tax Calculation for Test case: TestCase1 Started.
,TESTCASE1,Thu Mar 10 15:12:53 IST 2016,PASS,Tax Calculation for Test case: TestCase1 Started.
,TESTCASE1,Thu Mar 10 15:14:23 IST 2016,PASS,Tax Calculation for Test case: TestCase1 Started.
