ScriptName,TCName,Date,Result,Description
SalesForce_TaxCalc,SalesForce_TaxCalc,Wed Mar 26 16:59:49 IST 2014,PASS,Logging into SalesForce application is successful.
SalesForce_TaxCalc,TESTCASE1,Wed Mar 26 16:59:49 IST 2014,PASS,Tax Calculation for Test case: TestCase1 Started.
SalesForce_TaxCalc,TESTCASE1,Wed Mar 26 16:59:57 IST 2014,PASS,After clicking on menu TaxNowSettings Respective page opened successfully
SalesForce_TaxCalc,TESTCASE1,Wed Mar 26 17:00:03 IST 2014,PASS,Tax now settings updated successfully
SalesForce_TaxCalc,TESTCASE1,Wed Mar 26 17:00:14 IST 2014,PASS,After clicking on menu Accounts Respective page opened successfully
SalesForce_TaxCalc,TESTCASE1,Wed Mar 26 17:00:24 IST 2014,PASS,Opportunities created successfully
SalesForce_TaxCalc,TESTCASE1,Wed Mar 26 17:00:25 IST 2014,PASS,After clicking on menu Opportunities Respective page opened successfully
SalesForce_TaxCalc,TESTCASE1,Wed Mar 26 17:00:37 IST 2014,PASS,Avalara Status 'Temporary' verified successfully on adding products for Test case TestCase1 On Menu item : - Opportunities
SalesForce_TaxCalc,TESTCASE1,Wed Mar 26 17:00:43 IST 2014,PASS,'Total Sales Tax' 60.00 verified successfully for Test case TestCase1 on Opportunities Window.
SalesForce_TaxCalc,TESTCASE1,Wed Mar 26 17:00:44 IST 2014,PASS,Avalara Status ' Temporary' verified successfully on Calculate for Test case TestCase1 On tax calculation on Opportunities Window 
SalesForce_TaxCalc,TESTCASE1,Wed Mar 26 17:00:51 IST 2014,PASS,After clicking on menu newQuote Respective page opened successfully
SalesForce_TaxCalc,TESTCASE1,Wed Mar 26 17:01:00 IST 2014,PASS,Avalara Status 'Temporary' verified successfully on adding products for Test case TestCase1 On Menu item : - Quotes
SalesForce_TaxCalc,TESTCASE1,Wed Mar 26 17:01:06 IST 2014,PASS,'Total Sales Tax' 120.00 verified successfully for Test case TestCase1 on Quotes Window.
SalesForce_TaxCalc,TESTCASE1,Wed Mar 26 17:01:07 IST 2014,PASS,Avalara Status ' Temporary' verified successfully on Calculate for Test case TestCase1 On tax calculation on Quotes Window 
SalesForce_TaxCalc,TESTCASE1,Wed Mar 26 17:01:07 IST 2014,PASS,Tax Calculation for Test case: TestCase1 Ended.
SalesForce_TaxCalc,TESTCASE2,Wed Mar 26 17:01:07 IST 2014,PASS,Tax Calculation for Test case: TestCase2 Started.
SalesForce_TaxCalc,TESTCASE2,Wed Mar 26 17:01:12 IST 2014,PASS,After clicking on menu TaxNowSettings Respective page opened successfully
SalesForce_TaxCalc,TESTCASE2,Wed Mar 26 17:01:16 IST 2014,PASS,Tax now settings updated successfully
SalesForce_TaxCalc,TESTCASE2,Wed Mar 26 17:01:27 IST 2014,PASS,After clicking on menu Accounts Respective page opened successfully
SalesForce_TaxCalc,TESTCASE2,Wed Mar 26 17:01:35 IST 2014,PASS,Opportunities created successfully
SalesForce_TaxCalc,TESTCASE2,Wed Mar 26 17:01:36 IST 2014,PASS,After clicking on menu Opportunities Respective page opened successfully
SalesForce_TaxCalc,TESTCASE2,Wed Mar 26 17:01:45 IST 2014,PASS,Avalara Status 'Temporary' verified successfully on adding products for Test case TestCase2 On Menu item : - Opportunities
SalesForce_TaxCalc,TESTCASE2,Wed Mar 26 17:01:50 IST 2014,PASS,'Total Sales Tax' 60.00 verified successfully for Test case TestCase2 on Opportunities Window.
SalesForce_TaxCalc,TESTCASE2,Wed Mar 26 17:01:50 IST 2014,PASS,Avalara Status ' Saved' verified successfully on Calculate for Test case TestCase2 On tax calculation on Opportunities Window 
SalesForce_TaxCalc,TESTCASE2,Wed Mar 26 17:01:56 IST 2014,PASS,After clicking on menu newQuote Respective page opened successfully
SalesForce_TaxCalc,TESTCASE2,Wed Mar 26 17:02:05 IST 2014,FAIL,Avalara Status 'Temporary' NOT verified successfully on adding products for Test case TestCase2 On Menu item : - QuotesExpected : Temporary and Actual:Saved
SalesForce_TaxCalc,TESTCASE3,Wed Mar 26 17:02:05 IST 2014,PASS,Tax Calculation for Test case: TestCase3 Started.
SalesForce_TaxCalc,TESTCASE3,Wed Mar 26 17:02:12 IST 2014,PASS,After clicking on menu TaxNowSettings Respective page opened successfully
SalesForce_TaxCalc,TESTCASE3,Wed Mar 26 17:02:17 IST 2014,PASS,Tax now settings updated successfully
SalesForce_TaxCalc,TESTCASE3,Wed Mar 26 17:02:27 IST 2014,PASS,After clicking on menu Accounts Respective page opened successfully
SalesForce_TaxCalc,TESTCASE3,Wed Mar 26 17:02:36 IST 2014,PASS,Opportunities created successfully
SalesForce_TaxCalc,TESTCASE3,Wed Mar 26 17:02:37 IST 2014,PASS,After clicking on menu Opportunities Respective page opened successfully
SalesForce_TaxCalc,TESTCASE3,Wed Mar 26 17:02:46 IST 2014,PASS,Avalara Status 'Temporary' verified successfully on adding products for Test case TestCase3 On Menu item : - Opportunities
SalesForce_TaxCalc,TESTCASE3,Wed Mar 26 17:02:50 IST 2014,FAIL,'Total Sales Tax' 29.00 NOT verified successfully for Test caseTestCase3 on Opportunities Window.Expected Tax :- 29.00 and Actual Tax:- 77.50
SalesForce_TaxCalc,TESTCASE4,Wed Mar 26 17:02:50 IST 2014,PASS,Tax Calculation for Test case: TestCase4 Started.
SalesForce_TaxCalc,TESTCASE4,Wed Mar 26 17:02:56 IST 2014,PASS,After clicking on menu TaxNowSettings Respective page opened successfully
SalesForce_TaxCalc,TESTCASE4,Wed Mar 26 17:03:00 IST 2014,PASS,Tax now settings updated successfully
SalesForce_TaxCalc,TESTCASE4,Wed Mar 26 17:03:11 IST 2014,PASS,After clicking on menu Accounts Respective page opened successfully
SalesForce_TaxCalc,TESTCASE4,Wed Mar 26 17:03:18 IST 2014,PASS,Opportunities created successfully
SalesForce_TaxCalc,TESTCASE4,Wed Mar 26 17:03:19 IST 2014,PASS,After clicking on menu Opportunities Respective page opened successfully
SalesForce_TaxCalc,TESTCASE4,Wed Mar 26 17:03:28 IST 2014,PASS,Avalara Status 'Temporary' verified successfully on adding products for Test case TestCase4 On Menu item : - Opportunities
SalesForce_TaxCalc,TESTCASE4,Wed Mar 26 17:03:33 IST 2014,FAIL,'Total Sales Tax' 29.00 NOT verified successfully for Test caseTestCase4 on Opportunities Window.Expected Tax :- 29.00 and Actual Tax:- 77.50
SalesForce_TaxCalc,TESTCASE5,Wed Mar 26 17:03:33 IST 2014,PASS,Tax Calculation for Test case: TestCase5 Started.
SalesForce_TaxCalc,TESTCASE5,Wed Mar 26 17:03:40 IST 2014,PASS,After clicking on menu TaxNowSettings Respective page opened successfully
SalesForce_TaxCalc,TESTCASE5,Wed Mar 26 17:03:44 IST 2014,PASS,Tax now settings updated successfully
SalesForce_TaxCalc,TESTCASE5,Wed Mar 26 17:03:56 IST 2014,PASS,After clicking on menu Accounts Respective page opened successfully
SalesForce_TaxCalc,TESTCASE5,Wed Mar 26 17:04:03 IST 2014,PASS,Opportunities created successfully
SalesForce_TaxCalc,TESTCASE5,Wed Mar 26 17:04:04 IST 2014,PASS,After clicking on menu Opportunities Respective page opened successfully
SalesForce_TaxCalc,TESTCASE5,Wed Mar 26 17:04:15 IST 2014,PASS,Avalara Status 'Temporary' verified successfully on adding products for Test case TestCase5 On Menu item : - Opportunities
SalesForce_TaxCalc,TESTCASE5,Wed Mar 26 17:05:21 IST 2014,FAIL,fCalculateSalesTax: Exception: org.openqa.selenium.NoSuchElementException: Unable to locate element: {"method":"xpath","selector":"//div[@id='00Ni000000DEYPx_ileinner']"}
Command duration or timeout: 65.15 seconds
For documentation on this error, please visit: http://seleniumhq.org/exceptions/no_such_element.html
Build info: version: '2.40.0', revision: 'fbe29a9', time: '2014-02-19 20:55:11'
System info: host: 'Av-Pn-KhareA', ip: '10.240.20.106', os.name: 'Windows 7', os.arch: 'x86', os.version: '6.1', java.version: '1.6.0_45'
Session ID: 252e9507-4a53-4a9e-826d-c8569fc3b25a
Driver info: org.openqa.selenium.firefox.FirefoxDriver
Capabilities [{platform=XP, acceptSslCerts=true, javascriptEnabled=true, browserName=firefox, rotatable=false, locationContextEnabled=true, version=12.0, cssSelectorsEnabled=true, databaseEnabled=true, handlesAlerts=true, browserConnectionEnabled=true, nativeEvents=false, webStorageEnabled=true, applicationCacheEnabled=true, takesScreenshot=true}]
SalesForce_TaxCalc,TESTCASE6,Wed Mar 26 17:05:21 IST 2014,PASS,Tax Calculation for Test case: TestCase6 Started.
SalesForce_TaxCalc,TESTCASE6,Wed Mar 26 17:05:27 IST 2014,PASS,After clicking on menu TaxNowSettings Respective page opened successfully
SalesForce_TaxCalc,TESTCASE6,Wed Mar 26 17:05:31 IST 2014,PASS,Tax now settings updated successfully
SalesForce_TaxCalc,TESTCASE6,Wed Mar 26 17:05:41 IST 2014,PASS,After clicking on menu Accounts Respective page opened successfully
SalesForce_TaxCalc,TESTCASE6,Wed Mar 26 17:05:49 IST 2014,PASS,Opportunities created successfully
SalesForce_TaxCalc,TESTCASE6,Wed Mar 26 17:05:50 IST 2014,PASS,After clicking on menu Opportunities Respective page opened successfully
SalesForce_TaxCalc,TESTCASE6,Wed Mar 26 17:06:00 IST 2014,PASS,Avalara Status 'Temporary' verified successfully on adding products for Test case TestCase6 On Menu item : - Opportunities
SalesForce_TaxCalc,TESTCASE6,Wed Mar 26 17:07:02 IST 2014,FAIL,fCalculateSalesTax: Exception: org.openqa.selenium.NoSuchElementException: Unable to locate element: {"method":"xpath","selector":"//div[@id='00Ni000000DEYPx_ileinner']"}
Command duration or timeout: 60.86 seconds
For documentation on this error, please visit: http://seleniumhq.org/exceptions/no_such_element.html
Build info: version: '2.40.0', revision: 'fbe29a9', time: '2014-02-19 20:55:11'
System info: host: 'Av-Pn-KhareA', ip: '10.240.20.106', os.name: 'Windows 7', os.arch: 'x86', os.version: '6.1', java.version: '1.6.0_45'
Session ID: 252e9507-4a53-4a9e-826d-c8569fc3b25a
Driver info: org.openqa.selenium.firefox.FirefoxDriver
Capabilities [{platform=XP, acceptSslCerts=true, javascriptEnabled=true, browserName=firefox, rotatable=false, locationContextEnabled=true, version=12.0, cssSelectorsEnabled=true, databaseEnabled=true, handlesAlerts=true, browserConnectionEnabled=true, nativeEvents=false, webStorageEnabled=true, applicationCacheEnabled=true, takesScreenshot=true}]
SalesForce_TaxCalc,TESTCASE7,Wed Mar 26 17:07:02 IST 2014,PASS,Tax Calculation for Test case: TestCase7 Started.
SalesForce_TaxCalc,TESTCASE7,Wed Mar 26 17:07:08 IST 2014,PASS,After clicking on menu TaxNowSettings Respective page opened successfully
SalesForce_TaxCalc,TESTCASE7,Wed Mar 26 17:07:12 IST 2014,PASS,Tax now settings updated successfully
SalesForce_TaxCalc,TESTCASE7,Wed Mar 26 17:07:22 IST 2014,PASS,After clicking on menu Accounts Respective page opened successfully
SalesForce_TaxCalc,TESTCASE7,Wed Mar 26 17:07:30 IST 2014,PASS,Opportunities created successfully
SalesForce_TaxCalc,TESTCASE7,Wed Mar 26 17:07:31 IST 2014,PASS,After clicking on menu Opportunities Respective page opened successfully
SalesForce_TaxCalc,TESTCASE7,Wed Mar 26 17:07:42 IST 2014,PASS,Avalara Status 'Temporary' verified successfully on adding products for Test case TestCase7 On Menu item : - Opportunities
SalesForce_TaxCalc,TESTCASE7,Wed Mar 26 17:08:43 IST 2014,FAIL,fCalculateSalesTax: Exception: org.openqa.selenium.NoSuchElementException: Unable to locate element: {"method":"xpath","selector":"//div[@id='00Ni000000DEYPx_ileinner']"}
Command duration or timeout: 60.96 seconds
For documentation on this error, please visit: http://seleniumhq.org/exceptions/no_such_element.html
Build info: version: '2.40.0', revision: 'fbe29a9', time: '2014-02-19 20:55:11'
System info: host: 'Av-Pn-KhareA', ip: '10.240.20.106', os.name: 'Windows 7', os.arch: 'x86', os.version: '6.1', java.version: '1.6.0_45'
Session ID: 252e9507-4a53-4a9e-826d-c8569fc3b25a
Driver info: org.openqa.selenium.firefox.FirefoxDriver
Capabilities [{platform=XP, acceptSslCerts=true, javascriptEnabled=true, browserName=firefox, rotatable=false, locationContextEnabled=true, version=12.0, cssSelectorsEnabled=true, databaseEnabled=true, handlesAlerts=true, browserConnectionEnabled=true, nativeEvents=false, webStorageEnabled=true, applicationCacheEnabled=true, takesScreenshot=true}]
SalesForce_TaxCalc,TESTCASE8,Wed Mar 26 17:08:43 IST 2014,PASS,Tax Calculation for Test case: TestCase8 Started.
SalesForce_TaxCalc,TESTCASE8,Wed Mar 26 17:08:49 IST 2014,PASS,After clicking on menu TaxNowSettings Respective page opened successfully
SalesForce_TaxCalc,TESTCASE8,Wed Mar 26 17:08:53 IST 2014,PASS,Tax now settings updated successfully
SalesForce_TaxCalc,TESTCASE8,Wed Mar 26 17:09:04 IST 2014,PASS,After clicking on menu Accounts Respective page opened successfully
SalesForce_TaxCalc,TESTCASE8,Wed Mar 26 17:09:11 IST 2014,PASS,Opportunities created successfully
SalesForce_TaxCalc,TESTCASE8,Wed Mar 26 17:09:12 IST 2014,PASS,After clicking on menu Opportunities Respective page opened successfully
SalesForce_TaxCalc,TESTCASE8,Wed Mar 26 17:09:22 IST 2014,PASS,Avalara Status 'Temporary' verified successfully on adding products for Test case TestCase8 On Menu item : - Opportunities
SalesForce_TaxCalc,TESTCASE8,Wed Mar 26 17:10:24 IST 2014,FAIL,fCalculateSalesTax: Exception: org.openqa.selenium.NoSuchElementException: Unable to locate element: {"method":"xpath","selector":"//div[@id='00Ni000000DEYPx_ileinner']"}
Command duration or timeout: 60.82 seconds
For documentation on this error, please visit: http://seleniumhq.org/exceptions/no_such_element.html
Build info: version: '2.40.0', revision: 'fbe29a9', time: '2014-02-19 20:55:11'
System info: host: 'Av-Pn-KhareA', ip: '10.240.20.106', os.name: 'Windows 7', os.arch: 'x86', os.version: '6.1', java.version: '1.6.0_45'
Session ID: 252e9507-4a53-4a9e-826d-c8569fc3b25a
Driver info: org.openqa.selenium.firefox.FirefoxDriver
Capabilities [{platform=XP, acceptSslCerts=true, javascriptEnabled=true, browserName=firefox, rotatable=false, locationContextEnabled=true, version=12.0, cssSelectorsEnabled=true, databaseEnabled=true, handlesAlerts=true, browserConnectionEnabled=true, nativeEvents=false, webStorageEnabled=true, applicationCacheEnabled=true, takesScreenshot=true}]
SalesForce_TaxCalc,TESTCASE9,Wed Mar 26 17:10:24 IST 2014,PASS,Tax Calculation for Test case: TestCase9 Started.
SalesForce_TaxCalc,TESTCASE9,Wed Mar 26 17:10:30 IST 2014,PASS,After clicking on menu TaxNowSettings Respective page opened successfully
SalesForce_TaxCalc,TESTCASE9,Wed Mar 26 17:10:34 IST 2014,PASS,Tax now settings updated successfully
SalesForce_TaxCalc,TESTCASE9,Wed Mar 26 17:10:45 IST 2014,PASS,After clicking on menu Accounts Respective page opened successfully
SalesForce_TaxCalc,TESTCASE9,Wed Mar 26 17:10:52 IST 2014,PASS,Opportunities created successfully
SalesForce_TaxCalc,TESTCASE9,Wed Mar 26 17:10:53 IST 2014,PASS,After clicking on menu Opportunities Respective page opened successfully
SalesForce_TaxCalc,TESTCASE9,Wed Mar 26 17:12:04 IST 2014,FAIL,fCalculateSalesTax: Exception: org.openqa.selenium.NoSuchElementException: Unable to locate element: {"method":"id","selector":"00Ni000000DEYPE_ileinner"}
Command duration or timeout: 60.13 seconds
For documentation on this error, please visit: http://seleniumhq.org/exceptions/no_such_element.html
Build info: version: '2.40.0', revision: 'fbe29a9', time: '2014-02-19 20:55:11'
System info: host: 'Av-Pn-KhareA', ip: '10.240.20.106', os.name: 'Windows 7', os.arch: 'x86', os.version: '6.1', java.version: '1.6.0_45'
Session ID: 252e9507-4a53-4a9e-826d-c8569fc3b25a
Driver info: org.openqa.selenium.firefox.FirefoxDriver
Capabilities [{platform=XP, acceptSslCerts=true, javascriptEnabled=true, browserName=firefox, rotatable=false, locationContextEnabled=true, version=12.0, cssSelectorsEnabled=true, databaseEnabled=true, handlesAlerts=true, browserConnectionEnabled=true, nativeEvents=false, webStorageEnabled=true, applicationCacheEnabled=true, takesScreenshot=true}]
SalesForce_TaxCalc,TESTCASE10,Wed Mar 26 17:12:04 IST 2014,PASS,Tax Calculation for Test case: TestCase10 Started.
SalesForce_TaxCalc,TESTCASE10,Wed Mar 26 17:12:10 IST 2014,PASS,After clicking on menu TaxNowSettings Respective page opened successfully
SalesForce_TaxCalc,TESTCASE10,Wed Mar 26 17:12:14 IST 2014,PASS,Tax now settings updated successfully
SalesForce_TaxCalc,TESTCASE10,Wed Mar 26 17:12:24 IST 2014,PASS,After clicking on menu Accounts Respective page opened successfully
SalesForce_TaxCalc,TESTCASE10,Wed Mar 26 17:12:31 IST 2014,PASS,Opportunities created successfully
SalesForce_TaxCalc,TESTCASE10,Wed Mar 26 17:12:32 IST 2014,PASS,After clicking on menu Opportunities Respective page opened successfully
SalesForce_TaxCalc,TESTCASE10,Wed Mar 26 17:12:42 IST 2014,PASS,Avalara Status 'Temporary' verified successfully on adding products for Test case TestCase10 On Menu item : - Opportunities
SalesForce_TaxCalc,TESTCASE10,Wed Mar 26 17:13:45 IST 2014,FAIL,fCalculateSalesTax: Exception: org.openqa.selenium.NoSuchElementException: Unable to locate element: {"method":"xpath","selector":"//div[@id='00Ni000000DEYPx_ileinner']"}
Command duration or timeout: 61.47 seconds
For documentation on this error, please visit: http://seleniumhq.org/exceptions/no_such_element.html
Build info: version: '2.40.0', revision: 'fbe29a9', time: '2014-02-19 20:55:11'
System info: host: 'Av-Pn-KhareA', ip: '10.240.20.106', os.name: 'Windows 7', os.arch: 'x86', os.version: '6.1', java.version: '1.6.0_45'
Session ID: 252e9507-4a53-4a9e-826d-c8569fc3b25a
Driver info: org.openqa.selenium.firefox.FirefoxDriver
Capabilities [{platform=XP, acceptSslCerts=true, javascriptEnabled=true, browserName=firefox, rotatable=false, locationContextEnabled=true, version=12.0, cssSelectorsEnabled=true, databaseEnabled=true, handlesAlerts=true, browserConnectionEnabled=true, nativeEvents=false, webStorageEnabled=true, applicationCacheEnabled=true, takesScreenshot=true}]
SalesForce_TaxCalc,TESTCASE11,Wed Mar 26 17:13:45 IST 2014,PASS,Tax Calculation for Test case: TestCase11 Started.
SalesForce_TaxCalc,TESTCASE11,Wed Mar 26 17:13:51 IST 2014,PASS,After clicking on menu TaxNowSettings Respective page opened successfully
SalesForce_TaxCalc,TESTCASE11,Wed Mar 26 17:13:55 IST 2014,PASS,Tax now settings updated successfully
SalesForce_TaxCalc,TESTCASE11,Wed Mar 26 17:14:05 IST 2014,PASS,After clicking on menu Accounts Respective page opened successfully
SalesForce_TaxCalc,TESTCASE11,Wed Mar 26 17:14:14 IST 2014,PASS,Opportunities created successfully
SalesForce_TaxCalc,TESTCASE11,Wed Mar 26 17:14:15 IST 2014,PASS,After clicking on menu Opportunities Respective page opened successfully
SalesForce_TaxCalc,TESTCASE11,Wed Mar 26 17:14:25 IST 2014,PASS,Avalara Status 'Temporary' verified successfully on adding products for Test case TestCase11 On Menu item : - Opportunities
SalesForce_TaxCalc,TESTCASE11,Wed Mar 26 17:15:27 IST 2014,FAIL,fCalculateSalesTax: Exception: org.openqa.selenium.NoSuchElementException: Unable to locate element: {"method":"xpath","selector":"//div[@id='00Ni000000DEYPx_ileinner']"}
Command duration or timeout: 60.88 seconds
For documentation on this error, please visit: http://seleniumhq.org/exceptions/no_such_element.html
Build info: version: '2.40.0', revision: 'fbe29a9', time: '2014-02-19 20:55:11'
System info: host: 'Av-Pn-KhareA', ip: '10.240.20.106', os.name: 'Windows 7', os.arch: 'x86', os.version: '6.1', java.version: '1.6.0_45'
Session ID: 252e9507-4a53-4a9e-826d-c8569fc3b25a
Driver info: org.openqa.selenium.firefox.FirefoxDriver
Capabilities [{platform=XP, acceptSslCerts=true, javascriptEnabled=true, browserName=firefox, rotatable=false, locationContextEnabled=true, version=12.0, cssSelectorsEnabled=true, databaseEnabled=true, handlesAlerts=true, browserConnectionEnabled=true, nativeEvents=false, webStorageEnabled=true, applicationCacheEnabled=true, takesScreenshot=true}]
SalesForce_TaxCalc,TESTCASE12,Wed Mar 26 17:15:27 IST 2014,PASS,Tax Calculation for Test case: TestCase12 Started.
SalesForce_TaxCalc,TESTCASE12,Wed Mar 26 17:15:33 IST 2014,PASS,After clicking on menu TaxNowSettings Respective page opened successfully
SalesForce_TaxCalc,TESTCASE12,Wed Mar 26 17:15:37 IST 2014,PASS,Tax now settings updated successfully
SalesForce_TaxCalc,TESTCASE12,Wed Mar 26 17:15:47 IST 2014,PASS,After clicking on menu Accounts Respective page opened successfully
SalesForce_TaxCalc,TESTCASE12,Wed Mar 26 17:15:54 IST 2014,PASS,Opportunities created successfully
SalesForce_TaxCalc,TESTCASE12,Wed Mar 26 17:15:55 IST 2014,PASS,After clicking on menu Opportunities Respective page opened successfully
SalesForce_TaxCalc,TESTCASE12,Wed Mar 26 17:16:06 IST 2014,PASS,Avalara Status 'Temporary' verified successfully on adding products for Test case TestCase12 On Menu item : - Opportunities
SalesForce_TaxCalc,TESTCASE12,Wed Mar 26 17:17:08 IST 2014,FAIL,fCalculateSalesTax: Exception: org.openqa.selenium.NoSuchElementException: Unable to locate element: {"method":"xpath","selector":"//div[@id='00Ni000000DEYPx_ileinner']"}
Command duration or timeout: 60.88 seconds
For documentation on this error, please visit: http://seleniumhq.org/exceptions/no_such_element.html
Build info: version: '2.40.0', revision: 'fbe29a9', time: '2014-02-19 20:55:11'
System info: host: 'Av-Pn-KhareA', ip: '10.240.20.106', os.name: 'Windows 7', os.arch: 'x86', os.version: '6.1', java.version: '1.6.0_45'
Session ID: 252e9507-4a53-4a9e-826d-c8569fc3b25a
Driver info: org.openqa.selenium.firefox.FirefoxDriver
Capabilities [{platform=XP, acceptSslCerts=true, javascriptEnabled=true, browserName=firefox, rotatable=false, locationContextEnabled=true, version=12.0, cssSelectorsEnabled=true, databaseEnabled=true, handlesAlerts=true, browserConnectionEnabled=true, nativeEvents=false, webStorageEnabled=true, applicationCacheEnabled=true, takesScreenshot=true}]
SalesForce_TaxCalc,TESTCASE13,Wed Mar 26 17:17:08 IST 2014,PASS,Tax Calculation for Test case: TestCase13 Started.
SalesForce_TaxCalc,TESTCASE13,Wed Mar 26 17:17:14 IST 2014,PASS,After clicking on menu TaxNowSettings Respective page opened successfully
SalesForce_TaxCalc,TESTCASE13,Wed Mar 26 17:17:18 IST 2014,PASS,Tax now settings updated successfully
SalesForce_TaxCalc,TESTCASE13,Wed Mar 26 17:17:28 IST 2014,PASS,After clicking on menu Accounts Respective page opened successfully
SalesForce_TaxCalc,TESTCASE13,Wed Mar 26 17:17:39 IST 2014,PASS,Opportunities created successfully
SalesForce_TaxCalc,TESTCASE13,Wed Mar 26 17:17:40 IST 2014,PASS,After clicking on menu Opportunities Respective page opened successfully
SalesForce_TaxCalc,TESTCASE13,Wed Mar 26 17:17:50 IST 2014,PASS,Avalara Status 'Temporary' verified successfully on adding products for Test case TestCase13 On Menu item : - Opportunities
SalesForce_TaxCalc,TESTCASE13,Wed Mar 26 17:18:52 IST 2014,FAIL,fCalculateSalesTax: Exception: org.openqa.selenium.NoSuchElementException: Unable to locate element: {"method":"xpath","selector":"//div[@id='00Ni000000DEYPx_ileinner']"}
Command duration or timeout: 60.98 seconds
For documentation on this error, please visit: http://seleniumhq.org/exceptions/no_such_element.html
Build info: version: '2.40.0', revision: 'fbe29a9', time: '2014-02-19 20:55:11'
System info: host: 'Av-Pn-KhareA', ip: '10.240.20.106', os.name: 'Windows 7', os.arch: 'x86', os.version: '6.1', java.version: '1.6.0_45'
Session ID: 252e9507-4a53-4a9e-826d-c8569fc3b25a
Driver info: org.openqa.selenium.firefox.FirefoxDriver
Capabilities [{platform=XP, acceptSslCerts=true, javascriptEnabled=true, browserName=firefox, rotatable=false, locationContextEnabled=true, version=12.0, cssSelectorsEnabled=true, databaseEnabled=true, handlesAlerts=true, browserConnectionEnabled=true, nativeEvents=false, webStorageEnabled=true, applicationCacheEnabled=true, takesScreenshot=true}]
SalesForce_TaxCalc,TESTCASE14,Wed Mar 26 17:18:52 IST 2014,PASS,Tax Calculation for Test case: TestCase14 Started.
SalesForce_TaxCalc,TESTCASE14,Wed Mar 26 17:18:58 IST 2014,PASS,After clicking on menu TaxNowSettings Respective page opened successfully
SalesForce_TaxCalc,TESTCASE14,Wed Mar 26 17:19:02 IST 2014,PASS,Tax now settings updated successfully
SalesForce_TaxCalc,TESTCASE14,Wed Mar 26 17:19:12 IST 2014,PASS,After clicking on menu Accounts Respective page opened successfully
SalesForce_TaxCalc,TESTCASE14,Wed Mar 26 17:19:19 IST 2014,PASS,Opportunities created successfully
SalesForce_TaxCalc,TESTCASE14,Wed Mar 26 17:19:20 IST 2014,PASS,After clicking on menu Opportunities Respective page opened successfully
SalesForce_TaxCalc,TESTCASE14,Wed Mar 26 17:19:30 IST 2014,PASS,Avalara Status 'Temporary' verified successfully on adding products for Test case TestCase14 On Menu item : - Opportunities
SalesForce_TaxCalc,TESTCASE14,Wed Mar 26 17:20:32 IST 2014,FAIL,fCalculateSalesTax: Exception: org.openqa.selenium.NoSuchElementException: Unable to locate element: {"method":"xpath","selector":"//div[@id='00Ni000000DEYPx_ileinner']"}
Command duration or timeout: 60.83 seconds
For documentation on this error, please visit: http://seleniumhq.org/exceptions/no_such_element.html
Build info: version: '2.40.0', revision: 'fbe29a9', time: '2014-02-19 20:55:11'
System info: host: 'Av-Pn-KhareA', ip: '10.240.20.106', os.name: 'Windows 7', os.arch: 'x86', os.version: '6.1', java.version: '1.6.0_45'
Session ID: 252e9507-4a53-4a9e-826d-c8569fc3b25a
Driver info: org.openqa.selenium.firefox.FirefoxDriver
Capabilities [{platform=XP, acceptSslCerts=true, javascriptEnabled=true, browserName=firefox, rotatable=false, locationContextEnabled=true, version=12.0, cssSelectorsEnabled=true, databaseEnabled=true, handlesAlerts=true, browserConnectionEnabled=true, nativeEvents=false, webStorageEnabled=true, applicationCacheEnabled=true, takesScreenshot=true}]
SalesForce_TaxCalc,TESTCASE15,Wed Mar 26 17:20:32 IST 2014,PASS,Tax Calculation for Test case: TestCase15 Started.
SalesForce_TaxCalc,TESTCASE15,Wed Mar 26 17:20:38 IST 2014,PASS,After clicking on menu TaxNowSettings Respective page opened successfully
SalesForce_TaxCalc,TESTCASE15,Wed Mar 26 17:20:42 IST 2014,PASS,Tax now settings updated successfully
SalesForce_TaxCalc,TESTCASE15,Wed Mar 26 17:20:51 IST 2014,PASS,After clicking on menu Accounts Respective page opened successfully
SalesForce_TaxCalc,TESTCASE15,Wed Mar 26 17:20:59 IST 2014,PASS,Opportunities created successfully
SalesForce_TaxCalc,TESTCASE15,Wed Mar 26 17:21:00 IST 2014,PASS,After clicking on menu Opportunities Respective page opened successfully
SalesForce_TaxCalc,TESTCASE15,Wed Mar 26 17:21:12 IST 2014,PASS,Avalara Status 'Temporary' verified successfully on adding products for Test case TestCase15 On Menu item : - Opportunities
SalesForce_TaxCalc,TESTCASE15,Wed Mar 26 17:22:13 IST 2014,FAIL,fCalculateSalesTax: Exception: org.openqa.selenium.NoSuchElementException: Unable to locate element: {"method":"xpath","selector":"//div[@id='00Ni000000DEYPx_ileinner']"}
Command duration or timeout: 60.90 seconds
For documentation on this error, please visit: http://seleniumhq.org/exceptions/no_such_element.html
Build info: version: '2.40.0', revision: 'fbe29a9', time: '2014-02-19 20:55:11'
System info: host: 'Av-Pn-KhareA', ip: '10.240.20.106', os.name: 'Windows 7', os.arch: 'x86', os.version: '6.1', java.version: '1.6.0_45'
Session ID: 252e9507-4a53-4a9e-826d-c8569fc3b25a
Driver info: org.openqa.selenium.firefox.FirefoxDriver
Capabilities [{platform=XP, acceptSslCerts=true, javascriptEnabled=true, browserName=firefox, rotatable=false, locationContextEnabled=true, version=12.0, cssSelectorsEnabled=true, databaseEnabled=true, handlesAlerts=true, browserConnectionEnabled=true, nativeEvents=false, webStorageEnabled=true, applicationCacheEnabled=true, takesScreenshot=true}]
SalesForce_TaxCalc,TESTCASE16,Wed Mar 26 17:22:13 IST 2014,PASS,Tax Calculation for Test case: TestCase16 Started.
SalesForce_TaxCalc,TESTCASE16,Wed Mar 26 17:22:19 IST 2014,PASS,After clicking on menu TaxNowSettings Respective page opened successfully
SalesForce_TaxCalc,TESTCASE16,Wed Mar 26 17:22:23 IST 2014,PASS,Tax now settings updated successfully
SalesForce_TaxCalc,TESTCASE16,Wed Mar 26 17:22:33 IST 2014,PASS,After clicking on menu Accounts Respective page opened successfully
SalesForce_TaxCalc,TESTCASE16,Wed Mar 26 17:22:40 IST 2014,PASS,Opportunities created successfully
SalesForce_TaxCalc,TESTCASE16,Wed Mar 26 17:22:41 IST 2014,PASS,After clicking on menu Opportunities Respective page opened successfully
SalesForce_TaxCalc,TESTCASE16,Wed Mar 26 17:22:53 IST 2014,PASS,Avalara Status 'Temporary' verified successfully on adding products for Test case TestCase16 On Menu item : - Opportunities
SalesForce_TaxCalc,TESTCASE16,Wed Mar 26 17:23:54 IST 2014,FAIL,fCalculateSalesTax: Exception: org.openqa.selenium.NoSuchElementException: Unable to locate element: {"method":"xpath","selector":"//div[@id='00Ni000000DEYPx_ileinner']"}
Command duration or timeout: 60.31 seconds
For documentation on this error, please visit: http://seleniumhq.org/exceptions/no_such_element.html
Build info: version: '2.40.0', revision: 'fbe29a9', time: '2014-02-19 20:55:11'
System info: host: 'Av-Pn-KhareA', ip: '10.240.20.106', os.name: 'Windows 7', os.arch: 'x86', os.version: '6.1', java.version: '1.6.0_45'
Session ID: 252e9507-4a53-4a9e-826d-c8569fc3b25a
Driver info: org.openqa.selenium.firefox.FirefoxDriver
Capabilities [{platform=XP, acceptSslCerts=true, javascriptEnabled=true, browserName=firefox, rotatable=false, locationContextEnabled=true, version=12.0, cssSelectorsEnabled=true, databaseEnabled=true, handlesAlerts=true, browserConnectionEnabled=true, nativeEvents=false, webStorageEnabled=true, applicationCacheEnabled=true, takesScreenshot=true}]
SalesForce_TaxCalc,TESTCASE17,Wed Mar 26 17:23:54 IST 2014,PASS,Tax Calculation for Test case: TestCase17 Started.
SalesForce_TaxCalc,TESTCASE17,Wed Mar 26 17:24:00 IST 2014,PASS,After clicking on menu TaxNowSettings Respective page opened successfully
SalesForce_TaxCalc,TESTCASE17,Wed Mar 26 17:24:04 IST 2014,PASS,Tax now settings updated successfully
SalesForce_TaxCalc,TESTCASE17,Wed Mar 26 17:24:15 IST 2014,PASS,After clicking on menu Accounts Respective page opened successfully
SalesForce_TaxCalc,TESTCASE17,Wed Mar 26 17:24:22 IST 2014,PASS,Opportunities created successfully
SalesForce_TaxCalc,TESTCASE17,Wed Mar 26 17:24:23 IST 2014,PASS,After clicking on menu Opportunities Respective page opened successfully
SalesForce_TaxCalc,TESTCASE17,Wed Mar 26 17:24:32 IST 2014,PASS,Avalara Status 'Temporary' verified successfully on adding products for Test case TestCase17 On Menu item : - Opportunities
SalesForce_TaxCalc,TESTCASE17,Wed Mar 26 17:25:33 IST 2014,FAIL,fCalculateSalesTax: Exception: org.openqa.selenium.NoSuchElementException: Unable to locate element: {"method":"xpath","selector":"//div[@id='00Ni000000DEYPx_ileinner']"}
Command duration or timeout: 60.38 seconds
For documentation on this error, please visit: http://seleniumhq.org/exceptions/no_such_element.html
Build info: version: '2.40.0', revision: 'fbe29a9', time: '2014-02-19 20:55:11'
System info: host: 'Av-Pn-KhareA', ip: '10.240.20.106', os.name: 'Windows 7', os.arch: 'x86', os.version: '6.1', java.version: '1.6.0_45'
Session ID: 252e9507-4a53-4a9e-826d-c8569fc3b25a
Driver info: org.openqa.selenium.firefox.FirefoxDriver
Capabilities [{platform=XP, acceptSslCerts=true, javascriptEnabled=true, browserName=firefox, rotatable=false, locationContextEnabled=true, version=12.0, cssSelectorsEnabled=true, databaseEnabled=true, handlesAlerts=true, browserConnectionEnabled=true, nativeEvents=false, webStorageEnabled=true, applicationCacheEnabled=true, takesScreenshot=true}]
SalesForce_TaxCalc,TESTCASE18,Wed Mar 26 17:25:33 IST 2014,PASS,Tax Calculation for Test case: TestCase18 Started.
SalesForce_TaxCalc,TESTCASE18,Wed Mar 26 17:25:39 IST 2014,PASS,After clicking on menu TaxNowSettings Respective page opened successfully
SalesForce_TaxCalc,TESTCASE18,Wed Mar 26 17:25:44 IST 2014,PASS,Tax now settings updated successfully
SalesForce_TaxCalc,TESTCASE18,Wed Mar 26 17:25:54 IST 2014,PASS,After clicking on menu Accounts Respective page opened successfully
SalesForce_TaxCalc,TESTCASE18,Wed Mar 26 17:26:01 IST 2014,PASS,Opportunities created successfully
SalesForce_TaxCalc,TESTCASE18,Wed Mar 26 17:26:02 IST 2014,PASS,After clicking on menu Opportunities Respective page opened successfully
SalesForce_TaxCalc,TESTCASE18,Wed Mar 26 17:26:12 IST 2014,PASS,Avalara Status 'Temporary' verified successfully on adding products for Test case TestCase18 On Menu item : - Opportunities
SalesForce_TaxCalc,TESTCASE18,Wed Mar 26 17:27:15 IST 2014,FAIL,fCalculateSalesTax: Exception: org.openqa.selenium.NoSuchElementException: Unable to locate element: {"method":"xpath","selector":"//div[@id='00Ni000000DEYPx_ileinner']"}
Command duration or timeout: 60.83 seconds
For documentation on this error, please visit: http://seleniumhq.org/exceptions/no_such_element.html
Build info: version: '2.40.0', revision: 'fbe29a9', time: '2014-02-19 20:55:11'
System info: host: 'Av-Pn-KhareA', ip: '10.240.20.106', os.name: 'Windows 7', os.arch: 'x86', os.version: '6.1', java.version: '1.6.0_45'
Session ID: 252e9507-4a53-4a9e-826d-c8569fc3b25a
Driver info: org.openqa.selenium.firefox.FirefoxDriver
Capabilities [{platform=XP, acceptSslCerts=true, javascriptEnabled=true, browserName=firefox, rotatable=false, locationContextEnabled=true, version=12.0, cssSelectorsEnabled=true, databaseEnabled=true, handlesAlerts=true, browserConnectionEnabled=true, nativeEvents=false, webStorageEnabled=true, applicationCacheEnabled=true, takesScreenshot=true}]
SalesForce_TaxCalc,SalesForce_TaxCalc,Wed Mar 26 17:27:15 IST 2014,PASS,Script Ended.
