ScriptName,TCName,Date,Result,Description
SalesForce_TaxCalc,SalesForce_TaxCalc,Thu Aug 28 17:10:15 IST 2014,FAIL,Logging into SalesForce application is Failed.
SalesForce_TaxCalc,TESTCASE1,Thu Aug 28 17:10:15 IST 2014,PASS,Tax Calculation for Test case: TestCase1 Started.
SalesForce_TaxCalc,TESTCASE1,Thu Aug 28 17:10:49 IST 2014,PASS,After clicking on menu TaxNowSettings Respective page opened successfully
SalesForce_TaxCalc,TESTCASE1,Thu Aug 28 17:11:13 IST 2014,PASS,Tax now settings updated successfully
SalesForce_TaxCalc,TESTCASE1,Thu Aug 28 17:11:54 IST 2014,PASS,After clicking on menu Accounts Respective page opened successfully
SalesForce_TaxCalc,TESTCASE1,Thu Aug 28 17:12:06 IST 2014,PASS,Opportunities created successfully
SalesForce_TaxCalc,TESTCASE1,Thu Aug 28 17:12:16 IST 2014,PASS,After clicking on menu Opportunities Respective page opened successfully
SalesForce_TaxCalc,TESTCASE1,Thu Aug 28 17:12:47 IST 2014,PASS,Avalara Status 'Temporary' verified successfully on adding products for Test case TestCase1 On Menu item : - Opportunities
SalesForce_TaxCalc,TESTCASE1,Thu Aug 28 17:12:54 IST 2014,PASS,'Total Sales Tax' 60.00 verified successfully for Test case TestCase1 on Opportunities Window.
SalesForce_TaxCalc,TESTCASE1,Thu Aug 28 17:12:55 IST 2014,PASS,Avalara Status ' Temporary' verified successfully on Calculate for Test case TestCase1 On tax calculation on Opportunities Window 
SalesForce_TaxCalc,TESTCASE1,Thu Aug 28 17:13:21 IST 2014,PASS,After clicking on menu newQuote Respective page opened successfully
SalesForce_TaxCalc,TESTCASE1,Thu Aug 28 17:13:51 IST 2014,PASS,Avalara Status 'Temporary' verified successfully on adding products for Test case TestCase1 On Menu item : - Quotes
SalesForce_TaxCalc,TESTCASE1,Thu Aug 28 17:13:58 IST 2014,PASS,'Total Sales Tax' 120.00 verified successfully for Test case TestCase1 on Quotes Window.
SalesForce_TaxCalc,TESTCASE1,Thu Aug 28 17:13:58 IST 2014,PASS,Avalara Status ' Temporary' verified successfully on Calculate for Test case TestCase1 On tax calculation on Quotes Window 
SalesForce_TaxCalc,TESTCASE1,Thu Aug 28 17:13:58 IST 2014,PASS,Tax Calculation for Test case: TestCase1 Ended.
SalesForce_TaxCalc,TESTCASE2,Thu Aug 28 17:13:58 IST 2014,PASS,Tax Calculation for Test case: TestCase2 Started.
SalesForce_TaxCalc,TESTCASE2,Thu Aug 28 17:15:23 IST 2014,PASS,After clicking on menu TaxNowSettings Respective page opened successfully
SalesForce_TaxCalc,TESTCASE2,Thu Aug 28 17:15:47 IST 2014,PASS,Tax now settings updated successfully
SalesForce_TaxCalc,TESTCASE2,Thu Aug 28 17:16:28 IST 2014,PASS,After clicking on menu Accounts Respective page opened successfully
SalesForce_TaxCalc,TESTCASE2,Thu Aug 28 17:16:36 IST 2014,PASS,Opportunities created successfully
SalesForce_TaxCalc,TESTCASE2,Thu Aug 28 17:16:46 IST 2014,PASS,After clicking on menu Opportunities Respective page opened successfully
SalesForce_TaxCalc,TESTCASE2,Thu Aug 28 17:17:16 IST 2014,PASS,Avalara Status 'Temporary' verified successfully on adding products for Test case TestCase2 On Menu item : - Opportunities
SalesForce_TaxCalc,TESTCASE2,Thu Aug 28 17:17:22 IST 2014,PASS,'Total Sales Tax' 60.00 verified successfully for Test case TestCase2 on Opportunities Window.
SalesForce_TaxCalc,TESTCASE2,Thu Aug 28 17:17:22 IST 2014,PASS,Avalara Status ' Saved' verified successfully on Calculate for Test case TestCase2 On tax calculation on Opportunities Window 
SalesForce_TaxCalc,TESTCASE2,Thu Aug 28 17:17:48 IST 2014,PASS,After clicking on menu newQuote Respective page opened successfully
SalesForce_TaxCalc,TESTCASE2,Thu Aug 28 17:18:20 IST 2014,PASS,Avalara Status 'Temporary' verified successfully on adding products for Test case TestCase2 On Menu item : - Quotes
SalesForce_TaxCalc,TESTCASE2,Thu Aug 28 17:18:26 IST 2014,PASS,'Total Sales Tax' 120.00 verified successfully for Test case TestCase2 on Quotes Window.
SalesForce_TaxCalc,TESTCASE2,Thu Aug 28 17:18:26 IST 2014,PASS,Avalara Status ' Saved' verified successfully on Calculate for Test case TestCase2 On tax calculation on Quotes Window 
SalesForce_TaxCalc,TESTCASE2,Thu Aug 28 17:18:26 IST 2014,PASS,Tax Calculation for Test case: TestCase2 Ended.
SalesForce_TaxCalc,TESTCASE3,Thu Aug 28 17:18:26 IST 2014,PASS,Tax Calculation for Test case: TestCase3 Started.
SalesForce_TaxCalc,TESTCASE3,Thu Aug 28 17:19:51 IST 2014,PASS,After clicking on menu TaxNowSettings Respective page opened successfully
SalesForce_TaxCalc,TESTCASE3,Thu Aug 28 17:20:15 IST 2014,PASS,Tax now settings updated successfully
SalesForce_TaxCalc,TESTCASE3,Thu Aug 28 17:20:56 IST 2014,PASS,After clicking on menu Accounts Respective page opened successfully
SalesForce_TaxCalc,TESTCASE3,Thu Aug 28 17:21:04 IST 2014,PASS,Opportunities created successfully
SalesForce_TaxCalc,TESTCASE3,Thu Aug 28 17:21:14 IST 2014,PASS,After clicking on menu Opportunities Respective page opened successfully
SalesForce_TaxCalc,TESTCASE3,Thu Aug 28 17:21:44 IST 2014,PASS,Avalara Status 'Temporary' verified successfully on adding products for Test case TestCase3 On Menu item : - Opportunities
SalesForce_TaxCalc,TESTCASE3,Thu Aug 28 17:21:50 IST 2014,PASS,'Total Sales Tax' 77.50 verified successfully for Test case TestCase3 on Opportunities Window.
SalesForce_TaxCalc,TESTCASE3,Thu Aug 28 17:21:50 IST 2014,PASS,Avalara Status ' Saved' verified successfully on Calculate for Test case TestCase3 On tax calculation on Opportunities Window 
SalesForce_TaxCalc,TESTCASE3,Thu Aug 28 17:21:55 IST 2014,PASS,'Total Sales Tax' 77.50 verified successfully for Test case TestCase3 on Finalize Opportunity Window.
SalesForce_TaxCalc,TESTCASE3,Thu Aug 28 17:21:55 IST 2014,PASS,Avalara Status ' Committed' verified successfully on Calculate for Test case TestCase3 On tax calculation on Finalize Opportunity Window 
SalesForce_TaxCalc,TESTCASE3,Thu Aug 28 17:22:21 IST 2014,PASS,After clicking on menu newQuote Respective page opened successfully
SalesForce_TaxCalc,TESTCASE3,Thu Aug 28 17:22:51 IST 2014,PASS,Avalara Status 'Temporary' verified successfully on adding products for Test case TestCase3 On Menu item : - Quotes
SalesForce_TaxCalc,TESTCASE3,Thu Aug 28 17:22:56 IST 2014,PASS,'Total Sales Tax' 155.00 verified successfully for Test case TestCase3 on Quotes Window.
SalesForce_TaxCalc,TESTCASE3,Thu Aug 28 17:22:56 IST 2014,PASS,Avalara Status ' Saved' verified successfully on Calculate for Test case TestCase3 On tax calculation on Quotes Window 
SalesForce_TaxCalc,TESTCASE3,Thu Aug 28 17:23:01 IST 2014,PASS,'Total Sales Tax' 155.00 verified successfully for Test case TestCase3 on Finalize Quote Window.
SalesForce_TaxCalc,TESTCASE3,Thu Aug 28 17:23:01 IST 2014,PASS,Avalara Status ' Committed' verified successfully on Calculate for Test case TestCase3 On tax calculation on Finalize Quote Window 
SalesForce_TaxCalc,TESTCASE3,Thu Aug 28 17:23:01 IST 2014,PASS,Tax Calculation for Test case: TestCase3 Ended.
SalesForce_TaxCalc,TESTCASE4,Thu Aug 28 17:23:01 IST 2014,PASS,Tax Calculation for Test case: TestCase4 Started.
SalesForce_TaxCalc,TESTCASE4,Thu Aug 28 17:24:26 IST 2014,PASS,After clicking on menu TaxNowSettings Respective page opened successfully
SalesForce_TaxCalc,TESTCASE4,Thu Aug 28 17:24:51 IST 2014,PASS,Tax now settings updated successfully
SalesForce_TaxCalc,TESTCASE4,Thu Aug 28 17:25:35 IST 2014,PASS,After clicking on menu Accounts Respective page opened successfully
SalesForce_TaxCalc,TESTCASE4,Thu Aug 28 17:25:43 IST 2014,PASS,Opportunities created successfully
SalesForce_TaxCalc,TESTCASE4,Thu Aug 28 17:25:53 IST 2014,PASS,After clicking on menu Opportunities Respective page opened successfully
SalesForce_TaxCalc,TESTCASE4,Thu Aug 28 17:26:25 IST 2014,PASS,Avalara Status 'Temporary' verified successfully on adding products for Test case TestCase4 On Menu item : - Opportunities
SalesForce_TaxCalc,TESTCASE4,Thu Aug 28 17:26:31 IST 2014,PASS,'Total Sales Tax' 77.50 verified successfully for Test case TestCase4 on Opportunities Window.
SalesForce_TaxCalc,TESTCASE4,Thu Aug 28 17:26:32 IST 2014,PASS,Avalara Status ' Temporary' verified successfully on Calculate for Test case TestCase4 On tax calculation on Opportunities Window 
SalesForce_TaxCalc,TESTCASE4,Thu Aug 28 17:26:57 IST 2014,PASS,After clicking on menu newQuote Respective page opened successfully
SalesForce_TaxCalc,TESTCASE4,Thu Aug 28 17:27:27 IST 2014,PASS,Avalara Status 'Temporary' verified successfully on adding products for Test case TestCase4 On Menu item : - Quotes
SalesForce_TaxCalc,TESTCASE4,Thu Aug 28 17:27:33 IST 2014,PASS,'Total Sales Tax' 155.00 verified successfully for Test case TestCase4 on Quotes Window.
SalesForce_TaxCalc,TESTCASE4,Thu Aug 28 17:27:33 IST 2014,PASS,Avalara Status ' Temporary' verified successfully on Calculate for Test case TestCase4 On tax calculation on Quotes Window 
SalesForce_TaxCalc,TESTCASE4,Thu Aug 28 17:27:33 IST 2014,PASS,Tax Calculation for Test case: TestCase4 Ended.
SalesForce_TaxCalc,TESTCASE5,Thu Aug 28 17:27:33 IST 2014,PASS,Tax Calculation for Test case: TestCase5 Started.
SalesForce_TaxCalc,TESTCASE5,Thu Aug 28 17:28:58 IST 2014,PASS,After clicking on menu TaxNowSettings Respective page opened successfully
SalesForce_TaxCalc,TESTCASE5,Thu Aug 28 17:29:23 IST 2014,PASS,Tax now settings updated successfully
SalesForce_TaxCalc,TESTCASE5,Thu Aug 28 17:30:05 IST 2014,PASS,After clicking on menu Accounts Respective page opened successfully
SalesForce_TaxCalc,TESTCASE5,Thu Aug 28 17:30:15 IST 2014,PASS,Opportunities created successfully
SalesForce_TaxCalc,TESTCASE5,Thu Aug 28 17:30:25 IST 2014,PASS,After clicking on menu Opportunities Respective page opened successfully
SalesForce_TaxCalc,TESTCASE5,Thu Aug 28 17:30:56 IST 2014,PASS,Avalara Status 'Temporary' verified successfully on adding products for Test case TestCase5 On Menu item : - Opportunities
SalesForce_TaxCalc,TESTCASE5,Thu Aug 28 17:32:02 IST 2014,FAIL,fCalculateSalesTax: Exception: org.openqa.selenium.NoSuchElementException: Unable to locate element: {"method":"xpath","selector":"//tr[7]/td[4]/div"}
Command duration or timeout: 63.86 seconds
For documentation on this error, please visit: http://seleniumhq.org/exceptions/no_such_element.html
Build info: version: '2.40.0', revision: 'fbe29a9', time: '2014-02-19 20:55:11'
System info: host: 'Av-Pn-KhareA', ip: '10.240.20.115', os.name: 'Windows 7', os.arch: 'x86', os.version: '6.1', java.version: '1.6.0_45'
Session ID: fc8c17b8-8779-4254-942f-c463d355a327
Driver info: org.openqa.selenium.firefox.FirefoxDriver
Capabilities [{platform=XP, acceptSslCerts=true, javascriptEnabled=true, browserName=firefox, rotatable=false, locationContextEnabled=true, version=12.0, cssSelectorsEnabled=true, databaseEnabled=true, handlesAlerts=true, browserConnectionEnabled=true, nativeEvents=false, webStorageEnabled=true, applicationCacheEnabled=true, takesScreenshot=true}]
SalesForce_TaxCalc,TESTCASE6,Thu Aug 28 17:32:02 IST 2014,PASS,Tax Calculation for Test case: TestCase6 Started.
SalesForce_TaxCalc,TESTCASE6,Thu Aug 28 17:33:27 IST 2014,PASS,After clicking on menu TaxNowSettings Respective page opened successfully
SalesForce_TaxCalc,TESTCASE6,Thu Aug 28 17:33:51 IST 2014,PASS,Tax now settings updated successfully
SalesForce_TaxCalc,TESTCASE6,Thu Aug 28 17:34:33 IST 2014,PASS,After clicking on menu Accounts Respective page opened successfully
SalesForce_TaxCalc,TESTCASE6,Thu Aug 28 17:34:41 IST 2014,PASS,Opportunities created successfully
SalesForce_TaxCalc,TESTCASE6,Thu Aug 28 17:34:51 IST 2014,PASS,After clicking on menu Opportunities Respective page opened successfully
SalesForce_TaxCalc,TESTCASE6,Thu Aug 28 17:35:21 IST 2014,PASS,Avalara Status 'Temporary' verified successfully on adding products for Test case TestCase6 On Menu item : - Opportunities
SalesForce_TaxCalc,TESTCASE6,Thu Aug 28 17:36:26 IST 2014,FAIL,fCalculateSalesTax: Exception: org.openqa.selenium.NoSuchElementException: Unable to locate element: {"method":"xpath","selector":"//tr[7]/td[4]/div"}
Command duration or timeout: 62.11 seconds
For documentation on this error, please visit: http://seleniumhq.org/exceptions/no_such_element.html
Build info: version: '2.40.0', revision: 'fbe29a9', time: '2014-02-19 20:55:11'
System info: host: 'Av-Pn-KhareA', ip: '10.240.20.115', os.name: 'Windows 7', os.arch: 'x86', os.version: '6.1', java.version: '1.6.0_45'
Session ID: fc8c17b8-8779-4254-942f-c463d355a327
Driver info: org.openqa.selenium.firefox.FirefoxDriver
Capabilities [{platform=XP, acceptSslCerts=true, javascriptEnabled=true, browserName=firefox, rotatable=false, locationContextEnabled=true, version=12.0, cssSelectorsEnabled=true, databaseEnabled=true, handlesAlerts=true, browserConnectionEnabled=true, nativeEvents=false, webStorageEnabled=true, applicationCacheEnabled=true, takesScreenshot=true}]
SalesForce_TaxCalc,TESTCASE7,Thu Aug 28 17:36:26 IST 2014,PASS,Tax Calculation for Test case: TestCase7 Started.
SalesForce_TaxCalc,TESTCASE7,Thu Aug 28 17:37:51 IST 2014,PASS,After clicking on menu TaxNowSettings Respective page opened successfully
SalesForce_TaxCalc,TESTCASE7,Thu Aug 28 17:38:15 IST 2014,PASS,Tax now settings updated successfully
SalesForce_TaxCalc,TESTCASE7,Thu Aug 28 17:38:58 IST 2014,PASS,After clicking on menu Accounts Respective page opened successfully
SalesForce_TaxCalc,TESTCASE7,Thu Aug 28 17:39:08 IST 2014,PASS,Opportunities created successfully
SalesForce_TaxCalc,TESTCASE7,Thu Aug 28 17:39:18 IST 2014,PASS,After clicking on menu Opportunities Respective page opened successfully
SalesForce_TaxCalc,TESTCASE7,Thu Aug 28 17:39:49 IST 2014,PASS,Avalara Status 'Temporary' verified successfully on adding products for Test case TestCase7 On Menu item : - Opportunities
SalesForce_TaxCalc,TESTCASE7,Thu Aug 28 17:40:53 IST 2014,FAIL,fCalculateSalesTax: Exception: org.openqa.selenium.NoSuchElementException: Unable to locate element: {"method":"xpath","selector":"//tr[7]/td[4]/div"}
Command duration or timeout: 60.42 seconds
For documentation on this error, please visit: http://seleniumhq.org/exceptions/no_such_element.html
Build info: version: '2.40.0', revision: 'fbe29a9', time: '2014-02-19 20:55:11'
System info: host: 'Av-Pn-KhareA', ip: '10.240.20.115', os.name: 'Windows 7', os.arch: 'x86', os.version: '6.1', java.version: '1.6.0_45'
Session ID: fc8c17b8-8779-4254-942f-c463d355a327
Driver info: org.openqa.selenium.firefox.FirefoxDriver
Capabilities [{platform=XP, acceptSslCerts=true, javascriptEnabled=true, browserName=firefox, rotatable=false, locationContextEnabled=true, version=12.0, cssSelectorsEnabled=true, databaseEnabled=true, handlesAlerts=true, browserConnectionEnabled=true, nativeEvents=false, webStorageEnabled=true, applicationCacheEnabled=true, takesScreenshot=true}]
SalesForce_TaxCalc,TESTCASE8,Thu Aug 28 17:40:53 IST 2014,PASS,Tax Calculation for Test case: TestCase8 Started.
SalesForce_TaxCalc,TESTCASE8,Thu Aug 28 17:42:18 IST 2014,PASS,After clicking on menu TaxNowSettings Respective page opened successfully
SalesForce_TaxCalc,TESTCASE8,Thu Aug 28 17:42:43 IST 2014,PASS,Tax now settings updated successfully
SalesForce_TaxCalc,TESTCASE8,Thu Aug 28 17:43:24 IST 2014,PASS,After clicking on menu Accounts Respective page opened successfully
SalesForce_TaxCalc,TESTCASE8,Thu Aug 28 17:43:32 IST 2014,PASS,Opportunities created successfully
SalesForce_TaxCalc,TESTCASE8,Thu Aug 28 17:43:42 IST 2014,PASS,After clicking on menu Opportunities Respective page opened successfully
SalesForce_TaxCalc,TESTCASE8,Thu Aug 28 17:44:13 IST 2014,PASS,Avalara Status 'Temporary' verified successfully on adding products for Test case TestCase8 On Menu item : - Opportunities
SalesForce_TaxCalc,TESTCASE8,Thu Aug 28 17:45:16 IST 2014,FAIL,fCalculateSalesTax: Exception: org.openqa.selenium.NoSuchElementException: Unable to locate element: {"method":"xpath","selector":"//tr[7]/td[4]/div"}
Command duration or timeout: 60.26 seconds
For documentation on this error, please visit: http://seleniumhq.org/exceptions/no_such_element.html
Build info: version: '2.40.0', revision: 'fbe29a9', time: '2014-02-19 20:55:11'
System info: host: 'Av-Pn-KhareA', ip: '10.240.20.115', os.name: 'Windows 7', os.arch: 'x86', os.version: '6.1', java.version: '1.6.0_45'
Session ID: fc8c17b8-8779-4254-942f-c463d355a327
Driver info: org.openqa.selenium.firefox.FirefoxDriver
Capabilities [{platform=XP, acceptSslCerts=true, javascriptEnabled=true, browserName=firefox, rotatable=false, locationContextEnabled=true, version=12.0, cssSelectorsEnabled=true, databaseEnabled=true, handlesAlerts=true, browserConnectionEnabled=true, nativeEvents=false, webStorageEnabled=true, applicationCacheEnabled=true, takesScreenshot=true}]
SalesForce_TaxCalc,TESTCASE9,Thu Aug 28 17:45:16 IST 2014,PASS,Tax Calculation for Test case: TestCase9 Started.
SalesForce_TaxCalc,TESTCASE9,Thu Aug 28 17:46:41 IST 2014,PASS,After clicking on menu TaxNowSettings Respective page opened successfully
SalesForce_TaxCalc,TESTCASE9,Thu Aug 28 17:47:06 IST 2014,PASS,Tax now settings updated successfully
SalesForce_TaxCalc,TESTCASE9,Thu Aug 28 17:47:47 IST 2014,PASS,After clicking on menu Accounts Respective page opened successfully
SalesForce_TaxCalc,TESTCASE9,Thu Aug 28 17:47:58 IST 2014,PASS,Opportunities created successfully
SalesForce_TaxCalc,TESTCASE9,Thu Aug 28 17:48:08 IST 2014,PASS,After clicking on menu Opportunities Respective page opened successfully
SalesForce_TaxCalc,TESTCASE9,Thu Aug 28 17:48:38 IST 2014,PASS,Avalara Status 'Temporary' verified successfully on adding products for Test case TestCase9 On Menu item : - Opportunities
SalesForce_TaxCalc,TESTCASE9,Thu Aug 28 17:48:45 IST 2014,FAIL,'Total Sales Tax' 50.00 NOT verified successfully for Test caseTestCase9 on Opportunities Window.Expected Tax :- 50.00 and Actual Tax:- 80.00
SalesForce_TaxCalc,TESTCASE10,Thu Aug 28 17:48:45 IST 2014,PASS,Tax Calculation for Test case: TestCase10 Started.
SalesForce_TaxCalc,TESTCASE10,Thu Aug 28 17:50:09 IST 2014,PASS,After clicking on menu TaxNowSettings Respective page opened successfully
SalesForce_TaxCalc,TESTCASE10,Thu Aug 28 17:50:34 IST 2014,PASS,Tax now settings updated successfully
SalesForce_TaxCalc,TESTCASE10,Thu Aug 28 17:51:16 IST 2014,PASS,After clicking on menu Accounts Respective page opened successfully
SalesForce_TaxCalc,TESTCASE10,Thu Aug 28 17:51:25 IST 2014,PASS,Opportunities created successfully
SalesForce_TaxCalc,TESTCASE10,Thu Aug 28 17:51:35 IST 2014,PASS,After clicking on menu Opportunities Respective page opened successfully
SalesForce_TaxCalc,TESTCASE10,Thu Aug 28 17:52:05 IST 2014,PASS,Avalara Status 'Temporary' verified successfully on adding products for Test case TestCase10 On Menu item : - Opportunities
SalesForce_TaxCalc,TESTCASE10,Thu Aug 28 17:52:16 IST 2014,PASS,'Total Sales Tax' 60.00 verified successfully for Test case TestCase10 on Opportunities Window.
SalesForce_TaxCalc,TESTCASE10,Thu Aug 28 17:52:16 IST 2014,PASS,Avalara Status ' Temporary' verified successfully on Calculate for Test case TestCase10 On tax calculation on Opportunities Window 
SalesForce_TaxCalc,TESTCASE10,Thu Aug 28 17:52:41 IST 2014,PASS,After clicking on menu newQuote Respective page opened successfully
SalesForce_TaxCalc,TESTCASE10,Thu Aug 28 17:54:13 IST 2014,FAIL,fCalculateSalesTax: Exception: org.openqa.selenium.NoSuchElementException: Unable to locate element: {"method":"xpath","selector":"//tr[3]/td[4]/div"}
Command duration or timeout: 60.08 seconds
For documentation on this error, please visit: http://seleniumhq.org/exceptions/no_such_element.html
Build info: version: '2.40.0', revision: 'fbe29a9', time: '2014-02-19 20:55:11'
System info: host: 'Av-Pn-KhareA', ip: '10.240.20.115', os.name: 'Windows 7', os.arch: 'x86', os.version: '6.1', java.version: '1.6.0_45'
Session ID: fc8c17b8-8779-4254-942f-c463d355a327
Driver info: org.openqa.selenium.firefox.FirefoxDriver
Capabilities [{platform=XP, acceptSslCerts=true, javascriptEnabled=true, browserName=firefox, rotatable=false, locationContextEnabled=true, version=12.0, cssSelectorsEnabled=true, databaseEnabled=true, handlesAlerts=true, browserConnectionEnabled=true, nativeEvents=false, webStorageEnabled=true, applicationCacheEnabled=true, takesScreenshot=true}]
SalesForce_TaxCalc,TESTCASE11,Thu Aug 28 17:54:13 IST 2014,PASS,Tax Calculation for Test case: TestCase11 Started.
SalesForce_TaxCalc,TESTCASE11,Thu Aug 28 17:55:38 IST 2014,PASS,After clicking on menu TaxNowSettings Respective page opened successfully
SalesForce_TaxCalc,TESTCASE11,Thu Aug 28 17:56:02 IST 2014,PASS,Tax now settings updated successfully
SalesForce_TaxCalc,TESTCASE11,Thu Aug 28 17:56:44 IST 2014,PASS,After clicking on menu Accounts Respective page opened successfully
SalesForce_TaxCalc,TESTCASE11,Thu Aug 28 17:56:52 IST 2014,PASS,Opportunities created successfully
SalesForce_TaxCalc,TESTCASE11,Thu Aug 28 17:57:02 IST 2014,PASS,After clicking on menu Opportunities Respective page opened successfully
SalesForce_TaxCalc,TESTCASE11,Thu Aug 28 17:57:33 IST 2014,PASS,Avalara Status 'Temporary' verified successfully on adding products for Test case TestCase11 On Menu item : - Opportunities
SalesForce_TaxCalc,TESTCASE11,Thu Aug 28 17:57:47 IST 2014,PASS,'Total Sales Tax' 60.00 verified successfully for Test case TestCase11 on Opportunities Window.
SalesForce_TaxCalc,TESTCASE11,Thu Aug 28 17:57:47 IST 2014,PASS,Avalara Status ' Saved' verified successfully on Calculate for Test case TestCase11 On tax calculation on Opportunities Window 
SalesForce_TaxCalc,TESTCASE11,Thu Aug 28 17:58:14 IST 2014,PASS,After clicking on menu newQuote Respective page opened successfully
SalesForce_TaxCalc,TESTCASE11,Thu Aug 28 17:58:47 IST 2014,PASS,Avalara Status 'Temporary' verified successfully on adding products for Test case TestCase11 On Menu item : - Quotes
SalesForce_TaxCalc,TESTCASE11,Thu Aug 28 17:58:53 IST 2014,PASS,'Total Sales Tax' 120.00 verified successfully for Test case TestCase11 on Quotes Window.
SalesForce_TaxCalc,TESTCASE11,Thu Aug 28 17:58:53 IST 2014,PASS,Avalara Status ' Saved' verified successfully on Calculate for Test case TestCase11 On tax calculation on Quotes Window 
SalesForce_TaxCalc,TESTCASE11,Thu Aug 28 17:58:53 IST 2014,PASS,Tax Calculation for Test case: TestCase11 Ended.
SalesForce_TaxCalc,TESTCASE12,Thu Aug 28 17:58:53 IST 2014,PASS,Tax Calculation for Test case: TestCase12 Started.
SalesForce_TaxCalc,TESTCASE12,Thu Aug 28 18:00:19 IST 2014,PASS,After clicking on menu TaxNowSettings Respective page opened successfully
SalesForce_TaxCalc,TESTCASE12,Thu Aug 28 18:00:45 IST 2014,PASS,Tax now settings updated successfully
SalesForce_TaxCalc,TESTCASE12,Thu Aug 28 18:01:31 IST 2014,PASS,After clicking on menu Accounts Respective page opened successfully
SalesForce_TaxCalc,TESTCASE12,Thu Aug 28 18:01:42 IST 2014,PASS,Opportunities created successfully
SalesForce_TaxCalc,TESTCASE12,Thu Aug 28 18:01:52 IST 2014,PASS,After clicking on menu Opportunities Respective page opened successfully
SalesForce_TaxCalc,TESTCASE12,Thu Aug 28 18:02:24 IST 2014,PASS,Avalara Status 'Temporary' verified successfully on adding products for Test case TestCase12 On Menu item : - Opportunities
SalesForce_TaxCalc,TESTCASE12,Thu Aug 28 18:02:56 IST 2014,PASS,'Total Sales Tax' 77.50 verified successfully for Test case TestCase12 on Opportunities Window.
SalesForce_TaxCalc,TESTCASE12,Thu Aug 28 18:02:56 IST 2014,PASS,Avalara Status ' Saved' verified successfully on Calculate for Test case TestCase12 On tax calculation on Opportunities Window 
SalesForce_TaxCalc,TESTCASE12,Thu Aug 28 18:03:04 IST 2014,PASS,'Total Sales Tax' 77.50 verified successfully for Test case TestCase12 on Finalize Opportunity Window.
SalesForce_TaxCalc,TESTCASE12,Thu Aug 28 18:03:04 IST 2014,PASS,Avalara Status ' Committed' verified successfully on Calculate for Test case TestCase12 On tax calculation on Finalize Opportunity Window 
SalesForce_TaxCalc,TESTCASE12,Thu Aug 28 18:03:31 IST 2014,PASS,After clicking on menu newQuote Respective page opened successfully
SalesForce_TaxCalc,TESTCASE12,Thu Aug 28 18:04:04 IST 2014,PASS,Avalara Status 'Temporary' verified successfully on adding products for Test case TestCase12 On Menu item : - Quotes
SalesForce_TaxCalc,TESTCASE12,Thu Aug 28 18:04:10 IST 2014,PASS,'Total Sales Tax' 155.00 verified successfully for Test case TestCase12 on Quotes Window.
SalesForce_TaxCalc,TESTCASE12,Thu Aug 28 18:04:10 IST 2014,PASS,Avalara Status ' Saved' verified successfully on Calculate for Test case TestCase12 On tax calculation on Quotes Window 
SalesForce_TaxCalc,TESTCASE12,Thu Aug 28 18:04:15 IST 2014,PASS,'Total Sales Tax' 155.00 verified successfully for Test case TestCase12 on Finalize Quote Window.
SalesForce_TaxCalc,TESTCASE12,Thu Aug 28 18:04:15 IST 2014,PASS,Avalara Status ' Committed' verified successfully on Calculate for Test case TestCase12 On tax calculation on Finalize Quote Window 
SalesForce_TaxCalc,TESTCASE12,Thu Aug 28 18:04:15 IST 2014,PASS,Tax Calculation for Test case: TestCase12 Ended.
SalesForce_TaxCalc,TESTCASE13,Thu Aug 28 18:04:15 IST 2014,PASS,Tax Calculation for Test case: TestCase13 Started.
SalesForce_TaxCalc,TESTCASE13,Thu Aug 28 18:05:41 IST 2014,PASS,After clicking on menu TaxNowSettings Respective page opened successfully
SalesForce_TaxCalc,TESTCASE13,Thu Aug 28 18:06:06 IST 2014,PASS,Tax now settings updated successfully
SalesForce_TaxCalc,TESTCASE13,Thu Aug 28 18:06:51 IST 2014,PASS,After clicking on menu Accounts Respective page opened successfully
SalesForce_TaxCalc,TESTCASE13,Thu Aug 28 18:07:02 IST 2014,PASS,Opportunities created successfully
SalesForce_TaxCalc,TESTCASE13,Thu Aug 28 18:07:12 IST 2014,PASS,After clicking on menu Opportunities Respective page opened successfully
SalesForce_TaxCalc,TESTCASE13,Thu Aug 28 18:07:44 IST 2014,PASS,Avalara Status 'Temporary' verified successfully on adding products for Test case TestCase13 On Menu item : - Opportunities
SalesForce_TaxCalc,TESTCASE13,Thu Aug 28 18:07:51 IST 2014,PASS,'Total Sales Tax' 77.50 verified successfully for Test case TestCase13 on Opportunities Window.
SalesForce_TaxCalc,TESTCASE13,Thu Aug 28 18:07:51 IST 2014,PASS,Avalara Status ' Temporary' verified successfully on Calculate for Test case TestCase13 On tax calculation on Opportunities Window 
SalesForce_TaxCalc,TESTCASE13,Thu Aug 28 18:08:17 IST 2014,PASS,After clicking on menu newQuote Respective page opened successfully
SalesForce_TaxCalc,TESTCASE13,Thu Aug 28 18:08:49 IST 2014,PASS,Avalara Status 'Temporary' verified successfully on adding products for Test case TestCase13 On Menu item : - Quotes
SalesForce_TaxCalc,TESTCASE13,Thu Aug 28 18:08:58 IST 2014,PASS,'Total Sales Tax' 155.00 verified successfully for Test case TestCase13 on Quotes Window.
SalesForce_TaxCalc,TESTCASE13,Thu Aug 28 18:08:58 IST 2014,PASS,Avalara Status ' Temporary' verified successfully on Calculate for Test case TestCase13 On tax calculation on Quotes Window 
SalesForce_TaxCalc,TESTCASE13,Thu Aug 28 18:08:58 IST 2014,PASS,Tax Calculation for Test case: TestCase13 Ended.
SalesForce_TaxCalc,TESTCASE14,Thu Aug 28 18:08:58 IST 2014,PASS,Tax Calculation for Test case: TestCase14 Started.
SalesForce_TaxCalc,TESTCASE14,Thu Aug 28 18:10:23 IST 2014,PASS,After clicking on menu TaxNowSettings Respective page opened successfully
SalesForce_TaxCalc,TESTCASE14,Thu Aug 28 18:10:49 IST 2014,PASS,Tax now settings updated successfully
SalesForce_TaxCalc,TESTCASE14,Thu Aug 28 18:11:34 IST 2014,PASS,After clicking on menu Accounts Respective page opened successfully
SalesForce_TaxCalc,TESTCASE14,Thu Aug 28 18:11:44 IST 2014,PASS,Opportunities created successfully
SalesForce_TaxCalc,TESTCASE14,Thu Aug 28 18:11:54 IST 2014,PASS,After clicking on menu Opportunities Respective page opened successfully
SalesForce_TaxCalc,TESTCASE14,Thu Aug 28 18:12:25 IST 2014,PASS,Avalara Status 'Temporary' verified successfully on adding products for Test case TestCase14 On Menu item : - Opportunities
SalesForce_TaxCalc,TESTCASE14,Thu Aug 28 18:13:30 IST 2014,FAIL,fCalculateSalesTax: Exception: org.openqa.selenium.NoSuchElementException: Unable to locate element: {"method":"xpath","selector":"//tr[7]/td[4]/div"}
Command duration or timeout: 60.58 seconds
For documentation on this error, please visit: http://seleniumhq.org/exceptions/no_such_element.html
Build info: version: '2.40.0', revision: 'fbe29a9', time: '2014-02-19 20:55:11'
System info: host: 'Av-Pn-KhareA', ip: '10.240.20.115', os.name: 'Windows 7', os.arch: 'x86', os.version: '6.1', java.version: '1.6.0_45'
Session ID: fc8c17b8-8779-4254-942f-c463d355a327
Driver info: org.openqa.selenium.firefox.FirefoxDriver
Capabilities [{platform=XP, acceptSslCerts=true, javascriptEnabled=true, browserName=firefox, rotatable=false, locationContextEnabled=true, version=12.0, cssSelectorsEnabled=true, databaseEnabled=true, handlesAlerts=true, browserConnectionEnabled=true, nativeEvents=false, webStorageEnabled=true, applicationCacheEnabled=true, takesScreenshot=true}]
SalesForce_TaxCalc,TESTCASE15,Thu Aug 28 18:13:30 IST 2014,PASS,Tax Calculation for Test case: TestCase15 Started.
SalesForce_TaxCalc,TESTCASE15,Thu Aug 28 18:14:55 IST 2014,PASS,After clicking on menu TaxNowSettings Respective page opened successfully
SalesForce_TaxCalc,TESTCASE15,Thu Aug 28 18:15:21 IST 2014,PASS,Tax now settings updated successfully
SalesForce_TaxCalc,TESTCASE15,Thu Aug 28 18:16:06 IST 2014,PASS,After clicking on menu Accounts Respective page opened successfully
SalesForce_TaxCalc,TESTCASE15,Thu Aug 28 18:16:17 IST 2014,PASS,Opportunities created successfully
SalesForce_TaxCalc,TESTCASE15,Thu Aug 28 18:16:27 IST 2014,PASS,After clicking on menu Opportunities Respective page opened successfully
SalesForce_TaxCalc,TESTCASE15,Thu Aug 28 18:16:56 IST 2014,PASS,Avalara Status 'Temporary' verified successfully on adding products for Test case TestCase15 On Menu item : - Opportunities
SalesForce_TaxCalc,TESTCASE15,Thu Aug 28 18:18:00 IST 2014,FAIL,fCalculateSalesTax: Exception: org.openqa.selenium.NoSuchElementException: Unable to locate element: {"method":"xpath","selector":"//tr[7]/td[4]/div"}
Command duration or timeout: 61.03 seconds
For documentation on this error, please visit: http://seleniumhq.org/exceptions/no_such_element.html
Build info: version: '2.40.0', revision: 'fbe29a9', time: '2014-02-19 20:55:11'
System info: host: 'Av-Pn-KhareA', ip: '10.240.20.115', os.name: 'Windows 7', os.arch: 'x86', os.version: '6.1', java.version: '1.6.0_45'
Session ID: fc8c17b8-8779-4254-942f-c463d355a327
Driver info: org.openqa.selenium.firefox.FirefoxDriver
Capabilities [{platform=XP, acceptSslCerts=true, javascriptEnabled=true, browserName=firefox, rotatable=false, locationContextEnabled=true, version=12.0, cssSelectorsEnabled=true, databaseEnabled=true, handlesAlerts=true, browserConnectionEnabled=true, nativeEvents=false, webStorageEnabled=true, applicationCacheEnabled=true, takesScreenshot=true}]
SalesForce_TaxCalc,TESTCASE16,Thu Aug 28 18:18:00 IST 2014,PASS,Tax Calculation for Test case: TestCase16 Started.
SalesForce_TaxCalc,TESTCASE16,Thu Aug 28 18:19:25 IST 2014,PASS,After clicking on menu TaxNowSettings Respective page opened successfully
SalesForce_TaxCalc,TESTCASE16,Thu Aug 28 18:19:49 IST 2014,PASS,Tax now settings updated successfully
SalesForce_TaxCalc,TESTCASE16,Thu Aug 28 18:20:29 IST 2014,PASS,After clicking on menu Accounts Respective page opened successfully
SalesForce_TaxCalc,TESTCASE16,Thu Aug 28 18:20:38 IST 2014,PASS,Opportunities created successfully
SalesForce_TaxCalc,TESTCASE16,Thu Aug 28 18:20:48 IST 2014,PASS,After clicking on menu Opportunities Respective page opened successfully
SalesForce_TaxCalc,TESTCASE16,Thu Aug 28 18:21:18 IST 2014,PASS,Avalara Status 'Temporary' verified successfully on adding products for Test case TestCase16 On Menu item : - Opportunities
SalesForce_TaxCalc,TESTCASE16,Thu Aug 28 18:22:22 IST 2014,FAIL,fCalculateSalesTax: Exception: org.openqa.selenium.NoSuchElementException: Unable to locate element: {"method":"xpath","selector":"//tr[7]/td[4]/div"}
Command duration or timeout: 60.45 seconds
For documentation on this error, please visit: http://seleniumhq.org/exceptions/no_such_element.html
Build info: version: '2.40.0', revision: 'fbe29a9', time: '2014-02-19 20:55:11'
System info: host: 'Av-Pn-KhareA', ip: '10.240.20.115', os.name: 'Windows 7', os.arch: 'x86', os.version: '6.1', java.version: '1.6.0_45'
Session ID: fc8c17b8-8779-4254-942f-c463d355a327
Driver info: org.openqa.selenium.firefox.FirefoxDriver
Capabilities [{platform=XP, acceptSslCerts=true, javascriptEnabled=true, browserName=firefox, rotatable=false, locationContextEnabled=true, version=12.0, cssSelectorsEnabled=true, databaseEnabled=true, handlesAlerts=true, browserConnectionEnabled=true, nativeEvents=false, webStorageEnabled=true, applicationCacheEnabled=true, takesScreenshot=true}]
SalesForce_TaxCalc,TESTCASE17,Thu Aug 28 18:22:22 IST 2014,PASS,Tax Calculation for Test case: TestCase17 Started.
SalesForce_TaxCalc,TESTCASE17,Thu Aug 28 18:23:47 IST 2014,PASS,After clicking on menu TaxNowSettings Respective page opened successfully
SalesForce_TaxCalc,TESTCASE17,Thu Aug 28 18:24:10 IST 2014,PASS,Tax now settings updated successfully
SalesForce_TaxCalc,TESTCASE17,Thu Aug 28 18:24:52 IST 2014,PASS,After clicking on menu Accounts Respective page opened successfully
SalesForce_TaxCalc,TESTCASE17,Thu Aug 28 18:25:01 IST 2014,PASS,Opportunities created successfully
SalesForce_TaxCalc,TESTCASE17,Thu Aug 28 18:25:11 IST 2014,PASS,After clicking on menu Opportunities Respective page opened successfully
SalesForce_TaxCalc,TESTCASE17,Thu Aug 28 18:25:41 IST 2014,PASS,Avalara Status 'Temporary' verified successfully on adding products for Test case TestCase17 On Menu item : - Opportunities
SalesForce_TaxCalc,TESTCASE17,Thu Aug 28 18:27:09 IST 2014,FAIL,fCalculateSalesTax: Exception: org.openqa.selenium.NoSuchElementException: Unable to locate element: {"method":"xpath","selector":"//tr[7]/td[4]/div"}
Command duration or timeout: 60.87 seconds
For documentation on this error, please visit: http://seleniumhq.org/exceptions/no_such_element.html
Build info: version: '2.40.0', revision: 'fbe29a9', time: '2014-02-19 20:55:11'
System info: host: 'Av-Pn-KhareA', ip: '10.240.20.115', os.name: 'Windows 7', os.arch: 'x86', os.version: '6.1', java.version: '1.6.0_45'
Session ID: fc8c17b8-8779-4254-942f-c463d355a327
Driver info: org.openqa.selenium.firefox.FirefoxDriver
Capabilities [{platform=XP, acceptSslCerts=true, javascriptEnabled=true, browserName=firefox, rotatable=false, locationContextEnabled=true, version=12.0, cssSelectorsEnabled=true, databaseEnabled=true, handlesAlerts=true, browserConnectionEnabled=true, nativeEvents=false, webStorageEnabled=true, applicationCacheEnabled=true, takesScreenshot=true}]
SalesForce_TaxCalc,TESTCASE18,Thu Aug 28 18:27:09 IST 2014,PASS,Tax Calculation for Test case: TestCase18 Started.
SalesForce_TaxCalc,TESTCASE18,Thu Aug 28 18:28:34 IST 2014,PASS,After clicking on menu TaxNowSettings Respective page opened successfully
SalesForce_TaxCalc,TESTCASE18,Thu Aug 28 18:29:00 IST 2014,PASS,Tax now settings updated successfully
SalesForce_TaxCalc,TESTCASE18,Thu Aug 28 18:29:40 IST 2014,PASS,After clicking on menu Accounts Respective page opened successfully
SalesForce_TaxCalc,TESTCASE18,Thu Aug 28 18:29:48 IST 2014,PASS,Opportunities created successfully
SalesForce_TaxCalc,TESTCASE18,Thu Aug 28 18:29:58 IST 2014,PASS,After clicking on menu Opportunities Respective page opened successfully
SalesForce_TaxCalc,TESTCASE18,Thu Aug 28 18:30:28 IST 2014,PASS,Avalara Status 'Temporary' verified successfully on adding products for Test case TestCase18 On Menu item : - Opportunities
SalesForce_TaxCalc,TESTCASE18,Thu Aug 28 18:30:34 IST 2014,FAIL,'Total Sales Tax' 50.00 NOT verified successfully for Test caseTestCase18 on Opportunities Window.Expected Tax :- 50.00 and Actual Tax:- 80.00
SalesForce_TaxCalc,SalesForce_TaxCalc,Thu Aug 28 18:30:35 IST 2014,PASS,Script Ended.
SalesForce_TaxCode,SalesForce_TaxCode,Thu Aug 28 18:40:56 IST 2014,PASS,Logging into SalesForce application is successful.
SalesForce_TaxCode,TESTCASE42,Thu Aug 28 18:40:56 IST 2014,PASS,Tax Calculation for Test case: TestCase42 Started.
SalesForce_TaxCode,TESTCASE42,Thu Aug 28 18:41:21 IST 2014,PASS,After clicking on menu TaxNowSettings Respective page opened successfully
SalesForce_TaxCode,TESTCASE42,Thu Aug 28 18:41:45 IST 2014,PASS,Tax now settings updated successfully
SalesForce_TaxCode,TESTCASE42,Thu Aug 28 18:42:28 IST 2014,PASS,After clicking on menu Accounts Respective page opened successfully
SalesForce_TaxCode,TESTCASE42,Thu Aug 28 18:42:38 IST 2014,PASS,Opportunities created successfully
SalesForce_TaxCode,TESTCASE42,Thu Aug 28 18:42:48 IST 2014,PASS,After clicking on menu Opportunities Respective page opened successfully
SalesForce_TaxCode,TESTCASE42,Thu Aug 28 18:43:18 IST 2014,PASS,Avalara Status 'Temporary' verified successfully on adding products for Test case TestCase42 On Menu item : - Opportunities
SalesForce_TaxCode,TESTCASE42,Thu Aug 28 18:43:25 IST 2014,FAIL,fCalculateSalesTax: Exception: java.lang.NullPointerException
SalesForce_TaxCode,SalesForce_TaxCode,Thu Aug 28 18:43:25 IST 2014,PASS,Script Ended.
SalesForce_AddressValidation,SalesForce_AddressValidation,Thu Aug 28 18:48:43 IST 2014,PASS,Logging into SalesForce application is successful.
SalesForce_AddressValidation,TESTCASE62,Thu Aug 28 18:48:43 IST 2014,PASS,Address Validation for Test case: TestCase62 Started.
SalesForce_AddressValidation,TESTCASE62,Thu Aug 28 18:49:14 IST 2014,PASS,After clicking on menu TaxNowSettings Respective page opened successfully
SalesForce_AddressValidation,TESTCASE62,Thu Aug 28 18:49:39 IST 2014,PASS,Tax now settings updated successfully
SalesForce_AddressValidation,TESTCASE62,Thu Aug 28 18:50:47 IST 2014,PASS,Address validation verified successfully
SalesForce_AddressValidation,TESTCASE62,Thu Aug 28 18:51:49 IST 2014,PASS,Address validation saved successfully
SalesForce_AddressValidation,TESTCASE62,Thu Aug 28 18:52:14 IST 2014,PASS,After clicking on menu Contacts Respective page opened successfully
SalesForce_AddressValidation,TESTCASE62,Thu Aug 28 18:53:17 IST 2014,PASS,Address validation verified successfully
SalesForce_AddressValidation,TESTCASE62,Thu Aug 28 18:54:19 IST 2014,PASS,Address validation saved successfully
SalesForce_ErrorMessageDisplayed,SalesForce_ErrorMessageDisplayed,Fri Aug 29 10:44:07 IST 2014,PASS,Logging into SalesForce application is successful.
SalesForce_ErrorMessageDisplayed,TESTCASE80,Fri Aug 29 10:44:07 IST 2014,PASS,Tax Calculation for Test case: TestCase80 Started.
SalesForce_ErrorMessageDisplayed,TESTCASE80,Fri Aug 29 10:44:32 IST 2014,PASS,After clicking on menu TaxNowSettings Respective page opened successfully
SalesForce_ErrorMessageDisplayed,TESTCASE80,Fri Aug 29 10:44:56 IST 2014,PASS,Tax now settings updated successfully
SalesForce_ErrorMessageDisplayed,TESTCASE80,Fri Aug 29 10:45:38 IST 2014,PASS,After clicking on menu Accounts Respective page opened successfully
SalesForce_ErrorMessageDisplayed,TESTCASE80,Fri Aug 29 10:45:49 IST 2014,PASS,Opportunities created successfully
SalesForce_ErrorMessageDisplayed,TESTCASE80,Fri Aug 29 10:45:59 IST 2014,PASS,After clicking on menu Opportunities Respective page opened successfully
SalesForce_ErrorMessageDisplayed,TESTCASE80,Fri Aug 29 10:46:30 IST 2014,PASS,Avalara Status 'Temporary' verified successfully on adding products for Test case TestCase80 On Menu item : - Opportunities
SalesForce_ErrorMessageDisplayed,TESTCASE80,Fri Aug 29 10:46:48 IST 2014,PASS,Error message appeared as Name: JurisdictionNotFoundError Summary: Unable to determine the taxing jurisdictions. Details: 900432 Winslow Way, Bainbridge Island, WA 453543 US (Destination)
SalesForce_ErrorMessageDisplayed,TESTCASE80,Fri Aug 29 10:47:14 IST 2014,PASS,After clicking on menu newQuote Respective page opened successfully
SalesForce_ErrorMessageDisplayed,TESTCASE80,Fri Aug 29 10:47:44 IST 2014,PASS,Avalara Status 'Temporary' verified successfully on adding products for Test case TestCase80 On Menu item : - Quotes
SalesForce_ErrorMessageDisplayed,TESTCASE80,Fri Aug 29 10:47:51 IST 2014,PASS,Error message appeared as Name: JurisdictionNotFoundError Summary: Unable to determine the taxing jurisdictions. Details: 900432 Winslow Way, Bainbridge Island, WA 453543 US (Destination)
SalesForce_ErrorMessageDisplayed,TESTCASE80,Fri Aug 29 10:47:51 IST 2014,PASS,Tax Calculation for Test case: TestCase80 Ended.
SalesForce_ErrorMessageDisplayed,TESTCASE81,Fri Aug 29 10:47:51 IST 2014,PASS,Tax Calculation for Test case: TestCase81 Started.
SalesForce_ErrorMessageDisplayed,TESTCASE81,Fri Aug 29 10:49:17 IST 2014,PASS,After clicking on menu TaxNowSettings Respective page opened successfully
SalesForce_ErrorMessageDisplayed,TESTCASE81,Fri Aug 29 10:49:41 IST 2014,PASS,Tax now settings updated successfully
SalesForce_ErrorMessageDisplayed,TESTCASE81,Fri Aug 29 10:50:22 IST 2014,PASS,After clicking on menu Accounts Respective page opened successfully
SalesForce_ErrorMessageDisplayed,TESTCASE81,Fri Aug 29 10:50:31 IST 2014,PASS,Opportunities created successfully
SalesForce_ErrorMessageDisplayed,TESTCASE81,Fri Aug 29 10:50:41 IST 2014,PASS,After clicking on menu Opportunities Respective page opened successfully
SalesForce_ErrorMessageDisplayed,TESTCASE81,Fri Aug 29 10:51:12 IST 2014,PASS,Avalara Status 'Temporary' verified successfully on adding products for Test case TestCase81 On Menu item : - Opportunities
SalesForce_ErrorMessageDisplayed,TESTCASE81,Fri Aug 29 10:51:21 IST 2014,PASS,Error message appeared as Name: JurisdictionNotFoundError Summary: Unable to determine the taxing jurisdictions. Details: 900432 Winslow Way, Bainbridge Island, WA 453543 US (Destination)
SalesForce_ErrorMessageDisplayed,TESTCASE81,Fri Aug 29 10:51:46 IST 2014,PASS,After clicking on menu newQuote Respective page opened successfully
SalesForce_ErrorMessageDisplayed,TESTCASE81,Fri Aug 29 10:52:18 IST 2014,PASS,Avalara Status 'Temporary' verified successfully on adding products for Test case TestCase81 On Menu item : - Quotes
SalesForce_ErrorMessageDisplayed,TESTCASE81,Fri Aug 29 10:52:24 IST 2014,PASS,Error message appeared as Name: JurisdictionNotFoundError Summary: Unable to determine the taxing jurisdictions. Details: 900432 Winslow Way, Bainbridge Island, WA 453543 US (Destination)
SalesForce_ErrorMessageDisplayed,TESTCASE81,Fri Aug 29 10:52:24 IST 2014,PASS,Tax Calculation for Test case: TestCase81 Ended.
SalesForce_ErrorMessageDisplayed,TESTCASE82,Fri Aug 29 10:52:24 IST 2014,PASS,Tax Calculation for Test case: TestCase82 Started.
SalesForce_ErrorMessageDisplayed,TESTCASE82,Fri Aug 29 10:53:49 IST 2014,PASS,After clicking on menu TaxNowSettings Respective page opened successfully
SalesForce_ErrorMessageDisplayed,TESTCASE82,Fri Aug 29 10:54:14 IST 2014,PASS,Tax now settings updated successfully
SalesForce_ErrorMessageDisplayed,TESTCASE82,Fri Aug 29 10:54:56 IST 2014,PASS,After clicking on menu Accounts Respective page opened successfully
SalesForce_ErrorMessageDisplayed,TESTCASE82,Fri Aug 29 10:55:06 IST 2014,PASS,Opportunities created successfully
SalesForce_ErrorMessageDisplayed,TESTCASE82,Fri Aug 29 10:55:16 IST 2014,PASS,After clicking on menu Opportunities Respective page opened successfully
SalesForce_ErrorMessageDisplayed,TESTCASE82,Fri Aug 29 10:55:46 IST 2014,PASS,Avalara Status 'Temporary' verified successfully on adding products for Test case TestCase82 On Menu item : - Opportunities
SalesForce_ErrorMessageDisplayed,TESTCASE82,Fri Aug 29 10:55:54 IST 2014,PASS,Error message appeared as Name: JurisdictionNotFoundError Summary: Unable to determine the taxing jurisdictions. Details: 900432 Winslow Way, Bainbridge Island, WA 453543 US (Destination)
SalesForce_ErrorMessageDisplayed,TESTCASE82,Fri Aug 29 10:56:01 IST 2014,PASS,Error message appeared as Name: JurisdictionNotFoundError Summary: Unable to determine the taxing jurisdictions. Details: 900432 Winslow Way, Bainbridge Island, WA 453543 US (Destination)
SalesForce_ErrorMessageDisplayed,TESTCASE82,Fri Aug 29 10:56:27 IST 2014,PASS,After clicking on menu newQuote Respective page opened successfully
SalesForce_ErrorMessageDisplayed,TESTCASE82,Fri Aug 29 10:56:57 IST 2014,PASS,Avalara Status 'Temporary' verified successfully on adding products for Test case TestCase82 On Menu item : - Quotes
SalesForce_ErrorMessageDisplayed,TESTCASE82,Fri Aug 29 10:57:05 IST 2014,PASS,Error message appeared as Name: JurisdictionNotFoundError Summary: Unable to determine the taxing jurisdictions. Details: 900432 Winslow Way, Bainbridge Island, WA 453543 US (Destination)
SalesForce_ErrorMessageDisplayed,TESTCASE82,Fri Aug 29 10:57:11 IST 2014,PASS,Error message appeared as Name: JurisdictionNotFoundError Summary: Unable to determine the taxing jurisdictions. Details: 900432 Winslow Way, Bainbridge Island, WA 453543 US (Destination)
SalesForce_ErrorMessageDisplayed,TESTCASE82,Fri Aug 29 10:57:11 IST 2014,PASS,Tax Calculation for Test case: TestCase82 Ended.
SalesForce_ErrorMessageDisplayed,TESTCASE83,Fri Aug 29 10:57:11 IST 2014,PASS,Tax Calculation for Test case: TestCase83 Started.
SalesForce_ErrorMessageDisplayed,TESTCASE83,Fri Aug 29 10:58:36 IST 2014,PASS,After clicking on menu TaxNowSettings Respective page opened successfully
SalesForce_ErrorMessageDisplayed,TESTCASE83,Fri Aug 29 10:59:00 IST 2014,PASS,Tax now settings updated successfully
SalesForce_ErrorMessageDisplayed,TESTCASE83,Fri Aug 29 10:59:43 IST 2014,PASS,After clicking on menu Accounts Respective page opened successfully
SalesForce_ErrorMessageDisplayed,TESTCASE83,Fri Aug 29 10:59:53 IST 2014,PASS,Opportunities created successfully
SalesForce_ErrorMessageDisplayed,TESTCASE83,Fri Aug 29 11:00:03 IST 2014,PASS,After clicking on menu Opportunities Respective page opened successfully
SalesForce_ErrorMessageDisplayed,TESTCASE83,Fri Aug 29 11:00:34 IST 2014,PASS,Avalara Status 'Temporary' verified successfully on adding products for Test case TestCase83 On Menu item : - Opportunities
SalesForce_ErrorMessageDisplayed,TESTCASE83,Fri Aug 29 11:00:42 IST 2014,PASS,Error message appeared as Name: JurisdictionNotFoundError Summary: Unable to determine the taxing jurisdictions. Details: 900432 Winslow Way, Bainbridge Island, WA 453543 US (Destination)
SalesForce_ErrorMessageDisplayed,TESTCASE83,Fri Aug 29 11:01:08 IST 2014,PASS,After clicking on menu newQuote Respective page opened successfully
SalesForce_ErrorMessageDisplayed,TESTCASE83,Fri Aug 29 11:01:39 IST 2014,PASS,Avalara Status 'Temporary' verified successfully on adding products for Test case TestCase83 On Menu item : - Quotes
SalesForce_ErrorMessageDisplayed,TESTCASE83,Fri Aug 29 11:01:45 IST 2014,PASS,Error message appeared as Name: JurisdictionNotFoundError Summary: Unable to determine the taxing jurisdictions. Details: 900432 Winslow Way, Bainbridge Island, WA 453543 US (Destination)
SalesForce_ErrorMessageDisplayed,TESTCASE83,Fri Aug 29 11:01:45 IST 2014,PASS,Tax Calculation for Test case: TestCase83 Ended.
SalesForce_ErrorMessageDisplayed,TESTCASE84,Fri Aug 29 11:01:45 IST 2014,PASS,Tax Calculation for Test case: TestCase84 Started.
SalesForce_ErrorMessageDisplayed,TESTCASE84,Fri Aug 29 11:03:10 IST 2014,PASS,After clicking on menu TaxNowSettings Respective page opened successfully
SalesForce_ErrorMessageDisplayed,TESTCASE84,Fri Aug 29 11:03:35 IST 2014,PASS,Tax now settings updated successfully
SalesForce_ErrorMessageDisplayed,TESTCASE84,Fri Aug 29 11:04:18 IST 2014,PASS,After clicking on menu Accounts Respective page opened successfully
SalesForce_ErrorMessageDisplayed,TESTCASE84,Fri Aug 29 11:04:27 IST 2014,PASS,Opportunities created successfully
SalesForce_ErrorMessageDisplayed,TESTCASE84,Fri Aug 29 11:04:37 IST 2014,PASS,After clicking on menu Opportunities Respective page opened successfully
SalesForce_ErrorMessageDisplayed,TESTCASE84,Fri Aug 29 11:05:08 IST 2014,PASS,Avalara Status 'Temporary' verified successfully on adding products for Test case TestCase84 On Menu item : - Opportunities
SalesForce_ErrorMessageDisplayed,TESTCASE84,Fri Aug 29 11:05:15 IST 2014,PASS,Error message appeared as Name: TaxAddressError Summary: An Address is incomplete or invalid. Details:
SalesForce_ErrorMessageDisplayed,TESTCASE84,Fri Aug 29 11:05:41 IST 2014,PASS,After clicking on menu newQuote Respective page opened successfully
SalesForce_ErrorMessageDisplayed,TESTCASE84,Fri Aug 29 11:06:12 IST 2014,PASS,Avalara Status 'Temporary' verified successfully on adding products for Test case TestCase84 On Menu item : - Quotes
SalesForce_ErrorMessageDisplayed,TESTCASE84,Fri Aug 29 11:06:18 IST 2014,PASS,Error message appeared as Name: TaxAddressError Summary: An Address is incomplete or invalid. Details:
SalesForce_ErrorMessageDisplayed,TESTCASE84,Fri Aug 29 11:06:18 IST 2014,PASS,Tax Calculation for Test case: TestCase84 Ended.
SalesForce_ErrorMessageDisplayed,TESTCASE85,Fri Aug 29 11:06:18 IST 2014,PASS,Tax Calculation for Test case: TestCase85 Started.
SalesForce_ErrorMessageDisplayed,TESTCASE85,Fri Aug 29 11:07:43 IST 2014,PASS,After clicking on menu TaxNowSettings Respective page opened successfully
SalesForce_ErrorMessageDisplayed,TESTCASE85,Fri Aug 29 11:08:08 IST 2014,PASS,Tax now settings updated successfully
SalesForce_ErrorMessageDisplayed,TESTCASE85,Fri Aug 29 11:08:51 IST 2014,PASS,After clicking on menu Accounts Respective page opened successfully
SalesForce_ErrorMessageDisplayed,TESTCASE85,Fri Aug 29 11:09:01 IST 2014,PASS,Opportunities created successfully
SalesForce_ErrorMessageDisplayed,TESTCASE85,Fri Aug 29 11:09:11 IST 2014,PASS,After clicking on menu Opportunities Respective page opened successfully
SalesForce_ErrorMessageDisplayed,TESTCASE85,Fri Aug 29 11:09:42 IST 2014,PASS,Avalara Status 'Temporary' verified successfully on adding products for Test case TestCase85 On Menu item : - Opportunities
SalesForce_ErrorMessageDisplayed,TESTCASE85,Fri Aug 29 11:10:14 IST 2014,PASS,Error message appeared as Name: TaxAddressError Summary: An Address is incomplete or invalid. Details:
SalesForce_ErrorMessageDisplayed,TESTCASE85,Fri Aug 29 11:10:40 IST 2014,PASS,After clicking on menu newQuote Respective page opened successfully
SalesForce_ErrorMessageDisplayed,TESTCASE85,Fri Aug 29 11:11:10 IST 2014,PASS,Avalara Status 'Temporary' verified successfully on adding products for Test case TestCase85 On Menu item : - Quotes
SalesForce_ErrorMessageDisplayed,TESTCASE85,Fri Aug 29 11:11:17 IST 2014,PASS,Error message appeared as Name: TaxAddressError Summary: An Address is incomplete or invalid. Details:
SalesForce_ErrorMessageDisplayed,TESTCASE85,Fri Aug 29 11:11:17 IST 2014,PASS,Tax Calculation for Test case: TestCase85 Ended.
SalesForce_ErrorMessageDisplayed,TESTCASE86,Fri Aug 29 11:11:17 IST 2014,PASS,Tax Calculation for Test case: TestCase86 Started.
SalesForce_ErrorMessageDisplayed,TESTCASE86,Fri Aug 29 11:12:42 IST 2014,PASS,After clicking on menu TaxNowSettings Respective page opened successfully
SalesForce_ErrorMessageDisplayed,TESTCASE86,Fri Aug 29 11:13:06 IST 2014,PASS,Tax now settings updated successfully
SalesForce_ErrorMessageDisplayed,TESTCASE86,Fri Aug 29 11:13:49 IST 2014,PASS,After clicking on menu Accounts Respective page opened successfully
SalesForce_ErrorMessageDisplayed,TESTCASE86,Fri Aug 29 11:13:59 IST 2014,PASS,Opportunities created successfully
SalesForce_ErrorMessageDisplayed,TESTCASE86,Fri Aug 29 11:14:09 IST 2014,PASS,After clicking on menu Opportunities Respective page opened successfully
SalesForce_ErrorMessageDisplayed,TESTCASE86,Fri Aug 29 11:14:40 IST 2014,PASS,Avalara Status 'Temporary' verified successfully on adding products for Test case TestCase86 On Menu item : - Opportunities
SalesForce_ErrorMessageDisplayed,TESTCASE86,Fri Aug 29 11:14:49 IST 2014,PASS,Error message appeared as Name: TaxAddressError Summary: An Address is incomplete or invalid. Details:
SalesForce_ErrorMessageDisplayed,TESTCASE86,Fri Aug 29 11:14:55 IST 2014,PASS,Error message appeared as Name: TaxAddressError Summary: An Address is incomplete or invalid. Details:
SalesForce_ErrorMessageDisplayed,TESTCASE86,Fri Aug 29 11:15:22 IST 2014,PASS,After clicking on menu newQuote Respective page opened successfully
SalesForce_ErrorMessageDisplayed,TESTCASE86,Fri Aug 29 11:15:53 IST 2014,PASS,Avalara Status 'Temporary' verified successfully on adding products for Test case TestCase86 On Menu item : - Quotes
SalesForce_ErrorMessageDisplayed,TESTCASE86,Fri Aug 29 11:16:00 IST 2014,PASS,Error message appeared as Name: TaxAddressError Summary: An Address is incomplete or invalid. Details:
SalesForce_ErrorMessageDisplayed,TESTCASE86,Fri Aug 29 11:16:06 IST 2014,PASS,Error message appeared as Name: TaxAddressError Summary: An Address is incomplete or invalid. Details:
SalesForce_ErrorMessageDisplayed,TESTCASE86,Fri Aug 29 11:16:06 IST 2014,PASS,Tax Calculation for Test case: TestCase86 Ended.
SalesForce_ErrorMessageDisplayed,TESTCASE87,Fri Aug 29 11:16:06 IST 2014,PASS,Tax Calculation for Test case: TestCase87 Started.
SalesForce_ErrorMessageDisplayed,TESTCASE87,Fri Aug 29 11:17:31 IST 2014,PASS,After clicking on menu TaxNowSettings Respective page opened successfully
SalesForce_ErrorMessageDisplayed,TESTCASE87,Fri Aug 29 11:17:57 IST 2014,PASS,Tax now settings updated successfully
SalesForce_ErrorMessageDisplayed,TESTCASE87,Fri Aug 29 11:18:39 IST 2014,PASS,After clicking on menu Accounts Respective page opened successfully
SalesForce_ErrorMessageDisplayed,TESTCASE87,Fri Aug 29 11:18:50 IST 2014,PASS,Opportunities created successfully
SalesForce_ErrorMessageDisplayed,TESTCASE87,Fri Aug 29 11:19:00 IST 2014,PASS,After clicking on menu Opportunities Respective page opened successfully
SalesForce_ErrorMessageDisplayed,TESTCASE87,Fri Aug 29 11:19:31 IST 2014,PASS,Avalara Status 'Temporary' verified successfully on adding products for Test case TestCase87 On Menu item : - Opportunities
SalesForce_ErrorMessageDisplayed,TESTCASE87,Fri Aug 29 11:20:04 IST 2014,PASS,Error message appeared as Name: TaxAddressError Summary: An Address is incomplete or invalid. Details:
SalesForce_ErrorMessageDisplayed,TESTCASE87,Fri Aug 29 11:20:30 IST 2014,PASS,After clicking on menu newQuote Respective page opened successfully
SalesForce_ErrorMessageDisplayed,TESTCASE87,Fri Aug 29 11:21:01 IST 2014,PASS,Avalara Status 'Temporary' verified successfully on adding products for Test case TestCase87 On Menu item : - Quotes
SalesForce_ErrorMessageDisplayed,TESTCASE87,Fri Aug 29 11:21:07 IST 2014,PASS,Error message appeared as Name: TaxAddressError Summary: An Address is incomplete or invalid. Details:
SalesForce_ErrorMessageDisplayed,TESTCASE87,Fri Aug 29 11:21:07 IST 2014,PASS,Tax Calculation for Test case: TestCase87 Ended.
SalesForce_ErrorMessageDisplayed,SalesForce_ErrorMessageDisplayed,Fri Aug 29 11:21:07 IST 2014,PASS,Script Ended.
SalesForce_TaxCalc,SalesForce_TaxCalc,Fri Aug 29 11:52:06 IST 2014,PASS,Logging into SalesForce application is successful.
SalesForce_TaxCalc,TESTCASE5,Fri Aug 29 11:52:06 IST 2014,PASS,Tax Calculation for Test case: TestCase5 Started.
SalesForce_TaxCalc,TESTCASE5,Fri Aug 29 11:52:31 IST 2014,PASS,After clicking on menu TaxNowSettings Respective page opened successfully
SalesForce_TaxCalc,TESTCASE5,Fri Aug 29 11:52:55 IST 2014,PASS,Tax now settings updated successfully
SalesForce_TaxCalc,TESTCASE5,Fri Aug 29 11:58:42 IST 2014,PASS,After clicking on menu Accounts Respective page opened successfully
SalesForce_TaxCalc,TESTCASE5,Fri Aug 29 11:59:01 IST 2014,PASS,Opportunities created successfully
SalesForce_TaxCalc,TESTCASE5,Fri Aug 29 11:59:11 IST 2014,PASS,After clicking on menu Opportunities Respective page opened successfully
SalesForce_TaxCalc,TESTCASE5,Fri Aug 29 12:00:39 IST 2014,PASS,Avalara Status 'Temporary' verified successfully on adding products for Test case TestCase5 On Menu item : - Opportunities
SalesForce_TaxCalc,SalesForce_TaxCalc,Fri Aug 29 12:14:24 IST 2014,PASS,Logging into SalesForce application is successful.
SalesForce_TaxCalc,TESTCASE5,Fri Aug 29 12:14:24 IST 2014,PASS,Tax Calculation for Test case: TestCase5 Started.
SalesForce_TaxCalc,TESTCASE5,Fri Aug 29 12:14:49 IST 2014,PASS,After clicking on menu TaxNowSettings Respective page opened successfully
SalesForce_TaxCalc,TESTCASE5,Fri Aug 29 12:15:12 IST 2014,PASS,Tax now settings updated successfully
SalesForce_TaxCalc,TESTCASE5,Fri Aug 29 12:15:53 IST 2014,PASS,After clicking on menu Accounts Respective page opened successfully
SalesForce_TaxCalc,TESTCASE5,Fri Aug 29 12:16:03 IST 2014,PASS,Opportunities created successfully
SalesForce_TaxCalc,TESTCASE5,Fri Aug 29 12:16:13 IST 2014,PASS,After clicking on menu Opportunities Respective page opened successfully
SalesForce_TaxCalc,TESTCASE5,Fri Aug 29 12:16:45 IST 2014,PASS,Avalara Status 'Temporary' verified successfully on adding products for Test case TestCase5 On Menu item : - Opportunities
SalesForce_TaxCalc,TESTCASE5,Fri Aug 29 12:16:57 IST 2014,PASS,Error message appeared as Name: PreQualification Error Summary: Tax Calculations are Disabled - Check 'Enable Tax Calculations' in the TaxServices tab Details:
SalesForce_TaxCalc,TESTCASE5,Fri Aug 29 12:17:24 IST 2014,PASS,After clicking on menu newQuote Respective page opened successfully
SalesForce_TaxCalc,TESTCASE5,Fri Aug 29 12:17:54 IST 2014,PASS,Avalara Status 'Temporary' verified successfully on adding products for Test case TestCase5 On Menu item : - Quotes
SalesForce_TaxCalc,TESTCASE5,Fri Aug 29 12:18:01 IST 2014,PASS,Error message appeared as Name: PreQualification Error Summary: Tax Calculations are Disabled - Check 'Enable Tax Calculations' in the TaxServices tab Details:
SalesForce_TaxCalc,TESTCASE5,Fri Aug 29 12:18:01 IST 2014,PASS,Tax Calculation for Test case: TestCase5 Ended.
SalesForce_TaxCalc,TESTCASE6,Fri Aug 29 12:18:01 IST 2014,PASS,Tax Calculation for Test case: TestCase6 Started.
SalesForce_TaxCalc,TESTCASE6,Fri Aug 29 12:19:26 IST 2014,PASS,After clicking on menu TaxNowSettings Respective page opened successfully
SalesForce_TaxCalc,TESTCASE6,Fri Aug 29 12:19:49 IST 2014,PASS,Tax now settings updated successfully
SalesForce_TaxCalc,TESTCASE6,Fri Aug 29 12:20:31 IST 2014,PASS,After clicking on menu Accounts Respective page opened successfully
SalesForce_TaxCalc,TESTCASE6,Fri Aug 29 12:20:39 IST 2014,PASS,Opportunities created successfully
SalesForce_TaxCalc,TESTCASE6,Fri Aug 29 12:20:49 IST 2014,PASS,After clicking on menu Opportunities Respective page opened successfully
SalesForce_TaxCalc,TESTCASE6,Fri Aug 29 12:21:23 IST 2014,PASS,Avalara Status 'Temporary' verified successfully on adding products for Test case TestCase6 On Menu item : - Opportunities
SalesForce_TaxCalc,TESTCASE6,Fri Aug 29 12:21:29 IST 2014,PASS,Error message appeared as Name: PreQualification Error Summary: Tax Calculations are Disabled - Check 'Enable Tax Calculations' in the TaxServices tab Details:
SalesForce_TaxCalc,TESTCASE6,Fri Aug 29 12:21:55 IST 2014,PASS,After clicking on menu newQuote Respective page opened successfully
SalesForce_TaxCalc,TESTCASE6,Fri Aug 29 12:22:26 IST 2014,PASS,Avalara Status 'Temporary' verified successfully on adding products for Test case TestCase6 On Menu item : - Quotes
SalesForce_TaxCalc,TESTCASE6,Fri Aug 29 12:22:32 IST 2014,PASS,Error message appeared as Name: PreQualification Error Summary: Tax Calculations are Disabled - Check 'Enable Tax Calculations' in the TaxServices tab Details:
SalesForce_TaxCalc,TESTCASE6,Fri Aug 29 12:22:32 IST 2014,PASS,Tax Calculation for Test case: TestCase6 Ended.
SalesForce_TaxCalc,TESTCASE7,Fri Aug 29 12:22:32 IST 2014,PASS,Tax Calculation for Test case: TestCase7 Started.
SalesForce_TaxCalc,TESTCASE7,Fri Aug 29 12:23:57 IST 2014,PASS,After clicking on menu TaxNowSettings Respective page opened successfully
SalesForce_TaxCalc,TESTCASE7,Fri Aug 29 12:24:20 IST 2014,PASS,Tax now settings updated successfully
SalesForce_TaxCalc,TESTCASE7,Fri Aug 29 12:25:01 IST 2014,PASS,After clicking on menu Accounts Respective page opened successfully
SalesForce_TaxCalc,TESTCASE7,Fri Aug 29 12:25:10 IST 2014,PASS,Opportunities created successfully
SalesForce_TaxCalc,TESTCASE7,Fri Aug 29 12:25:20 IST 2014,PASS,After clicking on menu Opportunities Respective page opened successfully
SalesForce_TaxCalc,TESTCASE7,Fri Aug 29 12:25:50 IST 2014,PASS,Avalara Status 'Temporary' verified successfully on adding products for Test case TestCase7 On Menu item : - Opportunities
SalesForce_TaxCalc,TESTCASE7,Fri Aug 29 12:25:57 IST 2014,PASS,Error message appeared as Name: PreQualification Error Summary: Tax Calculations are Disabled - Check 'Enable Tax Calculations' in the TaxServices tab Details:
SalesForce_TaxCalc,TESTCASE7,Fri Aug 29 12:26:22 IST 2014,PASS,After clicking on menu newQuote Respective page opened successfully
SalesForce_TaxCalc,TESTCASE7,Fri Aug 29 12:26:53 IST 2014,PASS,Avalara Status 'Temporary' verified successfully on adding products for Test case TestCase7 On Menu item : - Quotes
SalesForce_TaxCalc,TESTCASE7,Fri Aug 29 12:26:58 IST 2014,PASS,Error message appeared as Name: PreQualification Error Summary: Tax Calculations are Disabled - Check 'Enable Tax Calculations' in the TaxServices tab Details:
SalesForce_TaxCalc,TESTCASE7,Fri Aug 29 12:26:58 IST 2014,PASS,Tax Calculation for Test case: TestCase7 Ended.
SalesForce_TaxCalc,TESTCASE8,Fri Aug 29 12:26:58 IST 2014,PASS,Tax Calculation for Test case: TestCase8 Started.
SalesForce_TaxCalc,TESTCASE8,Fri Aug 29 12:28:24 IST 2014,PASS,After clicking on menu TaxNowSettings Respective page opened successfully
SalesForce_TaxCalc,TESTCASE8,Fri Aug 29 12:28:47 IST 2014,PASS,Tax now settings updated successfully
SalesForce_TaxCalc,TESTCASE8,Fri Aug 29 12:29:29 IST 2014,PASS,After clicking on menu Accounts Respective page opened successfully
SalesForce_TaxCalc,TESTCASE8,Fri Aug 29 12:29:38 IST 2014,PASS,Opportunities created successfully
SalesForce_TaxCalc,TESTCASE8,Fri Aug 29 12:29:48 IST 2014,PASS,After clicking on menu Opportunities Respective page opened successfully
SalesForce_TaxCalc,TESTCASE8,Fri Aug 29 12:30:18 IST 2014,PASS,Avalara Status 'Temporary' verified successfully on adding products for Test case TestCase8 On Menu item : - Opportunities
SalesForce_TaxCalc,TESTCASE8,Fri Aug 29 12:30:25 IST 2014,PASS,Error message appeared as Name: PreQualification Error Summary: Tax Calculations are Disabled - Check 'Enable Tax Calculations' in the TaxServices tab Details:
SalesForce_TaxCalc,TESTCASE8,Fri Aug 29 12:30:50 IST 2014,PASS,After clicking on menu newQuote Respective page opened successfully
SalesForce_TaxCalc,TESTCASE8,Fri Aug 29 12:31:20 IST 2014,PASS,Avalara Status 'Temporary' verified successfully on adding products for Test case TestCase8 On Menu item : - Quotes
SalesForce_TaxCalc,TESTCASE8,Fri Aug 29 12:31:26 IST 2014,PASS,Error message appeared as Name: PreQualification Error Summary: Tax Calculations are Disabled - Check 'Enable Tax Calculations' in the TaxServices tab Details:
SalesForce_TaxCalc,TESTCASE8,Fri Aug 29 12:31:26 IST 2014,PASS,Tax Calculation for Test case: TestCase8 Ended.
SalesForce_TaxCalc,TESTCASE9,Fri Aug 29 12:31:26 IST 2014,PASS,Tax Calculation for Test case: TestCase9 Started.
SalesForce_TaxCalc,TESTCASE9,Fri Aug 29 12:32:51 IST 2014,PASS,After clicking on menu TaxNowSettings Respective page opened successfully
SalesForce_TaxCalc,TESTCASE9,Fri Aug 29 12:33:15 IST 2014,PASS,Tax now settings updated successfully
SalesForce_TaxCalc,TESTCASE9,Fri Aug 29 12:33:57 IST 2014,PASS,After clicking on menu Accounts Respective page opened successfully
SalesForce_TaxCalc,TESTCASE9,Fri Aug 29 12:34:06 IST 2014,PASS,Opportunities created successfully
SalesForce_TaxCalc,TESTCASE9,Fri Aug 29 12:34:16 IST 2014,PASS,After clicking on menu Opportunities Respective page opened successfully
SalesForce_TaxCalc,TESTCASE9,Fri Aug 29 12:34:47 IST 2014,PASS,Avalara Status 'Temporary' verified successfully on adding products for Test case TestCase9 On Menu item : - Opportunities
SalesForce_TaxCalc,TESTCASE9,Fri Aug 29 12:34:52 IST 2014,FAIL,'Total Sales Tax' 50.00 NOT verified successfully for Test caseTestCase9 on Opportunities Window.Expected Tax :- 50.00 and Actual Tax:- 80.00
SalesForce_TaxCalc,TESTCASE10,Fri Aug 29 12:34:52 IST 2014,PASS,Tax Calculation for Test case: TestCase10 Started.
SalesForce_TaxCalc,TESTCASE10,Fri Aug 29 12:36:17 IST 2014,PASS,After clicking on menu TaxNowSettings Respective page opened successfully
SalesForce_TaxCalc,TESTCASE10,Fri Aug 29 12:36:42 IST 2014,PASS,Tax now settings updated successfully
SalesForce_TaxCalc,TESTCASE10,Fri Aug 29 12:37:23 IST 2014,PASS,After clicking on menu Accounts Respective page opened successfully
SalesForce_TaxCalc,TESTCASE10,Fri Aug 29 12:37:33 IST 2014,PASS,Opportunities created successfully
SalesForce_TaxCalc,TESTCASE10,Fri Aug 29 12:37:43 IST 2014,PASS,After clicking on menu Opportunities Respective page opened successfully
SalesForce_TaxCalc,TESTCASE10,Fri Aug 29 12:38:13 IST 2014,PASS,Avalara Status 'Temporary' verified successfully on adding products for Test case TestCase10 On Menu item : - Opportunities
SalesForce_TaxCalc,TESTCASE10,Fri Aug 29 12:38:45 IST 2014,PASS,'Total Sales Tax' 60.00 verified successfully for Test case TestCase10 on Opportunities Window.
SalesForce_TaxCalc,TESTCASE10,Fri Aug 29 12:38:45 IST 2014,PASS,Avalara Status ' Temporary' verified successfully on Calculate for Test case TestCase10 On tax calculation on Opportunities Window 
SalesForce_TaxCalc,TESTCASE10,Fri Aug 29 12:39:10 IST 2014,PASS,After clicking on menu newQuote Respective page opened successfully
SalesForce_TaxCalc,TESTCASE10,Fri Aug 29 12:39:42 IST 2014,PASS,Avalara Status 'Temporary' verified successfully on adding products for Test case TestCase10 On Menu item : - Quotes
SalesForce_TaxCalc,TESTCASE10,Fri Aug 29 12:39:48 IST 2014,PASS,'Total Sales Tax' 120.00 verified successfully for Test case TestCase10 on Quotes Window.
SalesForce_TaxCalc,TESTCASE10,Fri Aug 29 12:39:48 IST 2014,PASS,Avalara Status ' Temporary' verified successfully on Calculate for Test case TestCase10 On tax calculation on Quotes Window 
SalesForce_TaxCalc,TESTCASE10,Fri Aug 29 12:39:48 IST 2014,PASS,Tax Calculation for Test case: TestCase10 Ended.
SalesForce_TaxCalc,TESTCASE11,Fri Aug 29 12:39:48 IST 2014,PASS,Tax Calculation for Test case: TestCase11 Started.
SalesForce_TaxCalc,TESTCASE11,Fri Aug 29 12:41:14 IST 2014,PASS,After clicking on menu TaxNowSettings Respective page opened successfully
SalesForce_TaxCalc,TESTCASE11,Fri Aug 29 12:41:39 IST 2014,PASS,Tax now settings updated successfully
SalesForce_TaxCalc,TESTCASE11,Fri Aug 29 12:42:24 IST 2014,PASS,After clicking on menu Accounts Respective page opened successfully
SalesForce_TaxCalc,TESTCASE11,Fri Aug 29 12:42:34 IST 2014,PASS,Opportunities created successfully
SalesForce_TaxCalc,TESTCASE11,Fri Aug 29 12:42:44 IST 2014,PASS,After clicking on menu Opportunities Respective page opened successfully
SalesForce_TaxCalc,TESTCASE11,Fri Aug 29 12:43:15 IST 2014,PASS,Avalara Status 'Temporary' verified successfully on adding products for Test case TestCase11 On Menu item : - Opportunities
SalesForce_TaxCalc,TESTCASE11,Fri Aug 29 12:43:47 IST 2014,PASS,'Total Sales Tax' 60.00 verified successfully for Test case TestCase11 on Opportunities Window.
SalesForce_TaxCalc,TESTCASE11,Fri Aug 29 12:43:47 IST 2014,PASS,Avalara Status ' Saved' verified successfully on Calculate for Test case TestCase11 On tax calculation on Opportunities Window 
SalesForce_TaxCalc,TESTCASE11,Fri Aug 29 12:44:15 IST 2014,PASS,After clicking on menu newQuote Respective page opened successfully
SalesForce_TaxCalc,TESTCASE11,Fri Aug 29 12:44:47 IST 2014,PASS,Avalara Status 'Temporary' verified successfully on adding products for Test case TestCase11 On Menu item : - Quotes
SalesForce_TaxCalc,TESTCASE11,Fri Aug 29 12:44:54 IST 2014,PASS,'Total Sales Tax' 120.00 verified successfully for Test case TestCase11 on Quotes Window.
SalesForce_TaxCalc,TESTCASE11,Fri Aug 29 12:44:55 IST 2014,PASS,Avalara Status ' Saved' verified successfully on Calculate for Test case TestCase11 On tax calculation on Quotes Window 
SalesForce_TaxCalc,TESTCASE11,Fri Aug 29 12:44:55 IST 2014,PASS,Tax Calculation for Test case: TestCase11 Ended.
SalesForce_TaxCalc,TESTCASE12,Fri Aug 29 12:44:55 IST 2014,PASS,Tax Calculation for Test case: TestCase12 Started.
SalesForce_TaxCalc,TESTCASE12,Fri Aug 29 12:46:37 IST 2014,PASS,After clicking on menu TaxNowSettings Respective page opened successfully
SalesForce_TaxCalc,TESTCASE12,Fri Aug 29 12:47:02 IST 2014,PASS,Tax now settings updated successfully
SalesForce_TaxCalc,TESTCASE12,Fri Aug 29 12:47:47 IST 2014,PASS,After clicking on menu Accounts Respective page opened successfully
SalesForce_TaxCalc,TESTCASE12,Fri Aug 29 12:47:57 IST 2014,PASS,Opportunities created successfully
SalesForce_TaxCalc,TESTCASE12,Fri Aug 29 12:48:07 IST 2014,PASS,After clicking on menu Opportunities Respective page opened successfully
SalesForce_TaxCalc,TESTCASE12,Fri Aug 29 12:48:39 IST 2014,PASS,Avalara Status 'Temporary' verified successfully on adding products for Test case TestCase12 On Menu item : - Opportunities
SalesForce_TaxCalc,TESTCASE12,Fri Aug 29 12:48:46 IST 2014,PASS,'Total Sales Tax' 77.50 verified successfully for Test case TestCase12 on Opportunities Window.
SalesForce_TaxCalc,TESTCASE12,Fri Aug 29 12:48:46 IST 2014,PASS,Avalara Status ' Saved' verified successfully on Calculate for Test case TestCase12 On tax calculation on Opportunities Window 
SalesForce_TaxCalc,TESTCASE12,Fri Aug 29 12:48:51 IST 2014,PASS,'Total Sales Tax' 77.50 verified successfully for Test case TestCase12 on Finalize Opportunity Window.
SalesForce_TaxCalc,TESTCASE12,Fri Aug 29 12:48:52 IST 2014,PASS,Avalara Status ' Committed' verified successfully on Calculate for Test case TestCase12 On tax calculation on Finalize Opportunity Window 
SalesForce_TaxCalc,TESTCASE12,Fri Aug 29 12:49:20 IST 2014,PASS,After clicking on menu newQuote Respective page opened successfully
SalesForce_TaxCalc,TESTCASE12,Fri Aug 29 12:49:52 IST 2014,PASS,Avalara Status 'Temporary' verified successfully on adding products for Test case TestCase12 On Menu item : - Quotes
SalesForce_TaxCalc,TESTCASE12,Fri Aug 29 12:49:58 IST 2014,PASS,'Total Sales Tax' 155.00 verified successfully for Test case TestCase12 on Quotes Window.
SalesForce_TaxCalc,TESTCASE12,Fri Aug 29 12:49:58 IST 2014,PASS,Avalara Status ' Saved' verified successfully on Calculate for Test case TestCase12 On tax calculation on Quotes Window 
SalesForce_TaxCalc,TESTCASE12,Fri Aug 29 12:50:04 IST 2014,PASS,'Total Sales Tax' 155.00 verified successfully for Test case TestCase12 on Finalize Quote Window.
SalesForce_TaxCalc,TESTCASE12,Fri Aug 29 12:50:04 IST 2014,PASS,Avalara Status ' Committed' verified successfully on Calculate for Test case TestCase12 On tax calculation on Finalize Quote Window 
SalesForce_TaxCalc,TESTCASE12,Fri Aug 29 12:50:04 IST 2014,PASS,Tax Calculation for Test case: TestCase12 Ended.
SalesForce_TaxCalc,TESTCASE13,Fri Aug 29 12:50:04 IST 2014,PASS,Tax Calculation for Test case: TestCase13 Started.
SalesForce_TaxCalc,TESTCASE13,Fri Aug 29 12:51:29 IST 2014,PASS,After clicking on menu TaxNowSettings Respective page opened successfully
SalesForce_TaxCalc,TESTCASE13,Fri Aug 29 12:51:55 IST 2014,PASS,Tax now settings updated successfully
SalesForce_TaxCalc,TESTCASE13,Fri Aug 29 12:52:40 IST 2014,PASS,After clicking on menu Accounts Respective page opened successfully
SalesForce_TaxCalc,TESTCASE13,Fri Aug 29 12:52:50 IST 2014,PASS,Opportunities created successfully
SalesForce_TaxCalc,TESTCASE13,Fri Aug 29 12:53:00 IST 2014,PASS,After clicking on menu Opportunities Respective page opened successfully
SalesForce_TaxCalc,TESTCASE13,Fri Aug 29 12:53:31 IST 2014,PASS,Avalara Status 'Temporary' verified successfully on adding products for Test case TestCase13 On Menu item : - Opportunities
SalesForce_TaxCalc,TESTCASE13,Fri Aug 29 12:54:02 IST 2014,PASS,'Total Sales Tax' 77.50 verified successfully for Test case TestCase13 on Opportunities Window.
SalesForce_TaxCalc,TESTCASE13,Fri Aug 29 12:54:02 IST 2014,PASS,Avalara Status ' Temporary' verified successfully on Calculate for Test case TestCase13 On tax calculation on Opportunities Window 
SalesForce_TaxCalc,TESTCASE13,Fri Aug 29 12:54:28 IST 2014,PASS,After clicking on menu newQuote Respective page opened successfully
SalesForce_TaxCalc,TESTCASE13,Fri Aug 29 12:54:59 IST 2014,PASS,Avalara Status 'Temporary' verified successfully on adding products for Test case TestCase13 On Menu item : - Quotes
SalesForce_TaxCalc,TESTCASE13,Fri Aug 29 12:55:30 IST 2014,PASS,'Total Sales Tax' 155.00 verified successfully for Test case TestCase13 on Quotes Window.
SalesForce_TaxCalc,TESTCASE13,Fri Aug 29 12:55:30 IST 2014,PASS,Avalara Status ' Temporary' verified successfully on Calculate for Test case TestCase13 On tax calculation on Quotes Window 
SalesForce_TaxCalc,TESTCASE13,Fri Aug 29 12:55:30 IST 2014,PASS,Tax Calculation for Test case: TestCase13 Ended.
SalesForce_TaxCalc,TESTCASE14,Fri Aug 29 12:55:30 IST 2014,PASS,Tax Calculation for Test case: TestCase14 Started.
SalesForce_TaxCalc,TESTCASE14,Fri Aug 29 12:56:55 IST 2014,PASS,After clicking on menu TaxNowSettings Respective page opened successfully
SalesForce_TaxCalc,TESTCASE14,Fri Aug 29 12:57:20 IST 2014,PASS,Tax now settings updated successfully
SalesForce_TaxCalc,TESTCASE14,Fri Aug 29 12:58:04 IST 2014,PASS,After clicking on menu Accounts Respective page opened successfully
SalesForce_TaxCalc,TESTCASE14,Fri Aug 29 12:58:14 IST 2014,PASS,Opportunities created successfully
SalesForce_TaxCalc,TESTCASE14,Fri Aug 29 12:58:24 IST 2014,PASS,After clicking on menu Opportunities Respective page opened successfully
SalesForce_TaxCalc,TESTCASE14,Fri Aug 29 12:58:55 IST 2014,PASS,Avalara Status 'Temporary' verified successfully on adding products for Test case TestCase14 On Menu item : - Opportunities
SalesForce_TaxCalc,TESTCASE14,Fri Aug 29 12:59:01 IST 2014,PASS,Error message appeared as Name: PreQualification Error Summary: Tax Calculations are Disabled - Check 'Enable Tax Calculations' in the TaxServices tab Details:
SalesForce_TaxCalc,TESTCASE14,Fri Aug 29 12:59:27 IST 2014,PASS,After clicking on menu newQuote Respective page opened successfully
SalesForce_TaxCalc,TESTCASE14,Fri Aug 29 12:59:58 IST 2014,PASS,Avalara Status 'Temporary' verified successfully on adding products for Test case TestCase14 On Menu item : - Quotes
SalesForce_TaxCalc,TESTCASE14,Fri Aug 29 13:00:03 IST 2014,PASS,Error message appeared as Name: PreQualification Error Summary: Tax Calculations are Disabled - Check 'Enable Tax Calculations' in the TaxServices tab Details:
SalesForce_TaxCalc,TESTCASE14,Fri Aug 29 13:00:03 IST 2014,PASS,Tax Calculation for Test case: TestCase14 Ended.
SalesForce_TaxCalc,TESTCASE15,Fri Aug 29 13:00:03 IST 2014,PASS,Tax Calculation for Test case: TestCase15 Started.
SalesForce_TaxCalc,TESTCASE15,Fri Aug 29 13:01:28 IST 2014,PASS,After clicking on menu TaxNowSettings Respective page opened successfully
SalesForce_TaxCalc,TESTCASE15,Fri Aug 29 13:01:54 IST 2014,PASS,Tax now settings updated successfully
SalesForce_TaxCalc,TESTCASE15,Fri Aug 29 13:02:38 IST 2014,PASS,After clicking on menu Accounts Respective page opened successfully
SalesForce_TaxCalc,TESTCASE15,Fri Aug 29 13:02:48 IST 2014,PASS,Opportunities created successfully
SalesForce_TaxCalc,TESTCASE15,Fri Aug 29 13:02:58 IST 2014,PASS,After clicking on menu Opportunities Respective page opened successfully
SalesForce_TaxCalc,TESTCASE15,Fri Aug 29 13:03:30 IST 2014,PASS,Avalara Status 'Temporary' verified successfully on adding products for Test case TestCase15 On Menu item : - Opportunities
SalesForce_TaxCalc,TESTCASE15,Fri Aug 29 13:03:36 IST 2014,PASS,Error message appeared as Name: PreQualification Error Summary: Tax Calculations are Disabled - Check 'Enable Tax Calculations' in the TaxServices tab Details:
SalesForce_TaxCalc,TESTCASE15,Fri Aug 29 13:04:03 IST 2014,PASS,After clicking on menu newQuote Respective page opened successfully
SalesForce_TaxCalc,TESTCASE15,Fri Aug 29 13:04:35 IST 2014,PASS,Avalara Status 'Temporary' verified successfully on adding products for Test case TestCase15 On Menu item : - Quotes
SalesForce_TaxCalc,TESTCASE15,Fri Aug 29 13:04:43 IST 2014,PASS,Error message appeared as Name: PreQualification Error Summary: Tax Calculations are Disabled - Check 'Enable Tax Calculations' in the TaxServices tab Details:
SalesForce_TaxCalc,TESTCASE15,Fri Aug 29 13:04:43 IST 2014,PASS,Tax Calculation for Test case: TestCase15 Ended.
SalesForce_TaxCalc,TESTCASE16,Fri Aug 29 13:04:43 IST 2014,PASS,Tax Calculation for Test case: TestCase16 Started.
SalesForce_TaxCalc,TESTCASE16,Fri Aug 29 13:06:08 IST 2014,PASS,After clicking on menu TaxNowSettings Respective page opened successfully
SalesForce_TaxCalc,TESTCASE16,Fri Aug 29 13:06:33 IST 2014,PASS,Tax now settings updated successfully
SalesForce_TaxCalc,TESTCASE16,Fri Aug 29 13:07:18 IST 2014,PASS,After clicking on menu Accounts Respective page opened successfully
SalesForce_TaxCalc,TESTCASE16,Fri Aug 29 13:07:28 IST 2014,PASS,Opportunities created successfully
SalesForce_TaxCalc,TESTCASE16,Fri Aug 29 13:07:38 IST 2014,PASS,After clicking on menu Opportunities Respective page opened successfully
SalesForce_TaxCalc,TESTCASE16,Fri Aug 29 13:08:11 IST 2014,PASS,Avalara Status 'Temporary' verified successfully on adding products for Test case TestCase16 On Menu item : - Opportunities
SalesForce_TaxCalc,TESTCASE16,Fri Aug 29 13:08:18 IST 2014,PASS,Error message appeared as Name: PreQualification Error Summary: Tax Calculations are Disabled - Check 'Enable Tax Calculations' in the TaxServices tab Details:
SalesForce_TaxCalc,TESTCASE16,Fri Aug 29 13:08:45 IST 2014,PASS,After clicking on menu newQuote Respective page opened successfully
SalesForce_TaxCalc,TESTCASE16,Fri Aug 29 13:09:18 IST 2014,PASS,Avalara Status 'Temporary' verified successfully on adding products for Test case TestCase16 On Menu item : - Quotes
SalesForce_TaxCalc,TESTCASE16,Fri Aug 29 13:09:24 IST 2014,PASS,Error message appeared as Name: PreQualification Error Summary: Tax Calculations are Disabled - Check 'Enable Tax Calculations' in the TaxServices tab Details:
SalesForce_TaxCalc,TESTCASE16,Fri Aug 29 13:09:24 IST 2014,PASS,Tax Calculation for Test case: TestCase16 Ended.
SalesForce_TaxCalc,TESTCASE17,Fri Aug 29 13:09:24 IST 2014,PASS,Tax Calculation for Test case: TestCase17 Started.
SalesForce_TaxCalc,TESTCASE17,Fri Aug 29 13:10:49 IST 2014,PASS,After clicking on menu TaxNowSettings Respective page opened successfully
SalesForce_TaxCalc,TESTCASE17,Fri Aug 29 13:11:15 IST 2014,PASS,Tax now settings updated successfully
SalesForce_TaxCalc,TESTCASE17,Fri Aug 29 13:12:01 IST 2014,PASS,After clicking on menu Accounts Respective page opened successfully
SalesForce_TaxCalc,TESTCASE17,Fri Aug 29 13:12:12 IST 2014,PASS,Opportunities created successfully
SalesForce_TaxCalc,TESTCASE17,Fri Aug 29 13:12:22 IST 2014,PASS,After clicking on menu Opportunities Respective page opened successfully
SalesForce_TaxCalc,TESTCASE17,Fri Aug 29 13:12:54 IST 2014,PASS,Avalara Status 'Temporary' verified successfully on adding products for Test case TestCase17 On Menu item : - Opportunities
SalesForce_TaxCalc,TESTCASE17,Fri Aug 29 13:13:01 IST 2014,PASS,Error message appeared as Name: PreQualification Error Summary: Tax Calculations are Disabled - Check 'Enable Tax Calculations' in the TaxServices tab Details:
SalesForce_TaxCalc,TESTCASE17,Fri Aug 29 13:13:27 IST 2014,PASS,After clicking on menu newQuote Respective page opened successfully
SalesForce_TaxCalc,TESTCASE17,Fri Aug 29 13:13:59 IST 2014,PASS,Avalara Status 'Temporary' verified successfully on adding products for Test case TestCase17 On Menu item : - Quotes
SalesForce_TaxCalc,TESTCASE17,Fri Aug 29 13:14:05 IST 2014,PASS,Error message appeared as Name: PreQualification Error Summary: Tax Calculations are Disabled - Check 'Enable Tax Calculations' in the TaxServices tab Details:
SalesForce_TaxCalc,TESTCASE17,Fri Aug 29 13:14:05 IST 2014,PASS,Tax Calculation for Test case: TestCase17 Ended.
SalesForce_TaxCalc,TESTCASE18,Fri Aug 29 13:14:05 IST 2014,PASS,Tax Calculation for Test case: TestCase18 Started.
SalesForce_TaxCalc,TESTCASE18,Fri Aug 29 13:15:30 IST 2014,PASS,After clicking on menu TaxNowSettings Respective page opened successfully
SalesForce_TaxCalc,TESTCASE18,Fri Aug 29 13:15:55 IST 2014,PASS,Tax now settings updated successfully
SalesForce_TaxCalc,TESTCASE18,Fri Aug 29 13:16:36 IST 2014,PASS,After clicking on menu Accounts Respective page opened successfully
SalesForce_TaxCalc,TESTCASE18,Fri Aug 29 13:16:45 IST 2014,PASS,Opportunities created successfully
SalesForce_TaxCalc,TESTCASE18,Fri Aug 29 13:16:55 IST 2014,PASS,After clicking on menu Opportunities Respective page opened successfully
SalesForce_TaxCalc,TESTCASE18,Fri Aug 29 13:17:24 IST 2014,PASS,Avalara Status 'Temporary' verified successfully on adding products for Test case TestCase18 On Menu item : - Opportunities
SalesForce_TaxCalc,TESTCASE18,Fri Aug 29 13:17:31 IST 2014,FAIL,'Total Sales Tax' 50.00 NOT verified successfully for Test caseTestCase18 on Opportunities Window.Expected Tax :- 50.00 and Actual Tax:- 80.00
SalesForce_TaxCalc,SalesForce_TaxCalc,Fri Aug 29 13:17:31 IST 2014,PASS,Script Ended.
