ScriptName,TCName,Date,Result,Description,
AccountingSeed_TaxCalc,AccountingSeed_TaxCalc,Mon Mar 09 13:34:32 IST 2015,PASS,Logging into AccountingSeed application is successful.,
AccountingSeed_TaxCalc,TESTCASE2,Mon Mar 09 13:34:32 IST 2015,PASS,Tax Calculation for Test case: TestCase2 Started.,
AccountingSeed_TaxCalc,TESTCASE2,Mon Mar 09 13:35:05 IST 2015,PASS,After clicking on menu AvaTax Settings Respective page opened successfully,
AccountingSeed_TaxCalc,TESTCASE2,Mon Mar 09 13:35:29 IST 2015,PASS,Tax now settings updated successfully,
AccountingSeed_TaxCalc,TESTCASE2,Mon Mar 09 13:36:19 IST 2015,PASS,After clicking on menu Accounts Respective page opened successfully,
AccountingSeed_TaxCalc,TESTCASE2,Mon Mar 09 13:36:48 IST 2015,PASS,Opportunities created successfully,
AccountingSeed_TaxCalc,TESTCASE2,Mon Mar 09 13:36:58 IST 2015,PASS,After clicking on menu Opportunities Respective page opened successfully,
AccountingSeed_TaxCalc,TESTCASE2,Mon Mar 09 13:38:47 IST 2015,PASS,Error message appeared as To Enable, edit the Currently AvaTax Settings Record (Ajay) and Check 'Enable Tax Calculation'
AccountingSeed_TaxCalc,TESTCASE2,Mon Mar 09 13:39:53 IST 2015,PASS,After clicking on menu Create Billing Respective page opened successfully,
AccountingSeed_TaxCalc,TESTCASE2,Mon Mar 09 13:40:33 IST 2015,PASS,Error message appeared as To Enable, edit the Currently AvaTax Settings Record (Ajay) and Check 'Enable Tax Calculation'
AccountingSeed_TaxCalc,TESTCASE2,Mon Mar 09 13:41:24 IST 2015,PASS,Error message appeared as To Enable, edit the Currently AvaTax Settings Record (Ajay) and Check 'Enable Tax Calculation'
AccountingSeed_TaxCalc,TESTCASE2,Mon Mar 09 13:41:34 IST 2015,PASS,Tax Calculation for Test case: TestCase2 Ended.,
AccountingSeed_TaxCalc,AccountingSeed_TaxCalc,Mon Mar 09 13:41:34 IST 2015,PASS,Script Ended.,
AccountingSeed_AddressValidation,AccountingSeed_AddressValidation,Mon Mar 09 14:12:02 IST 2015,PASS,Logging into AccountingSeed application is successful.,
AccountingSeed_AddressValidation,TESTCASE60,Mon Mar 09 14:12:02 IST 2015,PASS,Address Validation for Test case: TestCase60 Started.,
AccountingSeed_AddressValidation,TESTCASE60,Mon Mar 09 14:12:43 IST 2015,PASS,After clicking on menu AvaTax Settings Respective page opened successfully,
AccountingSeed_AddressValidation,TESTCASE60,Mon Mar 09 14:13:08 IST 2015,PASS,Tax now settings updated successfully,
AccountingSeed_AddressValidation,TESTCASE60,Mon Mar 09 14:14:34 IST 2015,PASS,Address validation verified successfullyAvaTax Settings,
AccountingSeed_AddressValidation,TESTCASE60,Mon Mar 09 14:15:41 IST 2015,PASS,Address validation saved successfullyAvaTax Settings,
AccountingSeed_AddressValidation,TESTCASE60,Mon Mar 09 14:16:41 IST 2015,PASS,After clicking on menu Contacts Respective page opened successfully,
AccountingSeed_AddressValidation,TESTCASE60,Mon Mar 09 14:17:05 IST 2015,PASS,Avalara Address Validation Test Case' verified successfully for TestCase60Contacts Window ,
AccountingSeed_AddressValidation,TESTCASE60,Mon Mar 09 14:17:21 IST 2015,PASS,Address validation saved successfullyContacts,
AccountingSeed_AddressValidation,TESTCASE60,Mon Mar 09 14:18:22 IST 2015,PASS,After clicking on menu Accounts Respective page opened successfully,
AccountingSeed_AddressValidation,TESTCASE60,Mon Mar 09 14:18:46 IST 2015,PASS,Avalara Address Validation Test Case' verified successfully for TestCase60Accounts Window ,
AccountingSeed_AddressValidation,TESTCASE60,Mon Mar 09 14:19:01 IST 2015,PASS,Address validation saved successfullyAccounts,
AccountingSeed_AddressValidation,TESTCASE60,Mon Mar 09 14:20:41 IST 2015,PASS,Address validation verified successfullyAccounts,
AccountingSeed_AddressValidation,TESTCASE60,Mon Mar 09 14:21:48 IST 2015,PASS,Address validation saved successfully,
AccountingSeed_AddressValidation,TESTCASE60,Mon Mar 09 14:22:43 IST 2015,PASS,After clicking on menu Create Billing Respective page opened successfully,
AccountingSeed_AddressValidation,TESTCASE60,Mon Mar 09 14:23:08 IST 2015,PASS,Avalara Address Validation Test Case' verified successfully for TestCase60Billings Window ,
AccountingSeed_AddressValidation,TESTCASE60,Mon Mar 09 14:23:24 IST 2015,PASS,Address validation saved successfullyBillings,
AccountingSeed_AddressValidation,TESTCASE60,Mon Mar 09 14:24:06 IST 2015,PASS,Avalara Address Validation Test Case' verified successfully for TestCase60Billings Window ,
AccountingSeed_AddressValidation,TESTCASE60,Mon Mar 09 14:24:22 IST 2015,PASS,Address validation saved successfully,
AccountingSeed_AddressValidation,TESTCASE61,Mon Mar 09 14:24:32 IST 2015,PASS,Address Validation for Test case: TestCase61 Started.,
AccountingSeed_AddressValidation,TESTCASE61,Mon Mar 09 14:25:14 IST 2015,PASS,After clicking on menu AvaTax Settings Respective page opened successfully,
AccountingSeed_AddressValidation,TESTCASE61,Mon Mar 09 14:25:40 IST 2015,PASS,Tax now settings updated successfully,
AccountingSeed_AddressValidation,TESTCASE61,Mon Mar 09 14:27:08 IST 2015,PASS,Address validation verified successfullyAvaTax Settings,
AccountingSeed_AddressValidation,TESTCASE61,Mon Mar 09 14:28:14 IST 2015,PASS,Address validation saved successfullyAvaTax Settings,
AccountingSeed_AddressValidation,TESTCASE61,Mon Mar 09 14:29:14 IST 2015,PASS,After clicking on menu Contacts Respective page opened successfully,
AccountingSeed_AddressValidation,TESTCASE61,Mon Mar 09 14:30:36 IST 2015,PASS,Address validation verified successfullyContacts,
AccountingSeed_AddressValidation,TESTCASE61,Mon Mar 09 14:31:43 IST 2015,PASS,Address validation saved successfullyContacts,
AccountingSeed_AddressValidation,TESTCASE61,Mon Mar 09 14:32:52 IST 2015,PASS,After clicking on menu Accounts Respective page opened successfully,
AccountingSeed_AddressValidation,TESTCASE61,Mon Mar 09 14:34:14 IST 2015,PASS,Address validation verified successfullyAccounts,
AccountingSeed_AddressValidation,TESTCASE61,Mon Mar 09 14:35:21 IST 2015,PASS,Address validation saved successfullyAccounts,
AccountingSeed_AddressValidation,TESTCASE61,Mon Mar 09 14:37:00 IST 2015,PASS,Address validation verified successfullyAccounts,
AccountingSeed_AddressValidation,TESTCASE61,Mon Mar 09 14:38:06 IST 2015,PASS,Address validation saved successfully,
AccountingSeed_AddressValidation,TESTCASE61,Mon Mar 09 14:39:02 IST 2015,PASS,After clicking on menu Create Billing Respective page opened successfully,
AccountingSeed_AddressValidation,TESTCASE61,Mon Mar 09 14:40:23 IST 2015,PASS,Address validation verified successfullyBillings,
AccountingSeed_AddressValidation,TESTCASE61,Mon Mar 09 14:41:30 IST 2015,PASS,Address validation saved successfullyBillings,
AccountingSeed_AddressValidation,TESTCASE61,Mon Mar 09 14:43:09 IST 2015,PASS,Address validation verified successfullyBillings,
AccountingSeed_AddressValidation,TESTCASE61,Mon Mar 09 14:44:40 IST 2015,PASS,Address validation saved successfully,
AccountingSeed_AddressValidation,TESTCASE62,Mon Mar 09 14:44:50 IST 2015,PASS,Address Validation for Test case: TestCase62 Started.,
AccountingSeed_AddressValidation,TESTCASE62,Mon Mar 09 14:45:32 IST 2015,PASS,After clicking on menu AvaTax Settings Respective page opened successfully,
AccountingSeed_AddressValidation,TESTCASE62,Mon Mar 09 14:45:57 IST 2015,PASS,Tax now settings updated successfully,
AccountingSeed_AddressValidation,TESTCASE62,Mon Mar 09 14:47:19 IST 2015,PASS,Address validation verified successfullyAvaTax Settings,
AccountingSeed_AddressValidation,TESTCASE62,Mon Mar 09 14:48:28 IST 2015,PASS,Address validation saved successfullyAvaTax Settings,
AccountingSeed_AddressValidation,TESTCASE62,Mon Mar 09 14:49:27 IST 2015,PASS,After clicking on menu Contacts Respective page opened successfully,
AccountingSeed_AddressValidation,TESTCASE62,Mon Mar 09 14:50:49 IST 2015,PASS,Address validation verified successfullyContacts,
AccountingSeed_AddressValidation,TESTCASE62,Mon Mar 09 14:51:55 IST 2015,PASS,Address validation saved successfullyContacts,
AccountingSeed_AddressValidation,TESTCASE62,Mon Mar 09 14:52:55 IST 2015,PASS,After clicking on menu Accounts Respective page opened successfully,
AccountingSeed_AddressValidation,TESTCASE62,Mon Mar 09 14:54:17 IST 2015,PASS,Address validation verified successfullyAccounts,
AccountingSeed_AddressValidation,TESTCASE62,Mon Mar 09 14:55:24 IST 2015,PASS,Address validation saved successfullyAccounts,
AccountingSeed_AddressValidation,TESTCASE62,Mon Mar 09 14:57:04 IST 2015,PASS,Address validation verified successfullyAccounts,
AccountingSeed_AddressValidation,TESTCASE62,Mon Mar 09 14:58:10 IST 2015,PASS,Address validation saved successfully,
AccountingSeed_AddressValidation,TESTCASE62,Mon Mar 09 14:59:25 IST 2015,PASS,After clicking on menu Create Billing Respective page opened successfully,
AccountingSeed_AddressValidation,TESTCASE62,Mon Mar 09 15:00:46 IST 2015,PASS,Address validation verified successfullyBillings,
AccountingSeed_AddressValidation,TESTCASE62,Mon Mar 09 15:01:53 IST 2015,PASS,Address validation saved successfullyBillings,
AccountingSeed_AddressValidation,TESTCASE62,Mon Mar 09 15:03:33 IST 2015,PASS,Address validation verified successfullyBillings,
AccountingSeed_AddressValidation,TESTCASE62,Mon Mar 09 15:04:39 IST 2015,PASS,Address validation saved successfully,
AccountingSeed_AddressValidation,AccountingSeed_AddressValidation,Mon Mar 09 15:04:49 IST 2015,PASS,Script Ended.,
AccountingSeed_EntityUseCode,AccountingSeed_EntityUseCode,Mon Mar 09 15:33:09 IST 2015,PASS,Logging into AccountingSeed application is successful.
AccountingSeed_EntityUseCode,TESTCASE110,Mon Mar 09 15:33:09 IST 2015,PASS,Tax Calculation for Test case: TestCase110 Started.
AccountingSeed_EntityUseCode,TESTCASE110,Mon Mar 09 15:33:41 IST 2015,PASS,After clicking on menu AvaTax Settings Respective page opened successfully
AccountingSeed_EntityUseCode,TESTCASE110,Mon Mar 09 15:34:06 IST 2015,PASS,Tax now settings updated successfully
AccountingSeed_EntityUseCode,TESTCASE110,Mon Mar 09 15:34:58 IST 2015,PASS,After clicking on menu Accounts Respective page opened successfully
AccountingSeed_EntityUseCode,TESTCASE110,Mon Mar 09 15:35:25 IST 2015,PASS,Opportunities created successfully
AccountingSeed_EntityUseCode,TESTCASE110,Mon Mar 09 15:35:35 IST 2015,PASS,After clicking on menu Opportunities Respective page opened successfully
AccountingSeed_EntityUseCode,TESTCASE110,Mon Mar 09 15:38:04 IST 2015,FAIL,fCalculateSalesTax: Exception: org.openqa.selenium.NoSuchElementException: Unable to locate element: {"method":"xpath","selector":"//tr[3]/td[4]/div"}
Command duration or timeout: 60.13 seconds
For documentation on this error, please visit: http://seleniumhq.org/exceptions/no_such_element.html
Build info: version: '2.40.0', revision: 'fbe29a9', time: '2014-02-19 20:55:11'
System info: host: 'Av-Pn-KhareA', ip: '10.240.20.105', os.name: 'Windows 7', os.arch: 'x86', os.version: '6.1', java.version: '1.6.0_45'
Session ID: 3df29f61-b376-4533-acf4-1184ffbbb8ab
Driver info: org.openqa.selenium.firefox.FirefoxDriver
Capabilities [{platform=XP, acceptSslCerts=true, javascriptEnabled=true, browserName=firefox, rotatable=false, locationContextEnabled=true, version=12.0, cssSelectorsEnabled=true, databaseEnabled=true, handlesAlerts=true, browserConnectionEnabled=true, nativeEvents=false, webStorageEnabled=true, applicationCacheEnabled=true, takesScreenshot=true}]
AccountingSeed_EntityUseCode,AccountingSeed_EntityUseCode,Mon Mar 09 15:38:04 IST 2015,PASS,Script Ended.
AccountingSeed_EntityUseCode,AccountingSeed_EntityUseCode,Mon Mar 09 15:52:04 IST 2015,PASS,Logging into AccountingSeed application is successful.
AccountingSeed_EntityUseCode,TESTCASE110,Mon Mar 09 15:52:04 IST 2015,PASS,Tax Calculation for Test case: TestCase110 Started.
AccountingSeed_EntityUseCode,TESTCASE110,Mon Mar 09 15:52:36 IST 2015,PASS,After clicking on menu AvaTax Settings Respective page opened successfully
AccountingSeed_EntityUseCode,TESTCASE110,Mon Mar 09 15:52:59 IST 2015,PASS,Tax now settings updated successfully
AccountingSeed_EntityUseCode,TESTCASE110,Mon Mar 09 15:53:49 IST 2015,PASS,After clicking on menu Accounts Respective page opened successfully
AccountingSeed_EntityUseCode,TESTCASE110,Mon Mar 09 15:54:15 IST 2015,PASS,Opportunities created successfully
AccountingSeed_EntityUseCode,TESTCASE110,Mon Mar 09 15:54:25 IST 2015,PASS,After clicking on menu Opportunities Respective page opened successfully
AccountingSeed_EntityUseCode,TESTCASE110,Mon Mar 09 15:56:54 IST 2015,FAIL,fCalculateSalesTax: Exception: org.openqa.selenium.NoSuchElementException: Unable to locate element: {"method":"xpath","selector":"//tr[3]/td[4]/div"}
Command duration or timeout: 60.09 seconds
For documentation on this error, please visit: http://seleniumhq.org/exceptions/no_such_element.html
Build info: version: '2.40.0', revision: 'fbe29a9', time: '2014-02-19 20:55:11'
System info: host: 'Av-Pn-KhareA', ip: '10.240.20.105', os.name: 'Windows 7', os.arch: 'x86', os.version: '6.1', java.version: '1.6.0_45'
Session ID: 87fd7fea-1fc2-4079-899c-cd403abac4ad
Driver info: org.openqa.selenium.firefox.FirefoxDriver
Capabilities [{platform=XP, acceptSslCerts=true, javascriptEnabled=true, browserName=firefox, rotatable=false, locationContextEnabled=true, version=12.0, cssSelectorsEnabled=true, databaseEnabled=true, handlesAlerts=true, browserConnectionEnabled=true, nativeEvents=false, webStorageEnabled=true, applicationCacheEnabled=true, takesScreenshot=true}]
AccountingSeed_EntityUseCode,AccountingSeed_EntityUseCode,Mon Mar 09 15:56:54 IST 2015,PASS,Script Ended.
AccountingSeed_EntityUseCode,AccountingSeed_EntityUseCode,Mon Mar 09 16:00:59 IST 2015,PASS,Logging into AccountingSeed application is successful.
AccountingSeed_EntityUseCode,TESTCASE110,Mon Mar 09 16:00:59 IST 2015,PASS,Tax Calculation for Test case: TestCase110 Started.
AccountingSeed_EntityUseCode,TESTCASE110,Mon Mar 09 16:01:31 IST 2015,PASS,After clicking on menu AvaTax Settings Respective page opened successfully
AccountingSeed_EntityUseCode,TESTCASE110,Mon Mar 09 16:01:54 IST 2015,PASS,Tax now settings updated successfully
AccountingSeed_EntityUseCode,TESTCASE110,Mon Mar 09 16:02:45 IST 2015,PASS,After clicking on menu Accounts Respective page opened successfully
AccountingSeed_EntityUseCode,TESTCASE110,Mon Mar 09 16:03:12 IST 2015,PASS,Opportunities created successfully
AccountingSeed_EntityUseCode,TESTCASE110,Mon Mar 09 16:03:22 IST 2015,PASS,After clicking on menu Opportunities Respective page opened successfully
AccountingSeed_EntityUseCode,TESTCASE110,Mon Mar 09 16:04:51 IST 2015,PASS,'Total Sales Tax' 0.00 verified successfully for Test case TestCase110 on Opportunities Window.
AccountingSeed_EntityUseCode,TESTCASE110,Mon Mar 09 16:05:55 IST 2015,PASS,After clicking on menu Create Billing Respective page opened successfully
AccountingSeed_EntityUseCode,TESTCASE110,Mon Mar 09 16:06:17 IST 2015,PASS,'Total Sales Tax' 0.00 verified successfully for Test case TestCase110 on Billing Window.
AccountingSeed_EntityUseCode,TESTCASE110,Mon Mar 09 16:06:51 IST 2015,PASS,'Total Sales Tax' 0.00 verified successfully for Test case TestCase110 on Commit Billing Window.
AccountingSeed_EntityUseCode,TESTCASE110,Mon Mar 09 16:07:01 IST 2015,PASS,Tax Calculation for Test case: TestCase110 Ended.
AccountingSeed_EntityUseCode,AccountingSeed_EntityUseCode,Mon Mar 09 16:07:01 IST 2015,PASS,Script Ended.
AccountingSeed_ErrorMessageDisplayed,AccountingSeed_ErrorMessageDisplayed,Mon Mar 09 16:25:41 IST 2015,PASS,Logging into AccountingSeed application is successful.
AccountingSeed_ErrorMessageDisplayed,TESTCASE80,Mon Mar 09 16:25:41 IST 2015,PASS,Tax Calculation for Test case: TestCase80 Started.
AccountingSeed_ErrorMessageDisplayed,TESTCASE80,Mon Mar 09 16:26:14 IST 2015,PASS,After clicking on menu AvaTax Settings Respective page opened successfully
AccountingSeed_ErrorMessageDisplayed,TESTCASE80,Mon Mar 09 16:26:38 IST 2015,PASS,Tax now settings updated successfully
AccountingSeed_ErrorMessageDisplayed,TESTCASE80,Mon Mar 09 16:27:29 IST 2015,PASS,After clicking on menu Accounts Respective page opened successfully
AccountingSeed_ErrorMessageDisplayed,TESTCASE80,Mon Mar 09 16:27:57 IST 2015,PASS,Opportunities created successfully
AccountingSeed_ErrorMessageDisplayed,TESTCASE80,Mon Mar 09 16:28:07 IST 2015,PASS,After clicking on menu Opportunities Respective page opened successfully
AccountingSeed_ErrorMessageDisplayed,TESTCASE80,Mon Mar 09 16:29:55 IST 2015,PASS,Error message appeared as CountryError Unknown country name or code (45) 45 is not a known country name or code.
AccountingSeed_ErrorMessageDisplayed,TESTCASE80,Mon Mar 09 16:30:59 IST 2015,PASS,After clicking on menu Create Billing Respective page opened successfully
AccountingSeed_ErrorMessageDisplayed,TESTCASE80,Mon Mar 09 16:31:40 IST 2015,PASS,Error message appeared as JurisdictionNotFoundError Unable to determine the taxing jurisdictions. 900432 Winslow Way, Bainbridge Island, WA 453543 US (Destination)
AccountingSeed_ErrorMessageDisplayed,TESTCASE80,Mon Mar 09 16:32:30 IST 2015,PASS,Error message appeared as JurisdictionNotFoundError Unable to determine the taxing jurisdictions. 900432 Winslow Way, Bainbridge Island, WA 453543 US (Destination)
AccountingSeed_ErrorMessageDisplayed,TESTCASE80,Mon Mar 09 16:32:40 IST 2015,PASS,Tax Calculation for Test case: TestCase80 Ended.
AccountingSeed_ErrorMessageDisplayed,TESTCASE81,Mon Mar 09 16:32:40 IST 2015,PASS,Tax Calculation for Test case: TestCase81 Started.
AccountingSeed_ErrorMessageDisplayed,TESTCASE81,Mon Mar 09 16:33:12 IST 2015,PASS,After clicking on menu AvaTax Settings Respective page opened successfully
AccountingSeed_ErrorMessageDisplayed,TESTCASE81,Mon Mar 09 16:33:36 IST 2015,PASS,Tax now settings updated successfully
AccountingSeed_ErrorMessageDisplayed,TESTCASE81,Mon Mar 09 16:34:26 IST 2015,PASS,After clicking on menu Accounts Respective page opened successfully
AccountingSeed_ErrorMessageDisplayed,TESTCASE81,Mon Mar 09 16:34:53 IST 2015,PASS,Opportunities created successfully
AccountingSeed_ErrorMessageDisplayed,TESTCASE81,Mon Mar 09 16:35:03 IST 2015,PASS,After clicking on menu Opportunities Respective page opened successfully
AccountingSeed_ErrorMessageDisplayed,TESTCASE81,Mon Mar 09 16:36:50 IST 2015,PASS,Error message appeared as TaxAddressError An Address is incomplete or invalid.
AccountingSeed_ErrorMessageDisplayed,TESTCASE81,Mon Mar 09 16:37:53 IST 2015,PASS,After clicking on menu Create Billing Respective page opened successfully
AccountingSeed_ErrorMessageDisplayed,TESTCASE81,Mon Mar 09 16:38:33 IST 2015,PASS,Error message appeared as TaxAddressError An Address is incomplete or invalid.
AccountingSeed_ErrorMessageDisplayed,TESTCASE81,Mon Mar 09 16:39:25 IST 2015,PASS,Error message appeared as TaxAddressError An Address is incomplete or invalid.
AccountingSeed_ErrorMessageDisplayed,TESTCASE81,Mon Mar 09 16:39:35 IST 2015,PASS,Tax Calculation for Test case: TestCase81 Ended.
AccountingSeed_ErrorMessageDisplayed,AccountingSeed_ErrorMessageDisplayed,Mon Mar 09 16:39:35 IST 2015,PASS,Script Ended.
AccountingSeed_TaxCode,AccountingSeed_TaxCode,Mon Mar 09 17:08:10 IST 2015,PASS,Logging into AccountingSeed application is successful.
AccountingSeed_TaxCode,TESTCASE42,Mon Mar 09 17:08:10 IST 2015,PASS,Tax Calculation for Test case: TestCase42 Started.
AccountingSeed_TaxCode,TESTCASE42,Mon Mar 09 17:08:44 IST 2015,PASS,After clicking on menu AvaTax Settings Respective page opened successfully
AccountingSeed_TaxCode,TESTCASE42,Mon Mar 09 17:09:09 IST 2015,PASS,Tax now settings updated successfully
AccountingSeed_TaxCode,TESTCASE42,Mon Mar 09 17:09:58 IST 2015,PASS,After clicking on menu Accounts Respective page opened successfully
AccountingSeed_TaxCode,TESTCASE42,Mon Mar 09 17:10:29 IST 2015,PASS,Opportunities created successfully
AccountingSeed_TaxCode,TESTCASE42,Mon Mar 09 17:10:39 IST 2015,PASS,After clicking on menu Opportunities Respective page opened successfully
AccountingSeed_TaxCode,TESTCASE42,Mon Mar 09 17:14:11 IST 2015,FAIL,fCalculateSalesTax: Exception: org.openqa.selenium.NoSuchElementException: Unable to locate element: {"method":"xpath","selector":"//tr[3]/td[4]/div"}
Command duration or timeout: 60.05 seconds
For documentation on this error, please visit: http://seleniumhq.org/exceptions/no_such_element.html
Build info: version: '2.40.0', revision: 'fbe29a9', time: '2014-02-19 20:55:11'
System info: host: 'Av-Pn-KhareA', ip: '10.240.20.105', os.name: 'Windows 7', os.arch: 'x86', os.version: '6.1', java.version: '1.6.0_45'
Session ID: ec7e9683-bce9-4d5f-b1a5-1f5160897596
Driver info: org.openqa.selenium.firefox.FirefoxDriver
Capabilities [{platform=XP, acceptSslCerts=true, javascriptEnabled=true, browserName=firefox, rotatable=false, locationContextEnabled=true, version=12.0, cssSelectorsEnabled=true, databaseEnabled=true, handlesAlerts=true, browserConnectionEnabled=true, nativeEvents=false, webStorageEnabled=true, applicationCacheEnabled=true, takesScreenshot=true}]
AccountingSeed_TaxCode,AccountingSeed_TaxCode,Mon Mar 09 17:14:11 IST 2015,PASS,Script Ended.
AccountingSeed_TaxCode,AccountingSeed_TaxCode,Mon Mar 09 17:20:15 IST 2015,FAIL,Logging into AccountingSeed application is Failed.
AccountingSeed_TaxCode,TESTCASE40,Mon Mar 09 17:20:15 IST 2015,PASS,Tax Calculation for Test case: TestCase40 Started.
AccountingSeed_TaxCode,TESTCASE40,Mon Mar 09 17:20:26 IST 2015,FAIL,fMenuSelection: Exception: org.openqa.selenium.NoSuchElementException: Unable to locate element: {"method":"link text","selector":"AvaTax Settings"}
Command duration or timeout: 27 milliseconds
For documentation on this error, please visit: http://seleniumhq.org/exceptions/no_such_element.html
Build info: version: '2.40.0', revision: 'fbe29a9', time: '2014-02-19 20:55:11'
System info: host: 'Av-Pn-KhareA', ip: '10.240.20.105', os.name: 'Windows 7', os.arch: 'x86', os.version: '6.1', java.version: '1.6.0_45'
Session ID: 70869ae7-ac9a-407c-a60d-f2342aa56027
Driver info: org.openqa.selenium.firefox.FirefoxDriver
Capabilities [{platform=XP, acceptSslCerts=true, javascriptEnabled=true, browserName=firefox, rotatable=false, locationContextEnabled=true, version=12.0, cssSelectorsEnabled=true, databaseEnabled=true, handlesAlerts=true, browserConnectionEnabled=true, nativeEvents=false, webStorageEnabled=true, applicationCacheEnabled=true, takesScreenshot=true}]
AccountingSeed_TaxCode,TESTCASE41,Mon Mar 09 17:20:26 IST 2015,PASS,Tax Calculation for Test case: TestCase41 Started.
AccountingSeed_TaxCode,TESTCASE41,Mon Mar 09 17:21:00 IST 2015,PASS,After clicking on menu AvaTax Settings Respective page opened successfully
AccountingSeed_TaxCode,TESTCASE41,Mon Mar 09 17:21:24 IST 2015,PASS,Tax now settings updated successfully
AccountingSeed_TaxCode,TESTCASE41,Mon Mar 09 17:22:12 IST 2015,PASS,After clicking on menu Accounts Respective page opened successfully
AccountingSeed_TaxCode,TESTCASE41,Mon Mar 09 17:22:40 IST 2015,PASS,Opportunities created successfully
AccountingSeed_TaxCode,TESTCASE41,Mon Mar 09 17:22:50 IST 2015,PASS,After clicking on menu Opportunities Respective page opened successfully
AccountingSeed_TaxCode,TESTCASE41,Mon Mar 09 17:26:28 IST 2015,FAIL,fCalculateSalesTax: Exception: org.openqa.selenium.NoSuchElementException: Unable to locate element: {"method":"xpath","selector":"//tr[3]/td[4]/div"}
Command duration or timeout: 60.10 seconds
For documentation on this error, please visit: http://seleniumhq.org/exceptions/no_such_element.html
Build info: version: '2.40.0', revision: 'fbe29a9', time: '2014-02-19 20:55:11'
System info: host: 'Av-Pn-KhareA', ip: '10.240.20.105', os.name: 'Windows 7', os.arch: 'x86', os.version: '6.1', java.version: '1.6.0_45'
Session ID: 70869ae7-ac9a-407c-a60d-f2342aa56027
Driver info: org.openqa.selenium.firefox.FirefoxDriver
Capabilities [{platform=XP, acceptSslCerts=true, javascriptEnabled=true, browserName=firefox, rotatable=false, locationContextEnabled=true, version=12.0, cssSelectorsEnabled=true, databaseEnabled=true, handlesAlerts=true, browserConnectionEnabled=true, nativeEvents=false, webStorageEnabled=true, applicationCacheEnabled=true, takesScreenshot=true}]
AccountingSeed_TaxCode,TESTCASE42,Mon Mar 09 17:26:28 IST 2015,PASS,Tax Calculation for Test case: TestCase42 Started.
AccountingSeed_TaxCode,TESTCASE42,Mon Mar 09 17:26:59 IST 2015,PASS,After clicking on menu AvaTax Settings Respective page opened successfully
AccountingSeed_TaxCode,TESTCASE42,Mon Mar 09 17:27:25 IST 2015,PASS,Tax now settings updated successfully
AccountingSeed_TaxCode,TESTCASE42,Mon Mar 09 17:28:14 IST 2015,PASS,After clicking on menu Accounts Respective page opened successfully
AccountingSeed_TaxCode,TESTCASE42,Mon Mar 09 17:28:41 IST 2015,PASS,Opportunities created successfully
AccountingSeed_TaxCode,TESTCASE42,Mon Mar 09 17:28:51 IST 2015,PASS,After clicking on menu Opportunities Respective page opened successfully
AccountingSeed_TaxCode,TESTCASE42,Mon Mar 09 17:32:24 IST 2015,FAIL,fCalculateSalesTax: Exception: org.openqa.selenium.NoSuchElementException: Unable to locate element: {"method":"xpath","selector":"//tr[3]/td[4]/div"}
Command duration or timeout: 60.13 seconds
For documentation on this error, please visit: http://seleniumhq.org/exceptions/no_such_element.html
Build info: version: '2.40.0', revision: 'fbe29a9', time: '2014-02-19 20:55:11'
System info: host: 'Av-Pn-KhareA', ip: '10.240.20.105', os.name: 'Windows 7', os.arch: 'x86', os.version: '6.1', java.version: '1.6.0_45'
Session ID: 70869ae7-ac9a-407c-a60d-f2342aa56027
Driver info: org.openqa.selenium.firefox.FirefoxDriver
Capabilities [{platform=XP, acceptSslCerts=true, javascriptEnabled=true, browserName=firefox, rotatable=false, locationContextEnabled=true, version=12.0, cssSelectorsEnabled=true, databaseEnabled=true, handlesAlerts=true, browserConnectionEnabled=true, nativeEvents=false, webStorageEnabled=true, applicationCacheEnabled=true, takesScreenshot=true}]
AccountingSeed_TaxCode,AccountingSeed_TaxCode,Mon Mar 09 17:32:24 IST 2015,PASS,Script Ended.
AccountingSeed_TaxCode,AccountingSeed_TaxCode,Mon Mar 09 17:35:52 IST 2015,PASS,Logging into AccountingSeed application is successful.
AccountingSeed_TaxCode,TESTCASE41,Mon Mar 09 17:35:52 IST 2015,PASS,Tax Calculation for Test case: TestCase41 Started.
AccountingSeed_TaxCode,TESTCASE41,Mon Mar 09 17:36:25 IST 2015,PASS,After clicking on menu AvaTax Settings Respective page opened successfully
AccountingSeed_TaxCode,TESTCASE41,Mon Mar 09 17:36:48 IST 2015,PASS,Tax now settings updated successfully
AccountingSeed_TaxCode,TESTCASE41,Mon Mar 09 17:37:36 IST 2015,PASS,After clicking on menu Accounts Respective page opened successfully
AccountingSeed_TaxCode,TESTCASE41,Mon Mar 09 17:38:02 IST 2015,PASS,Opportunities created successfully
AccountingSeed_TaxCode,TESTCASE41,Mon Mar 09 17:38:12 IST 2015,PASS,After clicking on menu Opportunities Respective page opened successfully
AccountingSeed_TaxCode,AccountingSeed_TaxCode,Mon Mar 09 18:32:34 IST 2015,PASS,Logging into AccountingSeed application is successful.
AccountingSeed_TaxCode,TESTCASE41,Mon Mar 09 18:32:34 IST 2015,PASS,Tax Calculation for Test case: TestCase41 Started.
AccountingSeed_TaxCode,TESTCASE41,Mon Mar 09 18:33:08 IST 2015,PASS,After clicking on menu AvaTax Settings Respective page opened successfully
AccountingSeed_TaxCode,TESTCASE41,Mon Mar 09 18:33:32 IST 2015,PASS,Tax now settings updated successfully
AccountingSeed_TaxCode,TESTCASE41,Mon Mar 09 18:34:21 IST 2015,PASS,After clicking on menu Accounts Respective page opened successfully
AccountingSeed_TaxCode,TESTCASE41,Mon Mar 09 18:34:48 IST 2015,PASS,Opportunities created successfully
AccountingSeed_TaxCode,TESTCASE41,Mon Mar 09 18:34:58 IST 2015,PASS,After clicking on menu Opportunities Respective page opened successfully
AccountingSeed_TaxCode,TESTCASE41,Mon Mar 09 18:36:41 IST 2015,FAIL,Products Creation failed org.openqa.selenium.NoSuchElementException: Unable to locate element: {"method":"xpath","selector":"//tr[9]/td/input"}
Command duration or timeout: 60.05 seconds
For documentation on this error, please visit: http://seleniumhq.org/exceptions/no_such_element.html
Build info: version: '2.40.0', revision: 'fbe29a9', time: '2014-02-19 20:55:11'
System info: host: 'Av-Pn-KhareA', ip: '10.240.20.105', os.name: 'Windows 7', os.arch: 'x86', os.version: '6.1', java.version: '1.6.0_45'
Session ID: 9345be39-1563-460a-9dfc-2a38aa0d2bfc
Driver info: org.openqa.selenium.firefox.FirefoxDriver
Capabilities [{platform=XP, acceptSslCerts=true, javascriptEnabled=true, browserName=firefox, rotatable=false, locationContextEnabled=true, version=12.0, cssSelectorsEnabled=true, databaseEnabled=true, handlesAlerts=true, browserConnectionEnabled=true, nativeEvents=false, webStorageEnabled=true, applicationCacheEnabled=true, takesScreenshot=true}]
AccountingSeed_TaxCode,TESTCASE42,Mon Mar 09 18:36:41 IST 2015,PASS,Tax Calculation for Test case: TestCase42 Started.
AccountingSeed_TaxCode,AccountingSeed_TaxCode,Mon Mar 09 18:37:43 IST 2015,PASS,Logging into AccountingSeed application is successful.
AccountingSeed_TaxCode,TESTCASE41,Mon Mar 09 18:37:43 IST 2015,PASS,Tax Calculation for Test case: TestCase41 Started.
AccountingSeed_TaxCode,TESTCASE41,Mon Mar 09 18:38:17 IST 2015,PASS,After clicking on menu AvaTax Settings Respective page opened successfully
AccountingSeed_TaxCode,TESTCASE41,Mon Mar 09 18:38:41 IST 2015,PASS,Tax now settings updated successfully
AccountingSeed_TaxCode,TESTCASE41,Mon Mar 09 18:39:31 IST 2015,PASS,After clicking on menu Accounts Respective page opened successfully
AccountingSeed_TaxCode,TESTCASE41,Mon Mar 09 18:40:00 IST 2015,PASS,Opportunities created successfully
AccountingSeed_TaxCode,TESTCASE41,Mon Mar 09 18:40:10 IST 2015,PASS,After clicking on menu Opportunities Respective page opened successfully
AccountingSeed_TaxCalc,AccountingSeed_TaxCalc,Mon Mar 09 18:48:16 IST 2015,FAIL,Logging into AccountingSeed application is Failed.
AccountingSeed_TaxCalc,TESTCASE1,Mon Mar 09 18:48:16 IST 2015,PASS,Tax Calculation for Test case: TestCase1 Started.
AccountingSeed_TaxCalc,TESTCASE1,Mon Mar 09 18:48:50 IST 2015,PASS,After clicking on menu AvaTax Settings Respective page opened successfully
AccountingSeed_TaxCalc,TESTCASE1,Mon Mar 09 18:49:14 IST 2015,PASS,Tax now settings updated successfully
AccountingSeed_TaxCalc,TESTCASE1,Mon Mar 09 18:50:03 IST 2015,PASS,After clicking on menu Accounts Respective page opened successfully
AccountingSeed_TaxCalc,TESTCASE1,Mon Mar 09 18:50:31 IST 2015,PASS,Opportunities created successfully
AccountingSeed_TaxCalc,TESTCASE1,Mon Mar 09 18:50:41 IST 2015,PASS,After clicking on menu Opportunities Respective page opened successfully
AccountingSeed_TaxCalc,TESTCASE1,Mon Mar 09 18:52:25 IST 2015,FAIL,Products Creation failed org.openqa.selenium.NoSuchElementException: Unable to locate element: {"method":"xpath","selector":"//tr[9]/td/input"}
Command duration or timeout: 60.11 seconds
For documentation on this error, please visit: http://seleniumhq.org/exceptions/no_such_element.html
Build info: version: '2.40.0', revision: 'fbe29a9', time: '2014-02-19 20:55:11'
System info: host: 'Av-Pn-KhareA', ip: '10.240.20.105', os.name: 'Windows 7', os.arch: 'x86', os.version: '6.1', java.version: '1.6.0_45'
Session ID: 1f4c3729-40ab-41c2-bee6-04b2cecc7138
Driver info: org.openqa.selenium.firefox.FirefoxDriver
Capabilities [{platform=XP, acceptSslCerts=true, javascriptEnabled=true, browserName=firefox, rotatable=false, locationContextEnabled=true, version=12.0, cssSelectorsEnabled=true, databaseEnabled=true, handlesAlerts=true, browserConnectionEnabled=true, nativeEvents=false, webStorageEnabled=true, applicationCacheEnabled=true, takesScreenshot=true}]
AccountingSeed_TaxCalc,TESTCASE2,Mon Mar 09 18:52:25 IST 2015,PASS,Tax Calculation for Test case: TestCase2 Started.
AccountingSeed_TaxCalc,TESTCASE2,Mon Mar 09 18:52:57 IST 2015,PASS,After clicking on menu AvaTax Settings Respective page opened successfully
AccountingSeed_TaxCalc,TESTCASE2,Mon Mar 09 18:53:22 IST 2015,PASS,Tax now settings updated successfully
AccountingSeed_TaxCalc,TESTCASE2,Mon Mar 09 18:54:13 IST 2015,PASS,After clicking on menu Accounts Respective page opened successfully
AccountingSeed_TaxCalc,TESTCASE2,Mon Mar 09 18:54:40 IST 2015,PASS,Opportunities created successfully
AccountingSeed_TaxCalc,TESTCASE2,Mon Mar 09 18:54:50 IST 2015,PASS,After clicking on menu Opportunities Respective page opened successfully
AccountingSeed_TaxCalc,TESTCASE2,Mon Mar 09 18:56:34 IST 2015,FAIL,Products Creation failed org.openqa.selenium.NoSuchElementException: Unable to locate element: {"method":"xpath","selector":"//tr[9]/td/input"}
Command duration or timeout: 60.11 seconds
For documentation on this error, please visit: http://seleniumhq.org/exceptions/no_such_element.html
Build info: version: '2.40.0', revision: 'fbe29a9', time: '2014-02-19 20:55:11'
System info: host: 'Av-Pn-KhareA', ip: '10.240.20.105', os.name: 'Windows 7', os.arch: 'x86', os.version: '6.1', java.version: '1.6.0_45'
Session ID: 1f4c3729-40ab-41c2-bee6-04b2cecc7138
Driver info: org.openqa.selenium.firefox.FirefoxDriver
Capabilities [{platform=XP, acceptSslCerts=true, javascriptEnabled=true, browserName=firefox, rotatable=false, locationContextEnabled=true, version=12.0, cssSelectorsEnabled=true, databaseEnabled=true, handlesAlerts=true, browserConnectionEnabled=true, nativeEvents=false, webStorageEnabled=true, applicationCacheEnabled=true, takesScreenshot=true}]
AccountingSeed_TaxCalc,AccountingSeed_TaxCalc,Mon Mar 09 18:56:34 IST 2015,PASS,Script Ended.
AccountingSeed_TaxCalc,AccountingSeed_TaxCalc,Tue Mar 10 10:30:20 IST 2015,FAIL,Logging into AccountingSeed application is Failed.
AccountingSeed_TaxCalc,TESTCASE1,Tue Mar 10 10:30:20 IST 2015,PASS,Tax Calculation for Test case: TestCase1 Started.
AccountingSeed_TaxCalc,TESTCASE1,Tue Mar 10 10:31:07 IST 2015,PASS,After clicking on menu AvaTax Settings Respective page opened successfully
AccountingSeed_TaxCalc,TESTCASE1,Tue Mar 10 10:31:44 IST 2015,PASS,Tax now settings updated successfully
AccountingSeed_TaxCalc,TESTCASE1,Tue Mar 10 10:32:57 IST 2015,PASS,After clicking on menu Accounts Respective page opened successfully
AccountingSeed_TaxCalc,TESTCASE1,Tue Mar 10 10:33:41 IST 2015,PASS,Opportunities created successfully
AccountingSeed_TaxCalc,TESTCASE1,Tue Mar 10 10:33:51 IST 2015,PASS,After clicking on menu Opportunities Respective page opened successfully
AccountingSeed_TaxCalc,TESTCASE1,Tue Mar 10 10:37:44 IST 2015,FAIL,'Total Sales Tax' 60.00 NOT verified successfully for Test caseTestCase1 on Opportunities Window.Expected Tax :- 60.00 and Actual Tax:- 50940.00
AccountingSeed_TaxCalc,TESTCASE2,Tue Mar 10 10:37:44 IST 2015,PASS,Tax Calculation for Test case: TestCase2 Started.
AccountingSeed_TaxCode,AccountingSeed_TaxCode,Tue Mar 10 11:33:59 IST 2015,FAIL,Logging into AccountingSeed application is Failed.
AccountingSeed_TaxCode,TESTCASE40,Tue Mar 10 11:33:59 IST 2015,PASS,Tax Calculation for Test case: TestCase40 Started.
AccountingSeed_TaxCode,TESTCASE40,Tue Mar 10 11:34:35 IST 2015,PASS,After clicking on menu AvaTax Settings Respective page opened successfully
AccountingSeed_TaxCode,TESTCASE40,Tue Mar 10 11:34:59 IST 2015,PASS,Tax now settings updated successfully
AccountingSeed_TaxCode,TESTCASE40,Tue Mar 10 11:35:50 IST 2015,PASS,After clicking on menu Accounts Respective page opened successfully
AccountingSeed_TaxCode,TESTCASE40,Tue Mar 10 11:36:19 IST 2015,PASS,Opportunities created successfully
AccountingSeed_TaxCode,TESTCASE40,Tue Mar 10 11:36:29 IST 2015,PASS,After clicking on menu Opportunities Respective page opened successfully
AccountingSeed_TaxCode,TESTCASE40,Tue Mar 10 11:37:58 IST 2015,FAIL,'Total Sales Tax' 41.00 NOT verified successfully for Test caseTestCase40 on Opportunities Window.Expected Tax :- 41.00 and Actual Tax:- 87.00
AccountingSeed_TaxCode,AccountingSeed_TaxCode,Tue Mar 10 11:37:58 IST 2015,PASS,Script Ended.
AccountingSeed_TaxCode,AccountingSeed_TaxCode,Tue Mar 10 11:47:57 IST 2015,FAIL,Logging into AccountingSeed application is Failed.
AccountingSeed_TaxCode,TESTCASE40,Tue Mar 10 11:47:57 IST 2015,PASS,Tax Calculation for Test case: TestCase40 Started.
AccountingSeed_TaxCode,TESTCASE40,Tue Mar 10 11:48:07 IST 2015,FAIL,fMenuSelection: Exception: org.openqa.selenium.NoSuchElementException: Unable to locate element: {"method":"link text","selector":"AvaTax Settings"}
Command duration or timeout: 54 milliseconds
For documentation on this error, please visit: http://seleniumhq.org/exceptions/no_such_element.html
Build info: version: '2.40.0', revision: 'fbe29a9', time: '2014-02-19 20:55:11'
System info: host: 'Av-Pn-KhareA', ip: '10.240.20.97', os.name: 'Windows 7', os.arch: 'x86', os.version: '6.1', java.version: '1.6.0_45'
Session ID: 3388294b-192c-44c6-b160-33ac8feead12
Driver info: org.openqa.selenium.firefox.FirefoxDriver
Capabilities [{platform=XP, acceptSslCerts=true, javascriptEnabled=true, browserName=firefox, rotatable=false, locationContextEnabled=true, version=12.0, cssSelectorsEnabled=true, databaseEnabled=true, handlesAlerts=true, browserConnectionEnabled=true, nativeEvents=false, webStorageEnabled=true, applicationCacheEnabled=true, takesScreenshot=true}]
AccountingSeed_TaxCode,AccountingSeed_TaxCode,Tue Mar 10 11:48:07 IST 2015,PASS,Script Ended.
AccountingSeed_TaxCode,AccountingSeed_TaxCode,Tue Mar 10 11:50:53 IST 2015,PASS,Logging into AccountingSeed application is successful.
AccountingSeed_TaxCode,TESTCASE40,Tue Mar 10 11:50:53 IST 2015,PASS,Tax Calculation for Test case: TestCase40 Started.
AccountingSeed_TaxCode,TESTCASE40,Tue Mar 10 11:51:26 IST 2015,PASS,After clicking on menu AvaTax Settings Respective page opened successfully
AccountingSeed_TaxCode,TESTCASE40,Tue Mar 10 11:51:50 IST 2015,PASS,Tax now settings updated successfully
AccountingSeed_TaxCode,TESTCASE40,Tue Mar 10 11:52:40 IST 2015,PASS,After clicking on menu Accounts Respective page opened successfully
AccountingSeed_TaxCode,TESTCASE40,Tue Mar 10 11:53:08 IST 2015,PASS,Opportunities created successfully
AccountingSeed_TaxCode,TESTCASE40,Tue Mar 10 11:53:18 IST 2015,PASS,After clicking on menu Opportunities Respective page opened successfully
AccountingSeed_TaxCode,AccountingSeed_TaxCode,Tue Mar 10 11:55:39 IST 2015,PASS,Logging into AccountingSeed application is successful.
AccountingSeed_TaxCode,TESTCASE40,Tue Mar 10 11:55:39 IST 2015,PASS,Tax Calculation for Test case: TestCase40 Started.
AccountingSeed_TaxCode,TESTCASE40,Tue Mar 10 11:56:12 IST 2015,PASS,After clicking on menu AvaTax Settings Respective page opened successfully
AccountingSeed_TaxCode,TESTCASE40,Tue Mar 10 11:56:36 IST 2015,PASS,Tax now settings updated successfully
AccountingSeed_TaxCode,TESTCASE40,Tue Mar 10 11:57:25 IST 2015,PASS,After clicking on menu Accounts Respective page opened successfully
AccountingSeed_TaxCode,TESTCASE40,Tue Mar 10 11:57:53 IST 2015,PASS,Opportunities created successfully
AccountingSeed_TaxCode,TESTCASE40,Tue Mar 10 11:58:03 IST 2015,PASS,After clicking on menu Opportunities Respective page opened successfully
AccountingSeed_TaxCode,TESTCASE40,Tue Mar 10 12:01:01 IST 2015,FAIL,'Total Sales Tax' 41.00 NOT verified successfully for Test caseTestCase40 on Opportunities Window.Expected Tax :- 41.00 and Actual Tax:- 42.00
AccountingSeed_TaxCode,AccountingSeed_TaxCode,Tue Mar 10 12:19:20 IST 2015,FAIL,Logging into AccountingSeed application is Failed.
AccountingSeed_TaxCode,TESTCASE40,Tue Mar 10 12:19:20 IST 2015,PASS,Tax Calculation for Test case: TestCase40 Started.
AccountingSeed_TaxCode,TESTCASE40,Tue Mar 10 12:19:30 IST 2015,FAIL,fMenuSelection: Exception: org.openqa.selenium.NoSuchElementException: Unable to locate element: {"method":"link text","selector":"AvaTax Settings"}
Command duration or timeout: 28 milliseconds
For documentation on this error, please visit: http://seleniumhq.org/exceptions/no_such_element.html
Build info: version: '2.40.0', revision: 'fbe29a9', time: '2014-02-19 20:55:11'
System info: host: 'Av-Pn-KhareA', ip: '10.240.20.97', os.name: 'Windows 7', os.arch: 'x86', os.version: '6.1', java.version: '1.6.0_45'
Session ID: 593093f0-a13a-4a8c-b84e-007fbf7085dd
Driver info: org.openqa.selenium.firefox.FirefoxDriver
Capabilities [{platform=XP, acceptSslCerts=true, javascriptEnabled=true, browserName=firefox, rotatable=false, locationContextEnabled=true, version=12.0, cssSelectorsEnabled=true, databaseEnabled=true, handlesAlerts=true, browserConnectionEnabled=true, nativeEvents=false, webStorageEnabled=true, applicationCacheEnabled=true, takesScreenshot=true}]
AccountingSeed_TaxCode,AccountingSeed_TaxCode,Tue Mar 10 12:19:30 IST 2015,PASS,Script Ended.
AccountingSeed_TaxCode,AccountingSeed_TaxCode,Tue Mar 10 12:22:03 IST 2015,PASS,Logging into AccountingSeed application is successful.
AccountingSeed_TaxCode,TESTCASE40,Tue Mar 10 12:22:03 IST 2015,PASS,Tax Calculation for Test case: TestCase40 Started.
AccountingSeed_TaxCode,TESTCASE40,Tue Mar 10 12:22:36 IST 2015,PASS,After clicking on menu AvaTax Settings Respective page opened successfully
AccountingSeed_TaxCode,TESTCASE40,Tue Mar 10 12:23:02 IST 2015,PASS,Tax now settings updated successfully
AccountingSeed_TaxCode,TESTCASE40,Tue Mar 10 12:23:52 IST 2015,PASS,After clicking on menu Accounts Respective page opened successfully
AccountingSeed_TaxCode,TESTCASE40,Tue Mar 10 12:24:21 IST 2015,PASS,Opportunities created successfully
AccountingSeed_TaxCode,TESTCASE40,Tue Mar 10 12:24:31 IST 2015,PASS,After clicking on menu Opportunities Respective page opened successfully
AccountingSeed_TaxCode,TESTCASE40,Tue Mar 10 12:26:01 IST 2015,PASS,'Total Sales Tax' 42.00 verified successfully for Test case TestCase40 on Opportunities Window.
AccountingSeed_TaxCode,TESTCASE40,Tue Mar 10 12:27:06 IST 2015,PASS,After clicking on menu Create Billing Respective page opened successfully
AccountingSeed_TaxCode,TESTCASE40,Tue Mar 10 12:27:28 IST 2015,PASS,'Total Sales Tax' 42.00 verified successfully for Test case TestCase40 on Billing Window.
AccountingSeed_TaxCode,TESTCASE40,Tue Mar 10 12:28:02 IST 2015,PASS,'Total Sales Tax' 42.00 verified successfully for Test case TestCase40 on Commit Billing Window.
AccountingSeed_TaxCode,TESTCASE40,Tue Mar 10 12:28:12 IST 2015,PASS,Tax Calculation for Test case: TestCase40 Ended.
AccountingSeed_TaxCode,AccountingSeed_TaxCode,Tue Mar 10 12:28:12 IST 2015,PASS,Script Ended.
AccountingSeed_TaxCode,AccountingSeed_TaxCode,Tue Mar 10 12:44:25 IST 2015,PASS,Logging into AccountingSeed application is successful.
AccountingSeed_TaxCode,TESTCASE41,Tue Mar 10 12:44:25 IST 2015,PASS,Tax Calculation for Test case: TestCase41 Started.
AccountingSeed_TaxCode,TESTCASE41,Tue Mar 10 12:45:00 IST 2015,PASS,After clicking on menu AvaTax Settings Respective page opened successfully
AccountingSeed_TaxCode,TESTCASE41,Tue Mar 10 12:45:00 IST 2015,FAIL,fCalculateSalesTax: Exception: java.sql.SQLException: [Microsoft][ODBC Driver Manager] Invalid cursor state
AccountingSeed_TaxCode,TESTCASE42,Tue Mar 10 12:45:00 IST 2015,PASS,Tax Calculation for Test case: TestCase42 Started.
AccountingSeed_TaxCode,TESTCASE42,Tue Mar 10 12:45:31 IST 2015,PASS,After clicking on menu AvaTax Settings Respective page opened successfully
AccountingSeed_TaxCode,TESTCASE42,Tue Mar 10 12:45:31 IST 2015,FAIL,fCalculateSalesTax: Exception: java.sql.SQLException: [Microsoft][ODBC Driver Manager] Invalid cursor state
AccountingSeed_TaxCode,AccountingSeed_TaxCode,Tue Mar 10 12:45:31 IST 2015,PASS,Script Ended.
AccountingSeed_TaxCode,AccountingSeed_TaxCode,Tue Mar 10 12:49:35 IST 2015,PASS,Logging into AccountingSeed application is successful.
AccountingSeed_TaxCode,TESTCASE41,Tue Mar 10 12:49:35 IST 2015,PASS,Tax Calculation for Test case: TestCase41 Started.
AccountingSeed_TaxCode,TESTCASE41,Tue Mar 10 12:50:08 IST 2015,PASS,After clicking on menu AvaTax Settings Respective page opened successfully
AccountingSeed_TaxCode,TESTCASE41,Tue Mar 10 12:50:32 IST 2015,PASS,Tax now settings updated successfully
AccountingSeed_TaxCode,TESTCASE41,Tue Mar 10 12:51:22 IST 2015,PASS,After clicking on menu Accounts Respective page opened successfully
AccountingSeed_TaxCode,TESTCASE41,Tue Mar 10 12:52:08 IST 2015,PASS,Opportunities created successfully
AccountingSeed_TaxCode,TESTCASE41,Tue Mar 10 12:52:18 IST 2015,PASS,After clicking on menu Opportunities Respective page opened successfully
AccountingSeed_TaxCode,TESTCASE41,Tue Mar 10 12:52:18 IST 2015,FAIL,fCalculateSalesTax: Exception: java.lang.NullPointerException
AccountingSeed_TaxCode,TESTCASE42,Tue Mar 10 12:52:18 IST 2015,PASS,Tax Calculation for Test case: TestCase42 Started.
AccountingSeed_TaxCode,TESTCASE42,Tue Mar 10 12:52:59 IST 2015,PASS,After clicking on menu AvaTax Settings Respective page opened successfully
AccountingSeed_TaxCode,TESTCASE42,Tue Mar 10 12:53:24 IST 2015,PASS,Tax now settings updated successfully
AccountingSeed_TaxCode,TESTCASE42,Tue Mar 10 12:54:14 IST 2015,PASS,After clicking on menu Accounts Respective page opened successfully
AccountingSeed_TaxCode,TESTCASE42,Tue Mar 10 12:54:42 IST 2015,PASS,Opportunities created successfully
AccountingSeed_TaxCode,TESTCASE42,Tue Mar 10 12:54:52 IST 2015,PASS,After clicking on menu Opportunities Respective page opened successfully
AccountingSeed_TaxCode,TESTCASE42,Tue Mar 10 12:57:27 IST 2015,FAIL,'Total Sales Tax' 129.00 NOT verified successfully for Test caseTestCase42 on Opportunities Window.Expected Tax :- 129.00 and Actual Tax:- 1129.00
AccountingSeed_TaxCode,AccountingSeed_TaxCode,Tue Mar 10 12:57:27 IST 2015,PASS,Script Ended.
AccountingSeed_TaxCalc,AccountingSeed_TaxCalc,Wed Mar 11 10:59:31 IST 2015,FAIL,Logging into AccountingSeed application is Failed.
AccountingSeed_TaxCalc,TESTCASE1,Wed Mar 11 10:59:31 IST 2015,PASS,Tax Calculation for Test case: TestCase1 Started.
AccountingSeed_TaxCalc,JURISDICTIONNOTFOUNDERROR
UNABLE TO DETERMINE THE TAXING JURISDICTIONS.
7500 E QUINCY AVE, DENVER, WA 80241-1521 US (DESTINATION),Wed Mar 11 11:00:18 IST 2015,PASS,Opportunities created successfully
AccountingSeed_TaxCalc,TESTCASE1,Wed Mar 11 11:01:33 IST 2015,FAIL,fMenuSelection: Exception: org.openqa.selenium.WebDriverException: Element must be user-editable in order to clear it.
Command duration or timeout: 60.13 seconds
Build info: version: '2.40.0', revision: 'fbe29a9', time: '2014-02-19 20:55:11'
System info: host: 'Av-Pn-KhareA', ip: '10.240.20.97', os.name: 'Windows 7', os.arch: 'x86', os.version: '6.1', java.version: '1.6.0_45'
Session ID: ce9dc85d-46d1-4607-9881-aab1e8cc80f0
Driver info: org.openqa.selenium.firefox.FirefoxDriver
Capabilities [{platform=XP, acceptSslCerts=true, javascriptEnabled=true, browserName=firefox, rotatable=false, locationContextEnabled=true, version=12.0, cssSelectorsEnabled=true, databaseEnabled=true, handlesAlerts=true, browserConnectionEnabled=true, nativeEvents=false, webStorageEnabled=true, applicationCacheEnabled=true, takesScreenshot=true}]
AccountingSeed_TaxCalc,AccountingSeed_TaxCalc,Wed Mar 11 11:01:33 IST 2015,PASS,Script Ended.
