ScriptName,TCName,Date,Result,Description
,TESTCASE1,Fri Mar 11 10:55:41 IST 2016,PASS,Tax Calculation for Test case: TestCase1 Started.
,TESTCASE1,Fri Mar 11 10:55:46 IST 2016,FAIL,fCalculateSalesTax: Exception: org.openqa.selenium.NoSuchElementException: Unable to locate element: {"method":"name","selector":"edit"}
Command duration or timeout: 3.65 seconds
For documentation on this error, please visit: http://seleniumhq.org/exceptions/no_such_element.html
Build info: version: '2.48.2', revision: '41bccdd', time: '2015-10-09 19:59:12'
System info: host: 'AV-PN-KHAREA', ip: '10.240.20.121', os.name: 'Windows 7', os.arch: 'amd64', os.version: '6.1', java.version: '1.8.0_74'
Driver info: org.openqa.selenium.firefox.FirefoxDriver
Capabilities [{applicationCacheEnabled=true, rotatable=false, handlesAlerts=true, databaseEnabled=true, version=44.0, platform=WINDOWS, nativeEvents=false, acceptSslCerts=true, webStorageEnabled=true, locationContextEnabled=true, browserName=firefox, takesScreenshot=true, javascriptEnabled=true, cssSelectorsEnabled=true}]
Session ID: ba43fa1e-f76a-46da-b377-b045c512fc4f
*** Element info: {Using=name, value=edit}
,,Fri Mar 11 10:55:46 IST 2016,PASS,Script Ended.
AccountingSeed_TaxCalc,AccountingSeed_TaxCalc,Fri Mar 11 10:57:07 IST 2016,FAIL,Logging into AccountingSeed application is Failed.
AccountingSeed_TaxCalc,TESTCASE1,Fri Mar 11 10:57:07 IST 2016,PASS,Tax Calculation for Test case: TestCase1 Started.
AccountingSeed_TaxCalc,TESTCASE1,Fri Mar 11 10:57:08 IST 2016,FAIL,fCalculateSalesTax: Exception: org.openqa.selenium.NoSuchElementException: Unable to locate element: {"method":"name","selector":"edit"}
Command duration or timeout: 97 milliseconds
For documentation on this error, please visit: http://seleniumhq.org/exceptions/no_such_element.html
Build info: version: '2.48.2', revision: '41bccdd', time: '2015-10-09 19:59:12'
System info: host: 'AV-PN-KHAREA', ip: '10.240.20.121', os.name: 'Windows 7', os.arch: 'amd64', os.version: '6.1', java.version: '1.8.0_74'
Driver info: org.openqa.selenium.firefox.FirefoxDriver
Capabilities [{applicationCacheEnabled=true, rotatable=false, handlesAlerts=true, databaseEnabled=true, version=44.0, platform=WINDOWS, nativeEvents=false, acceptSslCerts=true, webStorageEnabled=true, locationContextEnabled=true, browserName=firefox, takesScreenshot=true, javascriptEnabled=true, cssSelectorsEnabled=true}]
Session ID: 47ad9a23-939a-445d-a2e9-2103dc9c41c7
*** Element info: {Using=name, value=edit}
AccountingSeed_TaxCalc,AccountingSeed_TaxCalc,Fri Mar 11 10:57:08 IST 2016,PASS,Script Ended.
AccountingSeed_TaxCalc,AccountingSeed_TaxCalc,Fri Mar 11 10:59:57 IST 2016,FAIL,Logging into AccountingSeed application is Failed.
AccountingSeed_TaxCalc,TESTCASE1,Fri Mar 11 10:59:57 IST 2016,PASS,Tax Calculation for Test case: TestCase1 Started.
AccountingSeed_TaxCalc,TESTCASE1,Fri Mar 11 11:00:02 IST 2016,FAIL,fCalculateSalesTax: Exception: org.openqa.selenium.NoSuchElementException: Unable to locate element: {"method":"name","selector":"edit"}
Command duration or timeout: 4.72 seconds
For documentation on this error, please visit: http://seleniumhq.org/exceptions/no_such_element.html
Build info: version: '2.48.2', revision: '41bccdd', time: '2015-10-09 19:59:12'
System info: host: 'AV-PN-KHAREA', ip: '10.240.20.121', os.name: 'Windows 7', os.arch: 'amd64', os.version: '6.1', java.version: '1.8.0_74'
Driver info: org.openqa.selenium.firefox.FirefoxDriver
Capabilities [{applicationCacheEnabled=true, rotatable=false, handlesAlerts=true, databaseEnabled=true, version=44.0, platform=WINDOWS, nativeEvents=false, acceptSslCerts=true, webStorageEnabled=true, locationContextEnabled=true, browserName=firefox, takesScreenshot=true, javascriptEnabled=true, cssSelectorsEnabled=true}]
Session ID: 31b55fcd-8425-489e-8532-08f5a2f64f10
*** Element info: {Using=name, value=edit}
AccountingSeed_TaxCalc,AccountingSeed_TaxCalc,Fri Mar 11 11:00:02 IST 2016,PASS,Script Ended.
AccountingSeed_TaxCalc,AccountingSeed_TaxCalc,Fri Mar 11 11:01:43 IST 2016,PASS,Logging into AccountingSeed application is successful.
AccountingSeed_TaxCalc,TESTCASE1,Fri Mar 11 11:01:55 IST 2016,PASS,Tax Calculation for Test case: TestCase1 Started.
AccountingSeed_TaxCalc,AccountingSeed_TaxCalc,Fri Mar 11 12:19:22 IST 2016,PASS,Logging into AccountingSeed application is successful.
AccountingSeed_TaxCalc,TESTCASE1,Fri Mar 11 12:19:31 IST 2016,PASS,Tax Calculation for Test case: TestCase1 Started.
AccountingSeed_TaxCalc,TESTCASE1,Fri Mar 11 12:20:51 IST 2016,PASS,Tax now settings updated successfully
AccountingSeed_TaxCalc,TESTCASE1,Fri Mar 11 12:23:48 IST 2016,PASS,After clicking on menu Accounts Respective page opened successfully
AccountingSeed_TaxCalc,TESTCASE1,Fri Mar 11 12:24:20 IST 2016,FAIL,fCalculateSalesTax: Exception: org.openqa.selenium.NoSuchElementException: Unable to locate element: {"method":"name","selector":"addProd"}
Command duration or timeout: 2.51 seconds
For documentation on this error, please visit: http://seleniumhq.org/exceptions/no_such_element.html
Build info: version: '2.48.2', revision: '41bccdd', time: '2015-10-09 19:59:12'
System info: host: 'AV-PN-KHAREA', ip: '10.240.20.121', os.name: 'Windows 7', os.arch: 'amd64', os.version: '6.1', java.version: '1.8.0_74'
Driver info: org.openqa.selenium.firefox.FirefoxDriver
Capabilities [{applicationCacheEnabled=true, rotatable=false, handlesAlerts=true, databaseEnabled=true, version=44.0, platform=WINDOWS, nativeEvents=false, acceptSslCerts=true, webStorageEnabled=true, locationContextEnabled=true, browserName=firefox, takesScreenshot=true, javascriptEnabled=true, cssSelectorsEnabled=true}]
Session ID: 8b504d52-6751-4d4e-bca5-9be4da71d9ec
*** Element info: {Using=name, value=addProd}
AccountingSeed_TaxCalc,AccountingSeed_TaxCalc,Fri Mar 11 12:24:27 IST 2016,PASS,Script Ended.
SalesForce_AddressValidation,SalesForce_AddressValidation,Thu Mar 17 11:41:10 IST 2016,FAIL,Logging into SalesForce application is Failed.
SalesForce_AddressValidation,TESTCASE60,Thu Mar 17 11:41:10 IST 2016,PASS,Address Validation for Test case: TestCase60 Started.
SalesForce_AddressValidation,TESTCASE60,Thu Mar 17 11:41:11 IST 2016,FAIL,Unable to connect to excel sheet
SalesForce_AddressValidation,TESTCASE60,Thu Mar 17 11:41:11 IST 2016,FAIL,fAddressValidation: Exception: java.lang.NullPointerException
SalesForce_AddressValidation,TESTCASE61,Thu Mar 17 11:41:11 IST 2016,PASS,Address Validation for Test case: TestCase61 Started.
SalesForce_AddressValidation,TESTCASE61,Thu Mar 17 11:41:11 IST 2016,FAIL,Unable to connect to excel sheet
SalesForce_AddressValidation,TESTCASE61,Thu Mar 17 11:41:11 IST 2016,FAIL,fAddressValidation: Exception: java.lang.NullPointerException
SalesForce_AddressValidation,TESTCASE62,Thu Mar 17 11:41:11 IST 2016,PASS,Address Validation for Test case: TestCase62 Started.
SalesForce_AddressValidation,TESTCASE62,Thu Mar 17 11:41:11 IST 2016,FAIL,Unable to connect to excel sheet
SalesForce_AddressValidation,TESTCASE62,Thu Mar 17 11:41:11 IST 2016,FAIL,fAddressValidation: Exception: java.lang.NullPointerException
SalesForce_AddressValidation,TESTCASE63,Thu Mar 17 11:41:11 IST 2016,PASS,Address Validation for Test case: TestCase63 Started.
SalesForce_AddressValidation,TESTCASE63,Thu Mar 17 11:41:11 IST 2016,FAIL,Unable to connect to excel sheet
SalesForce_AddressValidation,TESTCASE63,Thu Mar 17 11:41:11 IST 2016,FAIL,fAddressValidation: Exception: java.lang.NullPointerException
SalesForce_AddressValidation,TESTCASE64,Thu Mar 17 11:41:11 IST 2016,PASS,Address Validation for Test case: TestCase64 Started.
SalesForce_AddressValidation,TESTCASE64,Thu Mar 17 11:41:11 IST 2016,FAIL,Unable to connect to excel sheet
SalesForce_AddressValidation,TESTCASE64,Thu Mar 17 11:41:11 IST 2016,FAIL,fAddressValidation: Exception: java.lang.NullPointerException
SalesForce_AddressValidation,TESTCASE65,Thu Mar 17 11:41:11 IST 2016,PASS,Address Validation for Test case: TestCase65 Started.
SalesForce_AddressValidation,TESTCASE65,Thu Mar 17 11:41:11 IST 2016,FAIL,Unable to connect to excel sheet
SalesForce_AddressValidation,TESTCASE65,Thu Mar 17 11:41:11 IST 2016,FAIL,fAddressValidation: Exception: java.lang.NullPointerException
SalesForce_AddressValidation,SalesForce_AddressValidation,Thu Mar 17 11:41:11 IST 2016,PASS,Script Ended.
,TESTCASE60,Thu Mar 17 11:43:36 IST 2016,PASS,Address Validation for Test case: TestCase60 Started.
,TESTCASE60,Thu Mar 17 11:45:22 IST 2016,PASS,Address Validation for Test case: TestCase60 Started.
SalesForce_AddressValidation,SalesForce_AddressValidation,Mon Mar 28 17:02:14 IST 2016,FAIL,Logging into SalesForce application is Failed.
SalesForce_AddressValidation,TESTCASE60,Mon Mar 28 17:02:15 IST 2016,PASS,Address Validation for Test case: TestCase60 Started.
SalesForce_AddressValidation,TESTCASE60,Mon Mar 28 17:02:26 IST 2016,FAIL,fMenuSelection: Exception: org.openqa.selenium.NoSuchElementException: no such element: Unable to locate element: {"method":"link text","selector":"Avalara"}
  (Session info: chrome=49.0.2623.87)
  (Driver info: chromedriver=2.20.353145 (343b531d31eeb933ec778dbcf7081628a1396067),platform=Windows NT 6.1 SP1 x86_64) (WARNING: The server did not provide any stacktrace information)
Command duration or timeout: 26 milliseconds
For documentation on this error, please visit: http://seleniumhq.org/exceptions/no_such_element.html
Build info: version: '2.48.2', revision: '41bccdd', time: '2015-10-09 19:59:12'
System info: host: 'AV-PN-KHAREA', ip: '10.240.20.141', os.name: 'Windows 7', os.arch: 'amd64', os.version: '6.1', java.version: '1.8.0_74'
Driver info: org.openqa.selenium.chrome.ChromeDriver
Capabilities [{applicationCacheEnabled=false, rotatable=false, mobileEmulationEnabled=false, chrome={userDataDir=C:\Users\AJAY~1.KHA\AppData\Local\Temp\scoped_dir11296_22318}, takesHeapSnapshot=true, databaseEnabled=false, handlesAlerts=true, hasTouchScreen=false, version=49.0.2623.87, platform=XP, browserConnectionEnabled=false, nativeEvents=true, acceptSslCerts=true, locationContextEnabled=true, webStorageEnabled=true, browserName=chrome, takesScreenshot=true, javascriptEnabled=true, cssSelectorsEnabled=true}]
Session ID: c13b2efb3e5a8a183fb3f22a7eb6cfea
*** Element info: {Using=link text, value=Avalara}
SalesForce_AddressValidation,TESTCASE61,Mon Mar 28 17:02:26 IST 2016,PASS,Address Validation for Test case: TestCase61 Started.
SalesForce_AddressValidation,TESTCASE61,Mon Mar 28 17:02:26 IST 2016,FAIL,fAddressValidation: Exception: net.ucanaccess.jdbc.UcanaccessSQLException: invalid cursor state: identifier cursor not positioned on row in UPDATE, DELETE, SET, or GET statement: ; ResultSet is empty
SalesForce_AddressValidation,TESTCASE62,Mon Mar 28 17:02:26 IST 2016,PASS,Address Validation for Test case: TestCase62 Started.
SalesForce_AddressValidation,TESTCASE62,Mon Mar 28 17:02:36 IST 2016,FAIL,fMenuSelection: Exception: org.openqa.selenium.NoSuchElementException: no such element: Unable to locate element: {"method":"link text","selector":"Avalara"}
  (Session info: chrome=49.0.2623.87)
  (Driver info: chromedriver=2.20.353145 (343b531d31eeb933ec778dbcf7081628a1396067),platform=Windows NT 6.1 SP1 x86_64) (WARNING: The server did not provide any stacktrace information)
Command duration or timeout: 41 milliseconds
For documentation on this error, please visit: http://seleniumhq.org/exceptions/no_such_element.html
Build info: version: '2.48.2', revision: '41bccdd', time: '2015-10-09 19:59:12'
System info: host: 'AV-PN-KHAREA', ip: '10.240.20.141', os.name: 'Windows 7', os.arch: 'amd64', os.version: '6.1', java.version: '1.8.0_74'
Driver info: org.openqa.selenium.chrome.ChromeDriver
Capabilities [{applicationCacheEnabled=false, rotatable=false, mobileEmulationEnabled=false, chrome={userDataDir=C:\Users\AJAY~1.KHA\AppData\Local\Temp\scoped_dir11296_22318}, takesHeapSnapshot=true, databaseEnabled=false, handlesAlerts=true, hasTouchScreen=false, version=49.0.2623.87, platform=XP, browserConnectionEnabled=false, nativeEvents=true, acceptSslCerts=true, locationContextEnabled=true, webStorageEnabled=true, browserName=chrome, takesScreenshot=true, javascriptEnabled=true, cssSelectorsEnabled=true}]
Session ID: c13b2efb3e5a8a183fb3f22a7eb6cfea
*** Element info: {Using=link text, value=Avalara}
SalesForce_AddressValidation,TESTCASE63,Mon Mar 28 17:02:36 IST 2016,PASS,Address Validation for Test case: TestCase63 Started.
SalesForce_AddressValidation,TESTCASE63,Mon Mar 28 17:02:36 IST 2016,FAIL,fAddressValidation: Exception: net.ucanaccess.jdbc.UcanaccessSQLException: invalid cursor state: identifier cursor not positioned on row in UPDATE, DELETE, SET, or GET statement: ; ResultSet is empty
SalesForce_AddressValidation,TESTCASE64,Mon Mar 28 17:02:36 IST 2016,PASS,Address Validation for Test case: TestCase64 Started.
SalesForce_AddressValidation,TESTCASE64,Mon Mar 28 17:02:36 IST 2016,FAIL,fAddressValidation: Exception: net.ucanaccess.jdbc.UcanaccessSQLException: invalid cursor state: identifier cursor not positioned on row in UPDATE, DELETE, SET, or GET statement: ; ResultSet is empty
SalesForce_AddressValidation,TESTCASE65,Mon Mar 28 17:02:36 IST 2016,PASS,Address Validation for Test case: TestCase65 Started.
SalesForce_AddressValidation,TESTCASE65,Mon Mar 28 17:02:36 IST 2016,FAIL,fAddressValidation: Exception: net.ucanaccess.jdbc.UcanaccessSQLException: invalid cursor state: identifier cursor not positioned on row in UPDATE, DELETE, SET, or GET statement: ; ResultSet is empty
SalesForce_AddressValidation,SalesForce_AddressValidation,Mon Mar 28 17:02:36 IST 2016,PASS,Script Ended.
SalesForce_AddressValidation,SalesForce_AddressValidation,Mon Mar 28 17:15:27 IST 2016,FAIL,Logging into SalesForce application is Failed.
SalesForce_AddressValidation,TESTCASE60,Mon Mar 28 17:15:27 IST 2016,PASS,Address Validation for Test case: TestCase60 Started.
SalesForce_AddressValidation,TESTCASE60,Mon Mar 28 17:15:37 IST 2016,FAIL,fMenuSelection: Exception: org.openqa.selenium.NoSuchElementException: Unable to locate element: {"method":"link text","selector":"Avalara"}
Command duration or timeout: 20 milliseconds
For documentation on this error, please visit: http://seleniumhq.org/exceptions/no_such_element.html
Build info: version: '2.48.2', revision: '41bccdd', time: '2015-10-09 19:59:12'
System info: host: 'AV-PN-KHAREA', ip: '10.240.20.141', os.name: 'Windows 7', os.arch: 'amd64', os.version: '6.1', java.version: '1.8.0_74'
Driver info: org.openqa.selenium.firefox.FirefoxDriver
Capabilities [{applicationCacheEnabled=true, rotatable=false, handlesAlerts=true, databaseEnabled=true, version=45.0, platform=WINDOWS, nativeEvents=false, acceptSslCerts=true, webStorageEnabled=true, locationContextEnabled=true, browserName=firefox, takesScreenshot=true, javascriptEnabled=true, cssSelectorsEnabled=true}]
Session ID: 9a4e6c0e-93ac-41b7-8340-b9434c5efb71
*** Element info: {Using=link text, value=Avalara}
SalesForce_AddressValidation,TESTCASE61,Mon Mar 28 17:15:37 IST 2016,PASS,Address Validation for Test case: TestCase61 Started.
SalesForce_AddressValidation,TESTCASE61,Mon Mar 28 17:15:37 IST 2016,FAIL,fAddressValidation: Exception: net.ucanaccess.jdbc.UcanaccessSQLException: invalid cursor state: identifier cursor not positioned on row in UPDATE, DELETE, SET, or GET statement: ; ResultSet is empty
SalesForce_AddressValidation,TESTCASE62,Mon Mar 28 17:15:37 IST 2016,PASS,Address Validation for Test case: TestCase62 Started.
SalesForce_AddressValidation,SalesForce_AddressValidation,Mon Mar 28 17:16:19 IST 2016,FAIL,Logging into SalesForce application is Failed.
SalesForce_AddressValidation,TESTCASE60,Mon Mar 28 17:16:19 IST 2016,PASS,Address Validation for Test case: TestCase60 Started.
SalesForce_AddressValidation,TESTCASE62,Mon Mar 28 17:16:27 IST 2016,PASS,After clicking on menu TaxNowSettings Respective page opened successfully
SalesForce_AddressValidation,TESTCASE60,Mon Mar 28 17:16:30 IST 2016,FAIL,fMenuSelection: Exception: org.openqa.selenium.remote.UnreachableBrowserException: Error communicating with the remote browser. It may have died.
Build info: version: '2.48.2', revision: '41bccdd', time: '2015-10-09 19:59:12'
System info: host: 'AV-PN-KHAREA', ip: '10.240.20.141', os.name: 'Windows 7', os.arch: 'amd64', os.version: '6.1', java.version: '1.8.0_74'
Driver info: driver.version: RemoteWebDriver
SalesForce_AddressValidation,TESTCASE61,Mon Mar 28 17:16:30 IST 2016,PASS,Address Validation for Test case: TestCase61 Started.
SalesForce_AddressValidation,TESTCASE61,Mon Mar 28 17:16:30 IST 2016,FAIL,fAddressValidation: Exception: net.ucanaccess.jdbc.UcanaccessSQLException: invalid cursor state: identifier cursor not positioned on row in UPDATE, DELETE, SET, or GET statement: ; ResultSet is empty
SalesForce_AddressValidation,TESTCASE62,Mon Mar 28 17:16:30 IST 2016,PASS,Address Validation for Test case: TestCase62 Started.
SalesForce_AddressValidation,TESTCASE62,Mon Mar 28 17:16:41 IST 2016,FAIL,fMenuSelection: Exception: org.openqa.selenium.remote.UnreachableBrowserException: Error communicating with the remote browser. It may have died.
Build info: version: '2.48.2', revision: '41bccdd', time: '2015-10-09 19:59:12'
System info: host: 'AV-PN-KHAREA', ip: '10.240.20.141', os.name: 'Windows 7', os.arch: 'amd64', os.version: '6.1', java.version: '1.8.0_74'
Driver info: driver.version: RemoteWebDriver
SalesForce_AddressValidation,TESTCASE63,Mon Mar 28 17:16:41 IST 2016,PASS,Address Validation for Test case: TestCase63 Started.
SalesForce_AddressValidation,TESTCASE63,Mon Mar 28 17:16:41 IST 2016,FAIL,fAddressValidation: Exception: net.ucanaccess.jdbc.UcanaccessSQLException: invalid cursor state: identifier cursor not positioned on row in UPDATE, DELETE, SET, or GET statement: ; ResultSet is empty
SalesForce_AddressValidation,TESTCASE64,Mon Mar 28 17:16:41 IST 2016,PASS,Address Validation for Test case: TestCase64 Started.
SalesForce_AddressValidation,TESTCASE64,Mon Mar 28 17:16:41 IST 2016,FAIL,fAddressValidation: Exception: net.ucanaccess.jdbc.UcanaccessSQLException: invalid cursor state: identifier cursor not positioned on row in UPDATE, DELETE, SET, or GET statement: ; ResultSet is empty
SalesForce_AddressValidation,TESTCASE65,Mon Mar 28 17:16:41 IST 2016,PASS,Address Validation for Test case: TestCase65 Started.
SalesForce_AddressValidation,TESTCASE65,Mon Mar 28 17:16:41 IST 2016,FAIL,fAddressValidation: Exception: net.ucanaccess.jdbc.UcanaccessSQLException: invalid cursor state: identifier cursor not positioned on row in UPDATE, DELETE, SET, or GET statement: ; ResultSet is empty
SalesForce_AddressValidation,SalesForce_AddressValidation,Mon Mar 28 17:16:41 IST 2016,PASS,Script Ended.
SalesForce_AddressValidation,TESTCASE62,Mon Mar 28 17:16:51 IST 2016,PASS,Avalara Configuration settings updated successfully
SalesForce_AddressValidation,TESTCASE62,Mon Mar 28 17:18:10 IST 2016,PASS,Address validation verified successfully
SalesForce_AddressValidation,TESTCASE62,Mon Mar 28 17:19:23 IST 2016,PASS,Address validation saved successfully
SalesForce_AddressValidation,TESTCASE62,Mon Mar 28 17:20:12 IST 2016,PASS,After clicking on menu Contacts Respective page opened successfully
SalesForce_AddressValidation,TESTCASE62,Mon Mar 28 17:21:13 IST 2016,FAIL,fAddressValidation: Exception: org.openqa.selenium.NoSuchElementException: Unable to locate element: {"method":"name","selector":"ava_sfcore__validatemailto"}
Command duration or timeout: 60.11 seconds
For documentation on this error, please visit: http://seleniumhq.org/exceptions/no_such_element.html
Build info: version: '2.48.2', revision: '41bccdd', time: '2015-10-09 19:59:12'
System info: host: 'AV-PN-KHAREA', ip: '10.240.20.141', os.name: 'Windows 7', os.arch: 'amd64', os.version: '6.1', java.version: '1.8.0_74'
Driver info: org.openqa.selenium.firefox.FirefoxDriver
Capabilities [{applicationCacheEnabled=true, rotatable=false, handlesAlerts=true, databaseEnabled=true, version=45.0, platform=WINDOWS, nativeEvents=false, acceptSslCerts=true, webStorageEnabled=true, locationContextEnabled=true, browserName=firefox, takesScreenshot=true, javascriptEnabled=true, cssSelectorsEnabled=true}]
Session ID: 9a4e6c0e-93ac-41b7-8340-b9434c5efb71
*** Element info: {Using=name, value=ava_sfcore__validatemailto}
SalesForce_AddressValidation,TESTCASE63,Mon Mar 28 17:21:13 IST 2016,PASS,Address Validation for Test case: TestCase63 Started.
SalesForce_AddressValidation,TESTCASE63,Mon Mar 28 17:21:13 IST 2016,FAIL,fAddressValidation: Exception: net.ucanaccess.jdbc.UcanaccessSQLException: invalid cursor state: identifier cursor not positioned on row in UPDATE, DELETE, SET, or GET statement: ; ResultSet is empty
SalesForce_AddressValidation,TESTCASE64,Mon Mar 28 17:21:13 IST 2016,PASS,Address Validation for Test case: TestCase64 Started.
SalesForce_AddressValidation,TESTCASE64,Mon Mar 28 17:21:13 IST 2016,FAIL,fAddressValidation: Exception: net.ucanaccess.jdbc.UcanaccessSQLException: invalid cursor state: identifier cursor not positioned on row in UPDATE, DELETE, SET, or GET statement: ; ResultSet is empty
SalesForce_AddressValidation,TESTCASE65,Mon Mar 28 17:21:13 IST 2016,PASS,Address Validation for Test case: TestCase65 Started.
SalesForce_AddressValidation,TESTCASE65,Mon Mar 28 17:21:13 IST 2016,FAIL,fAddressValidation: Exception: net.ucanaccess.jdbc.UcanaccessSQLException: invalid cursor state: identifier cursor not positioned on row in UPDATE, DELETE, SET, or GET statement: ; ResultSet is empty
SalesForce_AddressValidation,SalesForce_AddressValidation,Mon Mar 28 17:21:13 IST 2016,PASS,Script Ended.
SalesForce_AddressValidation,SalesForce_AddressValidation,Tue Mar 29 11:21:35 IST 2016,FAIL,Logging into SalesForce application is Failed.
SalesForce_AddressValidation,TESTCASE60,Tue Mar 29 11:21:35 IST 2016,PASS,Address Validation for Test case: TestCase60 Started.
SalesForce_AddressValidation,TESTCASE60,Tue Mar 29 11:21:46 IST 2016,FAIL,fMenuSelection: Exception: org.openqa.selenium.NoSuchElementException: Unable to locate element: {"method":"link text","selector":"Avalara"}
Command duration or timeout: 50 milliseconds
For documentation on this error, please visit: http://seleniumhq.org/exceptions/no_such_element.html
Build info: version: '2.48.2', revision: '41bccdd', time: '2015-10-09 19:59:12'
System info: host: 'AV-PN-KHAREA', ip: '10.240.20.133', os.name: 'Windows 7', os.arch: 'amd64', os.version: '6.1', java.version: '1.8.0_74'
Driver info: org.openqa.selenium.firefox.FirefoxDriver
Capabilities [{applicationCacheEnabled=true, rotatable=false, handlesAlerts=true, databaseEnabled=true, version=45.0, platform=WINDOWS, nativeEvents=false, acceptSslCerts=true, webStorageEnabled=true, locationContextEnabled=true, browserName=firefox, takesScreenshot=true, javascriptEnabled=true, cssSelectorsEnabled=true}]
Session ID: a364e1af-d012-48fd-8fbd-f89d7fc2ab66
*** Element info: {Using=link text, value=Avalara}
SalesForce_AddressValidation,TESTCASE61,Tue Mar 29 11:21:46 IST 2016,PASS,Address Validation for Test case: TestCase61 Started.
SalesForce_AddressValidation,TESTCASE61,Tue Mar 29 11:21:46 IST 2016,FAIL,fAddressValidation: Exception: net.ucanaccess.jdbc.UcanaccessSQLException: invalid cursor state: identifier cursor not positioned on row in UPDATE, DELETE, SET, or GET statement: ; ResultSet is empty
SalesForce_AddressValidation,TESTCASE62,Tue Mar 29 11:21:46 IST 2016,PASS,Address Validation for Test case: TestCase62 Started.
SalesForce_AddressValidation,TESTCASE62,Tue Mar 29 11:21:56 IST 2016,FAIL,fMenuSelection: Exception: org.openqa.selenium.NoSuchElementException: Unable to locate element: {"method":"link text","selector":"Avalara"}
Command duration or timeout: 26 milliseconds
For documentation on this error, please visit: http://seleniumhq.org/exceptions/no_such_element.html
Build info: version: '2.48.2', revision: '41bccdd', time: '2015-10-09 19:59:12'
System info: host: 'AV-PN-KHAREA', ip: '10.240.20.133', os.name: 'Windows 7', os.arch: 'amd64', os.version: '6.1', java.version: '1.8.0_74'
Driver info: org.openqa.selenium.firefox.FirefoxDriver
Capabilities [{applicationCacheEnabled=true, rotatable=false, handlesAlerts=true, databaseEnabled=true, version=45.0, platform=WINDOWS, nativeEvents=false, acceptSslCerts=true, webStorageEnabled=true, locationContextEnabled=true, browserName=firefox, takesScreenshot=true, javascriptEnabled=true, cssSelectorsEnabled=true}]
Session ID: a364e1af-d012-48fd-8fbd-f89d7fc2ab66
*** Element info: {Using=link text, value=Avalara}
SalesForce_AddressValidation,TESTCASE63,Tue Mar 29 11:21:56 IST 2016,PASS,Address Validation for Test case: TestCase63 Started.
SalesForce_AddressValidation,TESTCASE63,Tue Mar 29 11:21:56 IST 2016,FAIL,fAddressValidation: Exception: net.ucanaccess.jdbc.UcanaccessSQLException: invalid cursor state: identifier cursor not positioned on row in UPDATE, DELETE, SET, or GET statement: ; ResultSet is empty
SalesForce_AddressValidation,TESTCASE64,Tue Mar 29 11:21:56 IST 2016,PASS,Address Validation for Test case: TestCase64 Started.
SalesForce_AddressValidation,TESTCASE64,Tue Mar 29 11:21:56 IST 2016,FAIL,fAddressValidation: Exception: net.ucanaccess.jdbc.UcanaccessSQLException: invalid cursor state: identifier cursor not positioned on row in UPDATE, DELETE, SET, or GET statement: ; ResultSet is empty
SalesForce_AddressValidation,TESTCASE65,Tue Mar 29 11:21:56 IST 2016,PASS,Address Validation for Test case: TestCase65 Started.
SalesForce_AddressValidation,TESTCASE65,Tue Mar 29 11:21:56 IST 2016,FAIL,fAddressValidation: Exception: net.ucanaccess.jdbc.UcanaccessSQLException: invalid cursor state: identifier cursor not positioned on row in UPDATE, DELETE, SET, or GET statement: ; ResultSet is empty
SalesForce_AddressValidation,SalesForce_AddressValidation,Tue Mar 29 11:21:56 IST 2016,PASS,Script Ended.
SalesForce_AddressValidation,SalesForce_AddressValidation,Tue Mar 29 11:24:27 IST 2016,FAIL,Logging into SalesForce application is Failed.
SalesForce_AddressValidation,TESTCASE60,Tue Mar 29 11:24:27 IST 2016,PASS,Address Validation for Test case: TestCase60 Started.
SalesForce_AddressValidation,TESTCASE60,Tue Mar 29 11:24:37 IST 2016,FAIL,fMenuSelection: Exception: org.openqa.selenium.NoSuchElementException: Unable to locate element: {"method":"link text","selector":"Avalara"}
Command duration or timeout: 49 milliseconds
For documentation on this error, please visit: http://seleniumhq.org/exceptions/no_such_element.html
Build info: version: '2.48.2', revision: '41bccdd', time: '2015-10-09 19:59:12'
System info: host: 'AV-PN-KHAREA', ip: '10.240.20.133', os.name: 'Windows 7', os.arch: 'amd64', os.version: '6.1', java.version: '1.8.0_74'
Driver info: org.openqa.selenium.firefox.FirefoxDriver
Capabilities [{applicationCacheEnabled=true, rotatable=false, handlesAlerts=true, databaseEnabled=true, version=45.0, platform=WINDOWS, nativeEvents=false, acceptSslCerts=true, webStorageEnabled=true, locationContextEnabled=true, browserName=firefox, takesScreenshot=true, javascriptEnabled=true, cssSelectorsEnabled=true}]
Session ID: 39300cd2-c9e3-482b-8b6b-3a1bbba568eb
*** Element info: {Using=link text, value=Avalara}
SalesForce_AddressValidation,TESTCASE61,Tue Mar 29 11:24:37 IST 2016,PASS,Address Validation for Test case: TestCase61 Started.
SalesForce_AddressValidation,TESTCASE61,Tue Mar 29 11:24:37 IST 2016,FAIL,fAddressValidation: Exception: net.ucanaccess.jdbc.UcanaccessSQLException: invalid cursor state: identifier cursor not positioned on row in UPDATE, DELETE, SET, or GET statement: ; ResultSet is empty
SalesForce_AddressValidation,TESTCASE62,Tue Mar 29 11:24:37 IST 2016,PASS,Address Validation for Test case: TestCase62 Started.
SalesForce_AddressValidation,TESTCASE62,Tue Mar 29 11:24:47 IST 2016,FAIL,fMenuSelection: Exception: org.openqa.selenium.NoSuchElementException: Unable to locate element: {"method":"link text","selector":"Avalara"}
Command duration or timeout: 25 milliseconds
For documentation on this error, please visit: http://seleniumhq.org/exceptions/no_such_element.html
Build info: version: '2.48.2', revision: '41bccdd', time: '2015-10-09 19:59:12'
System info: host: 'AV-PN-KHAREA', ip: '10.240.20.133', os.name: 'Windows 7', os.arch: 'amd64', os.version: '6.1', java.version: '1.8.0_74'
Driver info: org.openqa.selenium.firefox.FirefoxDriver
Capabilities [{applicationCacheEnabled=true, rotatable=false, handlesAlerts=true, databaseEnabled=true, version=45.0, platform=WINDOWS, nativeEvents=false, acceptSslCerts=true, webStorageEnabled=true, locationContextEnabled=true, browserName=firefox, takesScreenshot=true, javascriptEnabled=true, cssSelectorsEnabled=true}]
Session ID: 39300cd2-c9e3-482b-8b6b-3a1bbba568eb
*** Element info: {Using=link text, value=Avalara}
SalesForce_AddressValidation,TESTCASE63,Tue Mar 29 11:24:47 IST 2016,PASS,Address Validation for Test case: TestCase63 Started.
SalesForce_AddressValidation,TESTCASE63,Tue Mar 29 11:24:47 IST 2016,FAIL,fAddressValidation: Exception: net.ucanaccess.jdbc.UcanaccessSQLException: invalid cursor state: identifier cursor not positioned on row in UPDATE, DELETE, SET, or GET statement: ; ResultSet is empty
SalesForce_AddressValidation,TESTCASE64,Tue Mar 29 11:24:47 IST 2016,PASS,Address Validation for Test case: TestCase64 Started.
SalesForce_AddressValidation,TESTCASE64,Tue Mar 29 11:24:48 IST 2016,FAIL,fAddressValidation: Exception: net.ucanaccess.jdbc.UcanaccessSQLException: invalid cursor state: identifier cursor not positioned on row in UPDATE, DELETE, SET, or GET statement: ; ResultSet is empty
SalesForce_AddressValidation,TESTCASE65,Tue Mar 29 11:24:48 IST 2016,PASS,Address Validation for Test case: TestCase65 Started.
SalesForce_AddressValidation,TESTCASE65,Tue Mar 29 11:24:48 IST 2016,FAIL,fAddressValidation: Exception: net.ucanaccess.jdbc.UcanaccessSQLException: invalid cursor state: identifier cursor not positioned on row in UPDATE, DELETE, SET, or GET statement: ; ResultSet is empty
SalesForce_AddressValidation,SalesForce_AddressValidation,Tue Mar 29 11:24:48 IST 2016,PASS,Script Ended.
SalesForce_AddressValidation,SalesForce_AddressValidation,Tue Mar 29 12:41:30 IST 2016,FAIL,Logging into SalesForce application is Failed.
SalesForce_AddressValidation,TESTCASE60,Tue Mar 29 12:41:30 IST 2016,PASS,Address Validation for Test case: TestCase60 Started.
SalesForce_AddressValidation,TESTCASE60,Tue Mar 29 12:41:41 IST 2016,FAIL,fMenuSelection: Exception: org.openqa.selenium.NoSuchElementException: Unable to locate element: {"method":"link text","selector":"Avalara"}
Command duration or timeout: 26 milliseconds
For documentation on this error, please visit: http://seleniumhq.org/exceptions/no_such_element.html
Build info: version: '2.48.2', revision: '41bccdd', time: '2015-10-09 19:59:12'
System info: host: 'AV-PN-KHAREA', ip: '10.240.20.133', os.name: 'Windows 7', os.arch: 'amd64', os.version: '6.1', java.version: '1.8.0_74'
Driver info: org.openqa.selenium.firefox.FirefoxDriver
Capabilities [{applicationCacheEnabled=true, rotatable=false, handlesAlerts=true, databaseEnabled=true, version=45.0, platform=WINDOWS, nativeEvents=false, acceptSslCerts=true, webStorageEnabled=true, locationContextEnabled=true, browserName=firefox, takesScreenshot=true, javascriptEnabled=true, cssSelectorsEnabled=true}]
Session ID: ee6d0880-0c01-48c4-850f-df14c5e1b22b
*** Element info: {Using=link text, value=Avalara}
SalesForce_AddressValidation,TESTCASE61,Tue Mar 29 12:41:41 IST 2016,PASS,Address Validation for Test case: TestCase61 Started.
SalesForce_AddressValidation,TESTCASE61,Tue Mar 29 12:41:41 IST 2016,FAIL,fAddressValidation: Exception: net.ucanaccess.jdbc.UcanaccessSQLException: invalid cursor state: identifier cursor not positioned on row in UPDATE, DELETE, SET, or GET statement: ; ResultSet is empty
SalesForce_AddressValidation,TESTCASE62,Tue Mar 29 12:41:41 IST 2016,PASS,Address Validation for Test case: TestCase62 Started.
SalesForce_AddressValidation,TESTCASE62,Tue Mar 29 12:41:51 IST 2016,FAIL,fMenuSelection: Exception: org.openqa.selenium.NoSuchElementException: Unable to locate element: {"method":"link text","selector":"Avalara"}
Command duration or timeout: 26 milliseconds
For documentation on this error, please visit: http://seleniumhq.org/exceptions/no_such_element.html
Build info: version: '2.48.2', revision: '41bccdd', time: '2015-10-09 19:59:12'
System info: host: 'AV-PN-KHAREA', ip: '10.240.20.133', os.name: 'Windows 7', os.arch: 'amd64', os.version: '6.1', java.version: '1.8.0_74'
Driver info: org.openqa.selenium.firefox.FirefoxDriver
Capabilities [{applicationCacheEnabled=true, rotatable=false, handlesAlerts=true, databaseEnabled=true, version=45.0, platform=WINDOWS, nativeEvents=false, acceptSslCerts=true, webStorageEnabled=true, locationContextEnabled=true, browserName=firefox, takesScreenshot=true, javascriptEnabled=true, cssSelectorsEnabled=true}]
Session ID: ee6d0880-0c01-48c4-850f-df14c5e1b22b
*** Element info: {Using=link text, value=Avalara}
SalesForce_AddressValidation,TESTCASE63,Tue Mar 29 12:41:51 IST 2016,PASS,Address Validation for Test case: TestCase63 Started.
SalesForce_AddressValidation,TESTCASE63,Tue Mar 29 12:41:51 IST 2016,FAIL,fAddressValidation: Exception: net.ucanaccess.jdbc.UcanaccessSQLException: invalid cursor state: identifier cursor not positioned on row in UPDATE, DELETE, SET, or GET statement: ; ResultSet is empty
SalesForce_AddressValidation,TESTCASE64,Tue Mar 29 12:41:51 IST 2016,PASS,Address Validation for Test case: TestCase64 Started.
SalesForce_AddressValidation,TESTCASE64,Tue Mar 29 12:41:51 IST 2016,FAIL,fAddressValidation: Exception: net.ucanaccess.jdbc.UcanaccessSQLException: invalid cursor state: identifier cursor not positioned on row in UPDATE, DELETE, SET, or GET statement: ; ResultSet is empty
SalesForce_AddressValidation,TESTCASE65,Tue Mar 29 12:41:51 IST 2016,PASS,Address Validation for Test case: TestCase65 Started.
SalesForce_AddressValidation,TESTCASE65,Tue Mar 29 12:41:51 IST 2016,FAIL,fAddressValidation: Exception: net.ucanaccess.jdbc.UcanaccessSQLException: invalid cursor state: identifier cursor not positioned on row in UPDATE, DELETE, SET, or GET statement: ; ResultSet is empty
SalesForce_AddressValidation,SalesForce_AddressValidation,Tue Mar 29 12:41:51 IST 2016,PASS,Script Ended.
SalesForce_AddressValidation,SalesForce_AddressValidation,Tue Mar 29 14:40:40 IST 2016,FAIL,Logging into SalesForce application is Failed.
SalesForce_AddressValidation,TESTCASE60,Tue Mar 29 14:40:40 IST 2016,PASS,Address Validation for Test case: TestCase60 Started.
SalesForce_AddressValidation,TESTCASE60,Tue Mar 29 14:40:52 IST 2016,FAIL,fMenuSelection: Exception: org.openqa.selenium.remote.UnreachableBrowserException: Error communicating with the remote browser. It may have died.
Build info: version: '2.48.2', revision: '41bccdd', time: '2015-10-09 19:59:12'
System info: host: 'AV-PN-KHAREA', ip: '10.240.20.133', os.name: 'Windows 7', os.arch: 'amd64', os.version: '6.1', java.version: '1.8.0_74'
Driver info: driver.version: RemoteWebDriver
SalesForce_AddressValidation,TESTCASE61,Tue Mar 29 14:40:52 IST 2016,PASS,Address Validation for Test case: TestCase61 Started.
SalesForce_AddressValidation,TESTCASE61,Tue Mar 29 14:40:52 IST 2016,FAIL,fAddressValidation: Exception: net.ucanaccess.jdbc.UcanaccessSQLException: invalid cursor state: identifier cursor not positioned on row in UPDATE, DELETE, SET, or GET statement: ; ResultSet is empty
SalesForce_AddressValidation,TESTCASE62,Tue Mar 29 14:40:52 IST 2016,PASS,Address Validation for Test case: TestCase62 Started.
SalesForce_AddressValidation,TESTCASE62,Tue Mar 29 14:41:03 IST 2016,FAIL,fMenuSelection: Exception: org.openqa.selenium.remote.UnreachableBrowserException: Error communicating with the remote browser. It may have died.
Build info: version: '2.48.2', revision: '41bccdd', time: '2015-10-09 19:59:12'
System info: host: 'AV-PN-KHAREA', ip: '10.240.20.133', os.name: 'Windows 7', os.arch: 'amd64', os.version: '6.1', java.version: '1.8.0_74'
Driver info: driver.version: RemoteWebDriver
SalesForce_AddressValidation,TESTCASE63,Tue Mar 29 14:41:03 IST 2016,PASS,Address Validation for Test case: TestCase63 Started.
SalesForce_AddressValidation,TESTCASE63,Tue Mar 29 14:41:03 IST 2016,FAIL,fAddressValidation: Exception: net.ucanaccess.jdbc.UcanaccessSQLException: invalid cursor state: identifier cursor not positioned on row in UPDATE, DELETE, SET, or GET statement: ; ResultSet is empty
SalesForce_AddressValidation,TESTCASE64,Tue Mar 29 14:41:03 IST 2016,PASS,Address Validation for Test case: TestCase64 Started.
SalesForce_AddressValidation,TESTCASE64,Tue Mar 29 14:41:03 IST 2016,FAIL,fAddressValidation: Exception: net.ucanaccess.jdbc.UcanaccessSQLException: invalid cursor state: identifier cursor not positioned on row in UPDATE, DELETE, SET, or GET statement: ; ResultSet is empty
SalesForce_AddressValidation,TESTCASE65,Tue Mar 29 14:41:03 IST 2016,PASS,Address Validation for Test case: TestCase65 Started.
SalesForce_AddressValidation,TESTCASE65,Tue Mar 29 14:41:03 IST 2016,FAIL,fAddressValidation: Exception: net.ucanaccess.jdbc.UcanaccessSQLException: invalid cursor state: identifier cursor not positioned on row in UPDATE, DELETE, SET, or GET statement: ; ResultSet is empty
SalesForce_AddressValidation,SalesForce_AddressValidation,Tue Mar 29 14:41:03 IST 2016,PASS,Script Ended.
SalesForce_AddressValidation,SalesForce_AddressValidation,Tue Mar 29 14:44:46 IST 2016,PASS,Logging into SalesForce application is successful.
SalesForce_AddressValidation,SalesForce_AddressValidation,Tue Mar 29 14:49:54 IST 2016,FAIL,Logging into SalesForce application is Failed.
SalesForce_AddressValidation,TESTCASE60,Tue Mar 29 14:49:54 IST 2016,PASS,Address Validation for Test case: TestCase60 Started.
SalesForce_AddressValidation,TESTCASE60,Tue Mar 29 14:50:06 IST 2016,FAIL,fMenuSelection: Exception: org.openqa.selenium.NoSuchElementException: Unable to locate element: {"method":"link text","selector":"Avalara"}
Command duration or timeout: 25 milliseconds
For documentation on this error, please visit: http://seleniumhq.org/exceptions/no_such_element.html
Build info: version: '2.48.2', revision: '41bccdd', time: '2015-10-09 19:59:12'
System info: host: 'AV-PN-KHAREA', ip: '10.240.20.133', os.name: 'Windows 7', os.arch: 'amd64', os.version: '6.1', java.version: '1.8.0_74'
Driver info: org.openqa.selenium.firefox.FirefoxDriver
Capabilities [{applicationCacheEnabled=true, rotatable=false, handlesAlerts=true, databaseEnabled=true, version=45.0, platform=WINDOWS, nativeEvents=false, acceptSslCerts=true, webStorageEnabled=true, locationContextEnabled=true, browserName=firefox, takesScreenshot=true, javascriptEnabled=true, cssSelectorsEnabled=true}]
Session ID: 5eb49498-4803-4cf9-9983-900d5484db34
*** Element info: {Using=link text, value=Avalara}
SalesForce_AddressValidation,TESTCASE61,Tue Mar 29 14:50:06 IST 2016,PASS,Address Validation for Test case: TestCase61 Started.
SalesForce_AddressValidation,TESTCASE61,Tue Mar 29 14:50:06 IST 2016,FAIL,fAddressValidation: Exception: net.ucanaccess.jdbc.UcanaccessSQLException: invalid cursor state: identifier cursor not positioned on row in UPDATE, DELETE, SET, or GET statement: ; ResultSet is empty
SalesForce_AddressValidation,TESTCASE62,Tue Mar 29 14:50:06 IST 2016,PASS,Address Validation for Test case: TestCase62 Started.
SalesForce_AddressValidation,TESTCASE62,Tue Mar 29 14:50:16 IST 2016,FAIL,fMenuSelection: Exception: org.openqa.selenium.NoSuchElementException: Unable to locate element: {"method":"link text","selector":"Avalara"}
Command duration or timeout: 26 milliseconds
For documentation on this error, please visit: http://seleniumhq.org/exceptions/no_such_element.html
Build info: version: '2.48.2', revision: '41bccdd', time: '2015-10-09 19:59:12'
System info: host: 'AV-PN-KHAREA', ip: '10.240.20.133', os.name: 'Windows 7', os.arch: 'amd64', os.version: '6.1', java.version: '1.8.0_74'
Driver info: org.openqa.selenium.firefox.FirefoxDriver
Capabilities [{applicationCacheEnabled=true, rotatable=false, handlesAlerts=true, databaseEnabled=true, version=45.0, platform=WINDOWS, nativeEvents=false, acceptSslCerts=true, webStorageEnabled=true, locationContextEnabled=true, browserName=firefox, takesScreenshot=true, javascriptEnabled=true, cssSelectorsEnabled=true}]
Session ID: 5eb49498-4803-4cf9-9983-900d5484db34
*** Element info: {Using=link text, value=Avalara}
SalesForce_AddressValidation,TESTCASE63,Tue Mar 29 14:50:16 IST 2016,PASS,Address Validation for Test case: TestCase63 Started.
SalesForce_AddressValidation,TESTCASE63,Tue Mar 29 14:50:16 IST 2016,FAIL,fAddressValidation: Exception: net.ucanaccess.jdbc.UcanaccessSQLException: invalid cursor state: identifier cursor not positioned on row in UPDATE, DELETE, SET, or GET statement: ; ResultSet is empty
SalesForce_AddressValidation,TESTCASE64,Tue Mar 29 14:50:16 IST 2016,PASS,Address Validation for Test case: TestCase64 Started.
SalesForce_AddressValidation,TESTCASE64,Tue Mar 29 14:50:16 IST 2016,FAIL,fAddressValidation: Exception: net.ucanaccess.jdbc.UcanaccessSQLException: invalid cursor state: identifier cursor not positioned on row in UPDATE, DELETE, SET, or GET statement: ; ResultSet is empty
SalesForce_AddressValidation,TESTCASE65,Tue Mar 29 14:50:16 IST 2016,PASS,Address Validation for Test case: TestCase65 Started.
SalesForce_AddressValidation,TESTCASE65,Tue Mar 29 14:50:16 IST 2016,FAIL,fAddressValidation: Exception: net.ucanaccess.jdbc.UcanaccessSQLException: invalid cursor state: identifier cursor not positioned on row in UPDATE, DELETE, SET, or GET statement: ; ResultSet is empty
SalesForce_AddressValidation,SalesForce_AddressValidation,Tue Mar 29 14:50:16 IST 2016,PASS,Script Ended.
SalesForce_AddressValidation,SalesForce_AddressValidation,Tue Mar 29 14:50:37 IST 2016,FAIL,fLoginException:org.openqa.selenium.remote.UnreachableBrowserException: Error communicating with the remote browser. It may have died.
Build info: version: '2.48.2', revision: '41bccdd', time: '2015-10-09 19:59:12'
System info: host: 'AV-PN-KHAREA', ip: '10.240.20.133', os.name: 'Windows 7', os.arch: 'amd64', os.version: '6.1', java.version: '1.8.0_74'
Driver info: driver.version: RemoteWebDriver
SalesForce_AddressValidation,SalesForce_AddressValidation,Tue Mar 29 14:50:37 IST 2016,PASS,Script Ended.
SalesForce_AddressValidation,SalesForce_AddressValidation,Tue Mar 29 14:51:02 IST 2016,FAIL,Logging into SalesForce application is Failed.
SalesForce_AddressValidation,TESTCASE60,Tue Mar 29 14:51:02 IST 2016,PASS,Address Validation for Test case: TestCase60 Started.
SalesForce_AddressValidation,TESTCASE60,Tue Mar 29 14:51:14 IST 2016,FAIL,fMenuSelection: Exception: org.openqa.selenium.remote.UnreachableBrowserException: Error communicating with the remote browser. It may have died.
Build info: version: '2.48.2', revision: '41bccdd', time: '2015-10-09 19:59:12'
System info: host: 'AV-PN-KHAREA', ip: '10.240.20.133', os.name: 'Windows 7', os.arch: 'amd64', os.version: '6.1', java.version: '1.8.0_74'
Driver info: driver.version: RemoteWebDriver
SalesForce_AddressValidation,TESTCASE61,Tue Mar 29 14:51:14 IST 2016,PASS,Address Validation for Test case: TestCase61 Started.
SalesForce_AddressValidation,TESTCASE61,Tue Mar 29 14:51:14 IST 2016,FAIL,fAddressValidation: Exception: net.ucanaccess.jdbc.UcanaccessSQLException: invalid cursor state: identifier cursor not positioned on row in UPDATE, DELETE, SET, or GET statement: ; ResultSet is empty
SalesForce_AddressValidation,TESTCASE62,Tue Mar 29 14:51:14 IST 2016,PASS,Address Validation for Test case: TestCase62 Started.
SalesForce_AddressValidation,SalesForce_AddressValidation,Tue Mar 29 14:51:45 IST 2016,FAIL,Logging into SalesForce application is Failed.
SalesForce_AddressValidation,TESTCASE60,Tue Mar 29 14:51:45 IST 2016,PASS,Address Validation for Test case: TestCase60 Started.
SalesForce_AddressValidation,SalesForce_AddressValidation,Tue Mar 29 14:53:43 IST 2016,PASS,Logging into SalesForce application is successful.
SalesForce_AddressValidation,TESTCASE60,Tue Mar 29 14:53:43 IST 2016,PASS,Address Validation for Test case: TestCase60 Started.
SalesForce_AddressValidation,TESTCASE60,Tue Mar 29 14:53:59 IST 2016,FAIL,fMenuSelection: Exception: org.openqa.selenium.remote.UnreachableBrowserException: Error communicating with the remote browser. It may have died.
Build info: version: '2.48.2', revision: '41bccdd', time: '2015-10-09 19:59:12'
System info: host: 'AV-PN-KHAREA', ip: '10.240.20.133', os.name: 'Windows 7', os.arch: 'amd64', os.version: '6.1', java.version: '1.8.0_74'
Driver info: driver.version: RemoteWebDriver
SalesForce_AddressValidation,TESTCASE61,Tue Mar 29 14:53:59 IST 2016,PASS,Address Validation for Test case: TestCase61 Started.
SalesForce_AddressValidation,TESTCASE61,Tue Mar 29 14:53:59 IST 2016,FAIL,fAddressValidation: Exception: net.ucanaccess.jdbc.UcanaccessSQLException: invalid cursor state: identifier cursor not positioned on row in UPDATE, DELETE, SET, or GET statement: ; ResultSet is empty
SalesForce_AddressValidation,TESTCASE62,Tue Mar 29 14:53:59 IST 2016,PASS,Address Validation for Test case: TestCase62 Started.
SalesForce_AddressValidation,TESTCASE62,Tue Mar 29 14:54:10 IST 2016,FAIL,fMenuSelection: Exception: org.openqa.selenium.remote.UnreachableBrowserException: Error communicating with the remote browser. It may have died.
Build info: version: '2.48.2', revision: '41bccdd', time: '2015-10-09 19:59:12'
System info: host: 'AV-PN-KHAREA', ip: '10.240.20.133', os.name: 'Windows 7', os.arch: 'amd64', os.version: '6.1', java.version: '1.8.0_74'
Driver info: driver.version: RemoteWebDriver
SalesForce_AddressValidation,TESTCASE63,Tue Mar 29 14:54:10 IST 2016,PASS,Address Validation for Test case: TestCase63 Started.
SalesForce_AddressValidation,TESTCASE63,Tue Mar 29 14:54:10 IST 2016,FAIL,fAddressValidation: Exception: net.ucanaccess.jdbc.UcanaccessSQLException: invalid cursor state: identifier cursor not positioned on row in UPDATE, DELETE, SET, or GET statement: ; ResultSet is empty
SalesForce_AddressValidation,TESTCASE64,Tue Mar 29 14:54:10 IST 2016,PASS,Address Validation for Test case: TestCase64 Started.
SalesForce_AddressValidation,TESTCASE64,Tue Mar 29 14:54:10 IST 2016,FAIL,fAddressValidation: Exception: net.ucanaccess.jdbc.UcanaccessSQLException: invalid cursor state: identifier cursor not positioned on row in UPDATE, DELETE, SET, or GET statement: ; ResultSet is empty
SalesForce_AddressValidation,TESTCASE65,Tue Mar 29 14:54:10 IST 2016,PASS,Address Validation for Test case: TestCase65 Started.
SalesForce_AddressValidation,TESTCASE65,Tue Mar 29 14:54:10 IST 2016,FAIL,fAddressValidation: Exception: net.ucanaccess.jdbc.UcanaccessSQLException: invalid cursor state: identifier cursor not positioned on row in UPDATE, DELETE, SET, or GET statement: ; ResultSet is empty
SalesForce_AddressValidation,SalesForce_AddressValidation,Tue Mar 29 14:54:10 IST 2016,PASS,Script Ended.
SalesForce_AddressValidation,SalesForce_AddressValidation,Tue Mar 29 14:56:35 IST 2016,FAIL,Logging into SalesForce application is Failed.
SalesForce_AddressValidation,TESTCASE60,Tue Mar 29 14:56:35 IST 2016,PASS,Address Validation for Test case: TestCase60 Started.
SalesForce_AddressValidation,TESTCASE60,Tue Mar 29 14:56:45 IST 2016,FAIL,fMenuSelection: Exception: org.openqa.selenium.NoSuchElementException: Unable to locate element: {"method":"link text","selector":"Avalara"}
Command duration or timeout: 24 milliseconds
For documentation on this error, please visit: http://seleniumhq.org/exceptions/no_such_element.html
Build info: version: '2.48.2', revision: '41bccdd', time: '2015-10-09 19:59:12'
System info: host: 'AV-PN-KHAREA', ip: '10.240.20.133', os.name: 'Windows 7', os.arch: 'amd64', os.version: '6.1', java.version: '1.8.0_74'
Driver info: org.openqa.selenium.firefox.FirefoxDriver
Capabilities [{applicationCacheEnabled=true, rotatable=false, handlesAlerts=true, databaseEnabled=true, version=45.0, platform=WINDOWS, nativeEvents=false, acceptSslCerts=true, webStorageEnabled=true, locationContextEnabled=true, browserName=firefox, takesScreenshot=true, javascriptEnabled=true, cssSelectorsEnabled=true}]
Session ID: 911fb41e-3604-44ee-9904-aa1df0d0fce0
*** Element info: {Using=link text, value=Avalara}
SalesForce_AddressValidation,TESTCASE61,Tue Mar 29 14:56:45 IST 2016,PASS,Address Validation for Test case: TestCase61 Started.
SalesForce_AddressValidation,TESTCASE61,Tue Mar 29 14:56:45 IST 2016,FAIL,fAddressValidation: Exception: net.ucanaccess.jdbc.UcanaccessSQLException: invalid cursor state: identifier cursor not positioned on row in UPDATE, DELETE, SET, or GET statement: ; ResultSet is empty
SalesForce_AddressValidation,TESTCASE62,Tue Mar 29 14:56:45 IST 2016,PASS,Address Validation for Test case: TestCase62 Started.
SalesForce_AddressValidation,TESTCASE62,Tue Mar 29 14:56:56 IST 2016,FAIL,fMenuSelection: Exception: org.openqa.selenium.NoSuchElementException: Unable to locate element: {"method":"link text","selector":"Avalara"}
Command duration or timeout: 25 milliseconds
For documentation on this error, please visit: http://seleniumhq.org/exceptions/no_such_element.html
Build info: version: '2.48.2', revision: '41bccdd', time: '2015-10-09 19:59:12'
System info: host: 'AV-PN-KHAREA', ip: '10.240.20.133', os.name: 'Windows 7', os.arch: 'amd64', os.version: '6.1', java.version: '1.8.0_74'
Driver info: org.openqa.selenium.firefox.FirefoxDriver
Capabilities [{applicationCacheEnabled=true, rotatable=false, handlesAlerts=true, databaseEnabled=true, version=45.0, platform=WINDOWS, nativeEvents=false, acceptSslCerts=true, webStorageEnabled=true, locationContextEnabled=true, browserName=firefox, takesScreenshot=true, javascriptEnabled=true, cssSelectorsEnabled=true}]
Session ID: 911fb41e-3604-44ee-9904-aa1df0d0fce0
*** Element info: {Using=link text, value=Avalara}
SalesForce_AddressValidation,TESTCASE63,Tue Mar 29 14:56:56 IST 2016,PASS,Address Validation for Test case: TestCase63 Started.
SalesForce_AddressValidation,TESTCASE63,Tue Mar 29 14:56:56 IST 2016,FAIL,fAddressValidation: Exception: net.ucanaccess.jdbc.UcanaccessSQLException: invalid cursor state: identifier cursor not positioned on row in UPDATE, DELETE, SET, or GET statement: ; ResultSet is empty
SalesForce_AddressValidation,TESTCASE64,Tue Mar 29 14:56:56 IST 2016,PASS,Address Validation for Test case: TestCase64 Started.
SalesForce_AddressValidation,TESTCASE64,Tue Mar 29 14:56:56 IST 2016,FAIL,fAddressValidation: Exception: net.ucanaccess.jdbc.UcanaccessSQLException: invalid cursor state: identifier cursor not positioned on row in UPDATE, DELETE, SET, or GET statement: ; ResultSet is empty
SalesForce_AddressValidation,TESTCASE65,Tue Mar 29 14:56:56 IST 2016,PASS,Address Validation for Test case: TestCase65 Started.
SalesForce_AddressValidation,TESTCASE65,Tue Mar 29 14:56:56 IST 2016,FAIL,fAddressValidation: Exception: net.ucanaccess.jdbc.UcanaccessSQLException: invalid cursor state: identifier cursor not positioned on row in UPDATE, DELETE, SET, or GET statement: ; ResultSet is empty
SalesForce_AddressValidation,SalesForce_AddressValidation,Tue Mar 29 14:56:56 IST 2016,PASS,Script Ended.
SalesForce_AddressValidation,SalesForce_AddressValidation,Tue Mar 29 14:57:51 IST 2016,FAIL,Logging into SalesForce application is Failed.
SalesForce_AddressValidation,TESTCASE60,Tue Mar 29 14:57:51 IST 2016,PASS,Address Validation for Test case: TestCase60 Started.
SalesForce_AddressValidation,TESTCASE60,Tue Mar 29 14:58:01 IST 2016,FAIL,fMenuSelection: Exception: org.openqa.selenium.NoSuchElementException: Unable to locate element: {"method":"link text","selector":"Avalara"}
Command duration or timeout: 26 milliseconds
For documentation on this error, please visit: http://seleniumhq.org/exceptions/no_such_element.html
Build info: version: '2.48.2', revision: '41bccdd', time: '2015-10-09 19:59:12'
System info: host: 'AV-PN-KHAREA', ip: '10.240.20.133', os.name: 'Windows 7', os.arch: 'amd64', os.version: '6.1', java.version: '1.8.0_74'
Driver info: org.openqa.selenium.firefox.FirefoxDriver
Capabilities [{applicationCacheEnabled=true, rotatable=false, handlesAlerts=true, databaseEnabled=true, version=45.0, platform=WINDOWS, nativeEvents=false, acceptSslCerts=true, webStorageEnabled=true, locationContextEnabled=true, browserName=firefox, takesScreenshot=true, javascriptEnabled=true, cssSelectorsEnabled=true}]
Session ID: 49ea0d94-7ae2-4904-9ae2-2a210be65dbd
*** Element info: {Using=link text, value=Avalara}
SalesForce_AddressValidation,TESTCASE61,Tue Mar 29 14:58:01 IST 2016,PASS,Address Validation for Test case: TestCase61 Started.
SalesForce_AddressValidation,TESTCASE61,Tue Mar 29 14:58:01 IST 2016,FAIL,fAddressValidation: Exception: net.ucanaccess.jdbc.UcanaccessSQLException: invalid cursor state: identifier cursor not positioned on row in UPDATE, DELETE, SET, or GET statement: ; ResultSet is empty
SalesForce_AddressValidation,TESTCASE62,Tue Mar 29 14:58:01 IST 2016,PASS,Address Validation for Test case: TestCase62 Started.
SalesForce_AddressValidation,SalesForce_AddressValidation,Tue Mar 29 14:58:49 IST 2016,FAIL,Logging into SalesForce application is Failed.
SalesForce_AddressValidation,TESTCASE60,Tue Mar 29 14:58:49 IST 2016,PASS,Address Validation for Test case: TestCase60 Started.
SalesForce_AddressValidation,TESTCASE62,Tue Mar 29 14:58:51 IST 2016,PASS,After clicking on menu TaxNowSettings Respective page opened successfully
SalesForce_AddressValidation,TESTCASE60,Tue Mar 29 14:58:59 IST 2016,FAIL,fMenuSelection: Exception: org.openqa.selenium.NoSuchElementException: Unable to locate element: {"method":"link text","selector":"Avalara"}
Command duration or timeout: 26 milliseconds
For documentation on this error, please visit: http://seleniumhq.org/exceptions/no_such_element.html
Build info: version: '2.48.2', revision: '41bccdd', time: '2015-10-09 19:59:12'
System info: host: 'AV-PN-KHAREA', ip: '10.240.20.133', os.name: 'Windows 7', os.arch: 'amd64', os.version: '6.1', java.version: '1.8.0_74'
Driver info: org.openqa.selenium.firefox.FirefoxDriver
Capabilities [{applicationCacheEnabled=true, rotatable=false, handlesAlerts=true, databaseEnabled=true, version=45.0, platform=WINDOWS, nativeEvents=false, acceptSslCerts=true, webStorageEnabled=true, locationContextEnabled=true, browserName=firefox, takesScreenshot=true, javascriptEnabled=true, cssSelectorsEnabled=true}]
Session ID: 59b64e53-1da6-42f7-88a6-6a054227b0f1
*** Element info: {Using=link text, value=Avalara}
SalesForce_AddressValidation,TESTCASE61,Tue Mar 29 14:58:59 IST 2016,PASS,Address Validation for Test case: TestCase61 Started.
SalesForce_AddressValidation,TESTCASE61,Tue Mar 29 14:58:59 IST 2016,FAIL,fAddressValidation: Exception: net.ucanaccess.jdbc.UcanaccessSQLException: invalid cursor state: identifier cursor not positioned on row in UPDATE, DELETE, SET, or GET statement: ; ResultSet is empty
SalesForce_AddressValidation,TESTCASE62,Tue Mar 29 14:58:59 IST 2016,PASS,Address Validation for Test case: TestCase62 Started.
SalesForce_AddressValidation,TESTCASE62,Tue Mar 29 14:59:09 IST 2016,FAIL,fMenuSelection: Exception: org.openqa.selenium.NoSuchElementException: Unable to locate element: {"method":"link text","selector":"Avalara"}
Command duration or timeout: 27 milliseconds
For documentation on this error, please visit: http://seleniumhq.org/exceptions/no_such_element.html
Build info: version: '2.48.2', revision: '41bccdd', time: '2015-10-09 19:59:12'
System info: host: 'AV-PN-KHAREA', ip: '10.240.20.133', os.name: 'Windows 7', os.arch: 'amd64', os.version: '6.1', java.version: '1.8.0_74'
Driver info: org.openqa.selenium.firefox.FirefoxDriver
Capabilities [{applicationCacheEnabled=true, rotatable=false, handlesAlerts=true, databaseEnabled=true, version=45.0, platform=WINDOWS, nativeEvents=false, acceptSslCerts=true, webStorageEnabled=true, locationContextEnabled=true, browserName=firefox, takesScreenshot=true, javascriptEnabled=true, cssSelectorsEnabled=true}]
Session ID: 59b64e53-1da6-42f7-88a6-6a054227b0f1
*** Element info: {Using=link text, value=Avalara}
SalesForce_AddressValidation,TESTCASE63,Tue Mar 29 14:59:09 IST 2016,PASS,Address Validation for Test case: TestCase63 Started.
SalesForce_AddressValidation,TESTCASE63,Tue Mar 29 14:59:09 IST 2016,FAIL,fAddressValidation: Exception: net.ucanaccess.jdbc.UcanaccessSQLException: invalid cursor state: identifier cursor not positioned on row in UPDATE, DELETE, SET, or GET statement: ; ResultSet is empty
SalesForce_AddressValidation,TESTCASE64,Tue Mar 29 14:59:09 IST 2016,PASS,Address Validation for Test case: TestCase64 Started.
SalesForce_AddressValidation,TESTCASE64,Tue Mar 29 14:59:09 IST 2016,FAIL,fAddressValidation: Exception: net.ucanaccess.jdbc.UcanaccessSQLException: invalid cursor state: identifier cursor not positioned on row in UPDATE, DELETE, SET, or GET statement: ; ResultSet is empty
SalesForce_AddressValidation,TESTCASE65,Tue Mar 29 14:59:09 IST 2016,PASS,Address Validation for Test case: TestCase65 Started.
SalesForce_AddressValidation,TESTCASE65,Tue Mar 29 14:59:09 IST 2016,FAIL,fAddressValidation: Exception: net.ucanaccess.jdbc.UcanaccessSQLException: invalid cursor state: identifier cursor not positioned on row in UPDATE, DELETE, SET, or GET statement: ; ResultSet is empty
SalesForce_AddressValidation,SalesForce_AddressValidation,Tue Mar 29 14:59:09 IST 2016,PASS,Script Ended.
SalesForce_AddressValidation,TESTCASE62,Tue Mar 29 14:59:14 IST 2016,PASS,Avalara Configuration settings updated successfully
SalesForce_AddressValidation,TESTCASE62,Tue Mar 29 14:59:53 IST 2016,FAIL,fAddressValidation: Exception: org.openqa.selenium.remote.UnreachableBrowserException: Error communicating with the remote browser. It may have died.
Build info: version: '2.48.2', revision: '41bccdd', time: '2015-10-09 19:59:12'
System info: host: 'AV-PN-KHAREA', ip: '10.240.20.133', os.name: 'Windows 7', os.arch: 'amd64', os.version: '6.1', java.version: '1.8.0_74'
Driver info: driver.version: RemoteWebDriver
SalesForce_AddressValidation,TESTCASE63,Tue Mar 29 14:59:53 IST 2016,PASS,Address Validation for Test case: TestCase63 Started.
SalesForce_AddressValidation,TESTCASE63,Tue Mar 29 14:59:53 IST 2016,FAIL,fAddressValidation: Exception: net.ucanaccess.jdbc.UcanaccessSQLException: invalid cursor state: identifier cursor not positioned on row in UPDATE, DELETE, SET, or GET statement: ; ResultSet is empty
SalesForce_AddressValidation,TESTCASE64,Tue Mar 29 14:59:53 IST 2016,PASS,Address Validation for Test case: TestCase64 Started.
SalesForce_AddressValidation,TESTCASE64,Tue Mar 29 14:59:53 IST 2016,FAIL,fAddressValidation: Exception: net.ucanaccess.jdbc.UcanaccessSQLException: invalid cursor state: identifier cursor not positioned on row in UPDATE, DELETE, SET, or GET statement: ; ResultSet is empty
SalesForce_AddressValidation,TESTCASE65,Tue Mar 29 14:59:53 IST 2016,PASS,Address Validation for Test case: TestCase65 Started.
SalesForce_AddressValidation,TESTCASE65,Tue Mar 29 14:59:53 IST 2016,FAIL,fAddressValidation: Exception: net.ucanaccess.jdbc.UcanaccessSQLException: invalid cursor state: identifier cursor not positioned on row in UPDATE, DELETE, SET, or GET statement: ; ResultSet is empty
SalesForce_AddressValidation,SalesForce_AddressValidation,Tue Mar 29 14:59:53 IST 2016,PASS,Script Ended.
SalesForce_AddressValidation,SalesForce_AddressValidation,Tue Mar 29 15:01:22 IST 2016,FAIL,Logging into SalesForce application is Failed.
SalesForce_AddressValidation,TESTCASE60,Tue Mar 29 15:01:22 IST 2016,PASS,Address Validation for Test case: TestCase60 Started.
SalesForce_AddressValidation,TESTCASE60,Tue Mar 29 15:01:32 IST 2016,FAIL,fMenuSelection: Exception: org.openqa.selenium.NoSuchElementException: Unable to locate element: {"method":"link text","selector":"Avalara"}
Command duration or timeout: 153 milliseconds
For documentation on this error, please visit: http://seleniumhq.org/exceptions/no_such_element.html
Build info: version: '2.48.2', revision: '41bccdd', time: '2015-10-09 19:59:12'
System info: host: 'AV-PN-KHAREA', ip: '10.240.20.133', os.name: 'Windows 7', os.arch: 'amd64', os.version: '6.1', java.version: '1.8.0_74'
Driver info: org.openqa.selenium.firefox.FirefoxDriver
Capabilities [{applicationCacheEnabled=true, rotatable=false, handlesAlerts=true, databaseEnabled=true, version=45.0, platform=WINDOWS, nativeEvents=false, acceptSslCerts=true, webStorageEnabled=true, locationContextEnabled=true, browserName=firefox, takesScreenshot=true, javascriptEnabled=true, cssSelectorsEnabled=true}]
Session ID: 06701d8d-11c7-49dd-8996-1cf8578a9b5b
*** Element info: {Using=link text, value=Avalara}
SalesForce_AddressValidation,TESTCASE61,Tue Mar 29 15:01:32 IST 2016,PASS,Address Validation for Test case: TestCase61 Started.
SalesForce_AddressValidation,TESTCASE61,Tue Mar 29 15:01:32 IST 2016,FAIL,fAddressValidation: Exception: net.ucanaccess.jdbc.UcanaccessSQLException: invalid cursor state: identifier cursor not positioned on row in UPDATE, DELETE, SET, or GET statement: ; ResultSet is empty
SalesForce_AddressValidation,TESTCASE62,Tue Mar 29 15:01:32 IST 2016,PASS,Address Validation for Test case: TestCase62 Started.
SalesForce_AddressValidation,TESTCASE62,Tue Mar 29 15:01:43 IST 2016,FAIL,fMenuSelection: Exception: org.openqa.selenium.NoSuchElementException: Unable to locate element: {"method":"link text","selector":"Avalara"}
Command duration or timeout: 75 milliseconds
For documentation on this error, please visit: http://seleniumhq.org/exceptions/no_such_element.html
Build info: version: '2.48.2', revision: '41bccdd', time: '2015-10-09 19:59:12'
System info: host: 'AV-PN-KHAREA', ip: '10.240.20.133', os.name: 'Windows 7', os.arch: 'amd64', os.version: '6.1', java.version: '1.8.0_74'
Driver info: org.openqa.selenium.firefox.FirefoxDriver
Capabilities [{applicationCacheEnabled=true, rotatable=false, handlesAlerts=true, databaseEnabled=true, version=45.0, platform=WINDOWS, nativeEvents=false, acceptSslCerts=true, webStorageEnabled=true, locationContextEnabled=true, browserName=firefox, takesScreenshot=true, javascriptEnabled=true, cssSelectorsEnabled=true}]
Session ID: 06701d8d-11c7-49dd-8996-1cf8578a9b5b
*** Element info: {Using=link text, value=Avalara}
SalesForce_AddressValidation,TESTCASE63,Tue Mar 29 15:01:43 IST 2016,PASS,Address Validation for Test case: TestCase63 Started.
SalesForce_AddressValidation,TESTCASE63,Tue Mar 29 15:01:43 IST 2016,FAIL,fAddressValidation: Exception: net.ucanaccess.jdbc.UcanaccessSQLException: invalid cursor state: identifier cursor not positioned on row in UPDATE, DELETE, SET, or GET statement: ; ResultSet is empty
SalesForce_AddressValidation,TESTCASE64,Tue Mar 29 15:01:43 IST 2016,PASS,Address Validation for Test case: TestCase64 Started.
SalesForce_AddressValidation,TESTCASE64,Tue Mar 29 15:01:43 IST 2016,FAIL,fAddressValidation: Exception: net.ucanaccess.jdbc.UcanaccessSQLException: invalid cursor state: identifier cursor not positioned on row in UPDATE, DELETE, SET, or GET statement: ; ResultSet is empty
SalesForce_AddressValidation,TESTCASE65,Tue Mar 29 15:01:43 IST 2016,PASS,Address Validation for Test case: TestCase65 Started.
SalesForce_AddressValidation,TESTCASE65,Tue Mar 29 15:01:43 IST 2016,FAIL,fAddressValidation: Exception: net.ucanaccess.jdbc.UcanaccessSQLException: invalid cursor state: identifier cursor not positioned on row in UPDATE, DELETE, SET, or GET statement: ; ResultSet is empty
SalesForce_AddressValidation,SalesForce_AddressValidation,Tue Mar 29 15:01:43 IST 2016,PASS,Script Ended.
SalesForce_AddressValidation,SalesForce_AddressValidation,Tue Mar 29 15:10:57 IST 2016,FAIL,Logging into SalesForce application is Failed.
SalesForce_AddressValidation,TESTCASE60,Tue Mar 29 15:10:57 IST 2016,PASS,Address Validation for Test case: TestCase60 Started.
SalesForce_AddressValidation,TESTCASE60,Tue Mar 29 15:11:07 IST 2016,FAIL,fMenuSelection: Exception: org.openqa.selenium.NoSuchElementException: Unable to locate element: {"method":"link text","selector":"Avalara"}
Command duration or timeout: 30 milliseconds
For documentation on this error, please visit: http://seleniumhq.org/exceptions/no_such_element.html
Build info: version: '2.48.2', revision: '41bccdd', time: '2015-10-09 19:59:12'
System info: host: 'AV-PN-KHAREA', ip: '10.240.20.133', os.name: 'Windows 7', os.arch: 'amd64', os.version: '6.1', java.version: '1.8.0_74'
Driver info: org.openqa.selenium.firefox.FirefoxDriver
Capabilities [{applicationCacheEnabled=true, rotatable=false, handlesAlerts=true, databaseEnabled=true, version=45.0, platform=WINDOWS, nativeEvents=false, acceptSslCerts=true, webStorageEnabled=true, locationContextEnabled=true, browserName=firefox, takesScreenshot=true, javascriptEnabled=true, cssSelectorsEnabled=true}]
Session ID: 56c3e848-968e-4394-8721-816b8017f02b
*** Element info: {Using=link text, value=Avalara}
SalesForce_AddressValidation,TESTCASE61,Tue Mar 29 15:11:07 IST 2016,PASS,Address Validation for Test case: TestCase61 Started.
SalesForce_AddressValidation,TESTCASE61,Tue Mar 29 15:11:07 IST 2016,FAIL,fAddressValidation: Exception: net.ucanaccess.jdbc.UcanaccessSQLException: invalid cursor state: identifier cursor not positioned on row in UPDATE, DELETE, SET, or GET statement: ; ResultSet is empty
SalesForce_AddressValidation,TESTCASE62,Tue Mar 29 15:11:07 IST 2016,PASS,Address Validation for Test case: TestCase62 Started.
SalesForce_AddressValidation,TESTCASE62,Tue Mar 29 15:11:17 IST 2016,FAIL,fMenuSelection: Exception: org.openqa.selenium.NoSuchElementException: Unable to locate element: {"method":"link text","selector":"Avalara"}
Command duration or timeout: 48 milliseconds
For documentation on this error, please visit: http://seleniumhq.org/exceptions/no_such_element.html
Build info: version: '2.48.2', revision: '41bccdd', time: '2015-10-09 19:59:12'
System info: host: 'AV-PN-KHAREA', ip: '10.240.20.133', os.name: 'Windows 7', os.arch: 'amd64', os.version: '6.1', java.version: '1.8.0_74'
Driver info: org.openqa.selenium.firefox.FirefoxDriver
Capabilities [{applicationCacheEnabled=true, rotatable=false, handlesAlerts=true, databaseEnabled=true, version=45.0, platform=WINDOWS, nativeEvents=false, acceptSslCerts=true, webStorageEnabled=true, locationContextEnabled=true, browserName=firefox, takesScreenshot=true, javascriptEnabled=true, cssSelectorsEnabled=true}]
Session ID: 56c3e848-968e-4394-8721-816b8017f02b
*** Element info: {Using=link text, value=Avalara}
SalesForce_AddressValidation,TESTCASE63,Tue Mar 29 15:11:17 IST 2016,PASS,Address Validation for Test case: TestCase63 Started.
SalesForce_AddressValidation,TESTCASE63,Tue Mar 29 15:11:17 IST 2016,FAIL,fAddressValidation: Exception: net.ucanaccess.jdbc.UcanaccessSQLException: invalid cursor state: identifier cursor not positioned on row in UPDATE, DELETE, SET, or GET statement: ; ResultSet is empty
SalesForce_AddressValidation,TESTCASE64,Tue Mar 29 15:11:17 IST 2016,PASS,Address Validation for Test case: TestCase64 Started.
SalesForce_AddressValidation,TESTCASE64,Tue Mar 29 15:11:17 IST 2016,FAIL,fAddressValidation: Exception: net.ucanaccess.jdbc.UcanaccessSQLException: invalid cursor state: identifier cursor not positioned on row in UPDATE, DELETE, SET, or GET statement: ; ResultSet is empty
SalesForce_AddressValidation,TESTCASE65,Tue Mar 29 15:11:17 IST 2016,PASS,Address Validation for Test case: TestCase65 Started.
SalesForce_AddressValidation,TESTCASE65,Tue Mar 29 15:11:17 IST 2016,FAIL,fAddressValidation: Exception: net.ucanaccess.jdbc.UcanaccessSQLException: invalid cursor state: identifier cursor not positioned on row in UPDATE, DELETE, SET, or GET statement: ; ResultSet is empty
SalesForce_AddressValidation,SalesForce_AddressValidation,Tue Mar 29 15:11:17 IST 2016,PASS,Script Ended.
SalesForce_AddressValidation,SalesForce_AddressValidation,Tue Mar 29 15:13:37 IST 2016,PASS,Logging into SalesForce application is successful.
SalesForce_AddressValidation,TESTCASE60,Tue Mar 29 15:13:37 IST 2016,PASS,Address Validation for Test case: TestCase60 Started.
SalesForce_AddressValidation,TESTCASE60,Tue Mar 29 15:14:25 IST 2016,PASS,After clicking on menu TaxNowSettings Respective page opened successfully
SalesForce_AddressValidation,TESTCASE60,Tue Mar 29 15:14:49 IST 2016,PASS,Avalara Configuration settings updated successfully
SalesForce_AddressValidation,TESTCASE60,Tue Mar 29 15:15:06 IST 2016,FAIL,Avalara Address Validation Test Case '  ' NOT verified successfully  for TestCase60TaxNowSettings Window Expected :  and Actual: 900 Winslow Way E, Bainbridge Island, WA 98110-2450, US
SalesForce_AddressValidation,TESTCASE61,Tue Mar 29 15:15:06 IST 2016,PASS,Address Validation for Test case: TestCase61 Started.
SalesForce_AddressValidation,TESTCASE61,Tue Mar 29 15:15:06 IST 2016,FAIL,fAddressValidation: Exception: net.ucanaccess.jdbc.UcanaccessSQLException: invalid cursor state: identifier cursor not positioned on row in UPDATE, DELETE, SET, or GET statement: ; ResultSet is empty
SalesForce_AddressValidation,TESTCASE62,Tue Mar 29 15:15:06 IST 2016,PASS,Address Validation for Test case: TestCase62 Started.
SalesForce_AddressValidation,TESTCASE62,Tue Mar 29 15:15:51 IST 2016,PASS,After clicking on menu TaxNowSettings Respective page opened successfully
SalesForce_AddressValidation,TESTCASE62,Tue Mar 29 15:16:14 IST 2016,PASS,Avalara Configuration settings updated successfully
SalesForce_AddressValidation,TESTCASE62,Tue Mar 29 15:17:27 IST 2016,PASS,Address validation verified successfully
SalesForce_AddressValidation,TESTCASE62,Tue Mar 29 15:18:40 IST 2016,PASS,Address validation saved successfully
SalesForce_AddressValidation,TESTCASE62,Tue Mar 29 15:19:27 IST 2016,PASS,After clicking on menu Contacts Respective page opened successfully
SalesForce_AddressValidation,SalesForce_AddressValidation,Tue Mar 29 15:32:23 IST 2016,FAIL,Logging into SalesForce application is Failed.
SalesForce_AddressValidation,SalesForce_AddressValidation,Tue Mar 29 15:35:26 IST 2016,FAIL,Logging into SalesForce application is Failed.
SalesForce_AddressValidation,TESTCASE60,Tue Mar 29 15:35:26 IST 2016,PASS,Address Validation for Test case: TestCase60 Started.
SalesForce_AddressValidation,TESTCASE60,Tue Mar 29 15:35:37 IST 2016,FAIL,fMenuSelection: Exception: org.openqa.selenium.NoSuchElementException: Unable to locate element: {"method":"link text","selector":"Avalara"}
Command duration or timeout: 21 milliseconds
For documentation on this error, please visit: http://seleniumhq.org/exceptions/no_such_element.html
Build info: version: '2.48.2', revision: '41bccdd', time: '2015-10-09 19:59:12'
System info: host: 'AV-PN-KHAREA', ip: '10.240.20.133', os.name: 'Windows 7', os.arch: 'amd64', os.version: '6.1', java.version: '1.8.0_74'
Driver info: org.openqa.selenium.firefox.FirefoxDriver
Capabilities [{applicationCacheEnabled=true, rotatable=false, handlesAlerts=true, databaseEnabled=true, version=45.0, platform=WINDOWS, nativeEvents=false, acceptSslCerts=true, webStorageEnabled=true, locationContextEnabled=true, browserName=firefox, takesScreenshot=true, javascriptEnabled=true, cssSelectorsEnabled=true}]
Session ID: 739b20d4-4728-4c01-ab29-5e3a320d2ec0
*** Element info: {Using=link text, value=Avalara}
SalesForce_AddressValidation,TESTCASE61,Tue Mar 29 15:35:37 IST 2016,PASS,Address Validation for Test case: TestCase61 Started.
SalesForce_AddressValidation,TESTCASE61,Tue Mar 29 15:35:37 IST 2016,FAIL,fAddressValidation: Exception: net.ucanaccess.jdbc.UcanaccessSQLException: invalid cursor state: identifier cursor not positioned on row in UPDATE, DELETE, SET, or GET statement: ; ResultSet is empty
SalesForce_AddressValidation,TESTCASE62,Tue Mar 29 15:35:37 IST 2016,PASS,Address Validation for Test case: TestCase62 Started.
SalesForce_AddressValidation,TESTCASE62,Tue Mar 29 15:35:47 IST 2016,FAIL,fMenuSelection: Exception: org.openqa.selenium.NoSuchElementException: Unable to locate element: {"method":"link text","selector":"Avalara"}
Command duration or timeout: 25 milliseconds
For documentation on this error, please visit: http://seleniumhq.org/exceptions/no_such_element.html
Build info: version: '2.48.2', revision: '41bccdd', time: '2015-10-09 19:59:12'
System info: host: 'AV-PN-KHAREA', ip: '10.240.20.133', os.name: 'Windows 7', os.arch: 'amd64', os.version: '6.1', java.version: '1.8.0_74'
Driver info: org.openqa.selenium.firefox.FirefoxDriver
Capabilities [{applicationCacheEnabled=true, rotatable=false, handlesAlerts=true, databaseEnabled=true, version=45.0, platform=WINDOWS, nativeEvents=false, acceptSslCerts=true, webStorageEnabled=true, locationContextEnabled=true, browserName=firefox, takesScreenshot=true, javascriptEnabled=true, cssSelectorsEnabled=true}]
Session ID: 739b20d4-4728-4c01-ab29-5e3a320d2ec0
*** Element info: {Using=link text, value=Avalara}
SalesForce_AddressValidation,TESTCASE63,Tue Mar 29 15:35:47 IST 2016,PASS,Address Validation for Test case: TestCase63 Started.
SalesForce_AddressValidation,TESTCASE63,Tue Mar 29 15:35:47 IST 2016,FAIL,fAddressValidation: Exception: net.ucanaccess.jdbc.UcanaccessSQLException: invalid cursor state: identifier cursor not positioned on row in UPDATE, DELETE, SET, or GET statement: ; ResultSet is empty
SalesForce_AddressValidation,TESTCASE64,Tue Mar 29 15:35:47 IST 2016,PASS,Address Validation for Test case: TestCase64 Started.
SalesForce_AddressValidation,TESTCASE64,Tue Mar 29 15:35:47 IST 2016,FAIL,fAddressValidation: Exception: net.ucanaccess.jdbc.UcanaccessSQLException: invalid cursor state: identifier cursor not positioned on row in UPDATE, DELETE, SET, or GET statement: ; ResultSet is empty
SalesForce_AddressValidation,TESTCASE65,Tue Mar 29 15:35:47 IST 2016,PASS,Address Validation for Test case: TestCase65 Started.
SalesForce_AddressValidation,TESTCASE65,Tue Mar 29 15:35:47 IST 2016,FAIL,fAddressValidation: Exception: net.ucanaccess.jdbc.UcanaccessSQLException: invalid cursor state: identifier cursor not positioned on row in UPDATE, DELETE, SET, or GET statement: ; ResultSet is empty
SalesForce_AddressValidation,SalesForce_AddressValidation,Tue Mar 29 15:35:47 IST 2016,PASS,Script Ended.
SalesForce_AddressValidation,SalesForce_AddressValidation,Tue Mar 29 15:44:51 IST 2016,PASS,Logging into SalesForce application is successful.
SalesForce_AddressValidation,TESTCASE60,Tue Mar 29 15:44:51 IST 2016,PASS,Address Validation for Test case: TestCase60 Started.
SalesForce_AddressValidation,TESTCASE60,Tue Mar 29 15:45:38 IST 2016,PASS,After clicking on menu TaxNowSettings Respective page opened successfully
SalesForce_AddressValidation,TESTCASE60,Tue Mar 29 15:46:03 IST 2016,PASS,Avalara Configuration settings updated successfully
SalesForce_AddressValidation,TESTCASE60,Tue Mar 29 15:46:21 IST 2016,FAIL,Avalara Address Validation Test Case '  ' NOT verified successfully  for TestCase60TaxNowSettings Window Expected :  and Actual: 900 Winslow Way E, Bainbridge Island, WA 98110-2450, US
SalesForce_AddressValidation,TESTCASE61,Tue Mar 29 15:46:21 IST 2016,PASS,Address Validation for Test case: TestCase61 Started.
SalesForce_AddressValidation,TESTCASE61,Tue Mar 29 15:46:21 IST 2016,FAIL,fAddressValidation: Exception: net.ucanaccess.jdbc.UcanaccessSQLException: invalid cursor state: identifier cursor not positioned on row in UPDATE, DELETE, SET, or GET statement: ; ResultSet is empty
SalesForce_AddressValidation,TESTCASE62,Tue Mar 29 15:46:21 IST 2016,PASS,Address Validation for Test case: TestCase62 Started.
SalesForce_AddressValidation,TESTCASE62,Tue Mar 29 15:47:06 IST 2016,PASS,After clicking on menu TaxNowSettings Respective page opened successfully
SalesForce_AddressValidation,TESTCASE62,Tue Mar 29 15:47:29 IST 2016,PASS,Avalara Configuration settings updated successfully
SalesForce_AddressValidation,TESTCASE62,Tue Mar 29 15:48:42 IST 2016,PASS,Address validation verified successfully
SalesForce_AddressValidation,TESTCASE62,Tue Mar 29 15:49:54 IST 2016,PASS,Address validation saved successfully
SalesForce_AddressValidation,SalesForce_AddressValidation,Tue Mar 29 16:59:59 IST 2016,PASS,Logging into SalesForce application is successful.
SalesForce_AddressValidation,TESTCASE60,Tue Mar 29 16:59:59 IST 2016,PASS,Address Validation for Test case: TestCase60 Started.
SalesForce_AddressValidation,TESTCASE60,Tue Mar 29 17:00:46 IST 2016,PASS,After clicking on menu TaxNowSettings Respective page opened successfully
SalesForce_AddressValidation,TESTCASE60,Tue Mar 29 17:01:10 IST 2016,PASS,Avalara Configuration settings updated successfully
SalesForce_AddressValidation,TESTCASE60,Tue Mar 29 17:01:26 IST 2016,FAIL,Avalara Address Validation Test Case '  ' NOT verified successfully  for TestCase60TaxNowSettings Window Expected :  and Actual: 900 Winslow Way E, Bainbridge Island, WA 98110-2450, US
SalesForce_AddressValidation,TESTCASE61,Tue Mar 29 17:01:26 IST 2016,PASS,Address Validation for Test case: TestCase61 Started.
SalesForce_AddressValidation,TESTCASE61,Tue Mar 29 17:01:26 IST 2016,FAIL,fAddressValidation: Exception: net.ucanaccess.jdbc.UcanaccessSQLException: invalid cursor state: identifier cursor not positioned on row in UPDATE, DELETE, SET, or GET statement: ; ResultSet is empty
SalesForce_AddressValidation,TESTCASE62,Tue Mar 29 17:01:26 IST 2016,PASS,Address Validation for Test case: TestCase62 Started.
SalesForce_AddressValidation,TESTCASE62,Tue Mar 29 17:02:11 IST 2016,PASS,After clicking on menu TaxNowSettings Respective page opened successfully
SalesForce_AddressValidation,TESTCASE62,Tue Mar 29 17:02:34 IST 2016,PASS,Avalara Configuration settings updated successfully
SalesForce_AddressValidation,TESTCASE62,Tue Mar 29 17:03:47 IST 2016,PASS,Address validation verified successfully
SalesForce_AddressValidation,TESTCASE62,Tue Mar 29 17:05:00 IST 2016,PASS,Address validation saved successfully
SalesForce_AddressValidation,TESTCASE62,Tue Mar 29 17:05:47 IST 2016,PASS,After clicking on menu Contacts Respective page opened successfully
SalesForce_AddressValidation,TESTCASE62,Tue Mar 29 17:06:47 IST 2016,FAIL,fAddressValidation: Exception: org.openqa.selenium.NoSuchElementException: Unable to locate element: {"method":"name","selector":"ava_sfcore__validatemailto"}
Command duration or timeout: 60.10 seconds
For documentation on this error, please visit: http://seleniumhq.org/exceptions/no_such_element.html
Build info: version: '2.48.2', revision: '41bccdd', time: '2015-10-09 19:59:12'
System info: host: 'AV-PN-KHAREA', ip: '10.240.20.133', os.name: 'Windows 7', os.arch: 'amd64', os.version: '6.1', java.version: '1.8.0_74'
Driver info: org.openqa.selenium.firefox.FirefoxDriver
Capabilities [{applicationCacheEnabled=true, rotatable=false, handlesAlerts=true, databaseEnabled=true, version=45.0, platform=WINDOWS, nativeEvents=false, acceptSslCerts=true, webStorageEnabled=true, locationContextEnabled=true, browserName=firefox, takesScreenshot=true, javascriptEnabled=true, cssSelectorsEnabled=true}]
Session ID: 876cb612-b9e4-4a14-b32e-4f84091914fa
*** Element info: {Using=name, value=ava_sfcore__validatemailto}
SalesForce_AddressValidation,TESTCASE63,Tue Mar 29 17:06:47 IST 2016,PASS,Address Validation for Test case: TestCase63 Started.
SalesForce_AddressValidation,TESTCASE63,Tue Mar 29 17:06:47 IST 2016,FAIL,fAddressValidation: Exception: net.ucanaccess.jdbc.UcanaccessSQLException: invalid cursor state: identifier cursor not positioned on row in UPDATE, DELETE, SET, or GET statement: ; ResultSet is empty
SalesForce_AddressValidation,TESTCASE64,Tue Mar 29 17:06:47 IST 2016,PASS,Address Validation for Test case: TestCase64 Started.
SalesForce_AddressValidation,TESTCASE64,Tue Mar 29 17:06:47 IST 2016,FAIL,fAddressValidation: Exception: net.ucanaccess.jdbc.UcanaccessSQLException: invalid cursor state: identifier cursor not positioned on row in UPDATE, DELETE, SET, or GET statement: ; ResultSet is empty
SalesForce_AddressValidation,TESTCASE65,Tue Mar 29 17:06:47 IST 2016,PASS,Address Validation for Test case: TestCase65 Started.
SalesForce_AddressValidation,TESTCASE65,Tue Mar 29 17:06:47 IST 2016,FAIL,fAddressValidation: Exception: net.ucanaccess.jdbc.UcanaccessSQLException: invalid cursor state: identifier cursor not positioned on row in UPDATE, DELETE, SET, or GET statement: ; ResultSet is empty
SalesForce_AddressValidation,SalesForce_AddressValidation,Tue Mar 29 17:06:47 IST 2016,PASS,Script Ended.
