ScriptName,TCName,Date,Result,Description
SalesForce_TaxCalc,SalesForce_TaxCalc,Mon Dec 15 16:21:22 IST 2014,PASS,Logging into SalesForce application is successful.
SalesForce_TaxCalc,TESTCASE1,Mon Dec 15 16:21:22 IST 2014,PASS,Tax Calculation for Test case: TestCase1 Started.
SalesForce_TaxCalc,TESTCASE1,Mon Dec 15 16:21:53 IST 2014,PASS,After clicking on menu TaxNowSettings Respective page opened successfully
SalesForce_TaxCalc,TESTCASE1,Mon Dec 15 16:22:18 IST 2014,PASS,Tax now settings updated successfully
SalesForce_TaxCalc,TESTCASE1,Mon Dec 15 16:23:08 IST 2014,PASS,After clicking on menu Accounts Respective page opened successfully
SalesForce_TaxCalc,TESTCASE1,Mon Dec 15 16:23:49 IST 2014,PASS,Order created successfully
SalesForce_TaxCalc,TESTCASE1,Mon Dec 15 16:23:59 IST 2014,PASS,After clicking on menu Orders Respective page opened successfully
SalesForce_TaxCalc,TESTCASE1,Mon Dec 15 16:24:58 IST 2014,PASS,'Total Sales Tax' 60.00 verified successfully for Test case TestCase1 on Orders Window.
SalesForce_TaxCalc,TESTCASE1,Mon Dec 15 16:24:58 IST 2014,PASS,Avalara Status ' Temporary' verified successfully on Calculate for Test case TestCase1 On tax calculation on Orders Window 
SalesForce_TaxCalc,TESTCASE1,Mon Dec 15 16:24:58 IST 2014,PASS,Tax Calculation for Test case: TestCase1 Ended.
SalesForce_TaxCalc,TESTCASE2,Mon Dec 15 16:24:58 IST 2014,PASS,Tax Calculation for Test case: TestCase2 Started.
SalesForce_TaxCalc,TESTCASE2,Mon Dec 15 16:26:29 IST 2014,PASS,After clicking on menu TaxNowSettings Respective page opened successfully
SalesForce_TaxCalc,TESTCASE2,Mon Dec 15 16:26:56 IST 2014,PASS,Tax now settings updated successfully
SalesForce_TaxCalc,TESTCASE2,Mon Dec 15 16:27:50 IST 2014,PASS,After clicking on menu Accounts Respective page opened successfully
SalesForce_TaxCalc,TESTCASE2,Mon Dec 15 16:28:31 IST 2014,PASS,Order created successfully
SalesForce_TaxCalc,TESTCASE2,Mon Dec 15 16:28:41 IST 2014,PASS,After clicking on menu Orders Respective page opened successfully
SalesForce_TaxCalc,TESTCASE2,Mon Dec 15 16:29:37 IST 2014,PASS,'Total Sales Tax' 60.00 verified successfully for Test case TestCase2 on Orders Window.
SalesForce_TaxCalc,TESTCASE2,Mon Dec 15 16:29:38 IST 2014,PASS,Avalara Status ' Saved' verified successfully on Calculate for Test case TestCase2 On tax calculation on Orders Window 
SalesForce_TaxCalc,TESTCASE2,Mon Dec 15 16:29:38 IST 2014,PASS,Tax Calculation for Test case: TestCase2 Ended.
SalesForce_TaxCalc,TESTCASE3,Mon Dec 15 16:29:38 IST 2014,PASS,Tax Calculation for Test case: TestCase3 Started.
SalesForce_TaxCalc,TESTCASE3,Mon Dec 15 16:31:09 IST 2014,PASS,After clicking on menu TaxNowSettings Respective page opened successfully
SalesForce_TaxCalc,TESTCASE3,Mon Dec 15 16:31:35 IST 2014,PASS,Tax now settings updated successfully
SalesForce_TaxCalc,TESTCASE3,Mon Dec 15 16:32:28 IST 2014,PASS,After clicking on menu Accounts Respective page opened successfully
SalesForce_TaxCalc,TESTCASE3,Mon Dec 15 16:33:11 IST 2014,PASS,Order created successfully
SalesForce_TaxCalc,TESTCASE3,Mon Dec 15 16:33:21 IST 2014,PASS,After clicking on menu Orders Respective page opened successfully
SalesForce_TaxCalc,TESTCASE3,Mon Dec 15 16:34:17 IST 2014,PASS,'Total Sales Tax' 85.00 verified successfully for Test case TestCase3 on Orders Window.
SalesForce_TaxCalc,TESTCASE3,Mon Dec 15 16:34:17 IST 2014,PASS,Avalara Status ' Saved' verified successfully on Calculate for Test case TestCase3 On tax calculation on Orders Window 
SalesForce_TaxCalc,TESTCASE3,Mon Dec 15 16:35:06 IST 2014,PASS,'Total Sales Tax' 85.00 verified successfully for Test case TestCase3 on Finalize Orders Window.
SalesForce_TaxCalc,TESTCASE3,Mon Dec 15 16:35:06 IST 2014,FAIL,Avalara Status ' Committed ' NOT verified successfully on Calculate for Test case TestCase3 On tax calculation for on Finalize Orders Window Expected : Committed and Actual: Saved
SalesForce_TaxCalc,SalesForce_TaxCalc,Mon Dec 15 16:35:06 IST 2014,PASS,Script Ended.
SalesForce_ErrorMessageDisplayed,SalesForce_ErrorMessageDisplayed,Mon Dec 15 17:02:40 IST 2014,PASS,Logging into SalesForce application is successful.
SalesForce_ErrorMessageDisplayed,TESTCASE80,Mon Dec 15 17:02:40 IST 2014,PASS,Tax Calculation for Test case: TestCase80 Started.
SalesForce_ErrorMessageDisplayed,TESTCASE80,Mon Dec 15 17:03:11 IST 2014,PASS,After clicking on menu TaxNowSettings Respective page opened successfully
SalesForce_ErrorMessageDisplayed,TESTCASE80,Mon Dec 15 17:03:37 IST 2014,PASS,Tax now settings updated successfully
SalesForce_ErrorMessageDisplayed,TESTCASE80,Mon Dec 15 17:04:29 IST 2014,PASS,After clicking on menu Accounts Respective page opened successfully
SalesForce_ErrorMessageDisplayed,TESTCASE80,Mon Dec 15 17:05:12 IST 2014,PASS,Order created successfully
SalesForce_ErrorMessageDisplayed,TESTCASE80,Mon Dec 15 17:05:22 IST 2014,PASS,After clicking on menu Orders Respective page opened successfully
SalesForce_ErrorMessageDisplayed,TESTCASE80,Mon Dec 15 17:07:12 IST 2014,PASS,Error message appeared as Name: JurisdictionNotFoundError Summary: Unable to determine the taxing jurisdictions. Details: 900432 Winslow Way, Bainbridge Island, WA 453543 US (Destination)
SalesForce_ErrorMessageDisplayed,TESTCASE80,Mon Dec 15 17:07:12 IST 2014,PASS,Tax Calculation for Test case: TestCase80 Ended.
SalesForce_ErrorMessageDisplayed,TESTCASE81,Mon Dec 15 17:07:12 IST 2014,PASS,Tax Calculation for Test case: TestCase81 Started.
SalesForce_ErrorMessageDisplayed,TESTCASE81,Mon Dec 15 17:09:00 IST 2014,PASS,After clicking on menu TaxNowSettings Respective page opened successfully
SalesForce_ErrorMessageDisplayed,TESTCASE81,Mon Dec 15 17:09:27 IST 2014,PASS,Tax now settings updated successfully
SalesForce_ErrorMessageDisplayed,TESTCASE81,Mon Dec 15 17:10:19 IST 2014,PASS,After clicking on menu Accounts Respective page opened successfully
SalesForce_ErrorMessageDisplayed,TESTCASE81,Mon Dec 15 17:11:03 IST 2014,PASS,Order created successfully
SalesForce_ErrorMessageDisplayed,TESTCASE81,Mon Dec 15 17:11:13 IST 2014,PASS,After clicking on menu Orders Respective page opened successfully
SalesForce_ErrorMessageDisplayed,TESTCASE81,Mon Dec 15 17:12:11 IST 2014,PASS,Error message appeared as Name: JurisdictionNotFoundError Summary: Unable to determine the taxing jurisdictions. Details: 900432 Winslow Way, Bainbridge Island, WA 453543 US (Destination)
SalesForce_ErrorMessageDisplayed,TESTCASE81,Mon Dec 15 17:12:11 IST 2014,PASS,Tax Calculation for Test case: TestCase81 Ended.
SalesForce_ErrorMessageDisplayed,TESTCASE82,Mon Dec 15 17:12:11 IST 2014,PASS,Tax Calculation for Test case: TestCase82 Started.
SalesForce_ErrorMessageDisplayed,TESTCASE82,Mon Dec 15 17:13:42 IST 2014,PASS,After clicking on menu TaxNowSettings Respective page opened successfully
SalesForce_ErrorMessageDisplayed,TESTCASE82,Mon Dec 15 17:14:08 IST 2014,PASS,Tax now settings updated successfully
SalesForce_ErrorMessageDisplayed,TESTCASE82,Mon Dec 15 17:15:01 IST 2014,PASS,After clicking on menu Accounts Respective page opened successfully
SalesForce_ErrorMessageDisplayed,TESTCASE82,Mon Dec 15 17:15:43 IST 2014,PASS,Order created successfully
SalesForce_ErrorMessageDisplayed,TESTCASE82,Mon Dec 15 17:15:53 IST 2014,PASS,After clicking on menu Orders Respective page opened successfully
SalesForce_ErrorMessageDisplayed,TESTCASE82,Mon Dec 15 17:16:50 IST 2014,PASS,Error message appeared as Name: JurisdictionNotFoundError Summary: Unable to determine the taxing jurisdictions. Details: 900432 Winslow Way, Bainbridge Island, WA 453543 US (Destination)
SalesForce_ErrorMessageDisplayed,TESTCASE82,Mon Dec 15 17:16:58 IST 2014,PASS,Error message appeared as Name: JurisdictionNotFoundError Summary: Unable to determine the taxing jurisdictions. Details: 900432 Winslow Way, Bainbridge Island, WA 453543 US (Destination)
SalesForce_ErrorMessageDisplayed,TESTCASE82,Mon Dec 15 17:16:58 IST 2014,PASS,Tax Calculation for Test case: TestCase82 Ended.
SalesForce_ErrorMessageDisplayed,TESTCASE83,Mon Dec 15 17:16:58 IST 2014,PASS,Tax Calculation for Test case: TestCase83 Started.
SalesForce_ErrorMessageDisplayed,TESTCASE83,Mon Dec 15 17:18:30 IST 2014,PASS,After clicking on menu TaxNowSettings Respective page opened successfully
SalesForce_ErrorMessageDisplayed,TESTCASE83,Mon Dec 15 17:18:56 IST 2014,PASS,Tax now settings updated successfully
SalesForce_ErrorMessageDisplayed,TESTCASE83,Mon Dec 15 17:19:49 IST 2014,PASS,After clicking on menu Accounts Respective page opened successfully
SalesForce_ErrorMessageDisplayed,TESTCASE83,Mon Dec 15 17:20:32 IST 2014,PASS,Order created successfully
SalesForce_ErrorMessageDisplayed,TESTCASE83,Mon Dec 15 17:20:42 IST 2014,PASS,After clicking on menu Orders Respective page opened successfully
SalesForce_ErrorMessageDisplayed,TESTCASE83,Mon Dec 15 17:21:43 IST 2014,PASS,Error message appeared as Name: JurisdictionNotFoundError Summary: Unable to determine the taxing jurisdictions. Details: 900432 Winslow Way, Bainbridge Island, WA 453543 US (Destination)
SalesForce_ErrorMessageDisplayed,TESTCASE83,Mon Dec 15 17:21:43 IST 2014,PASS,Tax Calculation for Test case: TestCase83 Ended.
SalesForce_ErrorMessageDisplayed,TESTCASE84,Mon Dec 15 17:21:43 IST 2014,PASS,Tax Calculation for Test case: TestCase84 Started.
SalesForce_ErrorMessageDisplayed,TESTCASE84,Mon Dec 15 17:23:14 IST 2014,PASS,After clicking on menu TaxNowSettings Respective page opened successfully
SalesForce_ErrorMessageDisplayed,TESTCASE84,Mon Dec 15 17:23:41 IST 2014,PASS,Tax now settings updated successfully
SalesForce_ErrorMessageDisplayed,TESTCASE84,Mon Dec 15 17:24:34 IST 2014,PASS,After clicking on menu Accounts Respective page opened successfully
SalesForce_ErrorMessageDisplayed,TESTCASE84,Mon Dec 15 17:25:15 IST 2014,PASS,Order created successfully
SalesForce_ErrorMessageDisplayed,TESTCASE84,Mon Dec 15 17:25:25 IST 2014,PASS,After clicking on menu Orders Respective page opened successfully
SalesForce_ErrorMessageDisplayed,TESTCASE84,Mon Dec 15 17:26:23 IST 2014,PASS,Error message appeared as Name: TaxAddressError Summary: An Address is incomplete or invalid. Details:
SalesForce_ErrorMessageDisplayed,TESTCASE84,Mon Dec 15 17:26:23 IST 2014,PASS,Tax Calculation for Test case: TestCase84 Ended.
SalesForce_ErrorMessageDisplayed,TESTCASE85,Mon Dec 15 17:26:23 IST 2014,PASS,Tax Calculation for Test case: TestCase85 Started.
SalesForce_ErrorMessageDisplayed,TESTCASE85,Mon Dec 15 17:27:54 IST 2014,PASS,After clicking on menu TaxNowSettings Respective page opened successfully
SalesForce_ErrorMessageDisplayed,TESTCASE85,Mon Dec 15 17:28:20 IST 2014,PASS,Tax now settings updated successfully
SalesForce_ErrorMessageDisplayed,TESTCASE85,Mon Dec 15 17:29:13 IST 2014,PASS,After clicking on menu Accounts Respective page opened successfully
SalesForce_ErrorMessageDisplayed,TESTCASE85,Mon Dec 15 17:29:55 IST 2014,PASS,Order created successfully
SalesForce_ErrorMessageDisplayed,TESTCASE85,Mon Dec 15 17:30:05 IST 2014,PASS,After clicking on menu Orders Respective page opened successfully
SalesForce_ErrorMessageDisplayed,TESTCASE85,Mon Dec 15 17:31:05 IST 2014,PASS,Error message appeared as Name: TaxAddressError Summary: An Address is incomplete or invalid. Details:
SalesForce_ErrorMessageDisplayed,TESTCASE85,Mon Dec 15 17:31:05 IST 2014,PASS,Tax Calculation for Test case: TestCase85 Ended.
SalesForce_ErrorMessageDisplayed,TESTCASE86,Mon Dec 15 17:31:05 IST 2014,PASS,Tax Calculation for Test case: TestCase86 Started.
SalesForce_ErrorMessageDisplayed,TESTCASE86,Mon Dec 15 17:32:36 IST 2014,PASS,After clicking on menu TaxNowSettings Respective page opened successfully
SalesForce_ErrorMessageDisplayed,TESTCASE86,Mon Dec 15 17:33:04 IST 2014,PASS,Tax now settings updated successfully
SalesForce_ErrorMessageDisplayed,TESTCASE86,Mon Dec 15 17:33:56 IST 2014,PASS,After clicking on menu Accounts Respective page opened successfully
SalesForce_ErrorMessageDisplayed,TESTCASE86,Mon Dec 15 17:34:40 IST 2014,PASS,Order created successfully
SalesForce_ErrorMessageDisplayed,TESTCASE86,Mon Dec 15 17:34:50 IST 2014,PASS,After clicking on menu Orders Respective page opened successfully
SalesForce_ErrorMessageDisplayed,TESTCASE86,Mon Dec 15 17:35:48 IST 2014,PASS,Error message appeared as Name: TaxAddressError Summary: An Address is incomplete or invalid. Details:
SalesForce_ErrorMessageDisplayed,TESTCASE86,Mon Dec 15 17:35:58 IST 2014,PASS,Error message appeared as Name: TaxAddressError Summary: An Address is incomplete or invalid. Details:
SalesForce_ErrorMessageDisplayed,TESTCASE86,Mon Dec 15 17:35:58 IST 2014,PASS,Tax Calculation for Test case: TestCase86 Ended.
SalesForce_ErrorMessageDisplayed,TESTCASE87,Mon Dec 15 17:35:58 IST 2014,PASS,Tax Calculation for Test case: TestCase87 Started.
SalesForce_ErrorMessageDisplayed,TESTCASE87,Mon Dec 15 17:37:28 IST 2014,PASS,After clicking on menu TaxNowSettings Respective page opened successfully
SalesForce_ErrorMessageDisplayed,TESTCASE87,Mon Dec 15 17:37:55 IST 2014,PASS,Tax now settings updated successfully
SalesForce_ErrorMessageDisplayed,TESTCASE87,Mon Dec 15 17:38:48 IST 2014,PASS,After clicking on menu Accounts Respective page opened successfully
SalesForce_ErrorMessageDisplayed,TESTCASE87,Mon Dec 15 17:39:29 IST 2014,PASS,Order created successfully
SalesForce_ErrorMessageDisplayed,TESTCASE87,Mon Dec 15 17:39:39 IST 2014,PASS,After clicking on menu Orders Respective page opened successfully
SalesForce_ErrorMessageDisplayed,TESTCASE87,Mon Dec 15 17:40:37 IST 2014,PASS,Error message appeared as Name: TaxAddressError Summary: An Address is incomplete or invalid. Details:
SalesForce_ErrorMessageDisplayed,TESTCASE87,Mon Dec 15 17:40:37 IST 2014,PASS,Tax Calculation for Test case: TestCase87 Ended.
SalesForce_ErrorMessageDisplayed,SalesForce_ErrorMessageDisplayed,Mon Dec 15 17:40:37 IST 2014,PASS,Script Ended.
SalesForce_AddressValidation,SalesForce_AddressValidation,Mon Dec 15 18:14:34 IST 2014,PASS,Logging into SalesForce application is successful.
SalesForce_AddressValidation,TESTCASE60,Mon Dec 15 18:14:34 IST 2014,PASS,Address Validation for Test case: TestCase60 Started.
SalesForce_AddressValidation,TESTCASE60,Mon Dec 15 18:15:14 IST 2014,PASS,After clicking on menu TaxNowSettings Respective page opened successfully
SalesForce_AddressValidation,TESTCASE60,Mon Dec 15 18:15:40 IST 2014,PASS,Tax now settings updated successfully
SalesForce_AddressValidation,TESTCASE60,Mon Dec 15 18:16:02 IST 2014,PASS,Avalara Address Validation Test Case' verified successfully for TestCase60TaxNowSettings Window 
SalesForce_AddressValidation,TESTCASE60,Mon Dec 15 18:16:15 IST 2014,PASS,Address validation saved successfully
SalesForce_AddressValidation,TESTCASE60,Mon Dec 15 18:18:02 IST 2014,FAIL,fMenuSelection: Exception: org.openqa.selenium.NoSuchElementException: Unable to locate element: {"method":"id","selector":"ctrc25street"}
Command duration or timeout: 60.09 seconds
For documentation on this error, please visit: http://seleniumhq.org/exceptions/no_such_element.html
Build info: version: '2.40.0', revision: 'fbe29a9', time: '2014-02-19 20:55:11'
System info: host: 'Av-Pn-KhareA', ip: '10.240.20.131', os.name: 'Windows 7', os.arch: 'x86', os.version: '6.1', java.version: '1.6.0_45'
Session ID: 118c8f15-2c26-49eb-ac9f-b0dd4e18ecc8
Driver info: org.openqa.selenium.firefox.FirefoxDriver
Capabilities [{platform=XP, acceptSslCerts=true, javascriptEnabled=true, browserName=firefox, rotatable=false, locationContextEnabled=true, version=12.0, cssSelectorsEnabled=true, databaseEnabled=true, handlesAlerts=true, browserConnectionEnabled=true, nativeEvents=false, webStorageEnabled=true, applicationCacheEnabled=true, takesScreenshot=true}]
SalesForce_AddressValidation,TESTCASE61,Mon Dec 15 18:18:02 IST 2014,PASS,Address Validation for Test case: TestCase61 Started.
SalesForce_AddressValidation,TESTCASE61,Mon Dec 15 18:19:44 IST 2014,PASS,After clicking on menu TaxNowSettings Respective page opened successfully
SalesForce_AddressValidation,TESTCASE61,Mon Dec 15 18:20:11 IST 2014,PASS,Tax now settings updated successfully
SalesForce_AddressValidation,TESTCASE61,Mon Dec 15 18:21:25 IST 2014,PASS,Address validation verified successfully
SalesForce_AddressValidation,TESTCASE61,Mon Dec 15 18:22:37 IST 2014,PASS,Address validation saved successfully
SalesForce_AddressValidation,TESTCASE61,Mon Dec 15 18:24:23 IST 2014,FAIL,fMenuSelection: Exception: org.openqa.selenium.NoSuchElementException: Unable to locate element: {"method":"id","selector":"ctrc25street"}
Command duration or timeout: 60.17 seconds
For documentation on this error, please visit: http://seleniumhq.org/exceptions/no_such_element.html
Build info: version: '2.40.0', revision: 'fbe29a9', time: '2014-02-19 20:55:11'
System info: host: 'Av-Pn-KhareA', ip: '10.240.20.131', os.name: 'Windows 7', os.arch: 'x86', os.version: '6.1', java.version: '1.6.0_45'
Session ID: 118c8f15-2c26-49eb-ac9f-b0dd4e18ecc8
Driver info: org.openqa.selenium.firefox.FirefoxDriver
Capabilities [{platform=XP, acceptSslCerts=true, javascriptEnabled=true, browserName=firefox, rotatable=false, locationContextEnabled=true, version=12.0, cssSelectorsEnabled=true, databaseEnabled=true, handlesAlerts=true, browserConnectionEnabled=true, nativeEvents=false, webStorageEnabled=true, applicationCacheEnabled=true, takesScreenshot=true}]
SalesForce_AddressValidation,TESTCASE62,Mon Dec 15 18:24:23 IST 2014,PASS,Address Validation for Test case: TestCase62 Started.
SalesForce_AddressValidation,TESTCASE62,Mon Dec 15 18:26:04 IST 2014,PASS,After clicking on menu TaxNowSettings Respective page opened successfully
SalesForce_AddressValidation,TESTCASE62,Mon Dec 15 18:26:31 IST 2014,PASS,Tax now settings updated successfully
SalesForce_AddressValidation,TESTCASE62,Mon Dec 15 18:27:47 IST 2014,PASS,Address validation verified successfully
SalesForce_AddressValidation,TESTCASE62,Mon Dec 15 18:28:59 IST 2014,PASS,Address validation saved successfully
SalesForce_AddressValidation,TESTCASE62,Mon Dec 15 18:30:46 IST 2014,FAIL,fMenuSelection: Exception: org.openqa.selenium.NoSuchElementException: Unable to locate element: {"method":"id","selector":"ctrc25street"}
Command duration or timeout: 60.12 seconds
For documentation on this error, please visit: http://seleniumhq.org/exceptions/no_such_element.html
Build info: version: '2.40.0', revision: 'fbe29a9', time: '2014-02-19 20:55:11'
System info: host: 'Av-Pn-KhareA', ip: '10.240.20.131', os.name: 'Windows 7', os.arch: 'x86', os.version: '6.1', java.version: '1.6.0_45'
Session ID: 118c8f15-2c26-49eb-ac9f-b0dd4e18ecc8
Driver info: org.openqa.selenium.firefox.FirefoxDriver
Capabilities [{platform=XP, acceptSslCerts=true, javascriptEnabled=true, browserName=firefox, rotatable=false, locationContextEnabled=true, version=12.0, cssSelectorsEnabled=true, databaseEnabled=true, handlesAlerts=true, browserConnectionEnabled=true, nativeEvents=false, webStorageEnabled=true, applicationCacheEnabled=true, takesScreenshot=true}]
SalesForce_AddressValidation,SalesForce_AddressValidation,Mon Dec 15 18:30:46 IST 2014,PASS,Script Ended.
SalesForce_AddressValidation,SalesForce_AddressValidation,Tue Dec 16 10:26:16 IST 2014,PASS,Logging into SalesForce application is successful.
SalesForce_AddressValidation,TESTCASE60,Tue Dec 16 10:26:17 IST 2014,PASS,Address Validation for Test case: TestCase60 Started.
SalesForce_AddressValidation,TESTCASE60,Tue Dec 16 10:26:57 IST 2014,PASS,After clicking on menu TaxNowSettings Respective page opened successfully
SalesForce_AddressValidation,TESTCASE60,Tue Dec 16 10:27:22 IST 2014,PASS,Tax now settings updated successfully
SalesForce_AddressValidation,TESTCASE60,Tue Dec 16 10:28:53 IST 2014,PASS,Avalara Address Validation Test Case' verified successfully for TestCase60TaxNowSettings Window 
SalesForce_AddressValidation,TESTCASE60,Tue Dec 16 10:29:06 IST 2014,PASS,Address validation saved successfully
SalesForce_AddressValidation,TESTCASE60,Tue Dec 16 10:30:59 IST 2014,FAIL,fMenuSelection: Exception: org.openqa.selenium.NoSuchElementException: Unable to locate element: {"method":"id","selector":"ctrc25street"}
Command duration or timeout: 60.10 seconds
For documentation on this error, please visit: http://seleniumhq.org/exceptions/no_such_element.html
Build info: version: '2.40.0', revision: 'fbe29a9', time: '2014-02-19 20:55:11'
System info: host: 'Av-Pn-KhareA', ip: '10.240.20.109', os.name: 'Windows 7', os.arch: 'x86', os.version: '6.1', java.version: '1.6.0_45'
Session ID: 79426d8c-85ad-4da8-ade6-6da8b4481cdd
Driver info: org.openqa.selenium.firefox.FirefoxDriver
Capabilities [{platform=XP, acceptSslCerts=true, javascriptEnabled=true, browserName=firefox, rotatable=false, locationContextEnabled=true, version=12.0, cssSelectorsEnabled=true, databaseEnabled=true, handlesAlerts=true, browserConnectionEnabled=true, nativeEvents=false, webStorageEnabled=true, applicationCacheEnabled=true, takesScreenshot=true}]
SalesForce_AddressValidation,SalesForce_AddressValidation,Tue Dec 16 10:32:24 IST 2014,PASS,Logging into SalesForce application is successful.
SalesForce_AddressValidation,TESTCASE60,Tue Dec 16 10:32:24 IST 2014,PASS,Address Validation for Test case: TestCase60 Started.
SalesForce_AddressValidation,TESTCASE60,Tue Dec 16 10:33:06 IST 2014,PASS,After clicking on menu TaxNowSettings Respective page opened successfully
SalesForce_AddressValidation,TESTCASE60,Tue Dec 16 10:33:31 IST 2014,PASS,Tax now settings updated successfully
SalesForce_AddressValidation,TESTCASE60,Tue Dec 16 10:37:58 IST 2014,FAIL,Address validation not saved successfully
SalesForce_AddressValidation,SalesForce_AddressValidation,Tue Dec 16 10:56:38 IST 2014,FAIL,Logging into SalesForce application is Failed.
SalesForce_AddressValidation,TESTCASE60,Tue Dec 16 10:56:38 IST 2014,PASS,Address Validation for Test case: TestCase60 Started.
SalesForce_AddressValidation,TESTCASE60,Tue Dec 16 10:57:17 IST 2014,PASS,After clicking on menu TaxNowSettings Respective page opened successfully
SalesForce_AddressValidation,TESTCASE60,Tue Dec 16 10:57:42 IST 2014,PASS,Tax now settings updated successfully
SalesForce_AddressValidation,TESTCASE60,Tue Dec 16 10:58:02 IST 2014,PASS,Avalara Address Validation Test Case' verified successfully for TestCase60TaxNowSettings Window 
SalesForce_AddressValidation,TESTCASE60,Tue Dec 16 10:58:13 IST 2014,PASS,Address validation saved successfully
SalesForce_AddressValidation,SalesForce_AddressValidation,Tue Dec 16 11:11:20 IST 2014,PASS,Logging into SalesForce application is successful.
SalesForce_AddressValidation,TESTCASE60,Tue Dec 16 11:11:20 IST 2014,PASS,Address Validation for Test case: TestCase60 Started.
SalesForce_AddressValidation,TESTCASE60,Tue Dec 16 11:12:00 IST 2014,PASS,After clicking on menu TaxNowSettings Respective page opened successfully
SalesForce_AddressValidation,TESTCASE60,Tue Dec 16 11:12:24 IST 2014,PASS,Tax now settings updated successfully
SalesForce_AddressValidation,TESTCASE60,Tue Dec 16 11:12:45 IST 2014,PASS,Avalara Address Validation Test Case' verified successfully for TestCase60TaxNowSettings Window 
SalesForce_AddressValidation,TESTCASE60,Tue Dec 16 11:12:56 IST 2014,PASS,Address validation saved successfully
SalesForce_AddressValidation,TESTCASE60,Tue Dec 16 11:13:52 IST 2014,PASS,After clicking on menu Contacts Respective page opened successfully
SalesForce_AddressValidation,TESTCASE60,Tue Dec 16 11:15:10 IST 2014,PASS,Avalara Address Validation Test Case' verified successfully for TestCase60Contacts Window 
SalesForce_AddressValidation,TESTCASE60,Tue Dec 16 11:15:21 IST 2014,PASS,Address validation saved successfully
SalesForce_AddressValidation,TESTCASE60,Tue Dec 16 11:15:52 IST 2014,PASS,Avalara Address Validation Test Case' verified successfully for TestCase60Contacts Window 
SalesForce_AddressValidation,TESTCASE60,Tue Dec 16 11:16:03 IST 2014,PASS,Address validation saved successfully
SalesForce_AddressValidation,TESTCASE60,Tue Dec 16 11:17:30 IST 2014,PASS,After clicking on menu Accounts Respective page opened successfully
SalesForce_AddressValidation,TESTCASE60,Tue Dec 16 11:17:55 IST 2014,PASS,Avalara Address Validation Test Case' verified successfully for TestCase60Accounts Window 
SalesForce_AddressValidation,TESTCASE60,Tue Dec 16 11:18:07 IST 2014,PASS,Address validation saved successfully
SalesForce_AddressValidation,TESTCASE60,Tue Dec 16 11:18:31 IST 2014,PASS,Avalara Address Validation Test Case' verified successfully for TestCase60Accounts Window 
SalesForce_AddressValidation,TESTCASE60,Tue Dec 16 11:18:42 IST 2014,PASS,Address validation saved successfully
SalesForce_AddressValidation,TESTCASE60,Tue Dec 16 11:20:50 IST 2014,FAIL,fMenuSelection: Exception: org.openqa.selenium.NoSuchElementException: Unable to locate element: {"method":"id","selector":"ctrc25street"}
Command duration or timeout: 60.15 seconds
For documentation on this error, please visit: http://seleniumhq.org/exceptions/no_such_element.html
Build info: version: '2.40.0', revision: 'fbe29a9', time: '2014-02-19 20:55:11'
System info: host: 'Av-Pn-KhareA', ip: '10.240.20.109', os.name: 'Windows 7', os.arch: 'x86', os.version: '6.1', java.version: '1.6.0_45'
Session ID: bf50863a-d185-4f37-9a34-4c54697a49c7
Driver info: org.openqa.selenium.firefox.FirefoxDriver
Capabilities [{platform=XP, acceptSslCerts=true, javascriptEnabled=true, browserName=firefox, rotatable=false, locationContextEnabled=true, version=12.0, cssSelectorsEnabled=true, databaseEnabled=true, handlesAlerts=true, browserConnectionEnabled=true, nativeEvents=false, webStorageEnabled=true, applicationCacheEnabled=true, takesScreenshot=true}]
SalesForce_AddressValidation,SalesForce_AddressValidation,Tue Dec 16 11:24:51 IST 2014,PASS,Logging into SalesForce application is successful.
SalesForce_AddressValidation,TESTCASE60,Tue Dec 16 11:24:51 IST 2014,PASS,Address Validation for Test case: TestCase60 Started.
SalesForce_AddressValidation,TESTCASE60,Tue Dec 16 11:25:30 IST 2014,PASS,After clicking on menu TaxNowSettings Respective page opened successfully
SalesForce_AddressValidation,TESTCASE60,Tue Dec 16 11:25:55 IST 2014,PASS,Tax now settings updated successfully
SalesForce_AddressValidation,TESTCASE60,Tue Dec 16 11:26:17 IST 2014,PASS,Avalara Address Validation Test Case' verified successfully for TestCase60TaxNowSettings Window 
SalesForce_AddressValidation,TESTCASE60,Tue Dec 16 11:26:29 IST 2014,PASS,Address validation saved successfully
SalesForce_AddressValidation,TESTCASE60,Tue Dec 16 11:27:18 IST 2014,PASS,After clicking on menu Contacts Respective page opened successfully
SalesForce_AddressValidation,TESTCASE60,Tue Dec 16 11:27:32 IST 2014,PASS,Avalara Address Validation Test Case' verified successfully for TestCase60Contacts Window 
SalesForce_AddressValidation,TESTCASE60,Tue Dec 16 11:27:43 IST 2014,PASS,Address validation saved successfully
SalesForce_AddressValidation,TESTCASE60,Tue Dec 16 11:28:01 IST 2014,PASS,Avalara Address Validation Test Case' verified successfully for TestCase60Contacts Window 
SalesForce_AddressValidation,TESTCASE60,Tue Dec 16 11:28:12 IST 2014,PASS,Address validation saved successfully
SalesForce_AddressValidation,TESTCASE60,Tue Dec 16 11:29:03 IST 2014,PASS,After clicking on menu Accounts Respective page opened successfully
SalesForce_AddressValidation,TESTCASE60,Tue Dec 16 11:29:17 IST 2014,PASS,Avalara Address Validation Test Case' verified successfully for TestCase60Accounts Window 
SalesForce_AddressValidation,TESTCASE60,Tue Dec 16 11:29:28 IST 2014,PASS,Address validation saved successfully
SalesForce_AddressValidation,TESTCASE60,Tue Dec 16 11:29:43 IST 2014,PASS,Avalara Address Validation Test Case' verified successfully for TestCase60Accounts Window 
SalesForce_AddressValidation,TESTCASE60,Tue Dec 16 11:29:54 IST 2014,PASS,Address validation saved successfully
SalesForce_AddressValidation,TESTCASE60,Tue Dec 16 11:34:53 IST 2014,PASS,After clicking on menu Contracts Respective page opened successfully
SalesForce_AddressValidation,SalesForce_AddressValidation,Tue Dec 16 11:44:18 IST 2014,PASS,Logging into SalesForce application is successful.
SalesForce_AddressValidation,TESTCASE60,Tue Dec 16 11:44:18 IST 2014,PASS,Address Validation for Test case: TestCase60 Started.
SalesForce_AddressValidation,TESTCASE60,Tue Dec 16 11:44:58 IST 2014,PASS,After clicking on menu TaxNowSettings Respective page opened successfully
SalesForce_AddressValidation,TESTCASE60,Tue Dec 16 11:45:23 IST 2014,PASS,Tax now settings updated successfully
SalesForce_AddressValidation,TESTCASE60,Tue Dec 16 11:45:42 IST 2014,PASS,Avalara Address Validation Test Case' verified successfully for TestCase60TaxNowSettings Window 
SalesForce_AddressValidation,TESTCASE60,Tue Dec 16 11:45:54 IST 2014,PASS,Address validation saved successfully
SalesForce_AddressValidation,TESTCASE60,Tue Dec 16 11:46:44 IST 2014,PASS,After clicking on menu Contacts Respective page opened successfully
SalesForce_AddressValidation,TESTCASE60,Tue Dec 16 11:46:57 IST 2014,PASS,Avalara Address Validation Test Case' verified successfully for TestCase60Contacts Window 
SalesForce_AddressValidation,TESTCASE60,Tue Dec 16 11:47:08 IST 2014,PASS,Address validation saved successfully
SalesForce_AddressValidation,TESTCASE60,Tue Dec 16 11:47:25 IST 2014,PASS,Avalara Address Validation Test Case' verified successfully for TestCase60Contacts Window 
SalesForce_AddressValidation,TESTCASE60,Tue Dec 16 11:47:36 IST 2014,PASS,Address validation saved successfully
SalesForce_AddressValidation,TESTCASE60,Tue Dec 16 11:48:30 IST 2014,PASS,After clicking on menu Accounts Respective page opened successfully
SalesForce_AddressValidation,TESTCASE60,Tue Dec 16 11:48:43 IST 2014,PASS,Avalara Address Validation Test Case' verified successfully for TestCase60Accounts Window 
SalesForce_AddressValidation,TESTCASE60,Tue Dec 16 11:48:55 IST 2014,PASS,Address validation saved successfully
SalesForce_AddressValidation,TESTCASE60,Tue Dec 16 11:49:11 IST 2014,PASS,Avalara Address Validation Test Case' verified successfully for TestCase60Accounts Window 
SalesForce_AddressValidation,TESTCASE60,Tue Dec 16 11:49:23 IST 2014,PASS,Address validation saved successfully
SalesForce_AddressValidation,TESTCASE60,Tue Dec 16 11:51:40 IST 2014,PASS,After clicking on menu Contracts Respective page opened successfully
SalesForce_AddressValidation,TESTCASE60,Tue Dec 16 11:54:01 IST 2014,PASS,Avalara Address Validation Test Case' verified successfully for TestCase60Contracts Window 
SalesForce_AddressValidation,TESTCASE60,Tue Dec 16 11:54:30 IST 2014,PASS,Address validation saved successfully
SalesForce_AddressValidation,TESTCASE60,Tue Dec 16 11:56:15 IST 2014,PASS,Order created successfully
SalesForce_AddressValidation,TESTCASE60,Tue Dec 16 11:56:32 IST 2014,PASS,After clicking on menu Orders Respective page opened successfully
SalesForce_AddressValidation,TESTCASE60,Tue Dec 16 11:56:59 IST 2014,PASS,Avalara Address Validation Test Case' verified successfully for TestCase60Orders Window 
SalesForce_AddressValidation,TESTCASE60,Tue Dec 16 11:57:25 IST 2014,PASS,Address validation saved successfully
SalesForce_AddressValidation,TESTCASE60,Tue Dec 16 11:57:51 IST 2014,PASS,Avalara Address Validation Test Case' verified successfully for TestCase60Orders Window 
SalesForce_AddressValidation,TESTCASE60,Tue Dec 16 11:58:09 IST 2014,PASS,Address validation saved successfully
SalesForce_AddressValidation,TESTCASE60,Tue Dec 16 11:58:40 IST 2014,PASS,Opportunities created successfully
SalesForce_AddressValidation,TESTCASE60,Tue Dec 16 11:58:50 IST 2014,PASS,After clicking on menu Opportunities Respective page opened successfully
SalesForce_AddressValidation,TESTCASE60,Tue Dec 16 11:59:09 IST 2014,PASS,Avalara Address Validation Test Case' verified successfully for TestCase60Opportunities Window 
SalesForce_AddressValidation,TESTCASE60,Tue Dec 16 11:59:21 IST 2014,PASS,Address validation saved successfully
SalesForce_AddressValidation,TESTCASE60,Tue Dec 16 12:00:16 IST 2014,PASS,Avalara Address Validation Test Case' verified successfully for TestCase60Opportunities Window 
SalesForce_AddressValidation,TESTCASE60,Tue Dec 16 12:00:27 IST 2014,PASS,Address validation saved successfully
SalesForce_AddressValidation,TESTCASE60,Tue Dec 16 12:02:23 IST 2014,PASS,Opportunities created successfully
SalesForce_AddressValidation,TESTCASE60,Tue Dec 16 12:02:33 IST 2014,PASS,After clicking on menu Opportunities Respective page opened successfully
SalesForce_AddressValidation,TESTCASE60,Tue Dec 16 12:03:28 IST 2014,PASS,Avalara Address Validation Test Case' verified successfully for TestCase60Opportunities Window 
SalesForce_AddressValidation,TESTCASE60,Tue Dec 16 12:03:39 IST 2014,PASS,Address validation saved successfully
SalesForce_AddressValidation,TESTCASE60,Tue Dec 16 12:09:22 IST 2014,PASS,Avalara Address Validation Test Case' verified successfully for TestCase60Opportunities Window 
SalesForce_AddressValidation,TESTCASE60,Tue Dec 16 12:09:34 IST 2014,PASS,Address validation saved successfully
SalesForce_AddressValidation,SalesForce_AddressValidation,Tue Dec 16 12:10:37 IST 2014,FAIL,Logging into SalesForce application is Failed.
SalesForce_AddressValidation,TESTCASE60,Tue Dec 16 12:10:37 IST 2014,PASS,Address Validation for Test case: TestCase60 Started.
SalesForce_AddressValidation,TESTCASE60,Tue Dec 16 12:11:17 IST 2014,PASS,After clicking on menu TaxNowSettings Respective page opened successfully
SalesForce_AddressValidation,TESTCASE60,Tue Dec 16 12:11:42 IST 2014,PASS,Tax now settings updated successfully
SalesForce_AddressValidation,TESTCASE60,Tue Dec 16 12:12:01 IST 2014,PASS,Avalara Address Validation Test Case' verified successfully for TestCase60TaxNowSettings Window 
SalesForce_AddressValidation,TESTCASE60,Tue Dec 16 12:12:13 IST 2014,PASS,Address validation saved successfully
SalesForce_AddressValidation,TESTCASE60,Tue Dec 16 12:13:04 IST 2014,PASS,After clicking on menu Contacts Respective page opened successfully
SalesForce_AddressValidation,TESTCASE60,Tue Dec 16 12:13:17 IST 2014,PASS,Avalara Address Validation Test Case' verified successfully for TestCase60Contacts Window 
SalesForce_AddressValidation,TESTCASE60,Tue Dec 16 12:13:28 IST 2014,PASS,Address validation saved successfully
SalesForce_AddressValidation,TESTCASE60,Tue Dec 16 12:13:46 IST 2014,PASS,Avalara Address Validation Test Case' verified successfully for TestCase60Contacts Window 
SalesForce_AddressValidation,TESTCASE60,Tue Dec 16 12:13:52 IST 2014,PASS,Address validation saved successfully
SalesForce_AddressValidation,TESTCASE60,Tue Dec 16 12:14:54 IST 2014,PASS,After clicking on menu Accounts Respective page opened successfully
SalesForce_AddressValidation,TESTCASE60,Tue Dec 16 12:15:07 IST 2014,PASS,Avalara Address Validation Test Case' verified successfully for TestCase60Accounts Window 
SalesForce_AddressValidation,TESTCASE60,Tue Dec 16 12:15:19 IST 2014,PASS,Address validation saved successfully
SalesForce_AddressValidation,TESTCASE60,Tue Dec 16 12:15:35 IST 2014,PASS,Avalara Address Validation Test Case' verified successfully for TestCase60Accounts Window 
SalesForce_AddressValidation,TESTCASE60,Tue Dec 16 12:15:41 IST 2014,PASS,Address validation saved successfully
SalesForce_AddressValidation,TESTCASE60,Tue Dec 16 12:16:46 IST 2014,PASS,After clicking on menu Contracts Respective page opened successfully
SalesForce_AddressValidation,TESTCASE60,Tue Dec 16 12:17:05 IST 2014,PASS,Avalara Address Validation Test Case' verified successfully for TestCase60Contracts Window 
SalesForce_AddressValidation,TESTCASE60,Tue Dec 16 12:17:11 IST 2014,PASS,Address validation saved successfully
SalesForce_AddressValidation,TESTCASE60,Tue Dec 16 12:18:04 IST 2014,PASS,Order created successfully
SalesForce_AddressValidation,TESTCASE60,Tue Dec 16 12:18:14 IST 2014,PASS,After clicking on menu Orders Respective page opened successfully
SalesForce_AddressValidation,TESTCASE60,Tue Dec 16 12:18:28 IST 2014,PASS,Avalara Address Validation Test Case' verified successfully for TestCase60Orders Window 
SalesForce_AddressValidation,TESTCASE60,Tue Dec 16 12:18:34 IST 2014,PASS,Address validation saved successfully
SalesForce_AddressValidation,TESTCASE60,Tue Dec 16 12:18:52 IST 2014,PASS,Avalara Address Validation Test Case' verified successfully for TestCase60Orders Window 
SalesForce_AddressValidation,TESTCASE60,Tue Dec 16 12:18:58 IST 2014,PASS,Address validation saved successfully
SalesForce_AddressValidation,TESTCASE60,Tue Dec 16 12:19:35 IST 2014,PASS,Opportunities created successfully
SalesForce_AddressValidation,TESTCASE60,Tue Dec 16 12:19:45 IST 2014,PASS,After clicking on menu Opportunities Respective page opened successfully
SalesForce_AddressValidation,TESTCASE60,Tue Dec 16 12:19:59 IST 2014,PASS,Avalara Address Validation Test Case' verified successfully for TestCase60Opportunities Window 
SalesForce_AddressValidation,TESTCASE60,Tue Dec 16 12:20:06 IST 2014,PASS,Address validation saved successfully
SalesForce_AddressValidation,TESTCASE60,Tue Dec 16 12:20:23 IST 2014,PASS,Avalara Address Validation Test Case' verified successfully for TestCase60Opportunities Window 
SalesForce_AddressValidation,TESTCASE60,Tue Dec 16 12:20:29 IST 2014,PASS,Address validation saved successfully
SalesForce_AddressValidation,TESTCASE60,Tue Dec 16 12:21:06 IST 2014,PASS,Opportunities created successfully
SalesForce_AddressValidation,TESTCASE60,Tue Dec 16 12:21:16 IST 2014,PASS,After clicking on menu Opportunities Respective page opened successfully
SalesForce_AddressValidation,TESTCASE60,Tue Dec 16 12:21:31 IST 2014,PASS,Avalara Address Validation Test Case' verified successfully for TestCase60Opportunities Window 
SalesForce_AddressValidation,TESTCASE60,Tue Dec 16 12:21:38 IST 2014,PASS,Address validation saved successfully
SalesForce_AddressValidation,TESTCASE60,Tue Dec 16 12:21:55 IST 2014,PASS,Avalara Address Validation Test Case' verified successfully for TestCase60Opportunities Window 
SalesForce_AddressValidation,TESTCASE60,Tue Dec 16 12:22:01 IST 2014,PASS,Address validation saved successfully
SalesForce_AddressValidation,TESTCASE60,Tue Dec 16 12:22:52 IST 2014,PASS,After clicking on menu newQuote Respective page opened successfully
SalesForce_AddressValidation,TESTCASE60,Tue Dec 16 12:23:11 IST 2014,PASS,Avalara Address Validation Test Case' verified successfully for TestCase60newQuote Window 
SalesForce_AddressValidation,TESTCASE60,Tue Dec 16 12:23:22 IST 2014,PASS,Address validation saved successfully
SalesForce_AddressValidation,TESTCASE60,Tue Dec 16 12:23:38 IST 2014,PASS,Avalara Address Validation Test Case' verified successfully for TestCase60newQuote Window 
SalesForce_AddressValidation,TESTCASE60,Tue Dec 16 12:23:45 IST 2014,PASS,Address validation saved successfully
SalesForce_AddressValidation,TESTCASE61,Tue Dec 16 12:23:55 IST 2014,PASS,Address Validation for Test case: TestCase61 Started.
SalesForce_AddressValidation,TESTCASE61,Tue Dec 16 12:25:36 IST 2014,PASS,After clicking on menu TaxNowSettings Respective page opened successfully
SalesForce_AddressValidation,TESTCASE61,Tue Dec 16 12:26:03 IST 2014,PASS,Tax now settings updated successfully
SalesForce_AddressValidation,TESTCASE61,Tue Dec 16 12:27:17 IST 2014,PASS,Address validation verified successfully
SalesForce_AddressValidation,TESTCASE61,Tue Dec 16 12:28:29 IST 2014,PASS,Address validation saved successfully
SalesForce_AddressValidation,TESTCASE61,Tue Dec 16 12:29:19 IST 2014,PASS,After clicking on menu Contacts Respective page opened successfully
SalesForce_AddressValidation,TESTCASE61,Tue Dec 16 12:30:32 IST 2014,PASS,Address validation verified successfully
SalesForce_AddressValidation,TESTCASE61,Tue Dec 16 12:31:44 IST 2014,PASS,Address validation saved successfully
SalesForce_AddressValidation,TESTCASE61,Tue Dec 16 12:33:02 IST 2014,PASS,Address validation verified successfully
SalesForce_AddressValidation,TESTCASE61,Tue Dec 16 12:34:12 IST 2014,PASS,Address validation saved successfully
SalesForce_AddressValidation,TESTCASE61,Tue Dec 16 12:35:14 IST 2014,PASS,After clicking on menu Accounts Respective page opened successfully
SalesForce_AddressValidation,TESTCASE61,Tue Dec 16 12:36:28 IST 2014,PASS,Address validation verified successfully
SalesForce_MISC_Charges,SalesForce_MISC_Charges,Tue Dec 16 12:39:21 IST 2014,PASS,Logging into SalesForce application is successful.
SalesForce_MISC_Charges,TESTCASE100,Tue Dec 16 12:39:21 IST 2014,PASS,Tax Calculation for Test case: TestCase100 Started.
SalesForce_MISC_Charges,TESTCASE100,Tue Dec 16 12:39:52 IST 2014,PASS,After clicking on menu TaxNowSettings Respective page opened successfully
SalesForce_MISC_Charges,TESTCASE100,Tue Dec 16 12:40:18 IST 2014,PASS,Tax now settings updated successfully
SalesForce_MISC_Charges,TESTCASE100,Tue Dec 16 12:41:10 IST 2014,PASS,After clicking on menu Accounts Respective page opened successfully
SalesForce_MISC_Charges,TESTCASE100,Tue Dec 16 12:42:51 IST 2014,FAIL,fMenuSelection: Exception: org.openqa.selenium.NoSuchElementException: Unable to locate element: {"method":"xpath","selector":"//tr[8]/td[4]/input"}
Command duration or timeout: 60.11 seconds
For documentation on this error, please visit: http://seleniumhq.org/exceptions/no_such_element.html
Build info: version: '2.40.0', revision: 'fbe29a9', time: '2014-02-19 20:55:11'
System info: host: 'Av-Pn-KhareA', ip: '10.240.20.109', os.name: 'Windows 7', os.arch: 'x86', os.version: '6.1', java.version: '1.6.0_45'
Session ID: 6d6f3b2a-23fe-4b4d-987c-7fbca3e4084e
Driver info: org.openqa.selenium.firefox.FirefoxDriver
Capabilities [{platform=XP, acceptSslCerts=true, javascriptEnabled=true, browserName=firefox, rotatable=false, locationContextEnabled=true, version=12.0, cssSelectorsEnabled=true, databaseEnabled=true, handlesAlerts=true, browserConnectionEnabled=true, nativeEvents=false, webStorageEnabled=true, applicationCacheEnabled=true, takesScreenshot=true}]
SalesForce_MISC_Charges,TESTCASE101,Tue Dec 16 12:42:51 IST 2014,PASS,Tax Calculation for Test case: TestCase101 Started.
SalesForce_MISC_Charges,TESTCASE101,Tue Dec 16 12:44:22 IST 2014,PASS,After clicking on menu TaxNowSettings Respective page opened successfully
SalesForce_MISC_Charges,TESTCASE101,Tue Dec 16 12:45:50 IST 2014,FAIL,Tax now settings NOT updated successfully
SalesForce_MISC_Charges,SalesForce_MISC_Charges,Tue Dec 16 12:45:50 IST 2014,PASS,Script Ended.
SalesForce_MISC_Charges,SalesForce_MISC_Charges,Tue Dec 16 12:50:39 IST 2014,PASS,Logging into SalesForce application is successful.
SalesForce_MISC_Charges,TESTCASE100,Tue Dec 16 12:50:39 IST 2014,PASS,Tax Calculation for Test case: TestCase100 Started.
SalesForce_MISC_Charges,TESTCASE100,Tue Dec 16 12:51:10 IST 2014,PASS,After clicking on menu TaxNowSettings Respective page opened successfully
SalesForce_MISC_Charges,TESTCASE100,Tue Dec 16 12:51:35 IST 2014,PASS,Tax now settings updated successfully
SalesForce_MISC_Charges,TESTCASE100,Tue Dec 16 12:52:27 IST 2014,PASS,After clicking on menu Accounts Respective page opened successfully
SalesForce_MISC_Charges,TESTCASE100,Tue Dec 16 12:54:09 IST 2014,FAIL,fMenuSelection: Exception: org.openqa.selenium.NoSuchElementException: Unable to locate element: {"method":"xpath","selector":"//tr[8]/td[4]/input"}
Command duration or timeout: 60.14 seconds
For documentation on this error, please visit: http://seleniumhq.org/exceptions/no_such_element.html
Build info: version: '2.40.0', revision: 'fbe29a9', time: '2014-02-19 20:55:11'
System info: host: 'Av-Pn-KhareA', ip: '10.240.20.109', os.name: 'Windows 7', os.arch: 'x86', os.version: '6.1', java.version: '1.6.0_45'
Session ID: d5d44b1e-e914-46df-8346-07716b01b4b5
Driver info: org.openqa.selenium.firefox.FirefoxDriver
Capabilities [{platform=XP, acceptSslCerts=true, javascriptEnabled=true, browserName=firefox, rotatable=false, locationContextEnabled=true, version=12.0, cssSelectorsEnabled=true, databaseEnabled=true, handlesAlerts=true, browserConnectionEnabled=true, nativeEvents=false, webStorageEnabled=true, applicationCacheEnabled=true, takesScreenshot=true}]
SalesForce_MISC_Charges,SalesForce_MISC_Charges,Tue Dec 16 12:55:53 IST 2014,FAIL,Logging into SalesForce application is Failed.
SalesForce_MISC_Charges,TESTCASE100,Tue Dec 16 12:55:53 IST 2014,PASS,Tax Calculation for Test case: TestCase100 Started.
SalesForce_MISC_Charges,TESTCASE100,Tue Dec 16 12:56:04 IST 2014,FAIL,fMenuSelection: Exception: org.openqa.selenium.NoSuchElementException: Unable to locate element: {"method":"link text","selector":"TaxNowSettings"}
Command duration or timeout: 54 milliseconds
For documentation on this error, please visit: http://seleniumhq.org/exceptions/no_such_element.html
Build info: version: '2.40.0', revision: 'fbe29a9', time: '2014-02-19 20:55:11'
System info: host: 'Av-Pn-KhareA', ip: '10.240.20.109', os.name: 'Windows 7', os.arch: 'x86', os.version: '6.1', java.version: '1.6.0_45'
Session ID: 27afb8f5-47a6-4058-80ad-d550518cc4f4
Driver info: org.openqa.selenium.firefox.FirefoxDriver
Capabilities [{platform=XP, acceptSslCerts=true, javascriptEnabled=true, browserName=firefox, rotatable=false, locationContextEnabled=true, version=12.0, cssSelectorsEnabled=true, databaseEnabled=true, handlesAlerts=true, browserConnectionEnabled=true, nativeEvents=false, webStorageEnabled=true, applicationCacheEnabled=true, takesScreenshot=true}]
SalesForce_MISC_Charges,TESTCASE101,Tue Dec 16 12:56:04 IST 2014,PASS,Tax Calculation for Test case: TestCase101 Started.
SalesForce_MISC_Charges,TESTCASE101,Tue Dec 16 12:56:35 IST 2014,PASS,After clicking on menu TaxNowSettings Respective page opened successfully
SalesForce_MISC_Charges,TESTCASE101,Tue Dec 16 12:57:00 IST 2014,PASS,Tax now settings updated successfully
SalesForce_MISC_Charges,TESTCASE101,Tue Dec 16 12:57:51 IST 2014,PASS,After clicking on menu Accounts Respective page opened successfully
SalesForce_MISC_Charges,SalesForce_MISC_Charges,Tue Dec 16 15:54:58 IST 2014,PASS,Logging into SalesForce application is successful.
SalesForce_MISC_Charges,TESTCASE100,Tue Dec 16 15:54:58 IST 2014,PASS,Tax Calculation for Test case: TestCase100 Started.
SalesForce_MISC_Charges,TESTCASE100,Tue Dec 16 15:55:29 IST 2014,PASS,After clicking on menu TaxNowSettings Respective page opened successfully
SalesForce_MISC_Charges,TESTCASE100,Tue Dec 16 15:55:56 IST 2014,PASS,Tax now settings updated successfully
SalesForce_MISC_Charges,TESTCASE100,Tue Dec 16 15:56:48 IST 2014,PASS,After clicking on menu Accounts Respective page opened successfully
SalesForce_MISC_Charges,TESTCASE100,Tue Dec 16 15:57:45 IST 2014,PASS,Order created successfully
SalesForce_MISC_Charges,TESTCASE100,Tue Dec 16 15:57:55 IST 2014,PASS,After clicking on menu Orders Respective page opened successfully
SalesForce_MISC_Charges,TESTCASE100,Tue Dec 16 16:02:05 IST 2014,PASS,'Total Sales Tax' 85.00 verified successfully for Test case TestCase100 on Orders Window.
SalesForce_MISC_Charges,TESTCASE100,Tue Dec 16 16:02:05 IST 2014,PASS,'Misc Tax' 8.50 verified successfully for Test caseTestCase100 on Orders Window.
SalesForce_MISC_Charges,TESTCASE100,Tue Dec 16 16:02:05 IST 2014,PASS,Avalara Status ' Saved' verified successfully on Calculate for Test case TestCase100 On tax calculation on Orders Window 
SalesForce_MISC_Charges,TESTCASE100,Tue Dec 16 16:02:51 IST 2014,PASS,'Total Sales Tax' 85.00 verified successfully for Test case TestCase100 on Finalize Orders Window.
SalesForce_MISC_Charges,TESTCASE100,Tue Dec 16 16:02:52 IST 2014,PASS,'Misc Tax' 8.50 verified successfully for Test caseTestCase100 on Finalize Orders Window.
SalesForce_MISC_Charges,TESTCASE100,Tue Dec 16 16:02:52 IST 2014,FAIL,Avalara Status ' Committed ' NOT verified successfully on Calculate for Test case TestCase100 On tax calculation for on Finalize Orders Window Expected : Committed and Actual: Saved
SalesForce_MISC_Charges,SalesForce_MISC_Charges,Tue Dec 16 16:04:02 IST 2014,PASS,Logging into SalesForce application is successful.
SalesForce_MISC_Charges,TESTCASE100,Tue Dec 16 16:04:02 IST 2014,PASS,Tax Calculation for Test case: TestCase100 Started.
SalesForce_MISC_Charges,TESTCASE100,Tue Dec 16 16:04:33 IST 2014,PASS,After clicking on menu TaxNowSettings Respective page opened successfully
SalesForce_MISC_Charges,TESTCASE100,Tue Dec 16 16:04:58 IST 2014,PASS,Tax now settings updated successfully
SalesForce_MISC_Charges,TESTCASE100,Tue Dec 16 16:05:49 IST 2014,PASS,After clicking on menu Accounts Respective page opened successfully
SalesForce_MISC_Charges,TESTCASE100,Tue Dec 16 16:06:30 IST 2014,PASS,Order created successfully
SalesForce_MISC_Charges,TESTCASE100,Tue Dec 16 16:06:40 IST 2014,PASS,After clicking on menu Orders Respective page opened successfully
SalesForce_MISC_Charges,TESTCASE100,Tue Dec 16 16:07:36 IST 2014,PASS,'Total Sales Tax' 85.00 verified successfully for Test case TestCase100 on Orders Window.
SalesForce_MISC_Charges,TESTCASE100,Tue Dec 16 16:07:36 IST 2014,PASS,'Misc Tax' 8.50 verified successfully for Test caseTestCase100 on Orders Window.
SalesForce_MISC_Charges,TESTCASE100,Tue Dec 16 16:07:36 IST 2014,PASS,Avalara Status ' Saved' verified successfully on Calculate for Test case TestCase100 On tax calculation on Orders Window 
SalesForce_MISC_Charges,TESTCASE100,Tue Dec 16 16:07:36 IST 2014,PASS,Tax Calculation for Test case: TestCase100 Ended.
SalesForce_MISC_Charges,TESTCASE101,Tue Dec 16 16:07:36 IST 2014,PASS,Tax Calculation for Test case: TestCase101 Started.
SalesForce_MISC_Charges,TESTCASE101,Tue Dec 16 16:09:07 IST 2014,PASS,After clicking on menu TaxNowSettings Respective page opened successfully
SalesForce_MISC_Charges,TESTCASE101,Tue Dec 16 16:09:33 IST 2014,PASS,Tax now settings updated successfully
SalesForce_MISC_Charges,TESTCASE101,Tue Dec 16 16:10:25 IST 2014,PASS,After clicking on menu Accounts Respective page opened successfully
SalesForce_MISC_Charges,TESTCASE101,Tue Dec 16 16:11:08 IST 2014,PASS,Order created successfully
SalesForce_MISC_Charges,TESTCASE101,Tue Dec 16 16:11:18 IST 2014,PASS,After clicking on menu Orders Respective page opened successfully
SalesForce_MISC_Charges,TESTCASE101,Tue Dec 16 16:12:13 IST 2014,PASS,'Total Sales Tax' 85.00 verified successfully for Test case TestCase101 on Orders Window.
SalesForce_MISC_Charges,TESTCASE101,Tue Dec 16 16:12:14 IST 2014,FAIL,'Misc Tax' 6.38 NOT verified successfully for Test caseTestCase101 on Orders Window.Expected Tax :- 6.38 and Actual Tax:- 8.50
SalesForce_MISC_Charges,SalesForce_MISC_Charges,Tue Dec 16 16:12:14 IST 2014,PASS,Script Ended.
SalesForce_EntityUseCode,SalesForce_EntityUseCode,Tue Dec 16 16:15:11 IST 2014,PASS,Logging into SalesForce application is successful.
SalesForce_EntityUseCode,TESTCASE110,Tue Dec 16 16:15:11 IST 2014,PASS,Tax Calculation for Test case: TestCase110 Started.
SalesForce_EntityUseCode,TESTCASE110,Tue Dec 16 16:15:42 IST 2014,PASS,After clicking on menu TaxNowSettings Respective page opened successfully
SalesForce_EntityUseCode,TESTCASE110,Tue Dec 16 16:16:07 IST 2014,PASS,Tax now settings updated successfully
SalesForce_EntityUseCode,TESTCASE110,Tue Dec 16 16:16:59 IST 2014,PASS,After clicking on menu Accounts Respective page opened successfully
SalesForce_EntityUseCode,TESTCASE110,Tue Dec 16 16:17:40 IST 2014,PASS,Order created successfully
SalesForce_EntityUseCode,TESTCASE110,Tue Dec 16 16:17:50 IST 2014,PASS,After clicking on menu Orders Respective page opened successfully
SalesForce_EntityUseCode,TESTCASE110,Tue Dec 16 16:18:47 IST 2014,PASS,'Total Sales Tax' 0.00 verified successfully for Test case TestCase110 on Orders Window.
SalesForce_EntityUseCode,TESTCASE110,Tue Dec 16 16:18:48 IST 2014,PASS,Avalara Status ' Saved' verified successfully on Calculate for Test case TestCase110 On tax calculation on Orders Window 
SalesForce_EntityUseCode,TESTCASE110,Tue Dec 16 16:18:48 IST 2014,PASS,Tax Calculation for Test case: TestCase110 Ended.
SalesForce_EntityUseCode,TESTCASE111,Tue Dec 16 16:18:48 IST 2014,PASS,Tax Calculation for Test case: TestCase111 Started.
SalesForce_EntityUseCode,TESTCASE111,Tue Dec 16 16:20:18 IST 2014,PASS,After clicking on menu TaxNowSettings Respective page opened successfully
SalesForce_EntityUseCode,TESTCASE111,Tue Dec 16 16:20:45 IST 2014,PASS,Tax now settings updated successfully
SalesForce_EntityUseCode,TESTCASE111,Tue Dec 16 16:21:38 IST 2014,PASS,After clicking on menu Accounts Respective page opened successfully
SalesForce_EntityUseCode,TESTCASE111,Tue Dec 16 16:22:19 IST 2014,PASS,Order created successfully
SalesForce_EntityUseCode,TESTCASE111,Tue Dec 16 16:22:29 IST 2014,PASS,After clicking on menu Orders Respective page opened successfully
SalesForce_EntityUseCode,TESTCASE111,Tue Dec 16 16:23:25 IST 2014,PASS,'Total Sales Tax' 60.00 verified successfully for Test case TestCase111 on Orders Window.
SalesForce_EntityUseCode,TESTCASE111,Tue Dec 16 16:23:25 IST 2014,PASS,Avalara Status ' Saved' verified successfully on Calculate for Test case TestCase111 On tax calculation on Orders Window 
SalesForce_EntityUseCode,TESTCASE111,Tue Dec 16 16:23:25 IST 2014,PASS,Tax Calculation for Test case: TestCase111 Ended.
SalesForce_EntityUseCode,SalesForce_EntityUseCode,Tue Dec 16 16:23:25 IST 2014,PASS,Script Ended.
SalesForce_EntityUseCode,SalesForce_EntityUseCode,Tue Dec 16 16:37:25 IST 2014,PASS,Logging into SalesForce application is successful.
SalesForce_EntityUseCode,TESTCASE110,Tue Dec 16 16:37:25 IST 2014,PASS,Tax Calculation for Test case: TestCase110 Started.
SalesForce_EntityUseCode,TESTCASE110,Tue Dec 16 16:37:56 IST 2014,PASS,After clicking on menu TaxNowSettings Respective page opened successfully
SalesForce_EntityUseCode,TESTCASE110,Tue Dec 16 16:38:20 IST 2014,PASS,Tax now settings updated successfully
SalesForce_EntityUseCode,TESTCASE110,Tue Dec 16 16:39:12 IST 2014,PASS,After clicking on menu Accounts Respective page opened successfully
SalesForce_EntityUseCode,TESTCASE110,Tue Dec 16 16:39:53 IST 2014,PASS,Order created successfully
SalesForce_EntityUseCode,TESTCASE110,Tue Dec 16 16:40:03 IST 2014,PASS,After clicking on menu Orders Respective page opened successfully
SalesForce_EntityUseCode,TESTCASE110,Tue Dec 16 16:41:00 IST 2014,PASS,'Total Sales Tax' 0.00 verified successfully for Test case TestCase110 on Orders Window.
SalesForce_EntityUseCode,TESTCASE110,Tue Dec 16 16:41:00 IST 2014,PASS,Avalara Status ' Saved' verified successfully on Calculate for Test case TestCase110 On tax calculation on Orders Window 
SalesForce_EntityUseCode,TESTCASE110,Tue Dec 16 16:41:00 IST 2014,PASS,Tax Calculation for Test case: TestCase110 Ended.
SalesForce_EntityUseCode,TESTCASE111,Tue Dec 16 16:41:00 IST 2014,PASS,Tax Calculation for Test case: TestCase111 Started.
SalesForce_EntityUseCode,TESTCASE111,Tue Dec 16 16:42:31 IST 2014,PASS,After clicking on menu TaxNowSettings Respective page opened successfully
SalesForce_EntityUseCode,TESTCASE111,Tue Dec 16 16:42:57 IST 2014,PASS,Tax now settings updated successfully
SalesForce_EntityUseCode,TESTCASE111,Tue Dec 16 16:43:50 IST 2014,PASS,After clicking on menu Accounts Respective page opened successfully
SalesForce_EntityUseCode,TESTCASE111,Tue Dec 16 16:44:32 IST 2014,PASS,Order created successfully
SalesForce_EntityUseCode,TESTCASE111,Tue Dec 16 16:44:42 IST 2014,PASS,After clicking on menu Orders Respective page opened successfully
SalesForce_EntityUseCode,TESTCASE111,Tue Dec 16 16:45:37 IST 2014,PASS,'Total Sales Tax' 60.00 verified successfully for Test case TestCase111 on Orders Window.
SalesForce_EntityUseCode,TESTCASE111,Tue Dec 16 16:45:37 IST 2014,PASS,Avalara Status ' Saved' verified successfully on Calculate for Test case TestCase111 On tax calculation on Orders Window 
SalesForce_EntityUseCode,TESTCASE111,Tue Dec 16 16:45:37 IST 2014,PASS,Tax Calculation for Test case: TestCase111 Ended.
SalesForce_EntityUseCode,SalesForce_EntityUseCode,Tue Dec 16 16:45:37 IST 2014,PASS,Script Ended.
SalesForce_AddressValidation,SalesForce_AddressValidation,Tue Dec 16 20:15:58 IST 2014,PASS,Logging into SalesForce application is successful.
SalesForce_AddressValidation,TESTCASE63,Tue Dec 16 20:15:58 IST 2014,PASS,Address Validation for Test case: TestCase63 Started.
SalesForce_AddressValidation,TESTCASE63,Tue Dec 16 20:16:46 IST 2014,PASS,After clicking on menu TaxNowSettings Respective page opened successfully
SalesForce_AddressValidation,TESTCASE63,Tue Dec 16 20:17:15 IST 2014,PASS,Tax now settings updated successfully
SalesForce_AddressValidation,TESTCASE63,Tue Dec 16 20:17:34 IST 2014,PASS,Avalara Address Validation Test Case' verified successfully for TestCase63TaxNowSettings Window 
SalesForce_AddressValidation,TESTCASE63,Tue Dec 16 20:17:49 IST 2014,PASS,Address validation saved successfully
SalesForce_AddressValidation,TESTCASE63,Tue Dec 16 20:19:27 IST 2014,FAIL,fMenuSelection: Exception: org.openqa.selenium.WebDriverException: Element must be user-editable in order to clear it.
Command duration or timeout: 60.06 seconds
Build info: version: '2.40.0', revision: 'fbe29a9', time: '2014-02-19 20:55:11'
System info: host: 'Av-Pn-KhareA', ip: '10.240.20.109', os.name: 'Windows 7', os.arch: 'x86', os.version: '6.1', java.version: '1.6.0_45'
Session ID: 4433d34e-5e66-4081-a8f5-11cca7bc489b
Driver info: org.openqa.selenium.firefox.FirefoxDriver
Capabilities [{platform=XP, acceptSslCerts=true, javascriptEnabled=true, browserName=firefox, rotatable=false, locationContextEnabled=true, version=5.0, cssSelectorsEnabled=true, databaseEnabled=true, handlesAlerts=true, nativeEvents=false, webStorageEnabled=true, applicationCacheEnabled=true, takesScreenshot=true}]
SalesForce_AddressValidation,TESTCASE64,Tue Dec 16 20:19:27 IST 2014,PASS,Address Validation for Test case: TestCase64 Started.
SalesForce_AddressValidation,TESTCASE64,Tue Dec 16 20:20:06 IST 2014,FAIL,fMenuSelection: Exception: org.openqa.selenium.remote.UnreachableBrowserException: Error communicating with the remote browser. It may have died.
Build info: version: '2.40.0', revision: 'fbe29a9', time: '2014-02-19 20:55:11'
System info: host: 'Av-Pn-KhareA', ip: '10.240.20.109', os.name: 'Windows 7', os.arch: 'x86', os.version: '6.1', java.version: '1.6.0_45'
Driver info: driver.version: RemoteWebDriver
SalesForce_AddressValidation,TESTCASE65,Tue Dec 16 20:20:06 IST 2014,PASS,Address Validation for Test case: TestCase65 Started.
SalesForce_AddressValidation,SalesForce_AddressValidation,Tue Dec 16 20:24:15 IST 2014,PASS,Logging into SalesForce application is successful.
SalesForce_AddressValidation,TESTCASE63,Tue Dec 16 20:24:15 IST 2014,PASS,Address Validation for Test case: TestCase63 Started.
SalesForce_AddressValidation,TESTCASE63,Tue Dec 16 20:24:54 IST 2014,PASS,After clicking on menu TaxNowSettings Respective page opened successfully
SalesForce_AddressValidation,TESTCASE63,Tue Dec 16 20:25:19 IST 2014,PASS,Tax now settings updated successfully
SalesForce_AddressValidation,TESTCASE63,Tue Dec 16 20:25:39 IST 2014,PASS,Avalara Address Validation Test Case' verified successfully for TestCase63TaxNowSettings Window 
SalesForce_AddressValidation,TESTCASE63,Tue Dec 16 20:25:51 IST 2014,PASS,Address validation saved successfully
SalesForce_AddressValidation,TESTCASE63,Tue Dec 16 20:27:27 IST 2014,FAIL,fMenuSelection: Exception: org.openqa.selenium.WebDriverException: Element must be user-editable in order to clear it.
Command duration or timeout: 60.12 seconds
Build info: version: '2.40.0', revision: 'fbe29a9', time: '2014-02-19 20:55:11'
System info: host: 'Av-Pn-KhareA', ip: '10.240.20.109', os.name: 'Windows 7', os.arch: 'x86', os.version: '6.1', java.version: '1.6.0_45'
Session ID: cb153472-ec52-43a2-8d50-c3780b4de7e9
Driver info: org.openqa.selenium.firefox.FirefoxDriver
Capabilities [{platform=XP, acceptSslCerts=true, javascriptEnabled=true, browserName=firefox, rotatable=false, locationContextEnabled=true, version=12.0, cssSelectorsEnabled=true, databaseEnabled=true, handlesAlerts=true, browserConnectionEnabled=true, nativeEvents=false, webStorageEnabled=true, applicationCacheEnabled=true, takesScreenshot=true}]
SalesForce_AddressValidation,TESTCASE64,Tue Dec 16 20:27:27 IST 2014,PASS,Address Validation for Test case: TestCase64 Started.
SalesForce_AddressValidation,SalesForce_AddressValidation,Tue Dec 16 20:29:27 IST 2014,PASS,Logging into SalesForce application is successful.
SalesForce_AddressValidation,TESTCASE63,Tue Dec 16 20:29:27 IST 2014,PASS,Address Validation for Test case: TestCase63 Started.
SalesForce_AddressValidation,TESTCASE63,Tue Dec 16 20:30:06 IST 2014,PASS,After clicking on menu TaxNowSettings Respective page opened successfully
SalesForce_AddressValidation,TESTCASE63,Tue Dec 16 20:30:32 IST 2014,PASS,Tax now settings updated successfully
SalesForce_AddressValidation,TESTCASE63,Tue Dec 16 20:32:34 IST 2014,FAIL,fMenuSelection: Exception: org.openqa.selenium.WebDriverException: Element must be user-editable in order to clear it.
Command duration or timeout: 60.06 seconds
Build info: version: '2.40.0', revision: 'fbe29a9', time: '2014-02-19 20:55:11'
System info: host: 'Av-Pn-KhareA', ip: '10.240.20.109', os.name: 'Windows 7', os.arch: 'x86', os.version: '6.1', java.version: '1.6.0_45'
Session ID: 8b118501-7f28-4336-9d39-1de8b5f4cf6b
Driver info: org.openqa.selenium.firefox.FirefoxDriver
Capabilities [{platform=XP, acceptSslCerts=true, javascriptEnabled=true, browserName=firefox, rotatable=false, locationContextEnabled=true, version=12.0, cssSelectorsEnabled=true, databaseEnabled=true, handlesAlerts=true, browserConnectionEnabled=true, nativeEvents=false, webStorageEnabled=true, applicationCacheEnabled=true, takesScreenshot=true}]
SalesForce_AddressValidation,TESTCASE64,Tue Dec 16 20:32:34 IST 2014,PASS,Address Validation for Test case: TestCase64 Started.
SalesForce_AddressValidation,SalesForce_AddressValidation,Tue Dec 16 20:33:35 IST 2014,PASS,Logging into SalesForce application is successful.
SalesForce_AddressValidation,TESTCASE63,Tue Dec 16 20:33:35 IST 2014,PASS,Address Validation for Test case: TestCase63 Started.
SalesForce_AddressValidation,TESTCASE63,Tue Dec 16 20:34:15 IST 2014,PASS,After clicking on menu TaxNowSettings Respective page opened successfully
SalesForce_AddressValidation,TESTCASE63,Tue Dec 16 20:34:40 IST 2014,PASS,Tax now settings updated successfully
SalesForce_AddressValidation,TESTCASE63,Tue Dec 16 20:35:29 IST 2014,PASS,After clicking on menu Contacts Respective page opened successfully
SalesForce_AddressValidation,TESTCASE63,Tue Dec 16 20:35:51 IST 2014,PASS,Avalara Address Validation Test Case' verified successfully for TestCase63Contacts Window 
SalesForce_AddressValidation,TESTCASE63,Tue Dec 16 20:36:03 IST 2014,PASS,Address validation saved successfully
SalesForce_AddressValidation,TESTCASE63,Tue Dec 16 20:36:20 IST 2014,PASS,Avalara Address Validation Test Case' verified successfully for TestCase63Contacts Window 
SalesForce_AddressValidation,TESTCASE63,Tue Dec 16 20:36:26 IST 2014,PASS,Address validation saved successfully
SalesForce_AddressValidation,TESTCASE63,Tue Dec 16 20:37:28 IST 2014,PASS,After clicking on menu Accounts Respective page opened successfully
SalesForce_AddressValidation,TESTCASE63,Tue Dec 16 20:37:42 IST 2014,PASS,Avalara Address Validation Test Case' verified successfully for TestCase63Accounts Window 
SalesForce_AddressValidation,TESTCASE63,Tue Dec 16 20:37:53 IST 2014,PASS,Address validation saved successfully
SalesForce_AddressValidation,TESTCASE63,Tue Dec 16 20:38:10 IST 2014,PASS,Avalara Address Validation Test Case' verified successfully for TestCase63Accounts Window 
SalesForce_AddressValidation,TESTCASE63,Tue Dec 16 20:38:16 IST 2014,PASS,Address validation saved successfully
SalesForce_AddressValidation,TESTCASE63,Tue Dec 16 20:39:21 IST 2014,PASS,After clicking on menu Contracts Respective page opened successfully
SalesForce_AddressValidation,TESTCASE63,Tue Dec 16 20:39:40 IST 2014,PASS,Avalara Address Validation Test Case' verified successfully for TestCase63Contracts Window 
SalesForce_AddressValidation,TESTCASE63,Tue Dec 16 20:39:46 IST 2014,PASS,Address validation saved successfully
SalesForce_AddressValidation,TESTCASE63,Tue Dec 16 20:40:39 IST 2014,PASS,Order created successfully
SalesForce_AddressValidation,TESTCASE63,Tue Dec 16 20:40:49 IST 2014,PASS,After clicking on menu Orders Respective page opened successfully
SalesForce_AddressValidation,TESTCASE63,Tue Dec 16 20:41:03 IST 2014,PASS,Avalara Address Validation Test Case' verified successfully for TestCase63Orders Window 
SalesForce_AddressValidation,TESTCASE63,Tue Dec 16 20:41:12 IST 2014,PASS,Address validation saved successfully
SalesForce_AddressValidation,TESTCASE63,Tue Dec 16 20:41:32 IST 2014,PASS,Avalara Address Validation Test Case' verified successfully for TestCase63Orders Window 
SalesForce_AddressValidation,TESTCASE63,Tue Dec 16 20:41:40 IST 2014,PASS,Address validation saved successfully
SalesForce_AddressValidation,TESTCASE63,Tue Dec 16 20:42:18 IST 2014,PASS,Opportunities created successfully
SalesForce_AddressValidation,TESTCASE63,Tue Dec 16 20:42:28 IST 2014,PASS,After clicking on menu Opportunities Respective page opened successfully
SalesForce_AddressValidation,TESTCASE63,Tue Dec 16 20:42:44 IST 2014,PASS,Avalara Address Validation Test Case' verified successfully for TestCase63Opportunities Window 
SalesForce_AddressValidation,TESTCASE63,Tue Dec 16 20:42:50 IST 2014,PASS,Address validation saved successfully
SalesForce_AddressValidation,TESTCASE63,Tue Dec 16 20:43:11 IST 2014,PASS,Avalara Address Validation Test Case' verified successfully for TestCase63Opportunities Window 
SalesForce_AddressValidation,TESTCASE63,Tue Dec 16 20:43:18 IST 2014,PASS,Address validation saved successfully
SalesForce_AddressValidation,TESTCASE63,Tue Dec 16 20:43:57 IST 2014,PASS,Opportunities created successfully
SalesForce_AddressValidation,TESTCASE63,Tue Dec 16 20:44:07 IST 2014,PASS,After clicking on menu Opportunities Respective page opened successfully
SalesForce_AddressValidation,TESTCASE63,Tue Dec 16 20:44:21 IST 2014,PASS,Avalara Address Validation Test Case' verified successfully for TestCase63Opportunities Window 
SalesForce_AddressValidation,TESTCASE63,Tue Dec 16 20:44:27 IST 2014,PASS,Address validation saved successfully
SalesForce_AddressValidation,TESTCASE63,Tue Dec 16 20:44:45 IST 2014,PASS,Avalara Address Validation Test Case' verified successfully for TestCase63Opportunities Window 
SalesForce_AddressValidation,TESTCASE63,Tue Dec 16 20:44:52 IST 2014,PASS,Address validation saved successfully
SalesForce_AddressValidation,TESTCASE63,Tue Dec 16 20:45:41 IST 2014,PASS,After clicking on menu newQuote Respective page opened successfully
SalesForce_AddressValidation,TESTCASE63,Tue Dec 16 20:46:00 IST 2014,PASS,Avalara Address Validation Test Case' verified successfully for TestCase63newQuote Window 
SalesForce_AddressValidation,TESTCASE63,Tue Dec 16 20:46:12 IST 2014,PASS,Address validation saved successfully
SalesForce_AddressValidation,TESTCASE63,Tue Dec 16 20:46:32 IST 2014,PASS,Avalara Address Validation Test Case' verified successfully for TestCase63newQuote Window 
SalesForce_AddressValidation,TESTCASE63,Tue Dec 16 20:46:39 IST 2014,PASS,Address validation saved successfully
SalesForce_AddressValidation,TESTCASE64,Tue Dec 16 20:46:49 IST 2014,PASS,Address Validation for Test case: TestCase64 Started.
SalesForce_AddressValidation,TESTCASE64,Tue Dec 16 20:48:34 IST 2014,PASS,After clicking on menu TaxNowSettings Respective page opened successfully
SalesForce_AddressValidation,TESTCASE64,Tue Dec 16 20:49:01 IST 2014,PASS,Tax now settings updated successfully
SalesForce_AddressValidation,TESTCASE64,Tue Dec 16 20:49:50 IST 2014,PASS,After clicking on menu Contacts Respective page opened successfully
SalesForce_AddressValidation,TESTCASE64,Tue Dec 16 20:51:05 IST 2014,PASS,Address validation verified successfully
SalesForce_AddressValidation,TESTCASE64,Tue Dec 16 20:52:17 IST 2014,PASS,Address validation saved successfully
SalesForce_TaxCode,SalesForce_TaxCode,Fri Dec 26 14:06:05 IST 2014,FAIL,Logging into SalesForce application is Failed.
SalesForce_TaxCode,TESTCASE40,Fri Dec 26 14:06:05 IST 2014,PASS,Tax Calculation for Test case: TestCase40 Started.
SalesForce_TaxCode,TESTCASE40,Fri Dec 26 14:08:26 IST 2014,PASS,After clicking on menu TaxNowSettings Respective page opened successfully
SalesForce_TaxCode,SalesForce_TaxCode,Fri Dec 26 14:11:57 IST 2014,PASS,Logging into SalesForce application is successful.
SalesForce_TaxCode,TESTCASE40,Fri Dec 26 14:11:57 IST 2014,PASS,Tax Calculation for Test case: TestCase40 Started.
SalesForce_TaxCode,TESTCASE40,Fri Dec 26 14:12:28 IST 2014,PASS,After clicking on menu TaxNowSettings Respective page opened successfully
SalesForce_TaxCode,TESTCASE40,Fri Dec 26 14:12:54 IST 2014,PASS,Tax now settings updated successfully
SalesForce_TaxCode,TESTCASE40,Fri Dec 26 14:14:31 IST 2014,FAIL,fMenuSelection: Exception: org.openqa.selenium.WebDriverException: Element must be user-editable in order to clear it.
Command duration or timeout: 60.13 seconds
Build info: version: '2.40.0', revision: 'fbe29a9', time: '2014-02-19 20:55:11'
System info: host: 'Av-Pn-KhareA', ip: '10.240.20.76', os.name: 'Windows 7', os.arch: 'x86', os.version: '6.1', java.version: '1.6.0_45'
Session ID: a5d9df3a-6b19-4c40-b534-04dab91ce10f
Driver info: org.openqa.selenium.firefox.FirefoxDriver
Capabilities [{platform=XP, acceptSslCerts=true, javascriptEnabled=true, browserName=firefox, rotatable=false, locationContextEnabled=true, version=12.0, cssSelectorsEnabled=true, databaseEnabled=true, handlesAlerts=true, browserConnectionEnabled=true, nativeEvents=false, webStorageEnabled=true, applicationCacheEnabled=true, takesScreenshot=true}]
SalesForce_TaxCode,TESTCASE41,Fri Dec 26 14:14:31 IST 2014,PASS,Tax Calculation for Test case: TestCase41 Started.
SalesForce_TaxCode,SalesForce_TaxCode,Fri Dec 26 14:16:36 IST 2014,FAIL,Logging into SalesForce application is Failed.
SalesForce_TaxCode,TESTCASE41,Fri Dec 26 14:16:36 IST 2014,PASS,Tax Calculation for Test case: TestCase41 Started.
SalesForce_TaxCode,TESTCASE41,Fri Dec 26 14:16:47 IST 2014,FAIL,fMenuSelection: Exception: org.openqa.selenium.NoSuchElementException: Unable to locate element: {"method":"link text","selector":"TaxNowSettings"}
Command duration or timeout: 104 milliseconds
For documentation on this error, please visit: http://seleniumhq.org/exceptions/no_such_element.html
Build info: version: '2.40.0', revision: 'fbe29a9', time: '2014-02-19 20:55:11'
System info: host: 'Av-Pn-KhareA', ip: '10.240.20.76', os.name: 'Windows 7', os.arch: 'x86', os.version: '6.1', java.version: '1.6.0_45'
Session ID: 1e17f0c6-1fef-4057-8659-57e52977a5f6
Driver info: org.openqa.selenium.firefox.FirefoxDriver
Capabilities [{platform=XP, acceptSslCerts=true, javascriptEnabled=true, browserName=firefox, rotatable=false, locationContextEnabled=true, version=12.0, cssSelectorsEnabled=true, databaseEnabled=true, handlesAlerts=true, browserConnectionEnabled=true, nativeEvents=false, webStorageEnabled=true, applicationCacheEnabled=true, takesScreenshot=true}]
SalesForce_TaxCode,TESTCASE42,Fri Dec 26 14:16:47 IST 2014,PASS,Tax Calculation for Test case: TestCase42 Started.
SalesForce_TaxCode,TESTCASE42,Fri Dec 26 14:16:57 IST 2014,FAIL,fMenuSelection: Exception: org.openqa.selenium.NoSuchElementException: Unable to locate element: {"method":"link text","selector":"TaxNowSettings"}
Command duration or timeout: 53 milliseconds
For documentation on this error, please visit: http://seleniumhq.org/exceptions/no_such_element.html
Build info: version: '2.40.0', revision: 'fbe29a9', time: '2014-02-19 20:55:11'
System info: host: 'Av-Pn-KhareA', ip: '10.240.20.76', os.name: 'Windows 7', os.arch: 'x86', os.version: '6.1', java.version: '1.6.0_45'
Session ID: 1e17f0c6-1fef-4057-8659-57e52977a5f6
Driver info: org.openqa.selenium.firefox.FirefoxDriver
Capabilities [{platform=XP, acceptSslCerts=true, javascriptEnabled=true, browserName=firefox, rotatable=false, locationContextEnabled=true, version=12.0, cssSelectorsEnabled=true, databaseEnabled=true, handlesAlerts=true, browserConnectionEnabled=true, nativeEvents=false, webStorageEnabled=true, applicationCacheEnabled=true, takesScreenshot=true}]
SalesForce_TaxCode,TESTCASE43,Fri Dec 26 14:16:57 IST 2014,PASS,Tax Calculation for Test case: TestCase43 Started.
SalesForce_TaxCode,TESTCASE43,Fri Dec 26 14:17:07 IST 2014,FAIL,fMenuSelection: Exception: org.openqa.selenium.NoSuchElementException: Unable to locate element: {"method":"link text","selector":"TaxNowSettings"}
Command duration or timeout: 54 milliseconds
For documentation on this error, please visit: http://seleniumhq.org/exceptions/no_such_element.html
Build info: version: '2.40.0', revision: 'fbe29a9', time: '2014-02-19 20:55:11'
System info: host: 'Av-Pn-KhareA', ip: '10.240.20.76', os.name: 'Windows 7', os.arch: 'x86', os.version: '6.1', java.version: '1.6.0_45'
Session ID: 1e17f0c6-1fef-4057-8659-57e52977a5f6
Driver info: org.openqa.selenium.firefox.FirefoxDriver
Capabilities [{platform=XP, acceptSslCerts=true, javascriptEnabled=true, browserName=firefox, rotatable=false, locationContextEnabled=true, version=12.0, cssSelectorsEnabled=true, databaseEnabled=true, handlesAlerts=true, browserConnectionEnabled=true, nativeEvents=false, webStorageEnabled=true, applicationCacheEnabled=true, takesScreenshot=true}]
SalesForce_TaxCode,SalesForce_TaxCode,Fri Dec 26 14:17:07 IST 2014,PASS,Script Ended.
SalesForce_TaxCode,SalesForce_TaxCode,Fri Dec 26 14:23:18 IST 2014,PASS,Logging into SalesForce application is successful.
SalesForce_TaxCode,TESTCASE41,Fri Dec 26 14:23:18 IST 2014,PASS,Tax Calculation for Test case: TestCase41 Started.
SalesForce_TaxCode,TESTCASE41,Fri Dec 26 14:23:49 IST 2014,PASS,After clicking on menu TaxNowSettings Respective page opened successfully
SalesForce_TaxCode,TESTCASE41,Fri Dec 26 14:24:14 IST 2014,PASS,Tax now settings updated successfully
SalesForce_TaxCode,TESTCASE41,Fri Dec 26 14:25:03 IST 2014,PASS,After clicking on menu Accounts Respective page opened successfully
SalesForce_TaxCode,TESTCASE41,Fri Dec 26 14:26:38 IST 2014,FAIL,fMenuSelection: Exception: org.openqa.selenium.NoSuchElementException: Unable to locate element: {"method":"xpath","selector":"//tr[9]/td[2]/div/span/input"}
Command duration or timeout: 60.15 seconds
For documentation on this error, please visit: http://seleniumhq.org/exceptions/no_such_element.html
Build info: version: '2.40.0', revision: 'fbe29a9', time: '2014-02-19 20:55:11'
System info: host: 'Av-Pn-KhareA', ip: '10.240.20.76', os.name: 'Windows 7', os.arch: 'x86', os.version: '6.1', java.version: '1.6.0_45'
Session ID: e1e62036-a1c5-4aab-a188-b930fef53bbb
Driver info: org.openqa.selenium.firefox.FirefoxDriver
Capabilities [{platform=XP, acceptSslCerts=true, javascriptEnabled=true, browserName=firefox, rotatable=false, locationContextEnabled=true, version=12.0, cssSelectorsEnabled=true, databaseEnabled=true, handlesAlerts=true, browserConnectionEnabled=true, nativeEvents=false, webStorageEnabled=true, applicationCacheEnabled=true, takesScreenshot=true}]
SalesForce_TaxCode,TESTCASE42,Fri Dec 26 14:26:38 IST 2014,PASS,Tax Calculation for Test case: TestCase42 Started.
SalesForce_TaxCode,TESTCASE42,Fri Dec 26 14:28:09 IST 2014,PASS,After clicking on menu TaxNowSettings Respective page opened successfully
SalesForce_TaxCode,TESTCASE42,Fri Dec 26 14:28:35 IST 2014,PASS,Tax now settings updated successfully
SalesForce_TaxCode,TESTCASE42,Fri Dec 26 14:29:25 IST 2014,PASS,After clicking on menu Accounts Respective page opened successfully
SalesForce_TaxCode,TESTCASE42,Fri Dec 26 14:31:00 IST 2014,FAIL,fMenuSelection: Exception: org.openqa.selenium.NoSuchElementException: Unable to locate element: {"method":"xpath","selector":"//tr[9]/td[2]/div/span/input"}
Command duration or timeout: 60.13 seconds
For documentation on this error, please visit: http://seleniumhq.org/exceptions/no_such_element.html
Build info: version: '2.40.0', revision: 'fbe29a9', time: '2014-02-19 20:55:11'
System info: host: 'Av-Pn-KhareA', ip: '10.240.20.76', os.name: 'Windows 7', os.arch: 'x86', os.version: '6.1', java.version: '1.6.0_45'
Session ID: e1e62036-a1c5-4aab-a188-b930fef53bbb
Driver info: org.openqa.selenium.firefox.FirefoxDriver
Capabilities [{platform=XP, acceptSslCerts=true, javascriptEnabled=true, browserName=firefox, rotatable=false, locationContextEnabled=true, version=12.0, cssSelectorsEnabled=true, databaseEnabled=true, handlesAlerts=true, browserConnectionEnabled=true, nativeEvents=false, webStorageEnabled=true, applicationCacheEnabled=true, takesScreenshot=true}]
SalesForce_TaxCode,TESTCASE43,Fri Dec 26 14:31:00 IST 2014,PASS,Tax Calculation for Test case: TestCase43 Started.
SalesForce_TaxCode,TESTCASE43,Fri Dec 26 14:32:31 IST 2014,PASS,After clicking on menu TaxNowSettings Respective page opened successfully
SalesForce_TaxCode,TESTCASE43,Fri Dec 26 14:33:01 IST 2014,PASS,Tax now settings updated successfully
SalesForce_TaxCode,TESTCASE43,Fri Dec 26 14:33:51 IST 2014,PASS,After clicking on menu Accounts Respective page opened successfully
SalesForce_TaxCode,TESTCASE43,Fri Dec 26 14:35:27 IST 2014,FAIL,fMenuSelection: Exception: org.openqa.selenium.NoSuchElementException: Unable to locate element: {"method":"xpath","selector":"//tr[9]/td[2]/div/span/input"}
Command duration or timeout: 60.13 seconds
For documentation on this error, please visit: http://seleniumhq.org/exceptions/no_such_element.html
Build info: version: '2.40.0', revision: 'fbe29a9', time: '2014-02-19 20:55:11'
System info: host: 'Av-Pn-KhareA', ip: '10.240.20.76', os.name: 'Windows 7', os.arch: 'x86', os.version: '6.1', java.version: '1.6.0_45'
Session ID: e1e62036-a1c5-4aab-a188-b930fef53bbb
Driver info: org.openqa.selenium.firefox.FirefoxDriver
Capabilities [{platform=XP, acceptSslCerts=true, javascriptEnabled=true, browserName=firefox, rotatable=false, locationContextEnabled=true, version=12.0, cssSelectorsEnabled=true, databaseEnabled=true, handlesAlerts=true, browserConnectionEnabled=true, nativeEvents=false, webStorageEnabled=true, applicationCacheEnabled=true, takesScreenshot=true}]
SalesForce_TaxCode,SalesForce_TaxCode,Fri Dec 26 14:35:27 IST 2014,PASS,Script Ended.
