ScriptName,TCName,Date,Result,Description
SalesForce_AddressValidation,SalesForce_AddressValidation,Wed Apr 02 16:11:56 IST 2014,PASS,Logging into SalesForce application is successful.
SalesForce_AddressValidation,TESTCASE60,Wed Apr 02 16:11:56 IST 2014,PASS,Address Validation for Test case: TestCase60 Started.
SalesForce_AddressValidation,TESTCASE60,Wed Apr 02 16:12:07 IST 2014,PASS,After clicking on menu TaxNowSettings Respective page opened successfully
SalesForce_AddressValidation,TESTCASE60,Wed Apr 02 16:12:13 IST 2014,PASS,Tax now settings updated successfully
SalesForce_AddressValidation,TESTCASE60,Wed Apr 02 16:12:24 IST 2014,PASS,Avalara Address Validation Test Case' verified successfully for TestCase60TaxNowSettings Window 
SalesForce_AddressValidation,TESTCASE60,Wed Apr 02 16:12:25 IST 2014,PASS,Address validation saved successfully
SalesForce_AddressValidation,TESTCASE60,Wed Apr 02 16:12:36 IST 2014,PASS,After clicking on menu Contacts Respective page opened successfully
SalesForce_AddressValidation,TESTCASE60,Wed Apr 02 16:13:36 IST 2014,FAIL,fAddressValidation: Exception: org.openqa.selenium.NoSuchElementException: Unable to locate element: {"method":"name","selector":"ava_sfcore__validatemailto"}
Command duration or timeout: 60.15 seconds
For documentation on this error, please visit: http://seleniumhq.org/exceptions/no_such_element.html
Build info: version: '2.40.0', revision: 'fbe29a9', time: '2014-02-19 20:55:11'
System info: host: 'Av-Pn-KhareA', ip: '10.240.20.115', os.name: 'Windows 7', os.arch: 'x86', os.version: '6.1', java.version: '1.6.0_45'
Session ID: 436107fc-9ace-4a9a-a569-1f8d95d6705c
Driver info: org.openqa.selenium.firefox.FirefoxDriver
Capabilities [{platform=XP, acceptSslCerts=true, javascriptEnabled=true, browserName=firefox, rotatable=false, locationContextEnabled=true, version=12.0, cssSelectorsEnabled=true, databaseEnabled=true, handlesAlerts=true, browserConnectionEnabled=true, nativeEvents=false, webStorageEnabled=true, applicationCacheEnabled=true, takesScreenshot=true}]
SalesForce_AddressValidation,TESTCASE61,Wed Apr 02 16:13:36 IST 2014,PASS,Address Validation for Test case: TestCase61 Started.
SalesForce_AddressValidation,TESTCASE61,Wed Apr 02 16:13:46 IST 2014,PASS,After clicking on menu TaxNowSettings Respective page opened successfully
SalesForce_AddressValidation,TESTCASE61,Wed Apr 02 16:13:50 IST 2014,PASS,Tax now settings updated successfully
SalesForce_AddressValidation,TESTCASE61,Wed Apr 02 16:14:52 IST 2014,PASS,Address validation verified successfully
SalesForce_AddressValidation,TESTCASE61,Wed Apr 02 16:15:53 IST 2014,PASS,Address validation saved successfully
SalesForce_AddressValidation,TESTCASE61,Wed Apr 02 16:16:03 IST 2014,PASS,After clicking on menu Contacts Respective page opened successfully
SalesForce_AddressValidation,TESTCASE61,Wed Apr 02 16:17:03 IST 2014,FAIL,fAddressValidation: Exception: org.openqa.selenium.NoSuchElementException: Unable to locate element: {"method":"name","selector":"ava_sfcore__validatemailto"}
Command duration or timeout: 60.11 seconds
For documentation on this error, please visit: http://seleniumhq.org/exceptions/no_such_element.html
Build info: version: '2.40.0', revision: 'fbe29a9', time: '2014-02-19 20:55:11'
System info: host: 'Av-Pn-KhareA', ip: '10.240.20.115', os.name: 'Windows 7', os.arch: 'x86', os.version: '6.1', java.version: '1.6.0_45'
Session ID: 436107fc-9ace-4a9a-a569-1f8d95d6705c
Driver info: org.openqa.selenium.firefox.FirefoxDriver
Capabilities [{platform=XP, acceptSslCerts=true, javascriptEnabled=true, browserName=firefox, rotatable=false, locationContextEnabled=true, version=12.0, cssSelectorsEnabled=true, databaseEnabled=true, handlesAlerts=true, browserConnectionEnabled=true, nativeEvents=false, webStorageEnabled=true, applicationCacheEnabled=true, takesScreenshot=true}]
SalesForce_AddressValidation,TESTCASE62,Wed Apr 02 16:17:03 IST 2014,PASS,Address Validation for Test case: TestCase62 Started.
SalesForce_AddressValidation,TESTCASE62,Wed Apr 02 16:17:13 IST 2014,PASS,After clicking on menu TaxNowSettings Respective page opened successfully
SalesForce_AddressValidation,TESTCASE62,Wed Apr 02 16:17:17 IST 2014,PASS,Tax now settings updated successfully
SalesForce_AddressValidation,TESTCASE62,Wed Apr 02 16:17:20 IST 2014,FAIL,Avalara Address Validation Test Case '  ' NOT verified successfully  for TestCase62TaxNowSettings Window Expected :  and Actual: 900 Winslow Way E, Bainbridge Island, WA 98110-2450, US
SalesForce_AddressValidation,SalesForce_AddressValidation,Wed Apr 02 16:17:20 IST 2014,PASS,Script Ended.
SalesForce_AddressValidation,SalesForce_AddressValidation,Wed Apr 02 16:24:19 IST 2014,PASS,Logging into SalesForce application is successful.
SalesForce_AddressValidation,TESTCASE60,Wed Apr 02 16:24:19 IST 2014,PASS,Address Validation for Test case: TestCase60 Started.
SalesForce_AddressValidation,TESTCASE60,Wed Apr 02 16:24:30 IST 2014,PASS,After clicking on menu TaxNowSettings Respective page opened successfully
SalesForce_AddressValidation,TESTCASE60,Wed Apr 02 16:24:34 IST 2014,PASS,Tax now settings updated successfully
SalesForce_AddressValidation,TESTCASE60,Wed Apr 02 16:24:46 IST 2014,PASS,Avalara Address Validation Test Case' verified successfully for TestCase60TaxNowSettings Window 
SalesForce_AddressValidation,TESTCASE60,Wed Apr 02 16:24:48 IST 2014,PASS,Address validation saved successfully
SalesForce_AddressValidation,TESTCASE60,Wed Apr 02 16:25:20 IST 2014,PASS,After clicking on menu Contacts Respective page opened successfully
SalesForce_AddressValidation,SalesForce_AddressValidation,Wed Apr 02 16:28:59 IST 2014,FAIL,Logging into SalesForce application is Failed.
SalesForce_AddressValidation,TESTCASE60,Wed Apr 02 16:28:59 IST 2014,PASS,Address Validation for Test case: TestCase60 Started.
SalesForce_AddressValidation,TESTCASE60,Wed Apr 02 16:29:11 IST 2014,PASS,After clicking on menu TaxNowSettings Respective page opened successfully
SalesForce_AddressValidation,TESTCASE60,Wed Apr 02 16:29:16 IST 2014,PASS,Tax now settings updated successfully
SalesForce_AddressValidation,TESTCASE60,Wed Apr 02 16:29:27 IST 2014,PASS,Avalara Address Validation Test Case' verified successfully for TestCase60TaxNowSettings Window 
SalesForce_AddressValidation,TESTCASE60,Wed Apr 02 16:29:28 IST 2014,PASS,Address validation saved successfully
SalesForce_AddressValidation,TESTCASE60,Wed Apr 02 16:29:40 IST 2014,PASS,After clicking on menu Contacts Respective page opened successfully
SalesForce_AddressValidation,TESTCASE60,Wed Apr 02 16:30:37 IST 2014,PASS,Avalara Address Validation Test Case' verified successfully for TestCase60Contacts Window 
SalesForce_AddressValidation,TESTCASE60,Wed Apr 02 16:30:51 IST 2014,PASS,Address validation saved successfully
SalesForce_AddressValidation,TESTCASE60,Wed Apr 02 16:31:13 IST 2014,PASS,Avalara Address Validation Test Case' verified successfully for TestCase60Contacts Window 
SalesForce_AddressValidation,TESTCASE60,Wed Apr 02 16:31:23 IST 2014,PASS,Address validation saved successfully
SalesForce_AddressValidation,TESTCASE60,Wed Apr 02 16:31:55 IST 2014,PASS,After clicking on menu Accounts Respective page opened successfully
SalesForce_AddressValidation,TESTCASE60,Wed Apr 02 16:32:06 IST 2014,PASS,Avalara Address Validation Test Case' verified successfully for TestCase60Accounts Window 
SalesForce_AddressValidation,TESTCASE60,Wed Apr 02 16:32:13 IST 2014,PASS,Address validation saved successfully
SalesForce_AddressValidation,TESTCASE60,Wed Apr 02 16:32:29 IST 2014,PASS,Avalara Address Validation Test Case' verified successfully for TestCase60Accounts Window 
SalesForce_AddressValidation,TESTCASE60,Wed Apr 02 16:32:35 IST 2014,PASS,Address validation saved successfully
SalesForce_AddressValidation,TESTCASE60,Wed Apr 02 16:32:49 IST 2014,PASS,Opportunities created successfully
SalesForce_AddressValidation,TESTCASE60,Wed Apr 02 16:32:50 IST 2014,PASS,After clicking on menu Opportunities Respective page opened successfully
SalesForce_AddressValidation,SalesForce_AddressValidation,Wed Apr 02 16:34:36 IST 2014,PASS,Logging into SalesForce application is successful.
SalesForce_AddressValidation,TESTCASE60,Wed Apr 02 16:34:36 IST 2014,PASS,Address Validation for Test case: TestCase60 Started.
SalesForce_AddressValidation,TESTCASE60,Wed Apr 02 16:34:47 IST 2014,PASS,After clicking on menu TaxNowSettings Respective page opened successfully
SalesForce_AddressValidation,TESTCASE60,Wed Apr 02 16:34:50 IST 2014,PASS,Tax now settings updated successfully
SalesForce_AddressValidation,TESTCASE60,Wed Apr 02 16:35:00 IST 2014,PASS,Avalara Address Validation Test Case' verified successfully for TestCase60TaxNowSettings Window 
SalesForce_AddressValidation,TESTCASE60,Wed Apr 02 16:35:01 IST 2014,PASS,Address validation saved successfully
SalesForce_AddressValidation,TESTCASE60,Wed Apr 02 16:35:14 IST 2014,PASS,After clicking on menu Contacts Respective page opened successfully
SalesForce_AddressValidation,TESTCASE60,Wed Apr 02 16:35:16 IST 2014,PASS,Avalara Address Validation Test Case' verified successfully for TestCase60Contacts Window 
SalesForce_AddressValidation,TESTCASE60,Wed Apr 02 16:35:17 IST 2014,PASS,Address validation saved successfully
SalesForce_AddressValidation,TESTCASE60,Wed Apr 02 16:35:22 IST 2014,PASS,Avalara Address Validation Test Case' verified successfully for TestCase60Contacts Window 
SalesForce_AddressValidation,TESTCASE60,Wed Apr 02 16:35:23 IST 2014,PASS,Address validation saved successfully
SalesForce_AddressValidation,TESTCASE60,Wed Apr 02 16:35:33 IST 2014,PASS,After clicking on menu Accounts Respective page opened successfully
SalesForce_AddressValidation,TESTCASE60,Wed Apr 02 16:35:35 IST 2014,PASS,Avalara Address Validation Test Case' verified successfully for TestCase60Accounts Window 
SalesForce_AddressValidation,TESTCASE60,Wed Apr 02 16:35:36 IST 2014,PASS,Address validation saved successfully
SalesForce_AddressValidation,TESTCASE60,Wed Apr 02 16:35:39 IST 2014,PASS,Avalara Address Validation Test Case' verified successfully for TestCase60Accounts Window 
SalesForce_AddressValidation,TESTCASE60,Wed Apr 02 16:35:41 IST 2014,PASS,Address validation saved successfully
SalesForce_AddressValidation,TESTCASE60,Wed Apr 02 16:35:49 IST 2014,PASS,Opportunities created successfully
SalesForce_AddressValidation,TESTCASE60,Wed Apr 02 16:35:51 IST 2014,PASS,After clicking on menu Opportunities Respective page opened successfully
SalesForce_AddressValidation,TESTCASE60,Wed Apr 02 16:38:39 IST 2014,PASS,Avalara Address Validation Test Case' verified successfully for TestCase60Opportunities Window 
SalesForce_AddressValidation,TESTCASE60,Wed Apr 02 16:38:46 IST 2014,PASS,Address validation saved successfully
SalesForce_AddressValidation,TESTCASE60,Wed Apr 02 16:46:42 IST 2014,PASS,Avalara Address Validation Test Case' verified successfully for TestCase60Opportunities Window 
SalesForce_AddressValidation,TESTCASE60,Wed Apr 02 16:47:24 IST 2014,PASS,After clicking on menu newQuote Respective page opened successfully
SalesForce_AddressValidation,TESTCASE60,Wed Apr 02 16:47:39 IST 2014,PASS,Avalara Address Validation Test Case' verified successfully for TestCase60newQuote Window 
SalesForce_AddressValidation,TESTCASE60,Wed Apr 02 16:47:40 IST 2014,PASS,Address validation saved successfully
SalesForce_AddressValidation,TESTCASE60,Wed Apr 02 16:47:46 IST 2014,PASS,Avalara Address Validation Test Case' verified successfully for TestCase60newQuote Window 
SalesForce_AddressValidation,TESTCASE60,Wed Apr 02 16:47:47 IST 2014,PASS,Address validation saved successfully
SalesForce_AddressValidation,TESTCASE61,Wed Apr 02 16:48:17 IST 2014,PASS,Address Validation for Test case: TestCase61 Started.
SalesForce_AddressValidation,TESTCASE61,Wed Apr 02 16:48:27 IST 2014,PASS,After clicking on menu TaxNowSettings Respective page opened successfully
SalesForce_AddressValidation,TESTCASE61,Wed Apr 02 16:48:31 IST 2014,PASS,Tax now settings updated successfully
SalesForce_AddressValidation,TESTCASE61,Wed Apr 02 16:49:33 IST 2014,PASS,Address validation verified successfully
SalesForce_AddressValidation,SalesForce_AddressValidation,Wed Apr 02 16:51:34 IST 2014,PASS,Logging into SalesForce application is successful.
SalesForce_AddressValidation,TESTCASE60,Wed Apr 02 16:51:34 IST 2014,PASS,Address Validation for Test case: TestCase60 Started.
SalesForce_AddressValidation,TESTCASE60,Wed Apr 02 16:51:46 IST 2014,PASS,After clicking on menu TaxNowSettings Respective page opened successfully
SalesForce_AddressValidation,TESTCASE60,Wed Apr 02 16:51:49 IST 2014,PASS,Tax now settings updated successfully
SalesForce_AddressValidation,TESTCASE60,Wed Apr 02 16:51:57 IST 2014,PASS,Avalara Address Validation Test Case' verified successfully for TestCase60TaxNowSettings Window 
SalesForce_AddressValidation,TESTCASE60,Wed Apr 02 16:51:58 IST 2014,PASS,Address validation saved successfully
SalesForce_AddressValidation,TESTCASE60,Wed Apr 02 16:52:10 IST 2014,PASS,After clicking on menu Contacts Respective page opened successfully
SalesForce_AddressValidation,TESTCASE60,Wed Apr 02 16:52:12 IST 2014,PASS,Avalara Address Validation Test Case' verified successfully for TestCase60Contacts Window 
SalesForce_AddressValidation,TESTCASE60,Wed Apr 02 16:52:13 IST 2014,PASS,Address validation saved successfully
SalesForce_AddressValidation,TESTCASE60,Wed Apr 02 16:52:16 IST 2014,PASS,Avalara Address Validation Test Case' verified successfully for TestCase60Contacts Window 
SalesForce_AddressValidation,TESTCASE60,Wed Apr 02 16:52:17 IST 2014,PASS,Address validation saved successfully
SalesForce_AddressValidation,TESTCASE60,Wed Apr 02 16:52:28 IST 2014,PASS,After clicking on menu Accounts Respective page opened successfully
SalesForce_AddressValidation,TESTCASE60,Wed Apr 02 16:52:30 IST 2014,PASS,Avalara Address Validation Test Case' verified successfully for TestCase60Accounts Window 
SalesForce_AddressValidation,TESTCASE60,Wed Apr 02 16:52:31 IST 2014,PASS,Address validation saved successfully
SalesForce_AddressValidation,TESTCASE60,Wed Apr 02 16:52:34 IST 2014,PASS,Avalara Address Validation Test Case' verified successfully for TestCase60Accounts Window 
SalesForce_AddressValidation,TESTCASE60,Wed Apr 02 16:52:35 IST 2014,PASS,Address validation saved successfully
SalesForce_AddressValidation,TESTCASE60,Wed Apr 02 16:52:43 IST 2014,PASS,Opportunities created successfully
SalesForce_AddressValidation,TESTCASE60,Wed Apr 02 16:52:45 IST 2014,PASS,After clicking on menu Opportunities Respective page opened successfully
SalesForce_AddressValidation,TESTCASE60,Wed Apr 02 16:52:47 IST 2014,PASS,Avalara Address Validation Test Case' verified successfully for TestCase60Opportunities Window 
SalesForce_AddressValidation,TESTCASE60,Wed Apr 02 16:52:48 IST 2014,PASS,Address validation saved successfully
SalesForce_AddressValidation,TESTCASE60,Wed Apr 02 16:52:51 IST 2014,PASS,Avalara Address Validation Test Case' verified successfully for TestCase60Opportunities Window 
SalesForce_AddressValidation,TESTCASE60,Wed Apr 02 16:53:03 IST 2014,PASS,After clicking on menu newQuote Respective page opened successfully
SalesForce_AddressValidation,TESTCASE60,Wed Apr 02 16:53:11 IST 2014,PASS,Avalara Address Validation Test Case' verified successfully for TestCase60newQuote Window 
SalesForce_AddressValidation,TESTCASE60,Wed Apr 02 16:53:12 IST 2014,PASS,Address validation saved successfully
SalesForce_AddressValidation,TESTCASE60,Wed Apr 02 16:53:15 IST 2014,PASS,Avalara Address Validation Test Case' verified successfully for TestCase60newQuote Window 
SalesForce_AddressValidation,TESTCASE60,Wed Apr 02 16:53:17 IST 2014,PASS,Address validation saved successfully
SalesForce_AddressValidation,TESTCASE61,Wed Apr 02 16:53:17 IST 2014,PASS,Address Validation for Test case: TestCase61 Started.
SalesForce_AddressValidation,TESTCASE61,Wed Apr 02 16:53:27 IST 2014,PASS,After clicking on menu TaxNowSettings Respective page opened successfully
SalesForce_AddressValidation,TESTCASE61,Wed Apr 02 16:53:31 IST 2014,PASS,Tax now settings updated successfully
SalesForce_AddressValidation,TESTCASE61,Wed Apr 02 16:54:33 IST 2014,PASS,Address validation verified successfully
SalesForce_AddressValidation,TESTCASE61,Wed Apr 02 16:55:35 IST 2014,PASS,Address validation saved successfully
SalesForce_AddressValidation,TESTCASE61,Wed Apr 02 16:55:45 IST 2014,PASS,After clicking on menu Contacts Respective page opened successfully
SalesForce_AddressValidation,TESTCASE61,Wed Apr 02 16:56:47 IST 2014,PASS,Address validation verified successfully
SalesForce_AddressValidation,TESTCASE61,Wed Apr 02 16:57:49 IST 2014,PASS,Address validation saved successfully
SalesForce_AddressValidation,TESTCASE61,Wed Apr 02 16:58:52 IST 2014,PASS,Address validation verified successfully
SalesForce_AddressValidation,TESTCASE61,Wed Apr 02 16:59:54 IST 2014,PASS,Address validation saved successfully
SalesForce_AddressValidation,TESTCASE61,Wed Apr 02 17:00:04 IST 2014,PASS,After clicking on menu Accounts Respective page opened successfully
SalesForce_AddressValidation,TESTCASE61,Wed Apr 02 17:01:06 IST 2014,PASS,Address validation verified successfully
SalesForce_AddressValidation,SalesForce_AddressValidation,Wed Apr 02 17:03:57 IST 2014,FAIL,Logging into SalesForce application is Failed.
SalesForce_AddressValidation,TESTCASE61,Wed Apr 02 17:03:57 IST 2014,PASS,Address Validation for Test case: TestCase61 Started.
SalesForce_AddressValidation,TESTCASE61,Wed Apr 02 17:04:08 IST 2014,PASS,After clicking on menu TaxNowSettings Respective page opened successfully
SalesForce_AddressValidation,TESTCASE61,Wed Apr 02 17:04:13 IST 2014,PASS,Tax now settings updated successfully
SalesForce_AddressValidation,TESTCASE61,Wed Apr 02 17:06:08 IST 2014,PASS,Address validation verified successfully
SalesForce_AddressValidation,TESTCASE61,Wed Apr 02 17:07:23 IST 2014,PASS,Address validation saved successfully
SalesForce_AddressValidation,TESTCASE61,Wed Apr 02 17:07:41 IST 2014,PASS,After clicking on menu Contacts Respective page opened successfully
SalesForce_AddressValidation,TESTCASE61,Wed Apr 02 17:08:45 IST 2014,PASS,Address validation verified successfully
SalesForce_AddressValidation,TESTCASE61,Wed Apr 02 17:09:47 IST 2014,PASS,Address validation saved successfully
