ScriptName,TCName,Date,Result,Description
SalesForce_ErrorMessageDisplayed,SalesForce_ErrorMessageDisplayed,Wed Apr 02 17:37:38 IST 2014,FAIL,Logging into SalesForce application is Failed.
SalesForce_ErrorMessageDisplayed,TESTCASE80,Wed Apr 02 17:37:38 IST 2014,PASS,Tax Calculation for Test case: TestCase80 Started.
SalesForce_ErrorMessageDisplayed,TESTCASE80,Wed Apr 02 17:37:50 IST 2014,PASS,After clicking on menu TaxNowSettings Respective page opened successfully
SalesForce_ErrorMessageDisplayed,TESTCASE80,Wed Apr 02 17:37:54 IST 2014,PASS,Tax now settings updated successfully
SalesForce_ErrorMessageDisplayed,TESTCASE80,Wed Apr 02 17:38:04 IST 2014,PASS,After clicking on menu Accounts Respective page opened successfully
SalesForce_ErrorMessageDisplayed,TESTCASE80,Wed Apr 02 17:38:13 IST 2014,PASS,Opportunities created successfully
SalesForce_ErrorMessageDisplayed,TESTCASE80,Wed Apr 02 17:38:14 IST 2014,PASS,After clicking on menu Opportunities Respective page opened successfully
SalesForce_ErrorMessageDisplayed,TESTCASE80,Wed Apr 02 17:38:27 IST 2014,PASS,Avalara Status 'Temporary' verified successfully on adding products for Test case TestCase80 On Menu item : - Opportunities
SalesForce_ErrorMessageDisplayed,TESTCASE80,Wed Apr 02 17:38:38 IST 2014,PASS,Error message appeared as Name: JurisdictionNotFoundError Summary: Unable to determine the taxing jurisdictions. Details: 900432 Winslow Way, Bainbridge Island, WA 453543 US (Destination)
SalesForce_ErrorMessageDisplayed,TESTCASE80,Wed Apr 02 17:38:45 IST 2014,PASS,After clicking on menu newQuote Respective page opened successfully
SalesForce_ErrorMessageDisplayed,TESTCASE80,Wed Apr 02 17:38:55 IST 2014,PASS,Avalara Status 'Temporary' verified successfully on adding products for Test case TestCase80 On Menu item : - Quotes
SalesForce_ErrorMessageDisplayed,TESTCASE80,Wed Apr 02 17:39:01 IST 2014,PASS,Error message appeared as Name: JurisdictionNotFoundError Summary: Unable to determine the taxing jurisdictions. Details: 900432 Winslow Way, Bainbridge Island, WA 453543 US (Destination)
SalesForce_ErrorMessageDisplayed,TESTCASE80,Wed Apr 02 17:39:01 IST 2014,PASS,Tax Calculation for Test case: TestCase80 Ended.
SalesForce_ErrorMessageDisplayed,TESTCASE81,Wed Apr 02 17:39:01 IST 2014,PASS,Tax Calculation for Test case: TestCase81 Started.
SalesForce_ErrorMessageDisplayed,TESTCASE81,Wed Apr 02 17:39:07 IST 2014,PASS,After clicking on menu TaxNowSettings Respective page opened successfully
SalesForce_ErrorMessageDisplayed,TESTCASE81,Wed Apr 02 17:39:10 IST 2014,PASS,Tax now settings updated successfully
SalesForce_ErrorMessageDisplayed,TESTCASE81,Wed Apr 02 17:39:21 IST 2014,PASS,After clicking on menu Accounts Respective page opened successfully
SalesForce_ErrorMessageDisplayed,TESTCASE81,Wed Apr 02 17:39:28 IST 2014,PASS,Opportunities created successfully
SalesForce_ErrorMessageDisplayed,TESTCASE81,Wed Apr 02 17:39:29 IST 2014,PASS,After clicking on menu Opportunities Respective page opened successfully
SalesForce_ErrorMessageDisplayed,TESTCASE81,Wed Apr 02 17:39:38 IST 2014,PASS,Avalara Status 'Temporary' verified successfully on adding products for Test case TestCase81 On Menu item : - Opportunities
SalesForce_ErrorMessageDisplayed,TESTCASE81,Wed Apr 02 17:39:43 IST 2014,PASS,Error message appeared as Name: JurisdictionNotFoundError Summary: Unable to determine the taxing jurisdictions. Details: 900432 Winslow Way, Bainbridge Island, WA 453543 US (Destination)
SalesForce_ErrorMessageDisplayed,TESTCASE81,Wed Apr 02 17:39:49 IST 2014,PASS,After clicking on menu newQuote Respective page opened successfully
SalesForce_ErrorMessageDisplayed,TESTCASE81,Wed Apr 02 17:39:59 IST 2014,FAIL,Avalara Status 'Temporary' NOT verified successfully on adding products for Test case TestCase81 On Menu item : - QuotesExpected : Temporary and Actual:Saved
SalesForce_ErrorMessageDisplayed,TESTCASE82,Wed Apr 02 17:39:59 IST 2014,PASS,Tax Calculation for Test case: TestCase82 Started.
SalesForce_ErrorMessageDisplayed,TESTCASE82,Wed Apr 02 17:40:05 IST 2014,PASS,After clicking on menu TaxNowSettings Respective page opened successfully
SalesForce_ErrorMessageDisplayed,TESTCASE82,Wed Apr 02 17:40:09 IST 2014,PASS,Tax now settings updated successfully
SalesForce_ErrorMessageDisplayed,TESTCASE82,Wed Apr 02 17:40:19 IST 2014,PASS,After clicking on menu Accounts Respective page opened successfully
SalesForce_ErrorMessageDisplayed,TESTCASE82,Wed Apr 02 17:40:27 IST 2014,PASS,Opportunities created successfully
SalesForce_ErrorMessageDisplayed,TESTCASE82,Wed Apr 02 17:40:28 IST 2014,PASS,After clicking on menu Opportunities Respective page opened successfully
SalesForce_ErrorMessageDisplayed,TESTCASE82,Wed Apr 02 17:40:37 IST 2014,PASS,Avalara Status 'Temporary' verified successfully on adding products for Test case TestCase82 On Menu item : - Opportunities
SalesForce_ErrorMessageDisplayed,TESTCASE82,Wed Apr 02 17:40:42 IST 2014,PASS,Error message appeared as Name: JurisdictionNotFoundError Summary: Unable to determine the taxing jurisdictions. Details: 900432 Winslow Way, Bainbridge Island, WA 453543 US (Destination)
SalesForce_ErrorMessageDisplayed,TESTCASE82,Wed Apr 02 17:40:50 IST 2014,PASS,Error message appeared as Name: JurisdictionNotFoundError Summary: Unable to determine the taxing jurisdictions. Details: 900432 Winslow Way, Bainbridge Island, WA 453543 US (Destination)
SalesForce_ErrorMessageDisplayed,TESTCASE82,Wed Apr 02 17:40:56 IST 2014,PASS,After clicking on menu newQuote Respective page opened successfully
SalesForce_ErrorMessageDisplayed,TESTCASE82,Wed Apr 02 17:41:05 IST 2014,FAIL,Avalara Status 'Temporary' NOT verified successfully on adding products for Test case TestCase82 On Menu item : - QuotesExpected : Temporary and Actual:Saved
SalesForce_ErrorMessageDisplayed,TESTCASE83,Wed Apr 02 17:41:05 IST 2014,PASS,Tax Calculation for Test case: TestCase83 Started.
SalesForce_ErrorMessageDisplayed,TESTCASE83,Wed Apr 02 17:41:11 IST 2014,PASS,After clicking on menu TaxNowSettings Respective page opened successfully
SalesForce_ErrorMessageDisplayed,TESTCASE83,Wed Apr 02 17:41:15 IST 2014,PASS,Tax now settings updated successfully
SalesForce_ErrorMessageDisplayed,TESTCASE83,Wed Apr 02 17:41:26 IST 2014,PASS,After clicking on menu Accounts Respective page opened successfully
SalesForce_ErrorMessageDisplayed,TESTCASE83,Wed Apr 02 17:41:33 IST 2014,PASS,Opportunities created successfully
SalesForce_ErrorMessageDisplayed,TESTCASE83,Wed Apr 02 17:41:34 IST 2014,PASS,After clicking on menu Opportunities Respective page opened successfully
SalesForce_ErrorMessageDisplayed,TESTCASE83,Wed Apr 02 17:41:43 IST 2014,PASS,Avalara Status 'Temporary' verified successfully on adding products for Test case TestCase83 On Menu item : - Opportunities
SalesForce_ErrorMessageDisplayed,TESTCASE83,Wed Apr 02 17:41:49 IST 2014,PASS,Error message appeared as Name: JurisdictionNotFoundError Summary: Unable to determine the taxing jurisdictions. Details: 900432 Winslow Way, Bainbridge Island, WA 453543 US (Destination)
SalesForce_ErrorMessageDisplayed,TESTCASE83,Wed Apr 02 17:41:55 IST 2014,PASS,After clicking on menu newQuote Respective page opened successfully
SalesForce_ErrorMessageDisplayed,TESTCASE83,Wed Apr 02 17:42:05 IST 2014,PASS,Avalara Status 'Temporary' verified successfully on adding products for Test case TestCase83 On Menu item : - Quotes
SalesForce_ErrorMessageDisplayed,TESTCASE83,Wed Apr 02 17:42:10 IST 2014,PASS,Error message appeared as Name: JurisdictionNotFoundError Summary: Unable to determine the taxing jurisdictions. Details: 900432 Winslow Way, Bainbridge Island, WA 453543 US (Destination)
SalesForce_ErrorMessageDisplayed,TESTCASE83,Wed Apr 02 17:42:10 IST 2014,PASS,Tax Calculation for Test case: TestCase83 Ended.
SalesForce_ErrorMessageDisplayed,TESTCASE84,Wed Apr 02 17:42:10 IST 2014,PASS,Tax Calculation for Test case: TestCase84 Started.
SalesForce_ErrorMessageDisplayed,TESTCASE84,Wed Apr 02 17:42:16 IST 2014,PASS,After clicking on menu TaxNowSettings Respective page opened successfully
SalesForce_ErrorMessageDisplayed,TESTCASE84,Wed Apr 02 17:42:19 IST 2014,PASS,Tax now settings updated successfully
SalesForce_ErrorMessageDisplayed,TESTCASE84,Wed Apr 02 17:42:29 IST 2014,PASS,After clicking on menu Accounts Respective page opened successfully
SalesForce_ErrorMessageDisplayed,TESTCASE84,Wed Apr 02 17:42:37 IST 2014,PASS,Opportunities created successfully
SalesForce_ErrorMessageDisplayed,TESTCASE84,Wed Apr 02 17:42:38 IST 2014,PASS,After clicking on menu Opportunities Respective page opened successfully
SalesForce_ErrorMessageDisplayed,TESTCASE84,Wed Apr 02 17:43:47 IST 2014,FAIL,fCalculateSalesTax: Exception: org.openqa.selenium.NoSuchElementException: Unable to locate element: {"method":"id","selector":"00Ni000000DEYPE_ileinner"}
Command duration or timeout: 60.11 seconds
For documentation on this error, please visit: http://seleniumhq.org/exceptions/no_such_element.html
Build info: version: '2.40.0', revision: 'fbe29a9', time: '2014-02-19 20:55:11'
System info: host: 'Av-Pn-KhareA', ip: '10.240.20.115', os.name: 'Windows 7', os.arch: 'x86', os.version: '6.1', java.version: '1.6.0_45'
Session ID: 7b4784ae-006e-468b-bcd7-1da98bf9ab1c
Driver info: org.openqa.selenium.firefox.FirefoxDriver
Capabilities [{platform=XP, acceptSslCerts=true, javascriptEnabled=true, browserName=firefox, rotatable=false, locationContextEnabled=true, version=12.0, cssSelectorsEnabled=true, databaseEnabled=true, handlesAlerts=true, browserConnectionEnabled=true, nativeEvents=false, webStorageEnabled=true, applicationCacheEnabled=true, takesScreenshot=true}]
SalesForce_ErrorMessageDisplayed,TESTCASE85,Wed Apr 02 17:43:47 IST 2014,PASS,Tax Calculation for Test case: TestCase85 Started.
SalesForce_ErrorMessageDisplayed,TESTCASE85,Wed Apr 02 17:43:53 IST 2014,PASS,After clicking on menu TaxNowSettings Respective page opened successfully
SalesForce_ErrorMessageDisplayed,TESTCASE85,Wed Apr 02 17:43:57 IST 2014,PASS,Tax now settings updated successfully
SalesForce_ErrorMessageDisplayed,TESTCASE85,Wed Apr 02 17:44:07 IST 2014,PASS,After clicking on menu Accounts Respective page opened successfully
SalesForce_ErrorMessageDisplayed,TESTCASE85,Wed Apr 02 17:44:14 IST 2014,PASS,Opportunities created successfully
SalesForce_ErrorMessageDisplayed,TESTCASE85,Wed Apr 02 17:44:15 IST 2014,PASS,After clicking on menu Opportunities Respective page opened successfully
SalesForce_ErrorMessageDisplayed,TESTCASE85,Wed Apr 02 17:44:25 IST 2014,PASS,Avalara Status 'Temporary' verified successfully on adding products for Test case TestCase85 On Menu item : - Opportunities
SalesForce_ErrorMessageDisplayed,TESTCASE85,Wed Apr 02 17:44:30 IST 2014,PASS,Error message appeared as Name: TaxAddressError Summary: An Address is incomplete or invalid. Details:
SalesForce_ErrorMessageDisplayed,TESTCASE85,Wed Apr 02 17:44:36 IST 2014,PASS,After clicking on menu newQuote Respective page opened successfully
SalesForce_ErrorMessageDisplayed,TESTCASE85,Wed Apr 02 17:44:48 IST 2014,FAIL,Avalara Status 'Temporary' NOT verified successfully on adding products for Test case TestCase85 On Menu item : - QuotesExpected : Temporary and Actual:Saved
SalesForce_ErrorMessageDisplayed,TESTCASE86,Wed Apr 02 17:44:48 IST 2014,PASS,Tax Calculation for Test case: TestCase86 Started.
SalesForce_ErrorMessageDisplayed,TESTCASE86,Wed Apr 02 17:44:55 IST 2014,PASS,After clicking on menu TaxNowSettings Respective page opened successfully
SalesForce_ErrorMessageDisplayed,TESTCASE86,Wed Apr 02 17:44:59 IST 2014,PASS,Tax now settings updated successfully
SalesForce_ErrorMessageDisplayed,TESTCASE86,Wed Apr 02 17:45:12 IST 2014,PASS,After clicking on menu Accounts Respective page opened successfully
SalesForce_ErrorMessageDisplayed,TESTCASE86,Wed Apr 02 17:45:19 IST 2014,PASS,Opportunities created successfully
SalesForce_ErrorMessageDisplayed,TESTCASE86,Wed Apr 02 17:45:20 IST 2014,PASS,After clicking on menu Opportunities Respective page opened successfully
SalesForce_ErrorMessageDisplayed,TESTCASE86,Wed Apr 02 17:45:30 IST 2014,PASS,Avalara Status 'Temporary' verified successfully on adding products for Test case TestCase86 On Menu item : - Opportunities
SalesForce_ErrorMessageDisplayed,TESTCASE86,Wed Apr 02 17:45:34 IST 2014,PASS,Error message appeared as Name: TaxAddressError Summary: An Address is incomplete or invalid. Details:
SalesForce_ErrorMessageDisplayed,TESTCASE86,Wed Apr 02 17:45:38 IST 2014,PASS,Error message appeared as Name: TaxAddressError Summary: An Address is incomplete or invalid. Details:
SalesForce_ErrorMessageDisplayed,TESTCASE86,Wed Apr 02 17:45:44 IST 2014,PASS,After clicking on menu newQuote Respective page opened successfully
SalesForce_ErrorMessageDisplayed,TESTCASE86,Wed Apr 02 17:45:58 IST 2014,FAIL,Avalara Status 'Temporary' NOT verified successfully on adding products for Test case TestCase86 On Menu item : - QuotesExpected : Temporary and Actual:Saved
SalesForce_ErrorMessageDisplayed,TESTCASE87,Wed Apr 02 17:45:58 IST 2014,PASS,Tax Calculation for Test case: TestCase87 Started.
SalesForce_ErrorMessageDisplayed,TESTCASE87,Wed Apr 02 17:46:04 IST 2014,PASS,After clicking on menu TaxNowSettings Respective page opened successfully
SalesForce_ErrorMessageDisplayed,TESTCASE87,Wed Apr 02 17:46:08 IST 2014,PASS,Tax now settings updated successfully
SalesForce_ErrorMessageDisplayed,TESTCASE87,Wed Apr 02 17:46:18 IST 2014,PASS,After clicking on menu Accounts Respective page opened successfully
SalesForce_ErrorMessageDisplayed,TESTCASE87,Wed Apr 02 17:46:25 IST 2014,PASS,Opportunities created successfully
SalesForce_ErrorMessageDisplayed,TESTCASE87,Wed Apr 02 17:46:26 IST 2014,PASS,After clicking on menu Opportunities Respective page opened successfully
SalesForce_ErrorMessageDisplayed,TESTCASE87,Wed Apr 02 17:46:35 IST 2014,PASS,Avalara Status 'Temporary' verified successfully on adding products for Test case TestCase87 On Menu item : - Opportunities
SalesForce_ErrorMessageDisplayed,TESTCASE87,Wed Apr 02 17:46:40 IST 2014,PASS,Error message appeared as Name: TaxAddressError Summary: An Address is incomplete or invalid. Details:
SalesForce_ErrorMessageDisplayed,TESTCASE87,Wed Apr 02 17:46:46 IST 2014,PASS,After clicking on menu newQuote Respective page opened successfully
SalesForce_ErrorMessageDisplayed,TESTCASE87,Wed Apr 02 17:46:55 IST 2014,PASS,Avalara Status 'Temporary' verified successfully on adding products for Test case TestCase87 On Menu item : - Quotes
SalesForce_ErrorMessageDisplayed,TESTCASE87,Wed Apr 02 17:47:00 IST 2014,PASS,Error message appeared as Name: TaxAddressError Summary: An Address is incomplete or invalid. Details:
SalesForce_ErrorMessageDisplayed,TESTCASE87,Wed Apr 02 17:47:00 IST 2014,PASS,Tax Calculation for Test case: TestCase87 Ended.
SalesForce_ErrorMessageDisplayed,SalesForce_ErrorMessageDisplayed,Wed Apr 02 17:47:00 IST 2014,PASS,Script Ended.
