ScriptName,TCName,Date,Result,Description
SalesForce_TaxCalc,SalesForce_TaxCalc,Thu Mar 27 11:29:08 IST 2014,PASS,Logging into SalesForce application is successful.
SalesForce_TaxCalc,TESTCASE2,Thu Mar 27 11:29:08 IST 2014,PASS,Tax Calculation for Test case: TestCase2 Started.
SalesForce_TaxCalc,TESTCASE2,Thu Mar 27 11:29:15 IST 2014,PASS,After clicking on menu TaxNowSettings Respective page opened successfully
SalesForce_TaxCalc,TESTCASE2,Thu Mar 27 11:29:20 IST 2014,PASS,Tax now settings updated successfully
SalesForce_TaxCalc,TESTCASE2,Thu Mar 27 11:29:31 IST 2014,PASS,After clicking on menu Accounts Respective page opened successfully
SalesForce_TaxCalc,TESTCASE2,Thu Mar 27 11:29:42 IST 2014,PASS,Opportunities created successfully
SalesForce_TaxCalc,TESTCASE2,Thu Mar 27 11:29:43 IST 2014,PASS,After clicking on menu Opportunities Respective page opened successfully
SalesForce_TaxCalc,TESTCASE2,Thu Mar 27 11:29:54 IST 2014,PASS,Avalara Status 'Temporary' verified successfully on adding products for Test case TestCase2 On Menu item : - Opportunities
SalesForce_TaxCalc,TESTCASE2,Thu Mar 27 16:59:38 IST 2014,PASS,'Total Sales Tax' 60.00 verified successfully for Test case TestCase2 on Opportunities Window.
SalesForce_TaxCalc,TESTCASE2,Thu Mar 27 16:59:53 IST 2014,PASS,Avalara Status ' Saved' verified successfully on Calculate for Test case TestCase2 On tax calculation on Opportunities Window 
SalesForce_TaxCalc,TESTCASE2,Thu Mar 27 17:00:35 IST 2014,PASS,After clicking on menu newQuote Respective page opened successfully
SalesForce_TaxCalc,TESTCASE2,Thu Mar 27 17:02:08 IST 2014,FAIL,Avalara Status 'Temporary' NOT verified successfully on adding products for Test case TestCase2 On Menu item : - QuotesExpected : Temporary and Actual:Saved
SalesForce_TaxCalc,SalesForce_TaxCalc,Wed Apr 02 13:40:38 IST 2014,PASS,Logging into SalesForce application is successful.
SalesForce_TaxCalc,TESTCASE2,Wed Apr 02 13:40:38 IST 2014,PASS,Tax Calculation for Test case: TestCase2 Started.
SalesForce_TaxCalc,TESTCASE2,Wed Apr 02 13:40:45 IST 2014,PASS,After clicking on menu TaxNowSettings Respective page opened successfully
SalesForce_TaxCalc,TESTCASE2,Wed Apr 02 13:40:49 IST 2014,PASS,Tax now settings updated successfully
SalesForce_TaxCalc,TESTCASE2,Wed Apr 02 13:41:01 IST 2014,PASS,After clicking on menu Accounts Respective page opened successfully
SalesForce_TaxCalc,TESTCASE2,Wed Apr 02 13:41:13 IST 2014,PASS,Opportunities created successfully
SalesForce_TaxCalc,TESTCASE2,Wed Apr 02 13:41:14 IST 2014,PASS,After clicking on menu Opportunities Respective page opened successfully
SalesForce_TaxCalc,TESTCASE2,Wed Apr 02 13:41:14 IST 2014,FAIL,fCalculateSalesTax: Exception: java.sql.SQLException: Column not found
SalesForce_TaxCalc,TESTCASE3,Wed Apr 02 13:41:14 IST 2014,PASS,Tax Calculation for Test case: TestCase3 Started.
SalesForce_TaxCalc,TESTCASE3,Wed Apr 02 13:41:20 IST 2014,PASS,After clicking on menu TaxNowSettings Respective page opened successfully
SalesForce_TaxCalc,TESTCASE3,Wed Apr 02 13:41:25 IST 2014,PASS,Tax now settings updated successfully
SalesForce_TaxCalc,TESTCASE3,Wed Apr 02 13:41:35 IST 2014,PASS,After clicking on menu Accounts Respective page opened successfully
SalesForce_TaxCalc,TESTCASE3,Wed Apr 02 13:41:42 IST 2014,PASS,Opportunities created successfully
SalesForce_TaxCalc,TESTCASE3,Wed Apr 02 13:41:43 IST 2014,PASS,After clicking on menu Opportunities Respective page opened successfully
SalesForce_TaxCalc,TESTCASE3,Wed Apr 02 13:41:43 IST 2014,FAIL,fCalculateSalesTax: Exception: java.sql.SQLException: Column not found
SalesForce_TaxCalc,TESTCASE4,Wed Apr 02 13:41:43 IST 2014,PASS,Tax Calculation for Test case: TestCase4 Started.
SalesForce_TaxCalc,TESTCASE4,Wed Apr 02 13:41:49 IST 2014,PASS,After clicking on menu TaxNowSettings Respective page opened successfully
SalesForce_TaxCalc,TESTCASE4,Wed Apr 02 13:41:53 IST 2014,PASS,Tax now settings updated successfully
SalesForce_TaxCalc,TESTCASE4,Wed Apr 02 13:42:03 IST 2014,PASS,After clicking on menu Accounts Respective page opened successfully
SalesForce_TaxCalc,TESTCASE4,Wed Apr 02 13:42:10 IST 2014,PASS,Opportunities created successfully
SalesForce_TaxCalc,TESTCASE4,Wed Apr 02 13:42:11 IST 2014,PASS,After clicking on menu Opportunities Respective page opened successfully
SalesForce_TaxCalc,TESTCASE4,Wed Apr 02 13:42:11 IST 2014,FAIL,fCalculateSalesTax: Exception: java.sql.SQLException: Column not found
SalesForce_TaxCalc,TESTCASE5,Wed Apr 02 13:42:11 IST 2014,PASS,Tax Calculation for Test case: TestCase5 Started.
SalesForce_TaxCalc,TESTCASE5,Wed Apr 02 13:42:17 IST 2014,PASS,After clicking on menu TaxNowSettings Respective page opened successfully
SalesForce_TaxCalc,TESTCASE5,Wed Apr 02 13:42:20 IST 2014,PASS,Tax now settings updated successfully
SalesForce_TaxCalc,TESTCASE5,Wed Apr 02 13:42:31 IST 2014,PASS,After clicking on menu Accounts Respective page opened successfully
SalesForce_TaxCalc,TESTCASE5,Wed Apr 02 13:42:38 IST 2014,PASS,Opportunities created successfully
SalesForce_TaxCalc,TESTCASE5,Wed Apr 02 13:42:39 IST 2014,PASS,After clicking on menu Opportunities Respective page opened successfully
SalesForce_TaxCalc,TESTCASE5,Wed Apr 02 13:42:39 IST 2014,FAIL,fCalculateSalesTax: Exception: java.sql.SQLException: Column not found
SalesForce_TaxCalc,TESTCASE6,Wed Apr 02 13:42:39 IST 2014,PASS,Tax Calculation for Test case: TestCase6 Started.
SalesForce_TaxCalc,TESTCASE6,Wed Apr 02 13:42:45 IST 2014,PASS,After clicking on menu TaxNowSettings Respective page opened successfully
SalesForce_TaxCalc,TESTCASE6,Wed Apr 02 13:42:54 IST 2014,PASS,Tax now settings updated successfully
SalesForce_TaxCalc,TESTCASE6,Wed Apr 02 13:43:05 IST 2014,PASS,After clicking on menu Accounts Respective page opened successfully
SalesForce_TaxCalc,TESTCASE6,Wed Apr 02 13:43:12 IST 2014,PASS,Opportunities created successfully
SalesForce_TaxCalc,TESTCASE6,Wed Apr 02 13:43:13 IST 2014,PASS,After clicking on menu Opportunities Respective page opened successfully
SalesForce_TaxCalc,TESTCASE6,Wed Apr 02 13:43:13 IST 2014,FAIL,fCalculateSalesTax: Exception: java.sql.SQLException: Column not found
SalesForce_TaxCalc,TESTCASE7,Wed Apr 02 13:43:13 IST 2014,PASS,Tax Calculation for Test case: TestCase7 Started.
SalesForce_TaxCalc,TESTCASE7,Wed Apr 02 13:43:19 IST 2014,PASS,After clicking on menu TaxNowSettings Respective page opened successfully
SalesForce_TaxCalc,TESTCASE7,Wed Apr 02 13:43:22 IST 2014,PASS,Tax now settings updated successfully
SalesForce_TaxCalc,TESTCASE7,Wed Apr 02 13:43:32 IST 2014,PASS,After clicking on menu Accounts Respective page opened successfully
SalesForce_TaxCalc,TESTCASE7,Wed Apr 02 13:43:40 IST 2014,PASS,Opportunities created successfully
SalesForce_TaxCalc,TESTCASE7,Wed Apr 02 13:43:41 IST 2014,PASS,After clicking on menu Opportunities Respective page opened successfully
SalesForce_TaxCalc,TESTCASE7,Wed Apr 02 13:43:41 IST 2014,FAIL,fCalculateSalesTax: Exception: java.sql.SQLException: Column not found
SalesForce_TaxCalc,TESTCASE8,Wed Apr 02 13:43:41 IST 2014,PASS,Tax Calculation for Test case: TestCase8 Started.
SalesForce_TaxCalc,TESTCASE8,Wed Apr 02 13:43:46 IST 2014,PASS,After clicking on menu TaxNowSettings Respective page opened successfully
SalesForce_TaxCalc,TESTCASE8,Wed Apr 02 13:43:50 IST 2014,PASS,Tax now settings updated successfully
SalesForce_TaxCalc,TESTCASE8,Wed Apr 02 13:44:00 IST 2014,PASS,After clicking on menu Accounts Respective page opened successfully
SalesForce_TaxCalc,TESTCASE8,Wed Apr 02 13:44:08 IST 2014,PASS,Opportunities created successfully
SalesForce_TaxCalc,TESTCASE8,Wed Apr 02 13:44:09 IST 2014,PASS,After clicking on menu Opportunities Respective page opened successfully
SalesForce_TaxCalc,TESTCASE8,Wed Apr 02 13:44:09 IST 2014,FAIL,fCalculateSalesTax: Exception: java.sql.SQLException: Column not found
SalesForce_TaxCalc,TESTCASE9,Wed Apr 02 13:44:09 IST 2014,PASS,Tax Calculation for Test case: TestCase9 Started.
SalesForce_TaxCalc,TESTCASE9,Wed Apr 02 13:44:15 IST 2014,PASS,After clicking on menu TaxNowSettings Respective page opened successfully
SalesForce_TaxCalc,TESTCASE9,Wed Apr 02 13:44:19 IST 2014,PASS,Tax now settings updated successfully
SalesForce_TaxCalc,TESTCASE9,Wed Apr 02 13:44:30 IST 2014,PASS,After clicking on menu Accounts Respective page opened successfully
SalesForce_TaxCalc,TESTCASE9,Wed Apr 02 13:44:37 IST 2014,PASS,Opportunities created successfully
SalesForce_TaxCalc,TESTCASE9,Wed Apr 02 13:44:38 IST 2014,PASS,After clicking on menu Opportunities Respective page opened successfully
SalesForce_TaxCalc,TESTCASE9,Wed Apr 02 13:44:38 IST 2014,FAIL,fCalculateSalesTax: Exception: java.sql.SQLException: Column not found
SalesForce_TaxCalc,TESTCASE10,Wed Apr 02 13:44:38 IST 2014,PASS,Tax Calculation for Test case: TestCase10 Started.
SalesForce_TaxCalc,TESTCASE10,Wed Apr 02 13:44:43 IST 2014,PASS,After clicking on menu TaxNowSettings Respective page opened successfully
SalesForce_TaxCalc,TESTCASE10,Wed Apr 02 13:44:48 IST 2014,PASS,Tax now settings updated successfully
SalesForce_TaxCalc,TESTCASE10,Wed Apr 02 13:44:57 IST 2014,PASS,After clicking on menu Accounts Respective page opened successfully
SalesForce_TaxCalc,TESTCASE10,Wed Apr 02 13:45:04 IST 2014,PASS,Opportunities created successfully
SalesForce_TaxCalc,TESTCASE10,Wed Apr 02 13:45:05 IST 2014,PASS,After clicking on menu Opportunities Respective page opened successfully
SalesForce_TaxCalc,TESTCASE10,Wed Apr 02 13:45:05 IST 2014,FAIL,fCalculateSalesTax: Exception: java.sql.SQLException: Column not found
SalesForce_TaxCalc,TESTCASE11,Wed Apr 02 13:45:05 IST 2014,PASS,Tax Calculation for Test case: TestCase11 Started.
SalesForce_TaxCalc,TESTCASE11,Wed Apr 02 13:45:11 IST 2014,PASS,After clicking on menu TaxNowSettings Respective page opened successfully
SalesForce_TaxCalc,TESTCASE11,Wed Apr 02 13:45:15 IST 2014,PASS,Tax now settings updated successfully
SalesForce_TaxCalc,TESTCASE11,Wed Apr 02 13:45:24 IST 2014,PASS,After clicking on menu Accounts Respective page opened successfully
SalesForce_TaxCalc,TESTCASE11,Wed Apr 02 13:45:31 IST 2014,PASS,Opportunities created successfully
SalesForce_TaxCalc,TESTCASE11,Wed Apr 02 13:45:32 IST 2014,PASS,After clicking on menu Opportunities Respective page opened successfully
SalesForce_TaxCalc,TESTCASE11,Wed Apr 02 13:45:32 IST 2014,FAIL,fCalculateSalesTax: Exception: java.sql.SQLException: Column not found
SalesForce_TaxCalc,TESTCASE12,Wed Apr 02 13:45:32 IST 2014,PASS,Tax Calculation for Test case: TestCase12 Started.
SalesForce_TaxCalc,TESTCASE12,Wed Apr 02 13:45:38 IST 2014,PASS,After clicking on menu TaxNowSettings Respective page opened successfully
SalesForce_TaxCalc,TESTCASE12,Wed Apr 02 13:45:42 IST 2014,PASS,Tax now settings updated successfully
SalesForce_TaxCalc,TESTCASE12,Wed Apr 02 13:45:52 IST 2014,PASS,After clicking on menu Accounts Respective page opened successfully
SalesForce_TaxCalc,TESTCASE12,Wed Apr 02 13:45:59 IST 2014,PASS,Opportunities created successfully
SalesForce_TaxCalc,TESTCASE12,Wed Apr 02 13:46:00 IST 2014,PASS,After clicking on menu Opportunities Respective page opened successfully
SalesForce_TaxCalc,TESTCASE12,Wed Apr 02 13:46:00 IST 2014,FAIL,fCalculateSalesTax: Exception: java.sql.SQLException: Column not found
SalesForce_TaxCalc,TESTCASE13,Wed Apr 02 13:46:00 IST 2014,PASS,Tax Calculation for Test case: TestCase13 Started.
SalesForce_TaxCalc,TESTCASE13,Wed Apr 02 13:46:05 IST 2014,PASS,After clicking on menu TaxNowSettings Respective page opened successfully
SalesForce_TaxCalc,TESTCASE13,Wed Apr 02 13:46:09 IST 2014,PASS,Tax now settings updated successfully
SalesForce_TaxCalc,TESTCASE13,Wed Apr 02 13:46:19 IST 2014,PASS,After clicking on menu Accounts Respective page opened successfully
SalesForce_TaxCalc,TESTCASE13,Wed Apr 02 13:46:27 IST 2014,PASS,Opportunities created successfully
SalesForce_TaxCalc,TESTCASE13,Wed Apr 02 13:46:28 IST 2014,PASS,After clicking on menu Opportunities Respective page opened successfully
SalesForce_TaxCalc,TESTCASE13,Wed Apr 02 13:46:28 IST 2014,FAIL,fCalculateSalesTax: Exception: java.sql.SQLException: Column not found
SalesForce_TaxCalc,TESTCASE14,Wed Apr 02 13:46:28 IST 2014,PASS,Tax Calculation for Test case: TestCase14 Started.
SalesForce_TaxCalc,TESTCASE14,Wed Apr 02 13:46:33 IST 2014,PASS,After clicking on menu TaxNowSettings Respective page opened successfully
SalesForce_TaxCalc,TESTCASE14,Wed Apr 02 13:46:37 IST 2014,PASS,Tax now settings updated successfully
SalesForce_TaxCalc,TESTCASE14,Wed Apr 02 13:46:47 IST 2014,PASS,After clicking on menu Accounts Respective page opened successfully
SalesForce_TaxCalc,TESTCASE14,Wed Apr 02 13:46:54 IST 2014,PASS,Opportunities created successfully
SalesForce_TaxCalc,TESTCASE14,Wed Apr 02 13:46:55 IST 2014,PASS,After clicking on menu Opportunities Respective page opened successfully
SalesForce_TaxCalc,TESTCASE14,Wed Apr 02 13:46:55 IST 2014,FAIL,fCalculateSalesTax: Exception: java.sql.SQLException: Column not found
SalesForce_TaxCalc,TESTCASE15,Wed Apr 02 13:46:55 IST 2014,PASS,Tax Calculation for Test case: TestCase15 Started.
SalesForce_TaxCalc,TESTCASE15,Wed Apr 02 13:47:01 IST 2014,PASS,After clicking on menu TaxNowSettings Respective page opened successfully
SalesForce_TaxCalc,TESTCASE15,Wed Apr 02 13:47:05 IST 2014,PASS,Tax now settings updated successfully
SalesForce_TaxCalc,TESTCASE15,Wed Apr 02 13:47:14 IST 2014,PASS,After clicking on menu Accounts Respective page opened successfully
SalesForce_TaxCalc,TESTCASE15,Wed Apr 02 13:47:22 IST 2014,PASS,Opportunities created successfully
SalesForce_TaxCalc,TESTCASE15,Wed Apr 02 13:47:23 IST 2014,PASS,After clicking on menu Opportunities Respective page opened successfully
SalesForce_TaxCalc,TESTCASE15,Wed Apr 02 13:47:23 IST 2014,FAIL,fCalculateSalesTax: Exception: java.sql.SQLException: Column not found
SalesForce_TaxCalc,TESTCASE16,Wed Apr 02 13:47:23 IST 2014,PASS,Tax Calculation for Test case: TestCase16 Started.
SalesForce_TaxCalc,TESTCASE16,Wed Apr 02 13:47:29 IST 2014,PASS,After clicking on menu TaxNowSettings Respective page opened successfully
SalesForce_TaxCalc,TESTCASE16,Wed Apr 02 13:47:32 IST 2014,PASS,Tax now settings updated successfully
SalesForce_TaxCalc,TESTCASE16,Wed Apr 02 13:47:42 IST 2014,PASS,After clicking on menu Accounts Respective page opened successfully
SalesForce_TaxCalc,TESTCASE16,Wed Apr 02 13:47:49 IST 2014,PASS,Opportunities created successfully
SalesForce_TaxCalc,TESTCASE16,Wed Apr 02 13:47:50 IST 2014,PASS,After clicking on menu Opportunities Respective page opened successfully
SalesForce_TaxCalc,TESTCASE16,Wed Apr 02 13:47:50 IST 2014,FAIL,fCalculateSalesTax: Exception: java.sql.SQLException: Column not found
SalesForce_TaxCalc,TESTCASE17,Wed Apr 02 13:47:50 IST 2014,PASS,Tax Calculation for Test case: TestCase17 Started.
SalesForce_TaxCalc,TESTCASE17,Wed Apr 02 13:47:56 IST 2014,PASS,After clicking on menu TaxNowSettings Respective page opened successfully
SalesForce_TaxCalc,TESTCASE17,Wed Apr 02 13:47:59 IST 2014,PASS,Tax now settings updated successfully
SalesForce_TaxCalc,TESTCASE17,Wed Apr 02 13:48:09 IST 2014,PASS,After clicking on menu Accounts Respective page opened successfully
SalesForce_TaxCalc,TESTCASE17,Wed Apr 02 13:48:16 IST 2014,PASS,Opportunities created successfully
SalesForce_TaxCalc,TESTCASE17,Wed Apr 02 13:48:17 IST 2014,PASS,After clicking on menu Opportunities Respective page opened successfully
SalesForce_TaxCalc,TESTCASE17,Wed Apr 02 13:48:17 IST 2014,FAIL,fCalculateSalesTax: Exception: java.sql.SQLException: Column not found
SalesForce_TaxCalc,TESTCASE18,Wed Apr 02 13:48:17 IST 2014,PASS,Tax Calculation for Test case: TestCase18 Started.
SalesForce_TaxCalc,TESTCASE18,Wed Apr 02 13:48:23 IST 2014,PASS,After clicking on menu TaxNowSettings Respective page opened successfully
SalesForce_TaxCalc,TESTCASE18,Wed Apr 02 13:48:27 IST 2014,PASS,Tax now settings updated successfully
SalesForce_TaxCalc,TESTCASE18,Wed Apr 02 13:48:37 IST 2014,PASS,After clicking on menu Accounts Respective page opened successfully
SalesForce_TaxCalc,TESTCASE18,Wed Apr 02 13:48:44 IST 2014,PASS,Opportunities created successfully
SalesForce_TaxCalc,TESTCASE18,Wed Apr 02 13:48:45 IST 2014,PASS,After clicking on menu Opportunities Respective page opened successfully
SalesForce_TaxCalc,TESTCASE18,Wed Apr 02 13:48:45 IST 2014,FAIL,fCalculateSalesTax: Exception: java.sql.SQLException: Column not found
SalesForce_TaxCalc,SalesForce_TaxCalc,Wed Apr 02 13:48:45 IST 2014,PASS,Script Ended.
SalesForce_TaxCalc,SalesForce_TaxCalc,Wed Apr 02 13:53:58 IST 2014,PASS,Logging into SalesForce application is successful.
SalesForce_TaxCalc,TESTCASE1,Wed Apr 02 13:53:58 IST 2014,PASS,Tax Calculation for Test case: TestCase1 Started.
SalesForce_TaxCalc,TESTCASE1,Wed Apr 02 13:54:04 IST 2014,PASS,After clicking on menu TaxNowSettings Respective page opened successfully
SalesForce_TaxCalc,TESTCASE1,Wed Apr 02 13:54:09 IST 2014,PASS,Tax now settings updated successfully
SalesForce_TaxCalc,TESTCASE1,Wed Apr 02 13:54:19 IST 2014,PASS,After clicking on menu Accounts Respective page opened successfully
SalesForce_TaxCalc,TESTCASE1,Wed Apr 02 13:54:28 IST 2014,PASS,Opportunities created successfully
SalesForce_TaxCalc,TESTCASE1,Wed Apr 02 13:54:29 IST 2014,PASS,After clicking on menu Opportunities Respective page opened successfully
SalesForce_TaxCalc,TESTCASE1,Wed Apr 02 13:54:40 IST 2014,PASS,Avalara Status 'Temporary' verified successfully on adding products for Test case TestCase1 On Menu item : - Opportunities
SalesForce_TaxCalc,TESTCASE1,Wed Apr 02 13:54:47 IST 2014,PASS,'Total Sales Tax' 60.00 verified successfully for Test case TestCase1 on Opportunities Window.
SalesForce_TaxCalc,TESTCASE1,Wed Apr 02 13:54:48 IST 2014,PASS,Avalara Status ' Temporary' verified successfully on Calculate for Test case TestCase1 On tax calculation on Opportunities Window 
SalesForce_TaxCalc,TESTCASE1,Wed Apr 02 13:54:55 IST 2014,PASS,After clicking on menu newQuote Respective page opened successfully
SalesForce_TaxCalc,TESTCASE1,Wed Apr 02 13:55:06 IST 2014,PASS,Avalara Status 'Temporary' verified successfully on adding products for Test case TestCase1 On Menu item : - Quotes
SalesForce_TaxCalc,TESTCASE1,Wed Apr 02 13:55:12 IST 2014,PASS,'Total Sales Tax' 120.00 verified successfully for Test case TestCase1 on Quotes Window.
SalesForce_TaxCalc,TESTCASE1,Wed Apr 02 13:55:12 IST 2014,PASS,Avalara Status ' Temporary' verified successfully on Calculate for Test case TestCase1 On tax calculation on Quotes Window 
SalesForce_TaxCalc,TESTCASE1,Wed Apr 02 13:55:12 IST 2014,PASS,Tax Calculation for Test case: TestCase1 Ended.
SalesForce_TaxCalc,TESTCASE2,Wed Apr 02 13:55:12 IST 2014,PASS,Tax Calculation for Test case: TestCase2 Started.
SalesForce_TaxCalc,TESTCASE2,Wed Apr 02 13:55:18 IST 2014,PASS,After clicking on menu TaxNowSettings Respective page opened successfully
SalesForce_TaxCalc,TESTCASE2,Wed Apr 02 13:55:22 IST 2014,PASS,Tax now settings updated successfully
SalesForce_TaxCalc,TESTCASE2,Wed Apr 02 13:55:33 IST 2014,PASS,After clicking on menu Accounts Respective page opened successfully
SalesForce_TaxCalc,TESTCASE2,Wed Apr 02 13:55:39 IST 2014,PASS,Opportunities created successfully
SalesForce_TaxCalc,TESTCASE2,Wed Apr 02 13:55:40 IST 2014,PASS,After clicking on menu Opportunities Respective page opened successfully
SalesForce_TaxCalc,TESTCASE2,Wed Apr 02 13:55:50 IST 2014,PASS,Avalara Status 'Temporary' verified successfully on adding products for Test case TestCase2 On Menu item : - Opportunities
SalesForce_TaxCalc,TESTCASE2,Wed Apr 02 13:55:54 IST 2014,PASS,'Total Sales Tax' 60.00 verified successfully for Test case TestCase2 on Opportunities Window.
SalesForce_TaxCalc,TESTCASE2,Wed Apr 02 13:55:55 IST 2014,PASS,Avalara Status ' Saved' verified successfully on Calculate for Test case TestCase2 On tax calculation on Opportunities Window 
SalesForce_TaxCalc,TESTCASE2,Wed Apr 02 13:56:00 IST 2014,PASS,After clicking on menu newQuote Respective page opened successfully
SalesForce_TaxCalc,TESTCASE2,Wed Apr 02 13:56:09 IST 2014,FAIL,Avalara Status 'Temporary' NOT verified successfully on adding products for Test case TestCase2 On Menu item : - QuotesExpected : Temporary and Actual:Saved
SalesForce_TaxCalc,TESTCASE3,Wed Apr 02 13:56:09 IST 2014,PASS,Tax Calculation for Test case: TestCase3 Started.
SalesForce_TaxCalc,TESTCASE3,Wed Apr 02 13:56:16 IST 2014,PASS,After clicking on menu TaxNowSettings Respective page opened successfully
SalesForce_TaxCalc,TESTCASE3,Wed Apr 02 13:56:20 IST 2014,PASS,Tax now settings updated successfully
SalesForce_TaxCalc,TESTCASE3,Wed Apr 02 13:56:30 IST 2014,PASS,After clicking on menu Accounts Respective page opened successfully
SalesForce_TaxCalc,TESTCASE3,Wed Apr 02 13:56:37 IST 2014,PASS,Opportunities created successfully
SalesForce_TaxCalc,TESTCASE3,Wed Apr 02 13:56:38 IST 2014,PASS,After clicking on menu Opportunities Respective page opened successfully
SalesForce_TaxCalc,TESTCASE3,Wed Apr 02 13:56:47 IST 2014,PASS,Avalara Status 'Temporary' verified successfully on adding products for Test case TestCase3 On Menu item : - Opportunities
SalesForce_TaxCalc,TESTCASE3,Wed Apr 02 13:56:51 IST 2014,FAIL,'Total Sales Tax' 29.00 NOT verified successfully for Test caseTestCase3 on Opportunities Window.Expected Tax :- 29.00 and Actual Tax:- 77.50
SalesForce_TaxCalc,TESTCASE4,Wed Apr 02 13:56:51 IST 2014,PASS,Tax Calculation for Test case: TestCase4 Started.
SalesForce_TaxCalc,TESTCASE4,Wed Apr 02 13:56:57 IST 2014,PASS,After clicking on menu TaxNowSettings Respective page opened successfully
SalesForce_TaxCalc,TESTCASE4,Wed Apr 02 13:57:01 IST 2014,PASS,Tax now settings updated successfully
SalesForce_TaxCalc,TESTCASE4,Wed Apr 02 13:57:11 IST 2014,PASS,After clicking on menu Accounts Respective page opened successfully
SalesForce_TaxCalc,TESTCASE4,Wed Apr 02 13:57:19 IST 2014,PASS,Opportunities created successfully
SalesForce_TaxCalc,TESTCASE4,Wed Apr 02 13:57:20 IST 2014,PASS,After clicking on menu Opportunities Respective page opened successfully
SalesForce_TaxCalc,TESTCASE4,Wed Apr 02 13:57:29 IST 2014,PASS,Avalara Status 'Temporary' verified successfully on adding products for Test case TestCase4 On Menu item : - Opportunities
SalesForce_TaxCalc,TESTCASE4,Wed Apr 02 13:57:33 IST 2014,FAIL,'Total Sales Tax' 29.00 NOT verified successfully for Test caseTestCase4 on Opportunities Window.Expected Tax :- 29.00 and Actual Tax:- 77.50
SalesForce_TaxCalc,TESTCASE5,Wed Apr 02 13:57:33 IST 2014,PASS,Tax Calculation for Test case: TestCase5 Started.
SalesForce_TaxCalc,TESTCASE5,Wed Apr 02 13:57:39 IST 2014,PASS,After clicking on menu TaxNowSettings Respective page opened successfully
SalesForce_TaxCalc,TESTCASE5,Wed Apr 02 13:57:43 IST 2014,PASS,Tax now settings updated successfully
SalesForce_TaxCalc,TESTCASE5,Wed Apr 02 13:57:53 IST 2014,PASS,After clicking on menu Accounts Respective page opened successfully
SalesForce_TaxCalc,TESTCASE5,Wed Apr 02 13:58:00 IST 2014,PASS,Opportunities created successfully
SalesForce_TaxCalc,TESTCASE5,Wed Apr 02 13:58:01 IST 2014,PASS,After clicking on menu Opportunities Respective page opened successfully
SalesForce_TaxCalc,TESTCASE5,Wed Apr 02 13:58:10 IST 2014,PASS,Avalara Status 'Temporary' verified successfully on adding products for Test case TestCase5 On Menu item : - Opportunities
SalesForce_TaxCalc,SalesForce_TaxCalc,Wed Apr 02 14:00:50 IST 2014,PASS,Logging into SalesForce application is successful.
SalesForce_TaxCalc,TESTCASE2,Wed Apr 02 14:00:50 IST 2014,PASS,Tax Calculation for Test case: TestCase2 Started.
SalesForce_TaxCalc,TESTCASE2,Wed Apr 02 14:01:00 IST 2014,PASS,After clicking on menu TaxNowSettings Respective page opened successfully
SalesForce_TaxCalc,TESTCASE2,Wed Apr 02 14:01:05 IST 2014,PASS,Tax now settings updated successfully
SalesForce_TaxCalc,TESTCASE2,Wed Apr 02 14:01:16 IST 2014,PASS,After clicking on menu Accounts Respective page opened successfully
SalesForce_TaxCalc,TESTCASE2,Wed Apr 02 14:01:24 IST 2014,PASS,Opportunities created successfully
SalesForce_TaxCalc,TESTCASE2,Wed Apr 02 14:01:25 IST 2014,PASS,After clicking on menu Opportunities Respective page opened successfully
SalesForce_TaxCalc,TESTCASE2,Wed Apr 02 14:01:36 IST 2014,PASS,Avalara Status 'Temporary' verified successfully on adding products for Test case TestCase2 On Menu item : - Opportunities
SalesForce_TaxCalc,TESTCASE2,Wed Apr 02 14:04:58 IST 2014,PASS,'Total Sales Tax' 60.00 verified successfully for Test case TestCase2 on Opportunities Window.
SalesForce_TaxCalc,TESTCASE2,Wed Apr 02 14:05:08 IST 2014,PASS,Avalara Status ' Saved' verified successfully on Calculate for Test case TestCase2 On tax calculation on Opportunities Window 
SalesForce_TaxCalc,TESTCASE2,Wed Apr 02 14:05:46 IST 2014,PASS,After clicking on menu newQuote Respective page opened successfully
SalesForce_TaxCalc,TESTCASE2,Wed Apr 02 14:07:16 IST 2014,FAIL,Avalara Status 'Temporary' NOT verified successfully on adding products for Test case TestCase2 On Menu item : - QuotesExpected : Temporary and Actual:Saved
SalesForce_TaxCalc,TESTCASE3,Wed Apr 02 14:07:42 IST 2014,PASS,Tax Calculation for Test case: TestCase3 Started.
SalesForce_TaxCalc,TESTCASE3,Wed Apr 02 14:07:48 IST 2014,PASS,After clicking on menu TaxNowSettings Respective page opened successfully
SalesForce_TaxCalc,TESTCASE3,Wed Apr 02 14:07:52 IST 2014,PASS,Tax now settings updated successfully
SalesForce_TaxCalc,TESTCASE3,Wed Apr 02 14:08:01 IST 2014,PASS,After clicking on menu Accounts Respective page opened successfully
SalesForce_TaxCalc,TESTCASE3,Wed Apr 02 14:08:08 IST 2014,PASS,Opportunities created successfully
SalesForce_TaxCalc,TESTCASE3,Wed Apr 02 14:08:09 IST 2014,PASS,After clicking on menu Opportunities Respective page opened successfully
SalesForce_TaxCalc,TESTCASE3,Wed Apr 02 14:08:18 IST 2014,PASS,Avalara Status 'Temporary' verified successfully on adding products for Test case TestCase3 On Menu item : - Opportunities
SalesForce_TaxCalc,TESTCASE3,Wed Apr 02 14:08:23 IST 2014,FAIL,'Total Sales Tax' 29.00 NOT verified successfully for Test caseTestCase3 on Opportunities Window.Expected Tax :- 29.00 and Actual Tax:- 77.50
