ScriptName,TCName,Date,Result,Description
SalesForce_TaxCalc,SalesForce_TaxCalc,Wed Aug 10 11:26:49 IST 2016,PASS,Logging into SalesForce application is successful.
SalesForce_TaxCalc,TESTCASE1,Wed Aug 10 11:26:49 IST 2016,PASS,Tax Calculation for Test case: TestCase1 Started.
SalesForce_TaxCalc,TESTCASE1,Wed Aug 10 11:27:26 IST 2016,PASS,After clicking on menu TaxNowSettings Respective page opened successfully
SalesForce_TaxCalc,TESTCASE1,Wed Aug 10 11:29:21 IST 2016,PASS,Avalara Configuration settings updated successfully
