ScriptName,TCName,Date,Result,Description
SalesForce_AddressValidation,SalesForce_AddressValidation,Fri Apr 03 16:08:00 IST 2015,FAIL,Logging into SalesForce application is Failed.
SalesForce_AddressValidation,TESTCASE60,Fri Apr 03 16:08:00 IST 2015,PASS,Address Validation for Test case: TestCase60 Started.
SalesForce_AddressValidation,TESTCASE60,Fri Apr 03 16:08:15 IST 2015,FAIL,fMenuSelection: Exception: org.openqa.selenium.NoSuchElementException: Unable to locate element: {"method":"link text","selector":"TaxNowSettings"}
Command duration or timeout: 4.73 seconds
For documentation on this error, please visit: http://seleniumhq.org/exceptions/no_such_element.html
Build info: version: '2.40.0', revision: 'fbe29a9', time: '2014-02-19 20:55:11'
System info: host: 'Av-Pn-KhareA', ip: '10.240.20.90', os.name: 'Windows 7', os.arch: 'x86', os.version: '6.1', java.version: '1.6.0_45'
Session ID: d46dc414-8f8a-4f88-a865-1e292f2042cc
Driver info: org.openqa.selenium.firefox.FirefoxDriver
Capabilities [{platform=XP, acceptSslCerts=true, javascriptEnabled=true, browserName=firefox, rotatable=false, locationContextEnabled=true, version=12.0, cssSelectorsEnabled=true, databaseEnabled=true, handlesAlerts=true, browserConnectionEnabled=true, nativeEvents=false, webStorageEnabled=true, applicationCacheEnabled=true, takesScreenshot=true}]
SalesForce_AddressValidation,TESTCASE61,Fri Apr 03 16:08:15 IST 2015,PASS,Address Validation for Test case: TestCase61 Started.
SalesForce_AddressValidation,TESTCASE61,Fri Apr 03 16:08:54 IST 2015,PASS,After clicking on menu TaxNowSettings Respective page opened successfully
SalesForce_AddressValidation,TESTCASE61,Fri Apr 03 16:09:18 IST 2015,PASS,Tax now settings updated successfully
SalesForce_AddressValidation,TESTCASE61,Fri Apr 03 16:10:06 IST 2015,PASS,After clicking on menu Contacts Respective page opened successfully
SalesForce_AddressValidation,TESTCASE61,Fri Apr 03 16:11:25 IST 2015,PASS,Address validation verified successfully
SalesForce_AddressValidation,TESTCASE61,Fri Apr 03 16:12:37 IST 2015,PASS,Address validation saved successfully
SalesForce_AddressValidation,TESTCASE61,Fri Apr 03 16:13:54 IST 2015,PASS,Address validation verified successfully
SalesForce_AddressValidation,TESTCASE61,Fri Apr 03 16:15:02 IST 2015,PASS,Address validation saved successfully
SalesForce_AddressValidation,TESTCASE61,Fri Apr 03 16:16:03 IST 2015,PASS,After clicking on menu Accounts Respective page opened successfully
SalesForce_AddressValidation,TESTCASE61,Fri Apr 03 16:17:16 IST 2015,PASS,Address validation verified successfully
SalesForce_AddressValidation,TESTCASE61,Fri Apr 03 16:18:27 IST 2015,PASS,Address validation saved successfully
SalesForce_AddressValidation,TESTCASE61,Fri Apr 03 16:19:45 IST 2015,PASS,Address validation verified successfully
SalesForce_AddressValidation,TESTCASE61,Fri Apr 03 16:20:51 IST 2015,PASS,Address validation saved successfully
SalesForce_AddressValidation,TESTCASE61,Fri Apr 03 16:21:56 IST 2015,PASS,After clicking on menu Contracts Respective page opened successfully
SalesForce_AddressValidation,TESTCASE61,Fri Apr 03 16:22:56 IST 2015,FAIL,fAddressValidation: Exception: org.openqa.selenium.NoSuchElementException: Unable to locate element: {"method":"name","selector":"ava_sftrunkorde__validate_billing_address"}
Command duration or timeout: 60.15 seconds
For documentation on this error, please visit: http://seleniumhq.org/exceptions/no_such_element.html
Build info: version: '2.40.0', revision: 'fbe29a9', time: '2014-02-19 20:55:11'
System info: host: 'Av-Pn-KhareA', ip: '10.240.20.90', os.name: 'Windows 7', os.arch: 'x86', os.version: '6.1', java.version: '1.6.0_45'
Session ID: d46dc414-8f8a-4f88-a865-1e292f2042cc
Driver info: org.openqa.selenium.firefox.FirefoxDriver
Capabilities [{platform=XP, acceptSslCerts=true, javascriptEnabled=true, browserName=firefox, rotatable=false, locationContextEnabled=true, version=12.0, cssSelectorsEnabled=true, databaseEnabled=true, handlesAlerts=true, browserConnectionEnabled=true, nativeEvents=false, webStorageEnabled=true, applicationCacheEnabled=true, takesScreenshot=true}]
SalesForce_AddressValidation,TESTCASE62,Fri Apr 03 16:22:56 IST 2015,PASS,Address Validation for Test case: TestCase62 Started.
SalesForce_AddressValidation,TESTCASE62,Fri Apr 03 16:24:35 IST 2015,PASS,After clicking on menu TaxNowSettings Respective page opened successfully
SalesForce_AddressValidation,TESTCASE62,Fri Apr 03 16:25:01 IST 2015,PASS,Tax now settings updated successfully
SalesForce_AddressValidation,TESTCASE62,Fri Apr 03 16:25:50 IST 2015,PASS,After clicking on menu Contacts Respective page opened successfully
SalesForce_AddressValidation,TESTCASE62,Fri Apr 03 16:27:04 IST 2015,PASS,Address validation verified successfully
SalesForce_AddressValidation,TESTCASE62,Fri Apr 03 16:28:16 IST 2015,PASS,Address validation saved successfully
SalesForce_AddressValidation,TESTCASE62,Fri Apr 03 16:29:34 IST 2015,PASS,Address validation verified successfully
SalesForce_AddressValidation,TESTCASE62,Fri Apr 03 16:30:41 IST 2015,PASS,Address validation saved successfully
SalesForce_AddressValidation,TESTCASE62,Fri Apr 03 16:31:41 IST 2015,PASS,After clicking on menu Accounts Respective page opened successfully
SalesForce_AddressValidation,TESTCASE62,Fri Apr 03 16:32:55 IST 2015,PASS,Address validation verified successfully
SalesForce_AddressValidation,TESTCASE62,Fri Apr 03 16:34:07 IST 2015,PASS,Address validation saved successfully
SalesForce_AddressValidation,TESTCASE62,Fri Apr 03 16:35:25 IST 2015,PASS,Address validation verified successfully
SalesForce_AddressValidation,TESTCASE62,Fri Apr 03 16:36:32 IST 2015,PASS,Address validation saved successfully
SalesForce_AddressValidation,TESTCASE62,Fri Apr 03 16:37:38 IST 2015,PASS,After clicking on menu Contracts Respective page opened successfully
SalesForce_AddressValidation,TESTCASE62,Fri Apr 03 16:38:38 IST 2015,FAIL,fAddressValidation: Exception: org.openqa.selenium.NoSuchElementException: Unable to locate element: {"method":"name","selector":"ava_sftrunkorde__validate_billing_address"}
Command duration or timeout: 60.06 seconds
For documentation on this error, please visit: http://seleniumhq.org/exceptions/no_such_element.html
Build info: version: '2.40.0', revision: 'fbe29a9', time: '2014-02-19 20:55:11'
System info: host: 'Av-Pn-KhareA', ip: '10.240.20.90', os.name: 'Windows 7', os.arch: 'x86', os.version: '6.1', java.version: '1.6.0_45'
Session ID: d46dc414-8f8a-4f88-a865-1e292f2042cc
Driver info: org.openqa.selenium.firefox.FirefoxDriver
Capabilities [{platform=XP, acceptSslCerts=true, javascriptEnabled=true, browserName=firefox, rotatable=false, locationContextEnabled=true, version=12.0, cssSelectorsEnabled=true, databaseEnabled=true, handlesAlerts=true, browserConnectionEnabled=true, nativeEvents=false, webStorageEnabled=true, applicationCacheEnabled=true, takesScreenshot=true}]
SalesForce_AddressValidation,TESTCASE63,Fri Apr 03 16:38:38 IST 2015,PASS,Address Validation for Test case: TestCase63 Started.
SalesForce_AddressValidation,TESTCASE63,Fri Apr 03 16:40:18 IST 2015,PASS,After clicking on menu TaxNowSettings Respective page opened successfully
SalesForce_AddressValidation,TESTCASE63,Fri Apr 03 16:40:43 IST 2015,PASS,Tax now settings updated successfully
SalesForce_AddressValidation,TESTCASE63,Fri Apr 03 16:41:31 IST 2015,PASS,After clicking on menu Contacts Respective page opened successfully
SalesForce_AddressValidation,TESTCASE63,Fri Apr 03 16:41:46 IST 2015,PASS,Avalara Address Validation Test Case' verified successfully for TestCase63Contacts Window 
SalesForce_AddressValidation,TESTCASE63,Fri Apr 03 16:41:58 IST 2015,PASS,Address validation saved successfully
SalesForce_AddressValidation,TESTCASE63,Fri Apr 03 16:42:15 IST 2015,PASS,Avalara Address Validation Test Case' verified successfully for TestCase63Contacts Window 
SalesForce_AddressValidation,TESTCASE63,Fri Apr 03 16:42:21 IST 2015,PASS,Address validation saved successfully
SalesForce_AddressValidation,TESTCASE63,Fri Apr 03 16:43:21 IST 2015,PASS,After clicking on menu Accounts Respective page opened successfully
SalesForce_AddressValidation,TESTCASE63,Fri Apr 03 16:43:35 IST 2015,PASS,Avalara Address Validation Test Case' verified successfully for TestCase63Accounts Window 
SalesForce_AddressValidation,TESTCASE63,Fri Apr 03 16:43:46 IST 2015,PASS,Address validation saved successfully
SalesForce_AddressValidation,TESTCASE63,Fri Apr 03 16:44:03 IST 2015,PASS,Avalara Address Validation Test Case' verified successfully for TestCase63Accounts Window 
SalesForce_AddressValidation,TESTCASE63,Fri Apr 03 16:44:09 IST 2015,PASS,Address validation saved successfully
SalesForce_AddressValidation,TESTCASE63,Fri Apr 03 16:45:14 IST 2015,PASS,After clicking on menu Contracts Respective page opened successfully
SalesForce_AddressValidation,TESTCASE63,Fri Apr 03 16:46:14 IST 2015,FAIL,fAddressValidation: Exception: org.openqa.selenium.NoSuchElementException: Unable to locate element: {"method":"name","selector":"ava_sftrunkorde__validate_billing_address"}
Command duration or timeout: 60.14 seconds
For documentation on this error, please visit: http://seleniumhq.org/exceptions/no_such_element.html
Build info: version: '2.40.0', revision: 'fbe29a9', time: '2014-02-19 20:55:11'
System info: host: 'Av-Pn-KhareA', ip: '10.240.20.90', os.name: 'Windows 7', os.arch: 'x86', os.version: '6.1', java.version: '1.6.0_45'
Session ID: d46dc414-8f8a-4f88-a865-1e292f2042cc
Driver info: org.openqa.selenium.firefox.FirefoxDriver
Capabilities [{platform=XP, acceptSslCerts=true, javascriptEnabled=true, browserName=firefox, rotatable=false, locationContextEnabled=true, version=12.0, cssSelectorsEnabled=true, databaseEnabled=true, handlesAlerts=true, browserConnectionEnabled=true, nativeEvents=false, webStorageEnabled=true, applicationCacheEnabled=true, takesScreenshot=true}]
SalesForce_AddressValidation,TESTCASE64,Fri Apr 03 16:46:14 IST 2015,PASS,Address Validation for Test case: TestCase64 Started.
SalesForce_AddressValidation,TESTCASE64,Fri Apr 03 16:47:54 IST 2015,PASS,After clicking on menu TaxNowSettings Respective page opened successfully
SalesForce_AddressValidation,TESTCASE64,Fri Apr 03 16:48:20 IST 2015,PASS,Tax now settings updated successfully
SalesForce_AddressValidation,TESTCASE64,Fri Apr 03 16:49:08 IST 2015,PASS,After clicking on menu Contacts Respective page opened successfully
SalesForce_AddressValidation,TESTCASE64,Fri Apr 03 16:50:45 IST 2015,PASS,Address validation verified successfully
SalesForce_AddressValidation,TESTCASE64,Fri Apr 03 16:51:57 IST 2015,PASS,Address validation saved successfully
SalesForce_AddressValidation,TESTCASE64,Fri Apr 03 16:53:15 IST 2015,PASS,Address validation verified successfully
SalesForce_AddressValidation,TESTCASE64,Fri Apr 03 16:54:21 IST 2015,PASS,Address validation saved successfully
SalesForce_AddressValidation,TESTCASE64,Fri Apr 03 16:55:21 IST 2015,PASS,After clicking on menu Accounts Respective page opened successfully
SalesForce_AddressValidation,TESTCASE64,Fri Apr 03 16:56:33 IST 2015,PASS,Address validation verified successfully
SalesForce_AddressValidation,TESTCASE64,Fri Apr 03 16:57:44 IST 2015,PASS,Address validation saved successfully
SalesForce_AddressValidation,TESTCASE64,Fri Apr 03 16:59:01 IST 2015,PASS,Address validation verified successfully
SalesForce_AddressValidation,TESTCASE64,Fri Apr 03 17:00:08 IST 2015,PASS,Address validation saved successfully
SalesForce_AddressValidation,TESTCASE64,Fri Apr 03 17:01:12 IST 2015,PASS,After clicking on menu Contracts Respective page opened successfully
SalesForce_AddressValidation,TESTCASE64,Fri Apr 03 17:02:12 IST 2015,FAIL,fAddressValidation: Exception: org.openqa.selenium.NoSuchElementException: Unable to locate element: {"method":"name","selector":"ava_sftrunkorde__validate_billing_address"}
Command duration or timeout: 60.13 seconds
For documentation on this error, please visit: http://seleniumhq.org/exceptions/no_such_element.html
Build info: version: '2.40.0', revision: 'fbe29a9', time: '2014-02-19 20:55:11'
System info: host: 'Av-Pn-KhareA', ip: '10.240.20.90', os.name: 'Windows 7', os.arch: 'x86', os.version: '6.1', java.version: '1.6.0_45'
Session ID: d46dc414-8f8a-4f88-a865-1e292f2042cc
Driver info: org.openqa.selenium.firefox.FirefoxDriver
Capabilities [{platform=XP, acceptSslCerts=true, javascriptEnabled=true, browserName=firefox, rotatable=false, locationContextEnabled=true, version=12.0, cssSelectorsEnabled=true, databaseEnabled=true, handlesAlerts=true, browserConnectionEnabled=true, nativeEvents=false, webStorageEnabled=true, applicationCacheEnabled=true, takesScreenshot=true}]
SalesForce_AddressValidation,TESTCASE65,Fri Apr 03 17:02:12 IST 2015,PASS,Address Validation for Test case: TestCase65 Started.
SalesForce_AddressValidation,TESTCASE65,Fri Apr 03 17:03:53 IST 2015,PASS,After clicking on menu TaxNowSettings Respective page opened successfully
SalesForce_AddressValidation,TESTCASE65,Fri Apr 03 17:04:19 IST 2015,PASS,Tax now settings updated successfully
SalesForce_AddressValidation,TESTCASE65,Fri Apr 03 17:05:07 IST 2015,PASS,After clicking on menu Contacts Respective page opened successfully
SalesForce_AddressValidation,TESTCASE65,Fri Apr 03 17:06:20 IST 2015,PASS,Address validation verified successfully
SalesForce_AddressValidation,TESTCASE65,Fri Apr 03 17:07:32 IST 2015,PASS,Address validation saved successfully
SalesForce_AddressValidation,TESTCASE65,Fri Apr 03 17:08:52 IST 2015,PASS,Address validation verified successfully
SalesForce_AddressValidation,TESTCASE65,Fri Apr 03 17:09:59 IST 2015,PASS,Address validation saved successfully
SalesForce_AddressValidation,TESTCASE65,Fri Apr 03 17:10:59 IST 2015,PASS,After clicking on menu Accounts Respective page opened successfully
SalesForce_AddressValidation,TESTCASE65,Fri Apr 03 17:12:13 IST 2015,PASS,Address validation verified successfully
SalesForce_AddressValidation,TESTCASE65,Fri Apr 03 17:13:25 IST 2015,PASS,Address validation saved successfully
SalesForce_AddressValidation,TESTCASE65,Fri Apr 03 17:14:45 IST 2015,PASS,Address validation verified successfully
SalesForce_AddressValidation,TESTCASE65,Fri Apr 03 17:15:52 IST 2015,PASS,Address validation saved successfully
SalesForce_AddressValidation,TESTCASE65,Fri Apr 03 17:16:56 IST 2015,PASS,After clicking on menu Contracts Respective page opened successfully
SalesForce_AddressValidation,TESTCASE65,Fri Apr 03 17:17:57 IST 2015,FAIL,fAddressValidation: Exception: org.openqa.selenium.NoSuchElementException: Unable to locate element: {"method":"name","selector":"ava_sftrunkorde__validate_billing_address"}
Command duration or timeout: 60.16 seconds
For documentation on this error, please visit: http://seleniumhq.org/exceptions/no_such_element.html
Build info: version: '2.40.0', revision: 'fbe29a9', time: '2014-02-19 20:55:11'
System info: host: 'Av-Pn-KhareA', ip: '10.240.20.90', os.name: 'Windows 7', os.arch: 'x86', os.version: '6.1', java.version: '1.6.0_45'
Session ID: d46dc414-8f8a-4f88-a865-1e292f2042cc
Driver info: org.openqa.selenium.firefox.FirefoxDriver
Capabilities [{platform=XP, acceptSslCerts=true, javascriptEnabled=true, browserName=firefox, rotatable=false, locationContextEnabled=true, version=12.0, cssSelectorsEnabled=true, databaseEnabled=true, handlesAlerts=true, browserConnectionEnabled=true, nativeEvents=false, webStorageEnabled=true, applicationCacheEnabled=true, takesScreenshot=true}]
SalesForce_AddressValidation,SalesForce_AddressValidation,Fri Apr 03 17:17:57 IST 2015,PASS,Script Ended.
AccountingSeed_AddressValidation,AccountingSeed_AddressValidation,Fri Apr 03 17:32:26 IST 2015,FAIL,Logging into AccountingSeed application is Failed.
AccountingSeed_AddressValidation,TESTCASE60,Fri Apr 03 17:32:26 IST 2015,PASS,Address Validation for Test case: TestCase60 Started.
AccountingSeed_AddressValidation,TESTCASE60,Fri Apr 03 17:32:38 IST 2015,FAIL,fMenuSelection: Exception: org.openqa.selenium.NoSuchElementException: Unable to locate element: {"method":"link text","selector":"AvaTax Settings"}
Command duration or timeout: 27 milliseconds
For documentation on this error, please visit: http://seleniumhq.org/exceptions/no_such_element.html
Build info: version: '2.40.0', revision: 'fbe29a9', time: '2014-02-19 20:55:11'
System info: host: 'Av-Pn-KhareA', ip: '10.240.20.90', os.name: 'Windows 7', os.arch: 'x86', os.version: '6.1', java.version: '1.6.0_45'
Session ID: a48587c6-cd66-46b6-96b6-f867163d6e39
Driver info: org.openqa.selenium.firefox.FirefoxDriver
Capabilities [{platform=XP, acceptSslCerts=true, javascriptEnabled=true, browserName=firefox, rotatable=false, locationContextEnabled=true, version=12.0, cssSelectorsEnabled=true, databaseEnabled=true, handlesAlerts=true, browserConnectionEnabled=true, nativeEvents=false, webStorageEnabled=true, applicationCacheEnabled=true, takesScreenshot=true}]
AccountingSeed_AddressValidation,TESTCASE61,Fri Apr 03 17:32:38 IST 2015,PASS,Address Validation for Test case: TestCase61 Started.
AccountingSeed_AddressValidation,TESTCASE61,Fri Apr 03 17:32:48 IST 2015,FAIL,fMenuSelection: Exception: org.openqa.selenium.NoSuchElementException: Unable to locate element: {"method":"link text","selector":"AvaTax Settings"}
Command duration or timeout: 54 milliseconds
For documentation on this error, please visit: http://seleniumhq.org/exceptions/no_such_element.html
Build info: version: '2.40.0', revision: 'fbe29a9', time: '2014-02-19 20:55:11'
System info: host: 'Av-Pn-KhareA', ip: '10.240.20.90', os.name: 'Windows 7', os.arch: 'x86', os.version: '6.1', java.version: '1.6.0_45'
Session ID: a48587c6-cd66-46b6-96b6-f867163d6e39
Driver info: org.openqa.selenium.firefox.FirefoxDriver
Capabilities [{platform=XP, acceptSslCerts=true, javascriptEnabled=true, browserName=firefox, rotatable=false, locationContextEnabled=true, version=12.0, cssSelectorsEnabled=true, databaseEnabled=true, handlesAlerts=true, browserConnectionEnabled=true, nativeEvents=false, webStorageEnabled=true, applicationCacheEnabled=true, takesScreenshot=true}]
AccountingSeed_AddressValidation,TESTCASE62,Fri Apr 03 17:32:48 IST 2015,PASS,Address Validation for Test case: TestCase62 Started.
AccountingSeed_AddressValidation,TESTCASE62,Fri Apr 03 17:32:58 IST 2015,FAIL,fMenuSelection: Exception: org.openqa.selenium.NoSuchElementException: Unable to locate element: {"method":"link text","selector":"AvaTax Settings"}
Command duration or timeout: 55 milliseconds
For documentation on this error, please visit: http://seleniumhq.org/exceptions/no_such_element.html
Build info: version: '2.40.0', revision: 'fbe29a9', time: '2014-02-19 20:55:11'
System info: host: 'Av-Pn-KhareA', ip: '10.240.20.90', os.name: 'Windows 7', os.arch: 'x86', os.version: '6.1', java.version: '1.6.0_45'
Session ID: a48587c6-cd66-46b6-96b6-f867163d6e39
Driver info: org.openqa.selenium.firefox.FirefoxDriver
Capabilities [{platform=XP, acceptSslCerts=true, javascriptEnabled=true, browserName=firefox, rotatable=false, locationContextEnabled=true, version=12.0, cssSelectorsEnabled=true, databaseEnabled=true, handlesAlerts=true, browserConnectionEnabled=true, nativeEvents=false, webStorageEnabled=true, applicationCacheEnabled=true, takesScreenshot=true}]
AccountingSeed_AddressValidation,AccountingSeed_AddressValidation,Fri Apr 03 17:32:58 IST 2015,PASS,Script Ended.
