ScriptName,TCName,Date,Result,Description
SalesForce_TaxCalc,SalesForce_TaxCalc,Wed Apr 02 15:37:48 IST 2014,FAIL,Logging into SalesForce application is Failed.
SalesForce_TaxCalc,TESTCASE10,Wed Apr 02 15:37:48 IST 2014,PASS,Tax Calculation for Test case: TestCase10 Started.
SalesForce_TaxCalc,TESTCASE10,Wed Apr 02 15:37:54 IST 2014,PASS,After clicking on menu TaxNowSettings Respective page opened successfully
SalesForce_TaxCalc,TESTCASE10,Wed Apr 02 15:37:59 IST 2014,PASS,Tax now settings updated successfully
SalesForce_TaxCalc,TESTCASE10,Wed Apr 02 15:38:10 IST 2014,PASS,After clicking on menu Accounts Respective page opened successfully
SalesForce_TaxCalc,TESTCASE10,Wed Apr 02 15:38:19 IST 2014,PASS,Opportunities created successfully
SalesForce_TaxCalc,TESTCASE10,Wed Apr 02 15:38:20 IST 2014,PASS,After clicking on menu Opportunities Respective page opened successfully
SalesForce_TaxCalc,TESTCASE10,Wed Apr 02 15:38:30 IST 2014,PASS,Avalara Status 'Temporary' verified successfully on adding products for Test case TestCase10 On Menu item : - Opportunities
SalesForce_TaxCalc,TESTCASE10,Wed Apr 02 15:39:01 IST 2014,PASS,'Total Sales Tax' 0.00 verified successfully for Test case TestCase10 on Opportunities Window.
SalesForce_TaxCalc,TESTCASE10,Wed Apr 02 15:40:01 IST 2014,FAIL,F:Error Message Test Cases verified not successfully
SalesForce_TaxCalc,TESTCASE11,Wed Apr 02 15:40:01 IST 2014,PASS,Tax Calculation for Test case: TestCase11 Started.
SalesForce_TaxCalc,TESTCASE11,Wed Apr 02 15:40:07 IST 2014,PASS,After clicking on menu TaxNowSettings Respective page opened successfully
SalesForce_TaxCalc,TESTCASE11,Wed Apr 02 15:40:11 IST 2014,PASS,Tax now settings updated successfully
SalesForce_TaxCalc,TESTCASE11,Wed Apr 02 15:40:23 IST 2014,PASS,After clicking on menu Accounts Respective page opened successfully
SalesForce_TaxCalc,TESTCASE11,Wed Apr 02 15:40:30 IST 2014,PASS,Opportunities created successfully
SalesForce_TaxCalc,TESTCASE11,Wed Apr 02 15:40:31 IST 2014,PASS,After clicking on menu Opportunities Respective page opened successfully
SalesForce_TaxCalc,TESTCASE11,Wed Apr 02 15:40:40 IST 2014,PASS,Avalara Status 'Temporary' verified successfully on adding products for Test case TestCase11 On Menu item : - Opportunities
SalesForce_TaxCalc,TESTCASE11,Wed Apr 02 15:41:17 IST 2014,FAIL,fCalculateSalesTax: Exception: org.openqa.selenium.remote.UnreachableBrowserException: Error communicating with the remote browser. It may have died.
Build info: version: '2.40.0', revision: 'fbe29a9', time: '2014-02-19 20:55:11'
System info: host: 'Av-Pn-KhareA', ip: '10.240.20.115', os.name: 'Windows 7', os.arch: 'x86', os.version: '6.1', java.version: '1.6.0_45'
Driver info: driver.version: RemoteWebDriver
SalesForce_TaxCalc,TESTCASE12,Wed Apr 02 15:41:17 IST 2014,PASS,Tax Calculation for Test case: TestCase12 Started.
SalesForce_TaxCalc,TESTCASE15,Wed Apr 02 15:41:29 IST 2014,FAIL,fMenuSelection: Exception: org.openqa.selenium.remote.UnreachableBrowserException: Error communicating with the remote browser. It may have died.
Build info: version: '2.40.0', revision: 'fbe29a9', time: '2014-02-19 20:55:11'
System info: host: 'Av-Pn-KhareA', ip: '10.240.20.115', os.name: 'Windows 7', os.arch: 'x86', os.version: '6.1', java.version: '1.6.0_45'
Driver info: driver.version: RemoteWebDriver
SalesForce_TaxCalc,TESTCASE16,Wed Apr 02 15:41:29 IST 2014,PASS,Tax Calculation for Test case: TestCase16 Started.
SalesForce_TaxCalc,TESTCASE16,Wed Apr 02 15:41:32 IST 2014,FAIL,fMenuSelection: Exception: org.openqa.selenium.remote.UnreachableBrowserException: Error communicating with the remote browser. It may have died.
Build info: version: '2.40.0', revision: 'fbe29a9', time: '2014-02-19 20:55:11'
System info: host: 'Av-Pn-KhareA', ip: '10.240.20.115', os.name: 'Windows 7', os.arch: 'x86', os.version: '6.1', java.version: '1.6.0_45'
Driver info: driver.version: RemoteWebDriver
SalesForce_TaxCalc,TESTCASE17,Wed Apr 02 15:41:32 IST 2014,PASS,Tax Calculation for Test case: TestCase17 Started.
SalesForce_TaxCalc,SalesForce_TaxCalc,Wed Apr 02 15:42:12 IST 2014,PASS,Logging into SalesForce application is successful.
SalesForce_TaxCalc,TESTCASE10,Wed Apr 02 15:42:12 IST 2014,PASS,Tax Calculation for Test case: TestCase10 Started.
SalesForce_TaxCalc,TESTCASE10,Wed Apr 02 15:42:25 IST 2014,PASS,After clicking on menu TaxNowSettings Respective page opened successfully
SalesForce_TaxCalc,TESTCASE10,Wed Apr 02 15:42:30 IST 2014,PASS,Tax now settings updated successfully
SalesForce_TaxCalc,TESTCASE10,Wed Apr 02 15:42:41 IST 2014,PASS,After clicking on menu Accounts Respective page opened successfully
SalesForce_TaxCalc,TESTCASE10,Wed Apr 02 15:42:50 IST 2014,PASS,Opportunities created successfully
SalesForce_TaxCalc,TESTCASE10,Wed Apr 02 15:42:51 IST 2014,PASS,After clicking on menu Opportunities Respective page opened successfully
SalesForce_TaxCalc,TESTCASE10,Wed Apr 02 15:43:02 IST 2014,PASS,Avalara Status 'Temporary' verified successfully on adding products for Test case TestCase10 On Menu item : - Opportunities
SalesForce_TaxCalc,TESTCASE10,Wed Apr 02 15:43:12 IST 2014,PASS,Error message appeared as Name: TaxAddressError Summary: An Address is incomplete or invalid. Details:
SalesForce_TaxCalc,TESTCASE10,Wed Apr 02 15:43:14 IST 2014,PASS,'Total Sales Tax' 0.00 verified successfully for Test case TestCase10 on Opportunities Window.
SalesForce_TaxCalc,TESTCASE10,Wed Apr 02 15:43:21 IST 2014,PASS,After clicking on menu newQuote Respective page opened successfully
SalesForce_TaxCalc,TESTCASE10,Wed Apr 02 15:43:31 IST 2014,PASS,Avalara Status 'Temporary' verified successfully on adding products for Test case TestCase10 On Menu item : - Quotes
SalesForce_TaxCalc,TESTCASE10,Wed Apr 02 15:43:37 IST 2014,PASS,Error message appeared as Name: TaxAddressError Summary: An Address is incomplete or invalid. Details:
SalesForce_TaxCalc,TESTCASE10,Wed Apr 02 15:43:39 IST 2014,FAIL,fCalculateSalesTax: Exception: java.lang.ArrayIndexOutOfBoundsException: 1
SalesForce_TaxCalc,TESTCASE11,Wed Apr 02 15:43:39 IST 2014,PASS,Tax Calculation for Test case: TestCase11 Started.
SalesForce_TaxCalc,TESTCASE11,Wed Apr 02 15:43:45 IST 2014,PASS,After clicking on menu TaxNowSettings Respective page opened successfully
SalesForce_TaxCalc,TESTCASE11,Wed Apr 02 15:43:49 IST 2014,PASS,Tax now settings updated successfully
SalesForce_TaxCalc,TESTCASE11,Wed Apr 02 15:43:59 IST 2014,PASS,After clicking on menu Accounts Respective page opened successfully
SalesForce_TaxCalc,TESTCASE11,Wed Apr 02 15:44:06 IST 2014,PASS,Opportunities created successfully
SalesForce_TaxCalc,TESTCASE11,Wed Apr 02 15:44:07 IST 2014,PASS,After clicking on menu Opportunities Respective page opened successfully
SalesForce_TaxCalc,TESTCASE11,Wed Apr 02 15:44:16 IST 2014,PASS,Avalara Status 'Temporary' verified successfully on adding products for Test case TestCase11 On Menu item : - Opportunities
SalesForce_TaxCalc,TESTCASE11,Wed Apr 02 15:44:21 IST 2014,PASS,Error message appeared as Name: TaxAddressError Summary: An Address is incomplete or invalid. Details:
SalesForce_TaxCalc,TESTCASE11,Wed Apr 02 15:44:24 IST 2014,PASS,'Total Sales Tax' 0.00 verified successfully for Test case TestCase11 on Opportunities Window.
SalesForce_TaxCalc,TESTCASE11,Wed Apr 02 15:44:29 IST 2014,PASS,After clicking on menu newQuote Respective page opened successfully
SalesForce_TaxCalc,TESTCASE11,Wed Apr 02 15:44:39 IST 2014,FAIL,Avalara Status 'Temporary' NOT verified successfully on adding products for Test case TestCase11 On Menu item : - QuotesExpected : Temporary and Actual:Saved
SalesForce_TaxCalc,TESTCASE12,Wed Apr 02 15:44:39 IST 2014,PASS,Tax Calculation for Test case: TestCase12 Started.
SalesForce_TaxCalc,TESTCASE12,Wed Apr 02 15:44:45 IST 2014,PASS,After clicking on menu TaxNowSettings Respective page opened successfully
SalesForce_TaxCalc,TESTCASE12,Wed Apr 02 15:44:49 IST 2014,PASS,Tax now settings updated successfully
SalesForce_TaxCalc,TESTCASE12,Wed Apr 02 15:45:00 IST 2014,PASS,After clicking on menu Accounts Respective page opened successfully
SalesForce_TaxCalc,TESTCASE12,Wed Apr 02 15:45:06 IST 2014,PASS,Opportunities created successfully
SalesForce_TaxCalc,TESTCASE12,Wed Apr 02 15:45:07 IST 2014,PASS,After clicking on menu Opportunities Respective page opened successfully
SalesForce_TaxCalc,TESTCASE12,Wed Apr 02 15:45:16 IST 2014,PASS,Avalara Status 'Temporary' verified successfully on adding products for Test case TestCase12 On Menu item : - Opportunities
SalesForce_TaxCalc,TESTCASE12,Wed Apr 02 15:45:21 IST 2014,PASS,Error message appeared as Name: TaxAddressError Summary: An Address is incomplete or invalid. Details:
SalesForce_TaxCalc,TESTCASE12,Wed Apr 02 15:45:23 IST 2014,PASS,'Total Sales Tax' 0.00 verified successfully for Test case TestCase12 on Opportunities Window.
SalesForce_TaxCalc,TESTCASE12,Wed Apr 02 15:45:28 IST 2014,PASS,Error message appeared as Name: TaxAddressError Summary: An Address is incomplete or invalid. Details:
SalesForce_TaxCalc,TESTCASE12,Wed Apr 02 15:45:30 IST 2014,PASS,'Total Sales Tax' 0.00 verified successfully for Test case TestCase12 on Finalize Opportunity Window.
SalesForce_TaxCalc,TESTCASE12,Wed Apr 02 15:45:36 IST 2014,PASS,After clicking on menu newQuote Respective page opened successfully
SalesForce_TaxCalc,TESTCASE12,Wed Apr 02 15:45:46 IST 2014,FAIL,Avalara Status 'Temporary' NOT verified successfully on adding products for Test case TestCase12 On Menu item : - QuotesExpected : Temporary and Actual:Saved
SalesForce_TaxCalc,TESTCASE13,Wed Apr 02 15:45:46 IST 2014,PASS,Tax Calculation for Test case: TestCase13 Started.
SalesForce_TaxCalc,TESTCASE13,Wed Apr 02 15:45:52 IST 2014,PASS,After clicking on menu TaxNowSettings Respective page opened successfully
SalesForce_TaxCalc,TESTCASE13,Wed Apr 02 15:45:58 IST 2014,PASS,Tax now settings updated successfully
SalesForce_TaxCalc,TESTCASE13,Wed Apr 02 15:46:08 IST 2014,PASS,After clicking on menu Accounts Respective page opened successfully
SalesForce_TaxCalc,TESTCASE13,Wed Apr 02 15:46:15 IST 2014,PASS,Opportunities created successfully
SalesForce_TaxCalc,TESTCASE13,Wed Apr 02 15:46:16 IST 2014,PASS,After clicking on menu Opportunities Respective page opened successfully
SalesForce_TaxCalc,TESTCASE13,Wed Apr 02 15:46:25 IST 2014,PASS,Avalara Status 'Temporary' verified successfully on adding products for Test case TestCase13 On Menu item : - Opportunities
SalesForce_TaxCalc,TESTCASE13,Wed Apr 02 15:46:29 IST 2014,PASS,Error message appeared as Name: TaxAddressError Summary: An Address is incomplete or invalid. Details:
SalesForce_TaxCalc,TESTCASE13,Wed Apr 02 15:46:31 IST 2014,PASS,'Total Sales Tax' 0.00 verified successfully for Test case TestCase13 on Opportunities Window.
SalesForce_TaxCalc,TESTCASE13,Wed Apr 02 15:46:37 IST 2014,PASS,After clicking on menu newQuote Respective page opened successfully
SalesForce_TaxCalc,TESTCASE13,Wed Apr 02 15:46:46 IST 2014,PASS,Avalara Status 'Temporary' verified successfully on adding products for Test case TestCase13 On Menu item : - Quotes
SalesForce_TaxCalc,TESTCASE13,Wed Apr 02 15:46:51 IST 2014,PASS,Error message appeared as Name: TaxAddressError Summary: An Address is incomplete or invalid. Details:
SalesForce_TaxCalc,TESTCASE13,Wed Apr 02 15:46:53 IST 2014,FAIL,fCalculateSalesTax: Exception: java.lang.ArrayIndexOutOfBoundsException: 1
SalesForce_TaxCalc,TESTCASE14,Wed Apr 02 15:46:53 IST 2014,PASS,Tax Calculation for Test case: TestCase14 Started.
SalesForce_TaxCalc,TESTCASE14,Wed Apr 02 15:46:59 IST 2014,PASS,After clicking on menu TaxNowSettings Respective page opened successfully
SalesForce_TaxCalc,TESTCASE14,Wed Apr 02 15:47:03 IST 2014,PASS,Tax now settings updated successfully
SalesForce_TaxCalc,TESTCASE14,Wed Apr 02 15:47:14 IST 2014,PASS,After clicking on menu Accounts Respective page opened successfully
SalesForce_TaxCalc,TESTCASE14,Wed Apr 02 15:47:20 IST 2014,PASS,Opportunities created successfully
SalesForce_TaxCalc,TESTCASE14,Wed Apr 02 15:47:21 IST 2014,PASS,After clicking on menu Opportunities Respective page opened successfully
SalesForce_TaxCalc,SalesForce_TaxCalc,Wed Apr 02 15:51:10 IST 2014,FAIL,Logging into SalesForce application is Failed.
SalesForce_TaxCalc,TESTCASE10,Wed Apr 02 15:51:10 IST 2014,PASS,Tax Calculation for Test case: TestCase10 Started.
SalesForce_TaxCalc,TESTCASE10,Wed Apr 02 15:51:18 IST 2014,PASS,After clicking on menu TaxNowSettings Respective page opened successfully
SalesForce_TaxCalc,TESTCASE10,Wed Apr 02 15:51:22 IST 2014,PASS,Tax now settings updated successfully
SalesForce_TaxCalc,TESTCASE10,Wed Apr 02 15:51:32 IST 2014,PASS,After clicking on menu Accounts Respective page opened successfully
SalesForce_TaxCalc,TESTCASE10,Wed Apr 02 15:51:43 IST 2014,PASS,Opportunities created successfully
SalesForce_TaxCalc,TESTCASE10,Wed Apr 02 15:51:44 IST 2014,PASS,After clicking on menu Opportunities Respective page opened successfully
SalesForce_TaxCalc,TESTCASE10,Wed Apr 02 15:51:56 IST 2014,PASS,Avalara Status 'Temporary' verified successfully on adding products for Test case TestCase10 On Menu item : - Opportunities
SalesForce_TaxCalc,TESTCASE10,Wed Apr 02 15:52:07 IST 2014,PASS,Error message appeared as Name: TaxAddressError Summary: An Address is incomplete or invalid. Details:
SalesForce_TaxCalc,TESTCASE10,Wed Apr 02 15:52:10 IST 2014,PASS,'Total Sales Tax' 0.00 verified successfully for Test case TestCase10 on Opportunities Window.
SalesForce_TaxCalc,TESTCASE10,Wed Apr 02 15:52:16 IST 2014,PASS,After clicking on menu newQuote Respective page opened successfully
SalesForce_TaxCalc,TESTCASE10,Wed Apr 02 15:52:26 IST 2014,PASS,Avalara Status 'Temporary' verified successfully on adding products for Test case TestCase10 On Menu item : - Quotes
SalesForce_TaxCalc,TESTCASE10,Wed Apr 02 15:52:31 IST 2014,PASS,Error message appeared as Name: TaxAddressError Summary: An Address is incomplete or invalid. Details:
SalesForce_TaxCalc,TESTCASE10,Wed Apr 02 15:52:34 IST 2014,FAIL,fCalculateSalesTax: Exception: java.lang.ArrayIndexOutOfBoundsException: 1
SalesForce_TaxCalc,TESTCASE11,Wed Apr 02 15:52:34 IST 2014,PASS,Tax Calculation for Test case: TestCase11 Started.
SalesForce_TaxCalc,TESTCASE11,Wed Apr 02 15:52:39 IST 2014,PASS,After clicking on menu TaxNowSettings Respective page opened successfully
SalesForce_TaxCalc,TESTCASE11,Wed Apr 02 15:52:43 IST 2014,PASS,Tax now settings updated successfully
SalesForce_TaxCalc,TESTCASE11,Wed Apr 02 15:52:53 IST 2014,PASS,After clicking on menu Accounts Respective page opened successfully
SalesForce_TaxCalc,SalesForce_TaxCalc,Wed Apr 02 15:54:10 IST 2014,FAIL,fLoginException:org.openqa.selenium.remote.UnreachableBrowserException: Error communicating with the remote browser. It may have died.
Build info: version: '2.40.0', revision: 'fbe29a9', time: '2014-02-19 20:55:11'
System info: host: 'Av-Pn-KhareA', ip: '10.240.20.115', os.name: 'Windows 7', os.arch: 'x86', os.version: '6.1', java.version: '1.6.0_45'
Driver info: driver.version: RemoteWebDriver
SalesForce_TaxCalc,SalesForce_TaxCalc,Wed Apr 02 15:54:10 IST 2014,PASS,Script Ended.
SalesForce_TaxCalc,SalesForce_TaxCalc,Wed Apr 02 15:59:00 IST 2014,FAIL,Logging into SalesForce application is Failed.
SalesForce_TaxCalc,TESTCASE10,Wed Apr 02 15:59:00 IST 2014,PASS,Tax Calculation for Test case: TestCase10 Started.
SalesForce_EntityUseCode,SalesForce_EntityUseCode,Wed Apr 02 16:03:49 IST 2014,PASS,Logging into SalesForce application is successful.
SalesForce_EntityUseCode,TESTCASE110,Wed Apr 02 16:03:49 IST 2014,PASS,Tax Calculation for Test case: TestCase110 Started.
SalesForce_EntityUseCode,TESTCASE110,Wed Apr 02 16:03:55 IST 2014,PASS,After clicking on menu TaxNowSettings Respective page opened successfully
SalesForce_EntityUseCode,TESTCASE110,Wed Apr 02 16:04:00 IST 2014,PASS,Tax now settings updated successfully
SalesForce_EntityUseCode,TESTCASE110,Wed Apr 02 16:04:10 IST 2014,PASS,After clicking on menu Accounts Respective page opened successfully
SalesForce_EntityUseCode,TESTCASE110,Wed Apr 02 16:04:21 IST 2014,PASS,Opportunities created successfully
SalesForce_EntityUseCode,TESTCASE110,Wed Apr 02 16:04:22 IST 2014,PASS,After clicking on menu Opportunities Respective page opened successfully
SalesForce_EntityUseCode,TESTCASE110,Wed Apr 02 16:04:32 IST 2014,PASS,Avalara Status 'Temporary' verified successfully on adding products for Test case TestCase110 On Menu item : - Opportunities
SalesForce_EntityUseCode,TESTCASE110,Wed Apr 02 16:04:38 IST 2014,PASS,'Total Sales Tax' 0.00 verified successfully for Test case TestCase110 on Opportunities Window.
SalesForce_EntityUseCode,TESTCASE110,Wed Apr 02 16:04:38 IST 2014,PASS,Avalara Status ' Temporary' verified successfully on Calculate for Test case TestCase110 On tax calculation on Opportunities Window 
SalesForce_EntityUseCode,TESTCASE110,Wed Apr 02 16:04:44 IST 2014,PASS,After clicking on menu newQuote Respective page opened successfully
SalesForce_EntityUseCode,TESTCASE110,Wed Apr 02 16:04:54 IST 2014,PASS,Avalara Status 'Temporary' verified successfully on adding products for Test case TestCase110 On Menu item : - Quotes
SalesForce_EntityUseCode,TESTCASE110,Wed Apr 02 16:05:00 IST 2014,PASS,'Total Sales Tax' 0.00 verified successfully for Test case TestCase110 on Quotes Window.
SalesForce_EntityUseCode,TESTCASE110,Wed Apr 02 16:05:00 IST 2014,PASS,Avalara Status ' Temporary' verified successfully on Calculate for Test case TestCase110 On tax calculation on Quotes Window 
SalesForce_EntityUseCode,TESTCASE110,Wed Apr 02 16:05:00 IST 2014,PASS,Tax Calculation for Test case: TestCase110 Ended.
SalesForce_EntityUseCode,SalesForce_EntityUseCode,Wed Apr 02 16:05:00 IST 2014,PASS,Script Ended.
