ScriptName,TCName,Date,Result,Description
SalesForce_TaxCalc,SalesForce_TaxCalc,Wed Apr 02 14:23:03 IST 2014,PASS,Logging into SalesForce application is successful.
SalesForce_TaxCalc,TESTCASE10,Wed Apr 02 14:23:03 IST 2014,PASS,Tax Calculation for Test case: TestCase10 Started.
SalesForce_TaxCalc,TESTCASE10,Wed Apr 02 14:23:10 IST 2014,PASS,After clicking on menu TaxNowSettings Respective page opened successfully
SalesForce_TaxCalc,TESTCASE10,Wed Apr 02 14:23:14 IST 2014,PASS,Tax now settings updated successfully
SalesForce_TaxCalc,TESTCASE10,Wed Apr 02 14:23:24 IST 2014,PASS,After clicking on menu Accounts Respective page opened successfully
SalesForce_TaxCalc,TESTCASE10,Wed Apr 02 14:23:34 IST 2014,PASS,Opportunities created successfully
SalesForce_TaxCalc,TESTCASE10,Wed Apr 02 14:23:35 IST 2014,PASS,After clicking on menu Opportunities Respective page opened successfully
SalesForce_TaxCalc,TESTCASE10,Wed Apr 02 14:23:47 IST 2014,PASS,Avalara Status 'Temporary' verified successfully on adding products for Test case TestCase10 On Menu item : - Opportunities
SalesForce_TaxCalc,TESTCASE10,Wed Apr 02 14:23:55 IST 2014,PASS,Error Message Test Cases verified successfully
SalesForce_TaxCalc,TESTCASE10,Wed Apr 02 14:24:51 IST 2014,PASS,After clicking on menu newQuote Respective page opened successfully
SalesForce_TaxCalc,TESTCASE10,Wed Apr 02 14:25:01 IST 2014,PASS,Avalara Status 'Temporary' verified successfully on adding products for Test case TestCase10 On Menu item : - Quotes
SalesForce_TaxCalc,TESTCASE10,Wed Apr 02 14:25:06 IST 2014,PASS,Error Message Test Cases verified successfully
SalesForce_TaxCalc,TESTCASE10,Wed Apr 02 14:25:06 IST 2014,PASS,Tax Calculation for Test case: TestCase10 Ended.
SalesForce_TaxCalc,TESTCASE11,Wed Apr 02 14:25:06 IST 2014,PASS,Tax Calculation for Test case: TestCase11 Started.
SalesForce_TaxCalc,TESTCASE11,Wed Apr 02 14:25:12 IST 2014,PASS,After clicking on menu TaxNowSettings Respective page opened successfully
SalesForce_TaxCalc,TESTCASE11,Wed Apr 02 14:25:16 IST 2014,PASS,Tax now settings updated successfully
SalesForce_TaxCalc,TESTCASE11,Wed Apr 02 14:25:26 IST 2014,PASS,After clicking on menu Accounts Respective page opened successfully
SalesForce_TaxCalc,TESTCASE11,Wed Apr 02 14:25:32 IST 2014,PASS,Opportunities created successfully
SalesForce_TaxCalc,TESTCASE11,Wed Apr 02 14:25:33 IST 2014,PASS,After clicking on menu Opportunities Respective page opened successfully
SalesForce_TaxCalc,TESTCASE11,Wed Apr 02 14:25:43 IST 2014,PASS,Avalara Status 'Temporary' verified successfully on adding products for Test case TestCase11 On Menu item : - Opportunities
SalesForce_TaxCalc,TESTCASE11,Wed Apr 02 14:25:45 IST 2014,PASS,Error Message Test Cases verified successfully
SalesForce_TaxCalc,TESTCASE11,Wed Apr 02 14:26:10 IST 2014,PASS,After clicking on menu newQuote Respective page opened successfully
SalesForce_TaxCalc,SalesForce_TaxCalc,Wed Apr 02 14:56:12 IST 2014,FAIL,fLoginException:org.openqa.selenium.remote.UnreachableBrowserException: Error communicating with the remote browser. It may have died.
Build info: version: '2.40.0', revision: 'fbe29a9', time: '2014-02-19 20:55:11'
System info: host: 'Av-Pn-KhareA', ip: '10.240.20.115', os.name: 'Windows 7', os.arch: 'x86', os.version: '6.1', java.version: '1.6.0_45'
Driver info: driver.version: RemoteWebDriver
SalesForce_TaxCalc,SalesForce_TaxCalc,Wed Apr 02 14:56:12 IST 2014,PASS,Script Ended.
SalesForce_TaxCalc,SalesForce_TaxCalc,Wed Apr 02 14:56:41 IST 2014,FAIL,Logging into SalesForce application is Failed.
SalesForce_TaxCalc,TESTCASE10,Wed Apr 02 14:56:41 IST 2014,PASS,Tax Calculation for Test case: TestCase10 Started.
SalesForce_TaxCalc,TESTCASE10,Wed Apr 02 14:56:48 IST 2014,PASS,After clicking on menu TaxNowSettings Respective page opened successfully
SalesForce_TaxCalc,TESTCASE10,Wed Apr 02 14:56:53 IST 2014,PASS,Tax now settings updated successfully
SalesForce_TaxCalc,TESTCASE10,Wed Apr 02 14:57:03 IST 2014,PASS,After clicking on menu Accounts Respective page opened successfully
SalesForce_TaxCalc,TESTCASE10,Wed Apr 02 14:57:12 IST 2014,PASS,Opportunities created successfully
SalesForce_TaxCalc,TESTCASE10,Wed Apr 02 14:57:13 IST 2014,PASS,After clicking on menu Opportunities Respective page opened successfully
SalesForce_TaxCalc,TESTCASE10,Wed Apr 02 14:58:23 IST 2014,PASS,Avalara Status 'Temporary' verified successfully on adding products for Test case TestCase10 On Menu item : - Opportunities
SalesForce_TaxCalc,TESTCASE10,Wed Apr 02 15:01:01 IST 2014,PASS,Error Message Test Cases verified successfully
SalesForce_TaxCalc,SalesForce_TaxCalc,Wed Apr 02 15:13:28 IST 2014,PASS,Logging into SalesForce application is successful.
SalesForce_TaxCalc,TESTCASE10,Wed Apr 02 15:13:28 IST 2014,PASS,Tax Calculation for Test case: TestCase10 Started.
SalesForce_TaxCalc,TESTCASE10,Wed Apr 02 15:13:34 IST 2014,PASS,After clicking on menu TaxNowSettings Respective page opened successfully
SalesForce_TaxCalc,TESTCASE10,Wed Apr 02 15:13:38 IST 2014,PASS,Tax now settings updated successfully
SalesForce_TaxCalc,TESTCASE10,Wed Apr 02 15:13:48 IST 2014,PASS,After clicking on menu Accounts Respective page opened successfully
SalesForce_TaxCalc,TESTCASE10,Wed Apr 02 15:14:00 IST 2014,PASS,Opportunities created successfully
SalesForce_TaxCalc,TESTCASE10,Wed Apr 02 15:14:01 IST 2014,PASS,After clicking on menu Opportunities Respective page opened successfully
SalesForce_TaxCalc,TESTCASE10,Wed Apr 02 15:14:12 IST 2014,PASS,Avalara Status 'Temporary' verified successfully on adding products for Test case TestCase10 On Menu item : - Opportunities
SalesForce_TaxCalc,TESTCASE10,Wed Apr 02 15:14:22 IST 2014,PASS,Error message appeared as Name: TaxAddressError Summary: An Address is incomplete or invalid. Details:
SalesForce_TaxCalc,TESTCASE10,Wed Apr 02 15:14:29 IST 2014,PASS,After clicking on menu newQuote Respective page opened successfully
SalesForce_TaxCalc,TESTCASE10,Wed Apr 02 15:14:39 IST 2014,PASS,Avalara Status 'Temporary' verified successfully on adding products for Test case TestCase10 On Menu item : - Quotes
SalesForce_TaxCalc,TESTCASE10,Wed Apr 02 15:14:46 IST 2014,PASS,Error message appeared as Name: TaxAddressError Summary: An Address is incomplete or invalid. Details:
SalesForce_TaxCalc,TESTCASE10,Wed Apr 02 15:14:46 IST 2014,PASS,Tax Calculation for Test case: TestCase10 Ended.
SalesForce_TaxCalc,TESTCASE11,Wed Apr 02 15:14:46 IST 2014,PASS,Tax Calculation for Test case: TestCase11 Started.
SalesForce_TaxCalc,TESTCASE11,Wed Apr 02 15:14:52 IST 2014,PASS,After clicking on menu TaxNowSettings Respective page opened successfully
SalesForce_TaxCalc,TESTCASE11,Wed Apr 02 15:14:56 IST 2014,PASS,Tax now settings updated successfully
SalesForce_TaxCalc,TESTCASE11,Wed Apr 02 15:15:05 IST 2014,PASS,After clicking on menu Accounts Respective page opened successfully
SalesForce_TaxCalc,TESTCASE11,Wed Apr 02 15:15:12 IST 2014,PASS,Opportunities created successfully
SalesForce_TaxCalc,TESTCASE11,Wed Apr 02 15:15:13 IST 2014,PASS,After clicking on menu Opportunities Respective page opened successfully
SalesForce_TaxCalc,TESTCASE11,Wed Apr 02 15:15:23 IST 2014,PASS,Avalara Status 'Temporary' verified successfully on adding products for Test case TestCase11 On Menu item : - Opportunities
SalesForce_TaxCalc,TESTCASE11,Wed Apr 02 15:15:27 IST 2014,PASS,Error message appeared as Name: TaxAddressError Summary: An Address is incomplete or invalid. Details:
SalesForce_TaxCalc,TESTCASE11,Wed Apr 02 15:15:33 IST 2014,PASS,After clicking on menu newQuote Respective page opened successfully
SalesForce_TaxCalc,TESTCASE11,Wed Apr 02 15:15:42 IST 2014,FAIL,Avalara Status 'Temporary' NOT verified successfully on adding products for Test case TestCase11 On Menu item : - QuotesExpected : Temporary and Actual:Saved
SalesForce_TaxCalc,TESTCASE12,Wed Apr 02 15:15:42 IST 2014,PASS,Tax Calculation for Test case: TestCase12 Started.
SalesForce_TaxCalc,TESTCASE12,Wed Apr 02 15:15:48 IST 2014,PASS,After clicking on menu TaxNowSettings Respective page opened successfully
SalesForce_TaxCalc,TESTCASE12,Wed Apr 02 15:15:54 IST 2014,PASS,Tax now settings updated successfully
SalesForce_TaxCalc,TESTCASE12,Wed Apr 02 15:16:04 IST 2014,PASS,After clicking on menu Accounts Respective page opened successfully
SalesForce_TaxCalc,TESTCASE12,Wed Apr 02 15:16:11 IST 2014,PASS,Opportunities created successfully
SalesForce_TaxCalc,TESTCASE12,Wed Apr 02 15:16:12 IST 2014,PASS,After clicking on menu Opportunities Respective page opened successfully
SalesForce_TaxCalc,TESTCASE12,Wed Apr 02 15:16:21 IST 2014,PASS,Avalara Status 'Temporary' verified successfully on adding products for Test case TestCase12 On Menu item : - Opportunities
SalesForce_TaxCalc,TESTCASE12,Wed Apr 02 15:16:25 IST 2014,PASS,Error message appeared as Name: TaxAddressError Summary: An Address is incomplete or invalid. Details:
SalesForce_TaxCalc,TESTCASE12,Wed Apr 02 15:16:29 IST 2014,PASS,Error message appeared as Name: TaxAddressError Summary: An Address is incomplete or invalid. Details:
SalesForce_TaxCalc,TESTCASE12,Wed Apr 02 15:16:36 IST 2014,PASS,After clicking on menu newQuote Respective page opened successfully
SalesForce_TaxCalc,TESTCASE12,Wed Apr 02 15:16:45 IST 2014,FAIL,Avalara Status 'Temporary' NOT verified successfully on adding products for Test case TestCase12 On Menu item : - QuotesExpected : Temporary and Actual:Saved
SalesForce_TaxCalc,TESTCASE13,Wed Apr 02 15:16:45 IST 2014,PASS,Tax Calculation for Test case: TestCase13 Started.
SalesForce_TaxCalc,TESTCASE13,Wed Apr 02 15:16:51 IST 2014,PASS,After clicking on menu TaxNowSettings Respective page opened successfully
SalesForce_TaxCalc,TESTCASE13,Wed Apr 02 15:16:55 IST 2014,PASS,Tax now settings updated successfully
SalesForce_TaxCalc,TESTCASE13,Wed Apr 02 15:17:04 IST 2014,PASS,After clicking on menu Accounts Respective page opened successfully
SalesForce_TaxCalc,TESTCASE13,Wed Apr 02 15:17:11 IST 2014,PASS,Opportunities created successfully
SalesForce_TaxCalc,TESTCASE13,Wed Apr 02 15:17:12 IST 2014,PASS,After clicking on menu Opportunities Respective page opened successfully
SalesForce_TaxCalc,TESTCASE13,Wed Apr 02 15:17:21 IST 2014,PASS,Avalara Status 'Temporary' verified successfully on adding products for Test case TestCase13 On Menu item : - Opportunities
SalesForce_TaxCalc,TESTCASE13,Wed Apr 02 15:17:25 IST 2014,PASS,Error message appeared as Name: TaxAddressError Summary: An Address is incomplete or invalid. Details:
SalesForce_TaxCalc,TESTCASE13,Wed Apr 02 15:17:32 IST 2014,PASS,After clicking on menu newQuote Respective page opened successfully
SalesForce_TaxCalc,TESTCASE13,Wed Apr 02 15:17:41 IST 2014,PASS,Avalara Status 'Temporary' verified successfully on adding products for Test case TestCase13 On Menu item : - Quotes
SalesForce_TaxCalc,TESTCASE13,Wed Apr 02 15:17:49 IST 2014,PASS,Error message appeared as Name: TaxAddressError Summary: An Address is incomplete or invalid. Details:
SalesForce_TaxCalc,TESTCASE13,Wed Apr 02 15:17:49 IST 2014,PASS,Tax Calculation for Test case: TestCase13 Ended.
SalesForce_TaxCalc,TESTCASE14,Wed Apr 02 15:17:49 IST 2014,PASS,Tax Calculation for Test case: TestCase14 Started.
SalesForce_TaxCalc,TESTCASE14,Wed Apr 02 15:17:55 IST 2014,PASS,After clicking on menu TaxNowSettings Respective page opened successfully
SalesForce_TaxCalc,TESTCASE14,Wed Apr 02 15:17:58 IST 2014,PASS,Tax now settings updated successfully
SalesForce_TaxCalc,TESTCASE14,Wed Apr 02 15:18:08 IST 2014,PASS,After clicking on menu Accounts Respective page opened successfully
SalesForce_TaxCalc,TESTCASE14,Wed Apr 02 15:18:15 IST 2014,PASS,Opportunities created successfully
SalesForce_TaxCalc,TESTCASE14,Wed Apr 02 15:18:16 IST 2014,PASS,After clicking on menu Opportunities Respective page opened successfully
SalesForce_TaxCalc,TESTCASE14,Wed Apr 02 15:18:27 IST 2014,PASS,Avalara Status 'Temporary' verified successfully on adding products for Test case TestCase14 On Menu item : - Opportunities
SalesForce_TaxCalc,TESTCASE14,Wed Apr 02 15:18:31 IST 2014,PASS,Error message appeared as Name: PreQualification Error Summary: Tax Calculations are Disabled - Check 'Enable Tax Calculations' in the TaxServices tab Details:
SalesForce_TaxCalc,TESTCASE14,Wed Apr 02 15:18:36 IST 2014,PASS,After clicking on menu newQuote Respective page opened successfully
SalesForce_TaxCalc,TESTCASE14,Wed Apr 02 15:18:47 IST 2014,PASS,Avalara Status 'Temporary' verified successfully on adding products for Test case TestCase14 On Menu item : - Quotes
SalesForce_TaxCalc,TESTCASE14,Wed Apr 02 15:18:51 IST 2014,PASS,Error message appeared as Name: PreQualification Error Summary: Tax Calculations are Disabled - Check 'Enable Tax Calculations' in the TaxServices tab Details:
SalesForce_TaxCalc,TESTCASE14,Wed Apr 02 15:18:51 IST 2014,PASS,Tax Calculation for Test case: TestCase14 Ended.
SalesForce_TaxCalc,TESTCASE15,Wed Apr 02 15:18:51 IST 2014,PASS,Tax Calculation for Test case: TestCase15 Started.
SalesForce_TaxCalc,TESTCASE15,Wed Apr 02 15:18:57 IST 2014,PASS,After clicking on menu TaxNowSettings Respective page opened successfully
SalesForce_TaxCalc,TESTCASE15,Wed Apr 02 15:19:01 IST 2014,PASS,Tax now settings updated successfully
SalesForce_TaxCalc,TESTCASE15,Wed Apr 02 15:19:11 IST 2014,PASS,After clicking on menu Accounts Respective page opened successfully
SalesForce_TaxCalc,TESTCASE15,Wed Apr 02 15:19:18 IST 2014,PASS,Opportunities created successfully
SalesForce_TaxCalc,TESTCASE15,Wed Apr 02 15:19:19 IST 2014,PASS,After clicking on menu Opportunities Respective page opened successfully
SalesForce_TaxCalc,TESTCASE15,Wed Apr 02 15:19:29 IST 2014,PASS,Avalara Status 'Temporary' verified successfully on adding products for Test case TestCase15 On Menu item : - Opportunities
SalesForce_TaxCalc,TESTCASE15,Wed Apr 02 15:19:36 IST 2014,PASS,Error message appeared as Name: PreQualification Error Summary: Tax Calculations are Disabled - Check 'Enable Tax Calculations' in the TaxServices tab Details:
SalesForce_TaxCalc,TESTCASE15,Wed Apr 02 15:19:42 IST 2014,PASS,After clicking on menu newQuote Respective page opened successfully
SalesForce_TaxCalc,TESTCASE15,Wed Apr 02 15:19:51 IST 2014,PASS,Avalara Status 'Temporary' verified successfully on adding products for Test case TestCase15 On Menu item : - Quotes
SalesForce_TaxCalc,TESTCASE15,Wed Apr 02 15:19:55 IST 2014,PASS,Error message appeared as Name: PreQualification Error Summary: Tax Calculations are Disabled - Check 'Enable Tax Calculations' in the TaxServices tab Details:
SalesForce_TaxCalc,TESTCASE15,Wed Apr 02 15:19:55 IST 2014,PASS,Tax Calculation for Test case: TestCase15 Ended.
SalesForce_TaxCalc,TESTCASE16,Wed Apr 02 15:19:55 IST 2014,PASS,Tax Calculation for Test case: TestCase16 Started.
SalesForce_TaxCalc,TESTCASE16,Wed Apr 02 15:20:01 IST 2014,PASS,After clicking on menu TaxNowSettings Respective page opened successfully
SalesForce_TaxCalc,TESTCASE16,Wed Apr 02 15:20:05 IST 2014,PASS,Tax now settings updated successfully
SalesForce_TaxCalc,TESTCASE16,Wed Apr 02 15:20:15 IST 2014,PASS,After clicking on menu Accounts Respective page opened successfully
SalesForce_TaxCalc,TESTCASE16,Wed Apr 02 15:20:21 IST 2014,PASS,Opportunities created successfully
SalesForce_TaxCalc,TESTCASE16,Wed Apr 02 15:20:22 IST 2014,PASS,After clicking on menu Opportunities Respective page opened successfully
SalesForce_TaxCalc,TESTCASE16,Wed Apr 02 15:20:36 IST 2014,PASS,Avalara Status 'Temporary' verified successfully on adding products for Test case TestCase16 On Menu item : - Opportunities
SalesForce_TaxCalc,TESTCASE16,Wed Apr 02 15:20:40 IST 2014,PASS,Error message appeared as Name: PreQualification Error Summary: Tax Calculations are Disabled - Check 'Enable Tax Calculations' in the TaxServices tab Details:
SalesForce_TaxCalc,TESTCASE16,Wed Apr 02 15:20:46 IST 2014,PASS,After clicking on menu newQuote Respective page opened successfully
SalesForce_TaxCalc,TESTCASE16,Wed Apr 02 15:20:55 IST 2014,PASS,Avalara Status 'Temporary' verified successfully on adding products for Test case TestCase16 On Menu item : - Quotes
SalesForce_TaxCalc,TESTCASE16,Wed Apr 02 15:20:58 IST 2014,PASS,Error message appeared as Name: PreQualification Error Summary: Tax Calculations are Disabled - Check 'Enable Tax Calculations' in the TaxServices tab Details:
SalesForce_TaxCalc,TESTCASE16,Wed Apr 02 15:20:58 IST 2014,PASS,Tax Calculation for Test case: TestCase16 Ended.
SalesForce_TaxCalc,TESTCASE17,Wed Apr 02 15:20:58 IST 2014,PASS,Tax Calculation for Test case: TestCase17 Started.
SalesForce_TaxCalc,TESTCASE17,Wed Apr 02 15:21:04 IST 2014,PASS,After clicking on menu TaxNowSettings Respective page opened successfully
SalesForce_TaxCalc,TESTCASE17,Wed Apr 02 15:21:08 IST 2014,PASS,Tax now settings updated successfully
SalesForce_TaxCalc,TESTCASE17,Wed Apr 02 15:21:18 IST 2014,PASS,After clicking on menu Accounts Respective page opened successfully
SalesForce_TaxCalc,TESTCASE17,Wed Apr 02 15:21:25 IST 2014,PASS,Opportunities created successfully
SalesForce_TaxCalc,TESTCASE17,Wed Apr 02 15:21:26 IST 2014,PASS,After clicking on menu Opportunities Respective page opened successfully
SalesForce_TaxCalc,TESTCASE17,Wed Apr 02 15:21:36 IST 2014,PASS,Avalara Status 'Temporary' verified successfully on adding products for Test case TestCase17 On Menu item : - Opportunities
SalesForce_TaxCalc,TESTCASE17,Wed Apr 02 15:21:39 IST 2014,PASS,Error message appeared as Name: PreQualification Error Summary: Tax Calculations are Disabled - Check 'Enable Tax Calculations' in the TaxServices tab Details:
SalesForce_TaxCalc,TESTCASE17,Wed Apr 02 15:21:45 IST 2014,PASS,After clicking on menu newQuote Respective page opened successfully
SalesForce_TaxCalc,TESTCASE17,Wed Apr 02 15:21:54 IST 2014,PASS,Avalara Status 'Temporary' verified successfully on adding products for Test case TestCase17 On Menu item : - Quotes
SalesForce_TaxCalc,TESTCASE17,Wed Apr 02 15:22:00 IST 2014,PASS,Error message appeared as Name: PreQualification Error Summary: Tax Calculations are Disabled - Check 'Enable Tax Calculations' in the TaxServices tab Details:
SalesForce_TaxCalc,TESTCASE17,Wed Apr 02 15:22:00 IST 2014,PASS,Tax Calculation for Test case: TestCase17 Ended.
SalesForce_TaxCalc,TESTCASE18,Wed Apr 02 15:22:00 IST 2014,PASS,Tax Calculation for Test case: TestCase18 Started.
SalesForce_TaxCalc,TESTCASE18,Wed Apr 02 15:22:06 IST 2014,PASS,After clicking on menu TaxNowSettings Respective page opened successfully
SalesForce_TaxCalc,TESTCASE18,Wed Apr 02 15:22:10 IST 2014,PASS,Tax now settings updated successfully
SalesForce_TaxCalc,TESTCASE18,Wed Apr 02 15:22:20 IST 2014,PASS,After clicking on menu Accounts Respective page opened successfully
SalesForce_TaxCalc,TESTCASE18,Wed Apr 02 15:22:28 IST 2014,PASS,Opportunities created successfully
SalesForce_TaxCalc,TESTCASE18,Wed Apr 02 15:22:29 IST 2014,PASS,After clicking on menu Opportunities Respective page opened successfully
SalesForce_TaxCalc,TESTCASE18,Wed Apr 02 15:22:39 IST 2014,PASS,Avalara Status 'Temporary' verified successfully on adding products for Test case TestCase18 On Menu item : - Opportunities
SalesForce_TaxCalc,TESTCASE18,Wed Apr 02 15:22:43 IST 2014,PASS,Error message appeared as Name: TaxAddressError Summary: An Address is incomplete or invalid. Details:
SalesForce_TaxCalc,TESTCASE18,Wed Apr 02 15:22:48 IST 2014,PASS,Error message appeared as Name: TaxAddressError Summary: An Address is incomplete or invalid. Details:
SalesForce_TaxCalc,TESTCASE18,Wed Apr 02 15:22:54 IST 2014,PASS,After clicking on menu newQuote Respective page opened successfully
SalesForce_TaxCalc,TESTCASE18,Wed Apr 02 15:23:03 IST 2014,FAIL,Avalara Status 'Temporary' NOT verified successfully on adding products for Test case TestCase18 On Menu item : - QuotesExpected : Temporary and Actual:Saved
SalesForce_TaxCalc,SalesForce_TaxCalc,Wed Apr 02 15:23:03 IST 2014,PASS,Script Ended.
