ScriptName,TCName,Date,Result,Description
AccountingSeed_AddressValidation,AccountingSeed_AddressValidation,Fri Jan 15 16:10:12 IST 2016,PASS,Logging into AccountingSeed application is successful.
AccountingSeed_AddressValidation,TESTCASE60,Fri Jan 15 16:10:12 IST 2016,PASS,Address Validation for Test case: TestCase60 Started.
AccountingSeed_AddressValidation,TESTCASE60,Fri Jan 15 16:10:55 IST 2016,PASS,After clicking on menu AvaTax Settings Respective page opened successfully
AccountingSeed_AddressValidation,TESTCASE60,Fri Jan 15 16:11:19 IST 2016,PASS,Tax now settings updated successfully
AccountingSeed_AddressValidation,TESTCASE60,Fri Jan 15 16:11:48 IST 2016,PASS,Avalara Address Validation Test Case' verified successfully for TestCase60AvaTax Settings Window 
AccountingSeed_AddressValidation,TESTCASE60,Fri Jan 15 16:12:04 IST 2016,PASS,Address validation saved successfullyAvaTax Settings
AccountingSeed_AddressValidation,TESTCASE60,Fri Jan 15 16:13:00 IST 2016,PASS,After clicking on menu Contacts Respective page opened successfully
AccountingSeed_AddressValidation,TESTCASE60,Fri Jan 15 16:14:00 IST 2016,FAIL,fAddressValidation: Exception: org.openqa.selenium.NoSuchElementException: Unable to locate element: {"method":"name","selector":"avaacctseed__validate_mailing_address"}
Command duration or timeout: 60.09 seconds
For documentation on this error, please visit: http://seleniumhq.org/exceptions/no_such_element.html
Build info: version: '2.40.0', revision: 'fbe29a9', time: '2014-02-19 20:55:11'
System info: host: 'AV-PN-KHAREA', ip: '10.30.75.24', os.name: 'Windows 7', os.arch: 'x86', os.version: '6.1', java.version: '1.6.0_45'
Session ID: 2264e2f6-c5e7-42fa-ba0d-3229454deba4
Driver info: org.openqa.selenium.firefox.FirefoxDriver
Capabilities [{platform=XP, acceptSslCerts=true, javascriptEnabled=true, browserName=firefox, rotatable=false, locationContextEnabled=true, version=12.0, cssSelectorsEnabled=true, databaseEnabled=true, handlesAlerts=true, browserConnectionEnabled=true, nativeEvents=false, webStorageEnabled=true, applicationCacheEnabled=true, takesScreenshot=true}]
AccountingSeed_AddressValidation,TESTCASE61,Fri Jan 15 16:14:00 IST 2016,PASS,Address Validation for Test case: TestCase61 Started.
AccountingSeed_AddressValidation,TESTCASE61,Fri Jan 15 16:14:41 IST 2016,PASS,After clicking on menu AvaTax Settings Respective page opened successfully
AccountingSeed_AddressValidation,TESTCASE61,Fri Jan 15 16:15:04 IST 2016,PASS,Tax now settings updated successfully
AccountingSeed_AddressValidation,TESTCASE61,Fri Jan 15 16:16:26 IST 2016,PASS,Address validation verified successfullyAvaTax Settings
AccountingSeed_AddressValidation,TESTCASE61,Fri Jan 15 16:17:32 IST 2016,PASS,Address validation saved successfullyAvaTax Settings
AccountingSeed_AddressValidation,TESTCASE61,Fri Jan 15 16:18:28 IST 2016,PASS,After clicking on menu Contacts Respective page opened successfully
AccountingSeed_AddressValidation,TESTCASE61,Fri Jan 15 16:19:28 IST 2016,FAIL,fAddressValidation: Exception: org.openqa.selenium.NoSuchElementException: Unable to locate element: {"method":"name","selector":"avaacctseed__validate_mailing_address"}
Command duration or timeout: 60.13 seconds
For documentation on this error, please visit: http://seleniumhq.org/exceptions/no_such_element.html
Build info: version: '2.40.0', revision: 'fbe29a9', time: '2014-02-19 20:55:11'
System info: host: 'AV-PN-KHAREA', ip: '10.30.75.24', os.name: 'Windows 7', os.arch: 'x86', os.version: '6.1', java.version: '1.6.0_45'
Session ID: 2264e2f6-c5e7-42fa-ba0d-3229454deba4
Driver info: org.openqa.selenium.firefox.FirefoxDriver
Capabilities [{platform=XP, acceptSslCerts=true, javascriptEnabled=true, browserName=firefox, rotatable=false, locationContextEnabled=true, version=12.0, cssSelectorsEnabled=true, databaseEnabled=true, handlesAlerts=true, browserConnectionEnabled=true, nativeEvents=false, webStorageEnabled=true, applicationCacheEnabled=true, takesScreenshot=true}]
AccountingSeed_AddressValidation,TESTCASE62,Fri Jan 15 16:19:28 IST 2016,PASS,Address Validation for Test case: TestCase62 Started.
AccountingSeed_AddressValidation,TESTCASE62,Fri Jan 15 16:20:36 IST 2016,PASS,After clicking on menu AvaTax Settings Respective page opened successfully
AccountingSeed_AddressValidation,TESTCASE62,Fri Jan 15 16:20:59 IST 2016,PASS,Tax now settings updated successfully
AccountingSeed_AddressValidation,TESTCASE62,Fri Jan 15 16:21:22 IST 2016,FAIL,Avalara Address Validation Test Case '  ' NOT verified successfully  for TestCase62AvaTax Settings Window Expected :  and Actual: 900 Winslow Way E, Bainbridge Island, WA 98110-2450, US
AccountingSeed_AddressValidation,AccountingSeed_AddressValidation,Fri Jan 15 16:21:22 IST 2016,PASS,Script Ended.
