ScriptName,TCName,Date,Result,Description
SalesForce_TaxCalc,SalesForce_TaxCalc,Wed Aug 10 11:33:48 IST 2016,PASS,Logging into SalesForce application is successful.
SalesForce_TaxCalc,TESTCASE1,Wed Aug 10 11:33:48 IST 2016,PASS,Tax Calculation for Test case: TestCase1 Started.
SalesForce_TaxCalc,TESTCASE1,Wed Aug 10 11:34:23 IST 2016,PASS,After clicking on menu TaxNowSettings Respective page opened successfully
SalesForce_TaxCalc,TESTCASE1,Wed Aug 10 11:34:46 IST 2016,PASS,Avalara Configuration settings updated successfully
SalesForce_TaxCalc,TESTCASE1,Wed Aug 10 11:35:36 IST 2016,PASS,After clicking on menu Accounts Respective page opened successfully
SalesForce_TaxCalc,TESTCASE1,Wed Aug 10 11:36:26 IST 2016,PASS,Order created successfully
SalesForce_TaxCalc,TESTCASE1,Wed Aug 10 11:36:39 IST 2016,PASS,After clicking on menu Orders Respective page opened successfully
SalesForce_TaxCalc,TESTCASE1,Wed Aug 10 11:37:40 IST 2016,FAIL,'Total Sales Tax' 87.00 NOT verified successfully for Test caseTestCase1 on Orders Window.Expected Tax :- 87.00 and Actual Tax:- 0.00
SalesForce_TaxCalc,TESTCASE2,Wed Aug 10 11:37:40 IST 2016,PASS,Tax Calculation for Test case: TestCase2 Started.
SalesForce_TaxCalc,TESTCASE2,Wed Aug 10 11:38:12 IST 2016,PASS,After clicking on menu TaxNowSettings Respective page opened successfully
SalesForce_TaxCalc,TESTCASE2,Wed Aug 10 11:38:35 IST 2016,PASS,Avalara Configuration settings updated successfully
SalesForce_TaxCalc,TESTCASE2,Wed Aug 10 11:39:21 IST 2016,PASS,After clicking on menu Accounts Respective page opened successfully
SalesForce_TaxCalc,TESTCASE2,Wed Aug 10 11:39:57 IST 2016,PASS,Order created successfully
SalesForce_TaxCalc,TESTCASE2,Wed Aug 10 11:40:07 IST 2016,PASS,After clicking on menu Orders Respective page opened successfully
SalesForce_TaxCalc,TESTCASE2,Wed Aug 10 11:41:01 IST 2016,FAIL,'Total Sales Tax' 87.00 NOT verified successfully for Test caseTestCase2 on Orders Window.Expected Tax :- 87.00 and Actual Tax:- 0.00
SalesForce_TaxCalc,TESTCASE3,Wed Aug 10 11:41:01 IST 2016,PASS,Tax Calculation for Test case: TestCase3 Started.
SalesForce_TaxCalc,TESTCASE3,Wed Aug 10 11:41:33 IST 2016,PASS,After clicking on menu TaxNowSettings Respective page opened successfully
SalesForce_TaxCalc,TESTCASE3,Wed Aug 10 11:41:56 IST 2016,PASS,Avalara Configuration settings updated successfully
SalesForce_TaxCalc,TESTCASE3,Wed Aug 10 11:42:41 IST 2016,PASS,After clicking on menu Accounts Respective page opened successfully
SalesForce_TaxCalc,TESTCASE3,Wed Aug 10 11:43:17 IST 2016,PASS,Order created successfully
SalesForce_TaxCalc,TESTCASE3,Wed Aug 10 11:43:27 IST 2016,PASS,After clicking on menu Orders Respective page opened successfully
SalesForce_TaxCalc,TESTCASE3,Wed Aug 10 11:44:20 IST 2016,FAIL,'Total Sales Tax' 87.00 NOT verified successfully for Test caseTestCase3 on Orders Window.Expected Tax :- 87.00 and Actual Tax:- 0.00
SalesForce_TaxCalc,TESTCASE4,Wed Aug 10 11:44:20 IST 2016,PASS,Tax Calculation for Test case: TestCase4 Started.
SalesForce_TaxCalc,TESTCASE4,Wed Aug 10 11:44:52 IST 2016,PASS,After clicking on menu TaxNowSettings Respective page opened successfully
SalesForce_TaxCalc,TESTCASE4,Wed Aug 10 11:45:15 IST 2016,PASS,Avalara Configuration settings updated successfully
SalesForce_TaxCalc,TESTCASE4,Wed Aug 10 11:46:01 IST 2016,PASS,After clicking on menu Accounts Respective page opened successfully
SalesForce_TaxCalc,TESTCASE4,Wed Aug 10 11:46:36 IST 2016,PASS,Order created successfully
SalesForce_TaxCalc,TESTCASE4,Wed Aug 10 11:46:46 IST 2016,PASS,After clicking on menu Orders Respective page opened successfully
SalesForce_TaxCalc,TESTCASE4,Wed Aug 10 11:47:41 IST 2016,FAIL,'Total Sales Tax' 87.00 NOT verified successfully for Test caseTestCase4 on Orders Window.Expected Tax :- 87.00 and Actual Tax:- 0.00
SalesForce_TaxCalc,TESTCASE5,Wed Aug 10 11:47:41 IST 2016,PASS,Tax Calculation for Test case: TestCase5 Started.
SalesForce_TaxCalc,TESTCASE5,Wed Aug 10 11:48:14 IST 2016,PASS,After clicking on menu TaxNowSettings Respective page opened successfully
SalesForce_TaxCalc,TESTCASE5,Wed Aug 10 11:48:37 IST 2016,PASS,Avalara Configuration settings updated successfully
SalesForce_TaxCalc,TESTCASE5,Wed Aug 10 11:49:23 IST 2016,PASS,After clicking on menu Accounts Respective page opened successfully
SalesForce_TaxCalc,TESTCASE5,Wed Aug 10 11:49:58 IST 2016,PASS,Order created successfully
SalesForce_TaxCalc,TESTCASE5,Wed Aug 10 11:50:08 IST 2016,PASS,After clicking on menu Orders Respective page opened successfully
SalesForce_TaxCalc,TESTCASE5,Wed Aug 10 11:51:59 IST 2016,FAIL,F:Error Message Test Cases verified not successfully
SalesForce_TaxCalc,TESTCASE6,Wed Aug 10 11:51:59 IST 2016,PASS,Tax Calculation for Test case: TestCase6 Started.
SalesForce_TaxCalc,TESTCASE6,Wed Aug 10 11:52:31 IST 2016,PASS,After clicking on menu TaxNowSettings Respective page opened successfully
SalesForce_TaxCalc,TESTCASE6,Wed Aug 10 11:52:55 IST 2016,PASS,Avalara Configuration settings updated successfully
SalesForce_TaxCalc,TESTCASE6,Wed Aug 10 11:53:41 IST 2016,PASS,After clicking on menu Accounts Respective page opened successfully
SalesForce_TaxCalc,TESTCASE6,Wed Aug 10 11:53:54 IST 2016,FAIL,fMenuSelection: Exception: org.openqa.selenium.WebDriverException: chrome not reachable
  (Session info: chrome=52.0.2743.116)
  (Driver info: chromedriver=2.20.353145 (343b531d31eeb933ec778dbcf7081628a1396067),platform=Windows NT 6.1 SP1 x86_64) (WARNING: The server did not provide any stacktrace information)
Command duration or timeout: 2.21 seconds
Build info: version: '2.48.2', revision: '41bccdd', time: '2015-10-09 19:59:12'
System info: host: 'AV-PN-KHAREA', ip: '10.240.20.140', os.name: 'Windows 7', os.arch: 'amd64', os.version: '6.1', java.version: '1.8.0_74'
Driver info: org.openqa.selenium.chrome.ChromeDriver
Capabilities [{applicationCacheEnabled=false, rotatable=false, mobileEmulationEnabled=false, chrome={userDataDir=C:\Users\AJAY~1.KHA\AppData\Local\Temp\scoped_dir22288_29126}, takesHeapSnapshot=true, databaseEnabled=false, handlesAlerts=true, hasTouchScreen=false, version=52.0.2743.116, platform=XP, browserConnectionEnabled=false, nativeEvents=true, acceptSslCerts=true, locationContextEnabled=true, webStorageEnabled=true, browserName=chrome, takesScreenshot=true, javascriptEnabled=true, cssSelectorsEnabled=true}]
Session ID: 6549b6fadbc9f30a2c3051bc06dcd779
*** Element info: {Using=link text, value=Orders}
SalesForce_TaxCalc,TESTCASE7,Wed Aug 10 11:53:54 IST 2016,PASS,Tax Calculation for Test case: TestCase7 Started.
