ScriptName,TCName,Date,Result,Description,,
AccountingSeed_TaxCalc,AccountingSeed_TaxCalc,Mon Apr 06 11:45:52 IST 2015,PASS,Logging into AccountingSeed application is successful.,,
AccountingSeed_TaxCalc,TESTCASE1,Mon Apr 06 11:45:52 IST 2015,PASS,Tax Calculation for Test case: TestCase1 Started.,,
AccountingSeed_TaxCalc,TESTCASE1,Mon Apr 06 11:46:34 IST 2015,PASS,#NAME?,,
AccountingSeed_TaxCalc,TESTCASE1,Mon Apr 06 11:46:52 IST 2015,PASS,#NAME?, please check Setup->Security->Remote site settings. endpoint = https://development.avalara.nett//tax/taxsvc.asmx/altsec - Test connection result,
AccountingSeed_TaxCalc,TESTCASE1,Mon Apr 06 11:47:11 IST 2015,PASS,#NAME?,,
,,,,,,
Credentials and Service Availability Verified,,,,,,
Current Account Expiration: 12/21/2020 4:00 PM - Test connection result,,,,,,
AccountingSeed_TaxCalc,TESTCASE1,Mon Apr 06 11:47:23 IST 2015,PASS,After clicking on menu AvaTax Settings Respective page opened successfully,,
AccountingSeed_TaxCalc,TESTCASE1,Mon Apr 06 11:47:48 IST 2015,PASS,Tax now settings updated successfully,,
AccountingSeed_TaxCalc,TESTCASE1,Mon Apr 06 11:48:38 IST 2015,PASS,After clicking on menu Accounts Respective page opened successfully,,
AccountingSeed_TaxCalc,TESTCASE1,Mon Apr 06 11:49:05 IST 2015,PASS,Opportunities created successfully,,
AccountingSeed_TaxCalc,TESTCASE1,Mon Apr 06 11:49:15 IST 2015,PASS,After clicking on menu Opportunities Respective page opened successfully,,
AccountingSeed_TaxCalc,TESTCASE1,Mon Apr 06 11:50:44 IST 2015,PASS,'Total Sales Tax' 60.00 verified successfully for Test case TestCase1 on Opportunities Window.,,
AccountingSeed_TaxCalc,TESTCASE1,Mon Apr 06 11:51:49 IST 2015,PASS,After clicking on menu Create Billing Respective page opened successfully,,
AccountingSeed_TaxCalc,TESTCASE1,Mon Apr 06 11:52:11 IST 2015,PASS,'Total Sales Tax' 60.00 verified successfully for Test case TestCase1 on Billing Window.,,
AccountingSeed_TaxCalc,TESTCASE1,Mon Apr 06 11:52:45 IST 2015,PASS,'Total Sales Tax' 60.00 verified successfully for Test case TestCase1 on Commit Billing Window.,,
AccountingSeed_TaxCalc,TESTCASE1,Mon Apr 06 11:52:55 IST 2015,PASS,Tax Calculation for Test case: TestCase1 Ended.,,
AccountingSeed_TaxCalc,TESTCASE2,Mon Apr 06 11:03:00 IST 2015,PASS,Tax Calculation for Test case: TestCase2 Started.,,
AccountingSeed_TaxCalc,TESTCASE2,Mon Apr 06 11:03:31 IST 2015,PASS,After clicking on menu AvaTax Settings Respective page opened successfully,,
AccountingSeed_TaxCalc,TESTCASE2,Mon Apr 06 11:03:56 IST 2015,PASS,Tax now settings updated successfully,,
AccountingSeed_TaxCalc,TESTCASE2,Mon Apr 06 11:04:45 IST 2015,PASS,After clicking on menu Accounts Respective page opened successfully,,
AccountingSeed_TaxCalc,TESTCASE2,Mon Apr 06 11:05:11 IST 2015,PASS,Opportunities created successfully,,
AccountingSeed_TaxCalc,TESTCASE2,Mon Apr 06 11:05:21 IST 2015,PASS,After clicking on menu Opportunities Respective page opened successfully,,
AccountingSeed_TaxCalc,TESTCASE2,Mon Apr 06 11:07:06 IST 2015,PASS,Error message appeared as CompanyNotFoundError Company not found. Verify the CompanyCode. SalesforceCO1,,
AccountingSeed_TaxCalc,TESTCASE2,Mon Apr 06 11:08:10 IST 2015,PASS,After clicking on menu Create Billing Respective page opened successfully,,
AccountingSeed_TaxCalc,TESTCASE2,Mon Apr 06 11:08:59 IST 2015,PASS,Error message appeared as To Enable, edit the Currently AvaTax Settings Record (Ujwala) and Check 'Enable Tax Calculation',
AccountingSeed_TaxCalc,TESTCASE2,Mon Apr 06 11:09:49 IST 2015,PASS,Error message appeared as To Enable, edit the Currently AvaTax Settings Record (Ujwala) and Check 'Enable Tax Calculation',
AccountingSeed_TaxCalc,TESTCASE2,Mon Apr 06 11:09:59 IST 2015,PASS,Tax Calculation for Test case: TestCase2 Ended.,,
AccountingSeed_ErrorMessageDisplayed,AccountingSeed_ErrorMessageDisplayed,Mon Apr 06 13:32:35 IST 2015,PASS,Logging into AccountingSeed application is successful.,,
AccountingSeed_ErrorMessageDisplayed,TESTCASE80,Mon Apr 06 13:32:35 IST 2015,PASS,Tax Calculation for Test case: TestCase80 Started.,,
AccountingSeed_ErrorMessageDisplayed,TESTCASE80,Mon Apr 06 13:33:07 IST 2015,PASS,After clicking on menu AvaTax Settings Respective page opened successfully,,
AccountingSeed_ErrorMessageDisplayed,TESTCASE80,Mon Apr 06 13:33:32 IST 2015,PASS,Tax now settings updated successfully,,
AccountingSeed_ErrorMessageDisplayed,TESTCASE80,Mon Apr 06 13:34:21 IST 2015,PASS,After clicking on menu Accounts Respective page opened successfully,,
AccountingSeed_ErrorMessageDisplayed,TESTCASE80,Mon Apr 06 13:34:49 IST 2015,PASS,Opportunities created successfully,,
AccountingSeed_ErrorMessageDisplayed,TESTCASE80,Mon Apr 06 13:34:59 IST 2015,PASS,After clicking on menu Opportunities Respective page opened successfully,,
AccountingSeed_ErrorMessageDisplayed,TESTCASE80,Mon Apr 06 13:36:49 IST 2015,PASS,Error message appeared as JurisdictionNotFoundError Unable to determine the taxing jurisdictions. 900432 Winslow Way, Bainbridge Island, WA 453543 US (Destination)
AccountingSeed_ErrorMessageDisplayed,TESTCASE80,Mon Apr 06 13:37:54 IST 2015,PASS,After clicking on menu Create Billing Respective page opened successfully,,
AccountingSeed_ErrorMessageDisplayed,TESTCASE80,Mon Apr 06 13:38:35 IST 2015,PASS,Error message appeared as JurisdictionNotFoundError Unable to determine the taxing jurisdictions. 900432 Winslow Way, Bainbridge Island, WA 453543 US (Destination)
AccountingSeed_ErrorMessageDisplayed,TESTCASE80,Mon Apr 06 13:39:28 IST 2015,PASS,Error message appeared as JurisdictionNotFoundError Unable to determine the taxing jurisdictions. 900432 Winslow Way, Bainbridge Island, WA 453543 US (Destination)
AccountingSeed_ErrorMessageDisplayed,TESTCASE80,Mon Apr 06 13:39:38 IST 2015,PASS,Tax Calculation for Test case: TestCase80 Ended.,,
AccountingSeed_ErrorMessageDisplayed,TESTCASE81,Mon Apr 06 13:39:38 IST 2015,PASS,Tax Calculation for Test case: TestCase81 Started.,,
AccountingSeed_ErrorMessageDisplayed,TESTCASE81,Mon Apr 06 13:40:09 IST 2015,PASS,After clicking on menu AvaTax Settings Respective page opened successfully,,
AccountingSeed_ErrorMessageDisplayed,TESTCASE81,Mon Apr 06 13:40:34 IST 2015,PASS,Tax now settings updated successfully,,
AccountingSeed_ErrorMessageDisplayed,TESTCASE81,Mon Apr 06 13:41:24 IST 2015,PASS,After clicking on menu Accounts Respective page opened successfully,,
AccountingSeed_ErrorMessageDisplayed,TESTCASE81,Mon Apr 06 13:41:51 IST 2015,PASS,Opportunities created successfully,,
AccountingSeed_ErrorMessageDisplayed,TESTCASE81,Mon Apr 06 13:42:01 IST 2015,PASS,After clicking on menu Opportunities Respective page opened successfully,,
AccountingSeed_ErrorMessageDisplayed,TESTCASE81,Mon Apr 06 13:43:47 IST 2015,PASS,Error message appeared as TaxAddressError An Address is incomplete or invalid.,,
AccountingSeed_ErrorMessageDisplayed,TESTCASE81,Mon Apr 06 13:44:48 IST 2015,PASS,After clicking on menu Create Billing Respective page opened successfully,,
AccountingSeed_ErrorMessageDisplayed,TESTCASE81,Mon Apr 06 13:45:29 IST 2015,PASS,Error message appeared as TaxAddressError An Address is incomplete or invalid.,,
AccountingSeed_ErrorMessageDisplayed,TESTCASE81,Mon Apr 06 13:46:20 IST 2015,PASS,Error message appeared as TaxAddressError An Address is incomplete or invalid.,,
AccountingSeed_ErrorMessageDisplayed,TESTCASE81,Mon Apr 06 13:46:30 IST 2015,PASS,Tax Calculation for Test case: TestCase81 Ended.,,
AccountingSeed_ErrorMessageDisplayed,AccountingSeed_ErrorMessageDisplayed,Mon Apr 06 13:46:30 IST 2015,PASS,Script Ended.,,
AccountingSeed_EntityUseCode,AccountingSeed_EntityUseCode,Mon Apr 06 14:33:40 IST 2015,FAIL,Logging into AccountingSeed application is Failed.
AccountingSeed_EntityUseCode,TESTCASE110,Mon Apr 06 14:33:40 IST 2015,PASS,Tax Calculation for Test case: TestCase110 Started.
AccountingSeed_EntityUseCode,TESTCASE110,Mon Apr 06 14:33:50 IST 2015,FAIL,fMenuSelection: Exception: org.openqa.selenium.NoSuchElementException: Unable to locate element: {"method":"link text","selector":"AvaTax Settings"}
Command duration or timeout: 27 milliseconds
For documentation on this error, please visit: http://seleniumhq.org/exceptions/no_such_element.html
Build info: version: '2.40.0', revision: 'fbe29a9', time: '2014-02-19 20:55:11'
System info: host: 'Av-Pn-KhareA', ip: '10.240.20.80', os.name: 'Windows 7', os.arch: 'x86', os.version: '6.1', java.version: '1.6.0_45'
Session ID: bd2fb6bf-05bf-4c19-89fb-af12c8fd882f
Driver info: org.openqa.selenium.firefox.FirefoxDriver
Capabilities [{platform=XP, acceptSslCerts=true, javascriptEnabled=true, browserName=firefox, rotatable=false, locationContextEnabled=true, version=12.0, cssSelectorsEnabled=true, databaseEnabled=true, handlesAlerts=true, browserConnectionEnabled=true, nativeEvents=false, webStorageEnabled=true, applicationCacheEnabled=true, takesScreenshot=true}]
AccountingSeed_EntityUseCode,AccountingSeed_EntityUseCode,Mon Apr 06 14:33:50 IST 2015,PASS,Script Ended.
AccountingSeed_EntityUseCode,AccountingSeed_EntityUseCode,Mon Apr 06 14:36:28 IST 2015,PASS,Logging into AccountingSeed application is successful.
AccountingSeed_EntityUseCode,TESTCASE110,Mon Apr 06 14:36:28 IST 2015,PASS,Tax Calculation for Test case: TestCase110 Started.
AccountingSeed_EntityUseCode,TESTCASE110,Mon Apr 06 14:37:01 IST 2015,PASS,After clicking on menu AvaTax Settings Respective page opened successfully
AccountingSeed_EntityUseCode,TESTCASE110,Mon Apr 06 14:37:26 IST 2015,PASS,Tax now settings updated successfully
AccountingSeed_EntityUseCode,TESTCASE110,Mon Apr 06 14:38:18 IST 2015,PASS,After clicking on menu Accounts Respective page opened successfully
AccountingSeed_EntityUseCode,TESTCASE110,Mon Apr 06 14:38:47 IST 2015,PASS,Opportunities created successfully
AccountingSeed_EntityUseCode,TESTCASE110,Mon Apr 06 14:38:57 IST 2015,PASS,After clicking on menu Opportunities Respective page opened successfully
AccountingSeed_EntityUseCode,TESTCASE110,Mon Apr 06 14:40:43 IST 2015,FAIL,'Total Sales Tax' 0.00 NOT verified successfully for Test caseTestCase110 on Opportunities Window.Expected Tax :- 0.00 and Actual Tax:- 60.00
AccountingSeed_EntityUseCode,AccountingSeed_EntityUseCode,Mon Apr 06 14:40:43 IST 2015,PASS,Script Ended.
AccountingSeed_TaxCode,AccountingSeed_TaxCode,Mon Apr 06 15:00:02 IST 2015,FAIL,Logging into AccountingSeed application is Failed.
AccountingSeed_TaxCode,TESTCASE41,Mon Apr 06 15:00:02 IST 2015,PASS,Tax Calculation for Test case: TestCase41 Started.
AccountingSeed_TaxCode,TESTCASE41,Mon Apr 06 15:00:40 IST 2015,PASS,After clicking on menu AvaTax Settings Respective page opened successfully
AccountingSeed_TaxCode,TESTCASE41,Mon Apr 06 15:01:04 IST 2015,PASS,Tax now settings updated successfully
AccountingSeed_TaxCode,TESTCASE41,Mon Apr 06 15:01:53 IST 2015,PASS,After clicking on menu Accounts Respective page opened successfully
AccountingSeed_TaxCode,TESTCASE41,Mon Apr 06 15:02:22 IST 2015,PASS,Opportunities created successfully
AccountingSeed_TaxCode,TESTCASE41,Mon Apr 06 15:02:32 IST 2015,PASS,After clicking on menu Opportunities Respective page opened successfully
AccountingSeed_TaxCode,TESTCASE41,Mon Apr 06 15:02:32 IST 2015,FAIL,fCalculateSalesTax: Exception: java.lang.NullPointerException
AccountingSeed_TaxCode,TESTCASE42,Mon Apr 06 15:02:32 IST 2015,PASS,Tax Calculation for Test case: TestCase42 Started.
AccountingSeed_TaxCode,TESTCASE42,Mon Apr 06 15:03:04 IST 2015,PASS,After clicking on menu AvaTax Settings Respective page opened successfully
AccountingSeed_TaxCode,TESTCASE42,Mon Apr 06 15:03:28 IST 2015,PASS,Tax now settings updated successfully
AccountingSeed_TaxCode,TESTCASE42,Mon Apr 06 15:04:19 IST 2015,PASS,After clicking on menu Accounts Respective page opened successfully
AccountingSeed_TaxCode,TESTCASE42,Mon Apr 06 15:04:47 IST 2015,PASS,Opportunities created successfully
AccountingSeed_TaxCode,TESTCASE42,Mon Apr 06 15:04:57 IST 2015,PASS,After clicking on menu Opportunities Respective page opened successfully
AccountingSeed_TaxCode,TESTCASE42,Mon Apr 06 15:07:34 IST 2015,FAIL,'Total Sales Tax' 129.00 NOT verified successfully for Test caseTestCase42 on Opportunities Window.Expected Tax :- 129.00 and Actual Tax:- 1042.00
AccountingSeed_TaxCode,AccountingSeed_TaxCode,Mon Apr 06 15:07:34 IST 2015,PASS,Script Ended.
AccountingSeed_TaxCode,AccountingSeed_TaxCode,Mon Apr 06 15:20:39 IST 2015,PASS,Logging into AccountingSeed application is successful.
AccountingSeed_TaxCode,TESTCASE40,Mon Apr 06 15:20:39 IST 2015,PASS,Tax Calculation for Test case: TestCase40 Started.
AccountingSeed_TaxCode,TESTCASE40,Mon Apr 06 15:21:02 IST 2015,FAIL,fMenuSelection: Exception: java.sql.SQLException: [Microsoft][ODBC Driver Manager] Invalid cursor state
AccountingSeed_TaxCode,TESTCASE41,Mon Apr 06 15:21:02 IST 2015,PASS,Tax Calculation for Test case: TestCase41 Started.
AccountingSeed_TaxCode,TESTCASE41,Mon Apr 06 15:21:23 IST 2015,FAIL,fMenuSelection: Exception: java.sql.SQLException: [Microsoft][ODBC Driver Manager] Invalid cursor state
AccountingSeed_TaxCode,TESTCASE42,Mon Apr 06 15:21:23 IST 2015,PASS,Tax Calculation for Test case: TestCase42 Started.
AccountingSeed_TaxCode,TESTCASE42,Mon Apr 06 15:21:44 IST 2015,FAIL,fMenuSelection: Exception: java.sql.SQLException: [Microsoft][ODBC Driver Manager] Invalid cursor state
AccountingSeed_TaxCode,AccountingSeed_TaxCode,Mon Apr 06 15:21:44 IST 2015,PASS,Script Ended.
AccountingSeed_TaxCode,AccountingSeed_TaxCode,Mon Apr 06 15:48:43 IST 2015,FAIL,Logging into AccountingSeed application is Failed.
AccountingSeed_TaxCode,TESTCASE40,Mon Apr 06 15:48:43 IST 2015,PASS,Tax Calculation for Test case: TestCase40 Started.
AccountingSeed_TaxCode,TESTCASE40,Mon Apr 06 15:49:15 IST 2015,PASS,After clicking on menu AvaTax Settings Respective page opened successfully
AccountingSeed_TaxCode,TESTCASE40,Mon Apr 06 15:49:39 IST 2015,PASS,Tax now settings updated successfully
AccountingSeed_TaxCode,TESTCASE40,Mon Apr 06 15:50:28 IST 2015,PASS,After clicking on menu Accounts Respective page opened successfully
AccountingSeed_TaxCode,TESTCASE40,Mon Apr 06 15:50:57 IST 2015,PASS,Opportunities created successfully
AccountingSeed_TaxCode,TESTCASE40,Mon Apr 06 15:51:07 IST 2015,PASS,After clicking on menu Opportunities Respective page opened successfully
AccountingSeed_TaxCode,TESTCASE40,Mon Apr 06 15:52:38 IST 2015,PASS,'Total Sales Tax' 42.00 verified successfully for Test case TestCase40 on Opportunities Window.
AccountingSeed_TaxCode,TESTCASE40,Mon Apr 06 15:53:42 IST 2015,PASS,After clicking on menu Create Billing Respective page opened successfully
AccountingSeed_TaxCode,TESTCASE40,Mon Apr 06 15:54:04 IST 2015,PASS,'Total Sales Tax' 42.00 verified successfully for Test case TestCase40 on Billing Window.
AccountingSeed_TaxCode,TESTCASE40,Mon Apr 06 15:54:38 IST 2015,PASS,'Total Sales Tax' 42.00 verified successfully for Test case TestCase40 on Commit Billing Window.
AccountingSeed_TaxCode,TESTCASE40,Mon Apr 06 15:54:48 IST 2015,PASS,Tax Calculation for Test case: TestCase40 Ended.
AccountingSeed_TaxCode,TESTCASE41,Mon Apr 06 15:54:48 IST 2015,PASS,Tax Calculation for Test case: TestCase41 Started.
AccountingSeed_TaxCode,TESTCASE41,Mon Apr 06 15:55:19 IST 2015,PASS,After clicking on menu AvaTax Settings Respective page opened successfully
AccountingSeed_TaxCode,TESTCASE41,Mon Apr 06 15:55:44 IST 2015,PASS,Tax now settings updated successfully
AccountingSeed_TaxCode,TESTCASE41,Mon Apr 06 15:56:35 IST 2015,PASS,After clicking on menu Accounts Respective page opened successfully
AccountingSeed_TaxCode,TESTCASE41,Mon Apr 06 15:57:02 IST 2015,PASS,Opportunities created successfully
AccountingSeed_TaxCode,TESTCASE41,Mon Apr 06 15:57:12 IST 2015,PASS,After clicking on menu Opportunities Respective page opened successfully
AccountingSeed_TaxCode,TESTCASE41,Mon Apr 06 15:57:12 IST 2015,FAIL,fCalculateSalesTax: Exception: java.lang.NullPointerException
AccountingSeed_TaxCode,TESTCASE42,Mon Apr 06 15:57:12 IST 2015,PASS,Tax Calculation for Test case: TestCase42 Started.
AccountingSeed_TaxCode,TESTCASE42,Mon Apr 06 15:57:44 IST 2015,PASS,After clicking on menu AvaTax Settings Respective page opened successfully
AccountingSeed_TaxCode,TESTCASE42,Mon Apr 06 15:58:09 IST 2015,PASS,Tax now settings updated successfully
AccountingSeed_TaxCode,TESTCASE42,Mon Apr 06 15:59:01 IST 2015,PASS,After clicking on menu Accounts Respective page opened successfully
AccountingSeed_TaxCode,TESTCASE42,Mon Apr 06 15:59:29 IST 2015,PASS,Opportunities created successfully
AccountingSeed_TaxCode,TESTCASE42,Mon Apr 06 15:59:39 IST 2015,PASS,After clicking on menu Opportunities Respective page opened successfully
AccountingSeed_TaxCode,TESTCASE42,Mon Apr 06 16:02:13 IST 2015,FAIL,'Total Sales Tax' 129.00 NOT verified successfully for Test caseTestCase42 on Opportunities Window.Expected Tax :- 129.00 and Actual Tax:- 1129.00
AccountingSeed_TaxCode,AccountingSeed_TaxCode,Mon Apr 06 16:02:13 IST 2015,PASS,Script Ended.
AccountingSeed_TaxCode,AccountingSeed_TaxCode,Mon Apr 06 16:33:25 IST 2015,FAIL,Logging into AccountingSeed application is Failed.
AccountingSeed_TaxCode,TESTCASE41,Mon Apr 06 16:33:25 IST 2015,PASS,Tax Calculation for Test case: TestCase41 Started.
AccountingSeed_TaxCode,TESTCASE41,Mon Apr 06 16:33:58 IST 2015,PASS,After clicking on menu AvaTax Settings Respective page opened successfully
AccountingSeed_TaxCode,TESTCASE41,Mon Apr 06 16:34:22 IST 2015,PASS,Tax now settings updated successfully
AccountingSeed_TaxCode,TESTCASE41,Mon Apr 06 16:35:12 IST 2015,PASS,After clicking on menu Accounts Respective page opened successfully
AccountingSeed_TaxCode,TESTCASE41,Mon Apr 06 16:35:40 IST 2015,PASS,Opportunities created successfully
AccountingSeed_TaxCode,TESTCASE41,Mon Apr 06 16:35:50 IST 2015,PASS,After clicking on menu Opportunities Respective page opened successfully
AccountingSeed_TaxCode,TESTCASE41,Mon Apr 06 16:35:50 IST 2015,FAIL,fCalculateSalesTax: Exception: java.lang.NullPointerException
AccountingSeed_TaxCode,AccountingSeed_TaxCode,Mon Apr 06 16:35:50 IST 2015,PASS,Script Ended.
AccountingSeed_TaxCode,AccountingSeed_TaxCode,Mon Apr 06 16:43:38 IST 2015,FAIL,Logging into AccountingSeed application is Failed.
AccountingSeed_TaxCode,TESTCASE41,Mon Apr 06 16:43:38 IST 2015,PASS,Tax Calculation for Test case: TestCase41 Started.
AccountingSeed_TaxCode,TESTCASE41,Mon Apr 06 16:44:10 IST 2015,PASS,After clicking on menu AvaTax Settings Respective page opened successfully
AccountingSeed_TaxCode,TESTCASE41,Mon Apr 06 16:44:34 IST 2015,PASS,Tax now settings updated successfully
AccountingSeed_TaxCode,TESTCASE41,Mon Apr 06 16:45:23 IST 2015,PASS,After clicking on menu Accounts Respective page opened successfully
AccountingSeed_TaxCode,TESTCASE41,Mon Apr 06 16:45:51 IST 2015,PASS,Opportunities created successfully
AccountingSeed_TaxCode,TESTCASE41,Mon Apr 06 16:46:01 IST 2015,PASS,After clicking on menu Opportunities Respective page opened successfully
AccountingSeed_TaxCode,TESTCASE41,Mon Apr 06 16:46:01 IST 2015,FAIL,fCalculateSalesTax: Exception: java.lang.NullPointerException
AccountingSeed_TaxCode,AccountingSeed_TaxCode,Mon Apr 06 16:46:01 IST 2015,PASS,Script Ended.
