ScriptName,TCName,Date,Result,Description,,,,,,,,,,
AccountingSeed_TaxCalc,AccountingSeed_TaxCalc,Mon Apr 06 11:45:52 IST 2015,PASS,Logging into AccountingSeed application is successful.,,,,,,,,,,
AccountingSeed_TaxCalc,TESTCASE1,Mon Apr 06 11:45:52 IST 2015,PASS,Tax Calculation for Test case: TestCase1 Started.,,,,,,,,,,
AccountingSeed_TaxCalc,TESTCASE1,Mon Apr 06 11:46:34 IST 2015,PASS,#NAME?,,,,,,,,,,
AccountingSeed_TaxCalc,TESTCASE1,Mon Apr 06 11:46:52 IST 2015,PASS,#NAME?, please check Setup->Security->Remote site settings. endpoint = https://development.avalara.nett//tax/taxsvc.asmx/altsec - Test connection result,,,,,,,,,
AccountingSeed_TaxCalc,TESTCASE1,Mon Apr 06 11:47:11 IST 2015,PASS,#NAME?,,,,,,,,,,
,,,,,,,,,,,,,,
Credentials and Service Availability Verified,,,,,,,,,,,,,,
Current Account Expiration: 12/21/2020 4:00 PM - Test connection result,,,,,,,,,,,,,,
AccountingSeed_TaxCalc,TESTCASE1,Mon Apr 06 11:47:23 IST 2015,PASS,After clicking on menu AvaTax Settings Respective page opened successfully,,,,,,,,,,
AccountingSeed_TaxCalc,TESTCASE1,Mon Apr 06 11:47:48 IST 2015,PASS,Tax now settings updated successfully,,,,,,,,,,
AccountingSeed_TaxCalc,TESTCASE1,Mon Apr 06 11:48:38 IST 2015,PASS,After clicking on menu Accounts Respective page opened successfully,,,,,,,,,,
AccountingSeed_TaxCalc,TESTCASE1,Mon Apr 06 11:49:05 IST 2015,PASS,Opportunities created successfully,,,,,,,,,,
AccountingSeed_TaxCalc,TESTCASE1,Mon Apr 06 11:49:15 IST 2015,PASS,After clicking on menu Opportunities Respective page opened successfully,,,,,,,,,,
AccountingSeed_TaxCalc,TESTCASE1,Mon Apr 06 11:50:44 IST 2015,PASS,'Total Sales Tax' 60.00 verified successfully for Test case TestCase1 on Opportunities Window.,,,,,,,,,,
AccountingSeed_TaxCalc,TESTCASE1,Mon Apr 06 11:51:49 IST 2015,PASS,After clicking on menu Create Billing Respective page opened successfully,,,,,,,,,,
AccountingSeed_TaxCalc,TESTCASE1,Mon Apr 06 11:52:11 IST 2015,PASS,'Total Sales Tax' 60.00 verified successfully for Test case TestCase1 on Billing Window.,,,,,,,,,,
AccountingSeed_TaxCalc,TESTCASE1,Mon Apr 06 11:52:45 IST 2015,PASS,'Total Sales Tax' 60.00 verified successfully for Test case TestCase1 on Commit Billing Window.,,,,,,,,,,
AccountingSeed_TaxCalc,TESTCASE1,Mon Apr 06 11:52:55 IST 2015,PASS,Tax Calculation for Test case: TestCase1 Ended.,,,,,,,,,,
AccountingSeed_TaxCalc,TESTCASE2,Mon Apr 06 11:03:00 IST 2015,PASS,Tax Calculation for Test case: TestCase2 Started.,,,,,,,,,,
AccountingSeed_TaxCalc,TESTCASE2,Mon Apr 06 11:03:31 IST 2015,PASS,After clicking on menu AvaTax Settings Respective page opened successfully,,,,,,,,,,
AccountingSeed_TaxCalc,TESTCASE2,Mon Apr 06 11:03:56 IST 2015,PASS,Tax now settings updated successfully,,,,,,,,,,
AccountingSeed_TaxCalc,TESTCASE2,Mon Apr 06 11:04:45 IST 2015,PASS,After clicking on menu Accounts Respective page opened successfully,,,,,,,,,,
AccountingSeed_TaxCalc,TESTCASE2,Mon Apr 06 11:05:11 IST 2015,PASS,Opportunities created successfully,,,,,,,,,,
AccountingSeed_TaxCalc,TESTCASE2,Mon Apr 06 11:05:21 IST 2015,PASS,After clicking on menu Opportunities Respective page opened successfully,,,,,,,,,,
AccountingSeed_TaxCalc,TESTCASE2,Mon Apr 06 11:07:06 IST 2015,PASS,Error message appeared as CompanyNotFoundError Company not found. Verify the CompanyCode. SalesforceCO1,,,,,,,,,,
AccountingSeed_TaxCalc,TESTCASE2,Mon Apr 06 11:08:10 IST 2015,PASS,After clicking on menu Create Billing Respective page opened successfully,,,,,,,,,,
AccountingSeed_TaxCalc,TESTCASE2,Mon Apr 06 11:08:59 IST 2015,PASS,Error message appeared as To Enable, edit the Currently AvaTax Settings Record (Ujwala) and Check 'Enable Tax Calculation',,,,,,,,,
AccountingSeed_TaxCalc,TESTCASE2,Mon Apr 06 11:09:49 IST 2015,PASS,Error message appeared as To Enable, edit the Currently AvaTax Settings Record (Ujwala) and Check 'Enable Tax Calculation',,,,,,,,,
AccountingSeed_TaxCalc,TESTCASE2,Mon Apr 06 11:09:59 IST 2015,PASS,Tax Calculation for Test case: TestCase2 Ended.,,,,,,,,,,
AccountingSeed_ErrorMessageDisplayed,AccountingSeed_ErrorMessageDisplayed,Mon Apr 06 13:32:35 IST 2015,PASS,Logging into AccountingSeed application is successful.,,,,,,,,,,
AccountingSeed_ErrorMessageDisplayed,TESTCASE80,Mon Apr 06 13:32:35 IST 2015,PASS,Tax Calculation for Test case: TestCase80 Started.,,,,,,,,,,
AccountingSeed_ErrorMessageDisplayed,TESTCASE80,Mon Apr 06 13:33:07 IST 2015,PASS,After clicking on menu AvaTax Settings Respective page opened successfully,,,,,,,,,,
AccountingSeed_ErrorMessageDisplayed,TESTCASE80,Mon Apr 06 13:33:32 IST 2015,PASS,Tax now settings updated successfully,,,,,,,,,,
AccountingSeed_ErrorMessageDisplayed,TESTCASE80,Mon Apr 06 13:34:21 IST 2015,PASS,After clicking on menu Accounts Respective page opened successfully,,,,,,,,,,
AccountingSeed_ErrorMessageDisplayed,TESTCASE80,Mon Apr 06 13:34:49 IST 2015,PASS,Opportunities created successfully,,,,,,,,,,
AccountingSeed_ErrorMessageDisplayed,TESTCASE80,Mon Apr 06 13:34:59 IST 2015,PASS,After clicking on menu Opportunities Respective page opened successfully,,,,,,,,,,
AccountingSeed_ErrorMessageDisplayed,TESTCASE80,Mon Apr 06 13:36:49 IST 2015,PASS,Error message appeared as JurisdictionNotFoundError Unable to determine the taxing jurisdictions. 900432 Winslow Way, Bainbridge Island, WA 453543 US (Destination),,,,,,,,
AccountingSeed_ErrorMessageDisplayed,TESTCASE80,Mon Apr 06 13:37:54 IST 2015,PASS,After clicking on menu Create Billing Respective page opened successfully,,,,,,,,,,
AccountingSeed_ErrorMessageDisplayed,TESTCASE80,Mon Apr 06 13:38:35 IST 2015,PASS,Error message appeared as JurisdictionNotFoundError Unable to determine the taxing jurisdictions. 900432 Winslow Way, Bainbridge Island, WA 453543 US (Destination),,,,,,,,
AccountingSeed_ErrorMessageDisplayed,TESTCASE80,Mon Apr 06 13:39:28 IST 2015,PASS,Error message appeared as JurisdictionNotFoundError Unable to determine the taxing jurisdictions. 900432 Winslow Way, Bainbridge Island, WA 453543 US (Destination),,,,,,,,
AccountingSeed_ErrorMessageDisplayed,TESTCASE80,Mon Apr 06 13:39:38 IST 2015,PASS,Tax Calculation for Test case: TestCase80 Ended.,,,,,,,,,,
AccountingSeed_ErrorMessageDisplayed,TESTCASE81,Mon Apr 06 13:39:38 IST 2015,PASS,Tax Calculation for Test case: TestCase81 Started.,,,,,,,,,,
AccountingSeed_ErrorMessageDisplayed,TESTCASE81,Mon Apr 06 13:40:09 IST 2015,PASS,After clicking on menu AvaTax Settings Respective page opened successfully,,,,,,,,,,
AccountingSeed_ErrorMessageDisplayed,TESTCASE81,Mon Apr 06 13:40:34 IST 2015,PASS,Tax now settings updated successfully,,,,,,,,,,
AccountingSeed_ErrorMessageDisplayed,TESTCASE81,Mon Apr 06 13:41:24 IST 2015,PASS,After clicking on menu Accounts Respective page opened successfully,,,,,,,,,,
AccountingSeed_ErrorMessageDisplayed,TESTCASE81,Mon Apr 06 13:41:51 IST 2015,PASS,Opportunities created successfully,,,,,,,,,,
AccountingSeed_ErrorMessageDisplayed,TESTCASE81,Mon Apr 06 13:42:01 IST 2015,PASS,After clicking on menu Opportunities Respective page opened successfully,,,,,,,,,,
AccountingSeed_ErrorMessageDisplayed,TESTCASE81,Mon Apr 06 13:43:47 IST 2015,PASS,Error message appeared as TaxAddressError An Address is incomplete or invalid.,,,,,,,,,,
AccountingSeed_ErrorMessageDisplayed,TESTCASE81,Mon Apr 06 13:44:48 IST 2015,PASS,After clicking on menu Create Billing Respective page opened successfully,,,,,,,,,,
AccountingSeed_ErrorMessageDisplayed,TESTCASE81,Mon Apr 06 13:45:29 IST 2015,PASS,Error message appeared as TaxAddressError An Address is incomplete or invalid.,,,,,,,,,,
AccountingSeed_ErrorMessageDisplayed,TESTCASE81,Mon Apr 06 13:46:20 IST 2015,PASS,Error message appeared as TaxAddressError An Address is incomplete or invalid.,,,,,,,,,,
AccountingSeed_ErrorMessageDisplayed,TESTCASE81,Mon Apr 06 13:46:30 IST 2015,PASS,Tax Calculation for Test case: TestCase81 Ended.,,,,,,,,,,
AccountingSeed_ErrorMessageDisplayed,AccountingSeed_ErrorMessageDisplayed,Mon Apr 06 13:46:30 IST 2015,PASS,Script Ended.,,,,,,,,,,
AccountingSeed_TaxCode,AccountingSeed_TaxCode,Mon Apr 06 15:48:43 IST 2015,FAIL,Logging into AccountingSeed application is Failed.,,,,,,,,,,
AccountingSeed_TaxCode,TESTCASE40,Mon Apr 06 15:48:43 IST 2015,PASS,Tax Calculation for Test case: TestCase40 Started.,,,,,,,,,,
AccountingSeed_TaxCode,TESTCASE40,Mon Apr 06 15:49:15 IST 2015,PASS,After clicking on menu AvaTax Settings Respective page opened successfully,,,,,,,,,,
AccountingSeed_TaxCode,TESTCASE40,Mon Apr 06 15:49:39 IST 2015,PASS,Tax now settings updated successfully,,,,,,,,,,
AccountingSeed_TaxCode,TESTCASE40,Mon Apr 06 15:50:28 IST 2015,PASS,After clicking on menu Accounts Respective page opened successfully,,,,,,,,,,
AccountingSeed_TaxCode,TESTCASE40,Mon Apr 06 15:50:57 IST 2015,PASS,Opportunities created successfully,,,,,,,,,,
AccountingSeed_TaxCode,TESTCASE40,Mon Apr 06 15:51:07 IST 2015,PASS,After clicking on menu Opportunities Respective page opened successfully,,,,,,,,,,
AccountingSeed_TaxCode,TESTCASE40,Mon Apr 06 15:52:38 IST 2015,PASS,'Total Sales Tax' 42.00 verified successfully for Test case TestCase40 on Opportunities Window.,,,,,,,,,,
AccountingSeed_TaxCode,TESTCASE40,Mon Apr 06 15:53:42 IST 2015,PASS,After clicking on menu Create Billing Respective page opened successfully,,,,,,,,,,
AccountingSeed_TaxCode,TESTCASE40,Mon Apr 06 15:54:04 IST 2015,PASS,'Total Sales Tax' 42.00 verified successfully for Test case TestCase40 on Billing Window.,,,,,,,,,,
AccountingSeed_TaxCode,TESTCASE40,Mon Apr 06 15:54:38 IST 2015,PASS,'Total Sales Tax' 42.00 verified successfully for Test case TestCase40 on Commit Billing Window.,,,,,,,,,,
AccountingSeed_TaxCode,TESTCASE40,Mon Apr 06 15:54:48 IST 2015,PASS,Tax Calculation for Test case: TestCase40 Ended.,,,,,,,,,,
AccountingSeed_TaxCode,TESTCASE41,Mon Apr 06 15:54:48 IST 2015,PASS,Tax Calculation for Test case: TestCase41 Started.,,,,,,,,,,
AccountingSeed_TaxCode,TESTCASE41,Mon Apr 06 15:55:19 IST 2015,PASS,After clicking on menu AvaTax Settings Respective page opened successfully,,,,,,,,,,
AccountingSeed_TaxCode,TESTCASE41,Mon Apr 06 15:55:44 IST 2015,PASS,Tax now settings updated successfully,,,,,,,,,,
AccountingSeed_TaxCode,TESTCASE41,Mon Apr 06 15:56:35 IST 2015,PASS,After clicking on menu Accounts Respective page opened successfully,,,,,,,,,,
AccountingSeed_TaxCode,TESTCASE41,Mon Apr 06 15:57:02 IST 2015,PASS,Opportunities created successfully,,,,,,,,,,
AccountingSeed_TaxCode,TESTCASE41,Mon Apr 06 15:57:12 IST 2015,PASS,After clicking on menu Opportunities Respective page opened successfully,,,,,,,,,,
AccountingSeed_TaxCode,TESTCASE41,Mon Apr 06 15:57:12 IST 2015,FAIL,fCalculateSalesTax: Exception: java.lang.NullPointerException,,,,,,,,,,
AccountingSeed_TaxCode,TESTCASE42,Mon Apr 06 15:57:12 IST 2015,PASS,Tax Calculation for Test case: TestCase42 Started.,,,,,,,,,,
AccountingSeed_TaxCode,TESTCASE42,Mon Apr 06 15:57:44 IST 2015,PASS,After clicking on menu AvaTax Settings Respective page opened successfully,,,,,,,,,,
AccountingSeed_TaxCode,TESTCASE42,Mon Apr 06 15:58:09 IST 2015,PASS,Tax now settings updated successfully,,,,,,,,,,
AccountingSeed_TaxCode,TESTCASE42,Mon Apr 06 15:59:01 IST 2015,PASS,After clicking on menu Accounts Respective page opened successfully,,,,,,,,,,
AccountingSeed_TaxCode,TESTCASE42,Mon Apr 06 15:59:29 IST 2015,PASS,Opportunities created successfully,,,,,,,,,,
AccountingSeed_TaxCode,TESTCASE42,Mon Apr 06 15:59:39 IST 2015,PASS,After clicking on menu Opportunities Respective page opened successfully,,,,,,,,,,
AccountingSeed_TaxCode,TESTCASE42,Mon Apr 06 16:02:13 IST 2015,FAIL,'Total Sales Tax' 129.00 NOT verified successfully for Test caseTestCase42 on Opportunities Window.Expected Tax :- 129.00 and Actual Tax:- 1129.00,,,,,,,,,,
AccountingSeed_TaxCode,AccountingSeed_TaxCode,Mon Apr 06 16:02:13 IST 2015,PASS,Script Ended.,,,,,,,,,,
AccountingSeed_EntityUseCode,AccountingSeed_EntityUseCode,Mon Apr 06 17:48:56 IST 2015,PASS,Logging into AccountingSeed application is successful.,,,,,,,,,,
AccountingSeed_EntityUseCode,TESTCASE110,Mon Apr 06 17:48:56 IST 2015,PASS,Tax Calculation for Test case: TestCase110 Started.,,,,,,,,,,
AccountingSeed_EntityUseCode,TESTCASE110,Mon Apr 06 17:49:29 IST 2015,PASS,After clicking on menu AvaTax Settings Respective page opened successfully,,,,,,,,,,
AccountingSeed_EntityUseCode,TESTCASE110,Mon Apr 06 17:49:54 IST 2015,PASS,Tax now settings updated successfully,,,,,,,,,,
AccountingSeed_EntityUseCode,TESTCASE110,Mon Apr 06 17:50:45 IST 2015,PASS,After clicking on menu Accounts Respective page opened successfully,,,,,,,,,,
AccountingSeed_EntityUseCode,TESTCASE110,Mon Apr 06 17:51:13 IST 2015,PASS,Opportunities created successfully,,,,,,,,,,
AccountingSeed_EntityUseCode,TESTCASE110,Mon Apr 06 17:51:23 IST 2015,PASS,After clicking on menu Opportunities Respective page opened successfully,,,,,,,,,,
AccountingSeed_EntityUseCode,TESTCASE110,Mon Apr 06 17:53:15 IST 2015,FAIL,fCalculateSalesTax: Exception: org.openqa.selenium.UnhandledAlertException: Modal dialog present: The URL is not valid and cannot be loaded.,,,,,,,,,,
Build info: version: '2.40.0', revision: 'fbe29a9', time: '2014-02-19 20:55:11',,,,,,,,,,,,
System info: host: 'Av-Pn-KhareA', ip: '10.240.20.80', os.name: 'Windows 7', os.arch: 'x86', os.version: '6.1', java.version: '1.6.0_45',,,,,,,,,
Session ID: 9fd5c23d-352d-4397-9283-0dc325fb5566,,,,,,,,,,,,,,
Driver info: org.openqa.selenium.firefox.FirefoxDriver,,,,,,,,,,,,,,
Capabilities [{platform=XP, acceptSslCerts=true, javascriptEnabled=true, browserName=firefox, rotatable=false, locationContextEnabled=true, version=12.0, cssSelectorsEnabled=true, databaseEnabled=true, handlesAlerts=true, browserConnectionEnabled=true, nativeEvents=false, webStorageEnabled=true, applicationCacheEnabled=true, takesScreenshot=true}]
AccountingSeed_EntityUseCode,AccountingSeed_EntityUseCode,Mon Apr 06 17:53:15 IST 2015,PASS,Script Ended.,,,,,,,,,,
AccountingSeed_EntityUseCode,AccountingSeed_EntityUseCode,Mon Apr 06 17:55:00 IST 2015,PASS,Logging into AccountingSeed application is successful.,,,,,,,,,,
AccountingSeed_EntityUseCode,TESTCASE110,Mon Apr 06 17:55:00 IST 2015,PASS,Tax Calculation for Test case: TestCase110 Started.,,,,,,,,,,
AccountingSeed_EntityUseCode,TESTCASE110,Mon Apr 06 17:55:33 IST 2015,PASS,After clicking on menu AvaTax Settings Respective page opened successfully,,,,,,,,,,
AccountingSeed_EntityUseCode,TESTCASE110,Mon Apr 06 17:55:57 IST 2015,PASS,Tax now settings updated successfully,,,,,,,,,,
AccountingSeed_EntityUseCode,TESTCASE110,Mon Apr 06 17:56:49 IST 2015,PASS,After clicking on menu Accounts Respective page opened successfully,,,,,,,,,,
AccountingSeed_EntityUseCode,TESTCASE110,Mon Apr 06 17:57:17 IST 2015,PASS,Opportunities created successfully,,,,,,,,,,
AccountingSeed_EntityUseCode,TESTCASE110,Mon Apr 06 17:57:27 IST 2015,PASS,After clicking on menu Opportunities Respective page opened successfully,,,,,,,,,,
AccountingSeed_EntityUseCode,TESTCASE110,Mon Apr 06 17:59:00 IST 2015,FAIL,fCalculateSalesTax: Exception: java.lang.ArrayIndexOutOfBoundsException: 1,,,,,,,,,,
AccountingSeed_EntityUseCode,AccountingSeed_EntityUseCode,Mon Apr 06 17:59:00 IST 2015,PASS,Script Ended.,,,,,,,,,,
AccountingSeed_EntityUseCode,AccountingSeed_EntityUseCode,Mon Apr 06 17:59:51 IST 2015,FAIL,Logging into AccountingSeed application is Failed.,,,,,,,,,,
AccountingSeed_EntityUseCode,TESTCASE110,Mon Apr 06 17:59:51 IST 2015,PASS,Tax Calculation for Test case: TestCase110 Started.,,,,,,,,,,
AccountingSeed_EntityUseCode,TESTCASE110,Mon Apr 06 18:00:23 IST 2015,PASS,After clicking on menu AvaTax Settings Respective page opened successfully,,,,,,,,,,
AccountingSeed_EntityUseCode,TESTCASE110,Mon Apr 06 18:00:47 IST 2015,PASS,Tax now settings updated successfully,,,,,,,,,,
AccountingSeed_EntityUseCode,TESTCASE110,Mon Apr 06 18:04:01 IST 2015,PASS,After clicking on menu Accounts Respective page opened successfully,,,,,,,,,,
AccountingSeed_EntityUseCode,TESTCASE110,Mon Apr 06 18:05:08 IST 2015,PASS,Opportunities created successfully,,,,,,,,,,
AccountingSeed_EntityUseCode,TESTCASE110,Mon Apr 06 18:05:18 IST 2015,PASS,After clicking on menu Opportunities Respective page opened successfully,,,,,,,,,,
AccountingSeed_EntityUseCode,TESTCASE110,Mon Apr 06 18:10:18 IST 2015,PASS,'Total Sales Tax' 0.00 verified successfully for Test case TestCase110 on Opportunities Window.,,,,,,,,,,
AccountingSeed_EntityUseCode,TESTCASE110,Mon Apr 06 18:12:09 IST 2015,PASS,After clicking on menu Create Billing Respective page opened successfully,,,,,,,,,,
AccountingSeed_EntityUseCode,TESTCASE110,Mon Apr 06 18:12:45 IST 2015,PASS,'Total Sales Tax' 0.00 verified successfully for Test case TestCase110 on Billing Window.,,,,,,,,,,
AccountingSeed_EntityUseCode,TESTCASE110,Mon Apr 06 18:13:26 IST 2015,PASS,'Total Sales Tax' 0.00 verified successfully for Test case TestCase110 on Commit Billing Window.,,,,,,,,,,
AccountingSeed_EntityUseCode,TESTCASE110,Mon Apr 06 18:13:43 IST 2015,PASS,Tax Calculation for Test case: TestCase110 Ended.,,,,,,,,,,
AccountingSeed_EntityUseCode,AccountingSeed_EntityUseCode,Mon Apr 06 18:13:46 IST 2015,PASS,Script Ended.,,,,,,,,,,
AccountingSeed_AddressValidation,AccountingSeed_AddressValidation,Tue Apr 07 10:48:59 IST 2015,FAIL,Logging into AccountingSeed application is Failed.,,,,,,,,,,
AccountingSeed_AddressValidation,TESTCASE60,Tue Apr 07 10:48:59 IST 2015,PASS,Address Validation for Test case: TestCase60 Started.,,,,,,,,,,
AccountingSeed_AddressValidation,TESTCASE60,Tue Apr 07 10:49:41 IST 2015,PASS,After clicking on menu AvaTax Settings Respective page opened successfully,,,,,,,,,,
AccountingSeed_AddressValidation,TESTCASE60,Tue Apr 07 10:50:07 IST 2015,PASS,Tax now settings updated successfully,,,,,,,,,,
AccountingSeed_AddressValidation,TESTCASE60,Tue Apr 07 10:51:32 IST 2015,PASS,Address validation verified successfullyAvaTax Settings,,,,,,,,,,
AccountingSeed_AddressValidation,TESTCASE60,Tue Apr 07 10:52:45 IST 2015,PASS,Address validation saved successfullyAvaTax Settings,,,,,,,,,,
AccountingSeed_AddressValidation,TESTCASE60,Tue Apr 07 10:53:44 IST 2015,PASS,After clicking on menu Contacts Respective page opened successfully,,,,,,,,,,
AccountingSeed_AddressValidation,TESTCASE60,Tue Apr 07 10:54:08 IST 2015,PASS,Avalara Address Validation Test Case' verified successfully for TestCase60Contacts Window ,,,,,,,,,,
AccountingSeed_AddressValidation,TESTCASE60,Tue Apr 07 10:54:24 IST 2015,PASS,Address validation saved successfullyContacts,,,,,,,,,,
AccountingSeed_AddressValidation,TESTCASE60,Tue Apr 07 10:55:25 IST 2015,PASS,After clicking on menu Accounts Respective page opened successfully,,,,,,,,,,
AccountingSeed_AddressValidation,TESTCASE60,Tue Apr 07 10:55:50 IST 2015,PASS,Avalara Address Validation Test Case' verified successfully for TestCase60Accounts Window ,,,,,,,,,,
AccountingSeed_AddressValidation,TESTCASE60,Tue Apr 07 10:56:06 IST 2015,PASS,Address validation saved successfullyAccounts,,,,,,,,,,
AccountingSeed_AddressValidation,TESTCASE60,Tue Apr 07 10:56:47 IST 2015,PASS,Avalara Address Validation Test Case' verified successfully for TestCase60Accounts Window ,,,,,,,,,,
AccountingSeed_AddressValidation,TESTCASE60,Tue Apr 07 10:57:03 IST 2015,PASS,Address validation saved successfully,,,,,,,,,,
AccountingSeed_AddressValidation,TESTCASE60,Tue Apr 07 10:58:00 IST 2015,PASS,After clicking on menu Create Billing Respective page opened successfully,,,,,,,,,,
AccountingSeed_AddressValidation,TESTCASE60,Tue Apr 07 10:58:26 IST 2015,PASS,Avalara Address Validation Test Case' verified successfully for TestCase60Billings Window ,,,,,,,,,,
AccountingSeed_AddressValidation,TESTCASE60,Tue Apr 07 10:58:42 IST 2015,PASS,Address validation saved successfullyBillings,,,,,,,,,,
AccountingSeed_AddressValidation,TESTCASE60,Tue Apr 07 10:59:23 IST 2015,PASS,Avalara Address Validation Test Case' verified successfully for TestCase60Billings Window ,,,,,,,,,,
AccountingSeed_AddressValidation,TESTCASE60,Tue Apr 07 10:59:39 IST 2015,PASS,Address validation saved successfully,,,,,,,,,,
AccountingSeed_AddressValidation,TESTCASE61,Tue Apr 07 10:59:49 IST 2015,PASS,Address Validation for Test case: TestCase61 Started.,,,,,,,,,,
AccountingSeed_AddressValidation,TESTCASE61,Tue Apr 07 11:00:30 IST 2015,PASS,After clicking on menu AvaTax Settings Respective page opened successfully,,,,,,,,,,
AccountingSeed_AddressValidation,TESTCASE61,Tue Apr 07 11:00:55 IST 2015,PASS,Tax now settings updated successfully,,,,,,,,,,
AccountingSeed_AddressValidation,TESTCASE61,Tue Apr 07 11:02:23 IST 2015,PASS,Address validation verified successfullyAvaTax Settings,,,,,,,,,,
AccountingSeed_AddressValidation,TESTCASE61,Tue Apr 07 11:03:30 IST 2015,PASS,Address validation saved successfullyAvaTax Settings,,,,,,,,,,
AccountingSeed_AddressValidation,TESTCASE61,Tue Apr 07 11:04:29 IST 2015,PASS,After clicking on menu Contacts Respective page opened successfully,,,,,,,,,,
AccountingSeed_AddressValidation,TESTCASE61,Tue Apr 07 11:05:50 IST 2015,PASS,Address validation verified successfullyContacts,,,,,,,,,,
AccountingSeed_AddressValidation,TESTCASE61,Tue Apr 07 11:06:57 IST 2015,PASS,Address validation saved successfullyContacts,,,,,,,,,,
AccountingSeed_AddressValidation,TESTCASE61,Tue Apr 07 11:07:58 IST 2015,PASS,After clicking on menu Accounts Respective page opened successfully,,,,,,,,,,
AccountingSeed_AddressValidation,TESTCASE61,Tue Apr 07 11:09:19 IST 2015,PASS,Address validation verified successfullyAccounts,,,,,,,,,,
AccountingSeed_AddressValidation,TESTCASE61,Tue Apr 07 11:10:26 IST 2015,PASS,Address validation saved successfullyAccounts,,,,,,,,,,
AccountingSeed_AddressValidation,TESTCASE61,Tue Apr 07 11:12:05 IST 2015,PASS,Address validation verified successfullyAccounts,,,,,,,,,,
AccountingSeed_AddressValidation,TESTCASE61,Tue Apr 07 11:14:02 IST 2015,PASS,Address validation saved successfully,,,,,,,,,,
AccountingSeed_AddressValidation,TESTCASE61,Tue Apr 07 11:14:57 IST 2015,PASS,After clicking on menu Create Billing Respective page opened successfully,,,,,,,,,,
AccountingSeed_AddressValidation,TESTCASE61,Tue Apr 07 11:16:19 IST 2015,PASS,Address validation verified successfullyBillings,,,,,,,,,,
AccountingSeed_AddressValidation,TESTCASE61,Tue Apr 07 11:17:26 IST 2015,PASS,Address validation saved successfullyBillings,,,,,,,,,,
AccountingSeed_AddressValidation,TESTCASE61,Tue Apr 07 11:19:05 IST 2015,PASS,Address validation verified successfullyBillings,,,,,,,,,,
AccountingSeed_AddressValidation,TESTCASE61,Tue Apr 07 11:20:12 IST 2015,PASS,Address validation saved successfully,,,,,,,,,,
AccountingSeed_AddressValidation,TESTCASE62,Tue Apr 07 11:20:22 IST 2015,PASS,Address Validation for Test case: TestCase62 Started.,,,,,,,,,,
AccountingSeed_AddressValidation,TESTCASE62,Tue Apr 07 11:21:03 IST 2015,PASS,After clicking on menu AvaTax Settings Respective page opened successfully,,,,,,,,,,
AccountingSeed_AddressValidation,TESTCASE62,Tue Apr 07 11:21:29 IST 2015,PASS,Tax now settings updated successfully,,,,,,,,,,
AccountingSeed_AddressValidation,TESTCASE62,Tue Apr 07 11:22:51 IST 2015,PASS,Address validation verified successfullyAvaTax Settings,,,,,,,,,,
AccountingSeed_AddressValidation,TESTCASE62,Tue Apr 07 11:24:23 IST 2015,PASS,Address validation saved successfullyAvaTax Settings,,,,,,,,,,
AccountingSeed_AddressValidation,TESTCASE62,Tue Apr 07 11:25:31 IST 2015,PASS,After clicking on menu Contacts Respective page opened successfully,,,,,,,,,,
AccountingSeed_AddressValidation,TESTCASE62,Tue Apr 07 11:26:53 IST 2015,PASS,Address validation verified successfullyContacts,,,,,,,,,,
AccountingSeed_AddressValidation,TESTCASE62,Tue Apr 07 11:28:01 IST 2015,PASS,Address validation saved successfullyContacts,,,,,,,,,,
AccountingSeed_AddressValidation,TESTCASE62,Tue Apr 07 11:29:01 IST 2015,PASS,After clicking on menu Accounts Respective page opened successfully,,,,,,,,,,
AccountingSeed_AddressValidation,TESTCASE62,Tue Apr 07 11:30:24 IST 2015,PASS,Address validation verified successfullyAccounts,,,,,,,,,,
AccountingSeed_AddressValidation,TESTCASE62,Tue Apr 07 11:31:32 IST 2015,PASS,Address validation saved successfullyAccounts,,,,,,,,,,
AccountingSeed_AddressValidation,TESTCASE62,Tue Apr 07 11:33:12 IST 2015,PASS,Address validation verified successfullyAccounts,,,,,,,,,,
AccountingSeed_AddressValidation,TESTCASE62,Tue Apr 07 11:34:19 IST 2015,PASS,Address validation saved successfully,,,,,,,,,,
AccountingSeed_AddressValidation,TESTCASE62,Tue Apr 07 11:35:19 IST 2015,PASS,After clicking on menu Create Billing Respective page opened successfully,,,,,,,,,,
AccountingSeed_AddressValidation,TESTCASE62,Tue Apr 07 11:36:41 IST 2015,PASS,Address validation verified successfullyBillings,,,,,,,,,,
AccountingSeed_AddressValidation,TESTCASE62,Tue Apr 07 11:37:48 IST 2015,PASS,Address validation saved successfullyBillings,,,,,,,,,,
AccountingSeed_AddressValidation,TESTCASE62,Tue Apr 07 11:39:28 IST 2015,PASS,Address validation verified successfullyBillings,,,,,,,,,,
AccountingSeed_AddressValidation,TESTCASE62,Tue Apr 07 11:40:35 IST 2015,PASS,Address validation saved successfully,,,,,,,,,,
AccountingSeed_AddressValidation,AccountingSeed_AddressValidation,Tue Apr 07 11:40:45 IST 2015,PASS,Script Ended.,,,,,,,,,,
