ScriptName,TCName,Date,Result,Description
SalesForce_TaxCode,SalesForce_TaxCode,Thu Apr 03 10:55:15 IST 2014,PASS,Logging into SalesForce application is successful.
SalesForce_TaxCode,TESTCASE40,Thu Apr 03 10:55:15 IST 2014,PASS,Tax Calculation for Test case: TestCase40 Started.
SalesForce_TaxCode,TESTCASE40,Thu Apr 03 10:55:21 IST 2014,PASS,After clicking on menu TaxNowSettings Respective page opened successfully
SalesForce_TaxCode,TESTCASE40,Thu Apr 03 10:55:25 IST 2014,PASS,Tax now settings updated successfully
SalesForce_TaxCode,TESTCASE40,Thu Apr 03 10:55:36 IST 2014,PASS,After clicking on menu Accounts Respective page opened successfully
SalesForce_TaxCode,TESTCASE40,Thu Apr 03 10:55:45 IST 2014,PASS,Opportunities created successfully
SalesForce_TaxCode,TESTCASE40,Thu Apr 03 10:55:46 IST 2014,PASS,After clicking on menu Opportunities Respective page opened successfully
SalesForce_TaxCode,TESTCASE40,Thu Apr 03 10:56:54 IST 2014,FAIL,fCalculateSalesTax: Exception: org.openqa.selenium.NoSuchElementException: Unable to locate element: {"method":"id","selector":"Quantity01ui0000002upqw"}
Command duration or timeout: 60.13 seconds
For documentation on this error, please visit: http://seleniumhq.org/exceptions/no_such_element.html
Build info: version: '2.40.0', revision: 'fbe29a9', time: '2014-02-19 20:55:11'
System info: host: 'Av-Pn-KhareA', ip: '10.240.20.99', os.name: 'Windows 7', os.arch: 'x86', os.version: '6.1', java.version: '1.6.0_45'
Session ID: 413862e3-fb25-45c0-bf4b-2b37af3bd395
Driver info: org.openqa.selenium.firefox.FirefoxDriver
Capabilities [{platform=XP, acceptSslCerts=true, javascriptEnabled=true, browserName=firefox, rotatable=false, locationContextEnabled=true, version=12.0, cssSelectorsEnabled=true, databaseEnabled=true, handlesAlerts=true, browserConnectionEnabled=true, nativeEvents=false, webStorageEnabled=true, applicationCacheEnabled=true, takesScreenshot=true}]
SalesForce_TaxCode,TESTCASE41,Thu Apr 03 10:56:54 IST 2014,PASS,Tax Calculation for Test case: TestCase41 Started.
SalesForce_TaxCode,TESTCASE41,Thu Apr 03 10:57:00 IST 2014,PASS,After clicking on menu TaxNowSettings Respective page opened successfully
SalesForce_TaxCode,TESTCASE41,Thu Apr 03 10:57:04 IST 2014,PASS,Tax now settings updated successfully
SalesForce_TaxCode,TESTCASE41,Thu Apr 03 10:57:14 IST 2014,PASS,After clicking on menu Accounts Respective page opened successfully
SalesForce_TaxCode,TESTCASE41,Thu Apr 03 10:57:21 IST 2014,PASS,Opportunities created successfully
SalesForce_TaxCode,TESTCASE41,Thu Apr 03 10:57:22 IST 2014,PASS,After clicking on menu Opportunities Respective page opened successfully
SalesForce_TaxCode,TESTCASE42,Thu Apr 03 10:58:47 IST 2014,PASS,After clicking on menu Accounts Respective page opened successfully
SalesForce_TaxCode,TESTCASE42,Thu Apr 03 10:58:54 IST 2014,PASS,Opportunities created successfully
SalesForce_TaxCode,TESTCASE42,Thu Apr 03 10:58:55 IST 2014,PASS,After clicking on menu Opportunities Respective page opened successfully
SalesForce_TaxCode,TESTCASE42,Thu Apr 03 11:00:01 IST 2014,FAIL,fCalculateSalesTax: Exception: org.openqa.selenium.NoSuchElementException: Unable to locate element: {"method":"id","selector":"Quantity01ui0000002upqw"}
Command duration or timeout: 60.06 seconds
For documentation on this error, please visit: http://seleniumhq.org/exceptions/no_such_element.html
Build info: version: '2.40.0', revision: 'fbe29a9', time: '2014-02-19 20:55:11'
System info: host: 'Av-Pn-KhareA', ip: '10.240.20.99', os.name: 'Windows 7', os.arch: 'x86', os.version: '6.1', java.version: '1.6.0_45'
Session ID: 413862e3-fb25-45c0-bf4b-2b37af3bd395
Driver info: org.openqa.selenium.firefox.FirefoxDriver
Capabilities [{platform=XP, acceptSslCerts=true, javascriptEnabled=true, browserName=firefox, rotatable=false, locationContextEnabled=true, version=12.0, cssSelectorsEnabled=true, databaseEnabled=true, handlesAlerts=true, browserConnectionEnabled=true, nativeEvents=false, webStorageEnabled=true, applicationCacheEnabled=true, takesScreenshot=true}]
SalesForce_TaxCode,SalesForce_TaxCode,Thu Apr 03 11:00:01 IST 2014,PASS,Script Ended.
SalesForce_TaxCode,SalesForce_TaxCode,Thu Apr 03 11:06:12 IST 2014,PASS,Logging into SalesForce application is successful.
SalesForce_TaxCode,TESTCASE40,Thu Apr 03 11:06:12 IST 2014,PASS,Tax Calculation for Test case: TestCase40 Started.
SalesForce_TaxCode,TESTCASE40,Thu Apr 03 11:06:19 IST 2014,PASS,After clicking on menu TaxNowSettings Respective page opened successfully
SalesForce_TaxCode,TESTCASE40,Thu Apr 03 11:06:24 IST 2014,PASS,Tax now settings updated successfully
SalesForce_TaxCode,TESTCASE40,Thu Apr 03 11:06:36 IST 2014,PASS,After clicking on menu Accounts Respective page opened successfully
SalesForce_TaxCode,TESTCASE40,Thu Apr 03 11:06:45 IST 2014,PASS,Opportunities created successfully
SalesForce_TaxCode,TESTCASE40,Thu Apr 03 11:06:46 IST 2014,PASS,After clicking on menu Opportunities Respective page opened successfully
SalesForce_TaxCode,SalesForce_TaxCode,Thu Apr 03 11:08:11 IST 2014,PASS,Logging into SalesForce application is successful.
SalesForce_TaxCode,TESTCASE40,Thu Apr 03 11:08:11 IST 2014,PASS,Tax Calculation for Test case: TestCase40 Started.
SalesForce_TaxCode,TESTCASE40,Thu Apr 03 11:08:17 IST 2014,PASS,After clicking on menu TaxNowSettings Respective page opened successfully
SalesForce_TaxCode,TESTCASE40,Thu Apr 03 11:08:21 IST 2014,PASS,Tax now settings updated successfully
SalesForce_TaxCode,TESTCASE40,Thu Apr 03 11:08:32 IST 2014,PASS,After clicking on menu Accounts Respective page opened successfully
SalesForce_TaxCode,TESTCASE40,Thu Apr 03 11:08:41 IST 2014,PASS,Opportunities created successfully
SalesForce_TaxCode,TESTCASE40,Thu Apr 03 11:08:42 IST 2014,PASS,After clicking on menu Opportunities Respective page opened successfully
SalesForce_TaxCode,SalesForce_TaxCode,Thu Apr 03 11:17:03 IST 2014,PASS,Logging into SalesForce application is successful.
SalesForce_TaxCode,TESTCASE40,Thu Apr 03 11:17:03 IST 2014,PASS,Tax Calculation for Test case: TestCase40 Started.
SalesForce_TaxCode,TESTCASE40,Thu Apr 03 11:17:10 IST 2014,PASS,After clicking on menu TaxNowSettings Respective page opened successfully
SalesForce_TaxCode,TESTCASE40,Thu Apr 03 11:17:14 IST 2014,PASS,Tax now settings updated successfully
SalesForce_TaxCode,TESTCASE40,Thu Apr 03 11:17:25 IST 2014,PASS,After clicking on menu Accounts Respective page opened successfully
SalesForce_TaxCode,TESTCASE40,Thu Apr 03 11:17:34 IST 2014,PASS,Opportunities created successfully
SalesForce_TaxCode,TESTCASE40,Thu Apr 03 11:17:35 IST 2014,PASS,After clicking on menu Opportunities Respective page opened successfully
SalesForce_TaxCode,TESTCASE40,Thu Apr 03 11:18:35 IST 2014,PASS,Avalara Status 'Temporary' verified successfully on adding products for Test case TestCase40 On Menu item : - Opportunities
SalesForce_TaxCode,TESTCASE40,Thu Apr 03 11:19:36 IST 2014,FAIL,'Total Sales Tax' 41.00 NOT verified successfully for Test caseTestCase40 on Opportunities Window.Expected Tax :- 41.00 and Actual Tax:- 42.00
SalesForce_TaxCode,SalesForce_TaxCode,Thu Apr 03 11:21:10 IST 2014,FAIL,Logging into SalesForce application is Failed.
SalesForce_TaxCode,TESTCASE40,Thu Apr 03 11:21:10 IST 2014,PASS,Tax Calculation for Test case: TestCase40 Started.
SalesForce_TaxCode,TESTCASE40,Thu Apr 03 11:21:18 IST 2014,PASS,After clicking on menu TaxNowSettings Respective page opened successfully
SalesForce_TaxCode,TESTCASE40,Thu Apr 03 11:21:22 IST 2014,PASS,Tax now settings updated successfully
SalesForce_TaxCode,TESTCASE40,Thu Apr 03 11:21:33 IST 2014,PASS,After clicking on menu Accounts Respective page opened successfully
SalesForce_TaxCode,TESTCASE40,Thu Apr 03 11:21:42 IST 2014,PASS,Opportunities created successfully
SalesForce_TaxCode,TESTCASE40,Thu Apr 03 11:21:43 IST 2014,PASS,After clicking on menu Opportunities Respective page opened successfully
SalesForce_TaxCode,TESTCASE40,Thu Apr 03 11:21:53 IST 2014,PASS,Avalara Status 'Temporary' verified successfully on adding products for Test case TestCase40 On Menu item : - Opportunities
SalesForce_TaxCode,TESTCASE40,Thu Apr 03 11:21:59 IST 2014,FAIL,'Total Sales Tax' 41.00 NOT verified successfully for Test caseTestCase40 on Opportunities Window.Expected Tax :- 41.00 and Actual Tax:- 42.00
SalesForce_TaxCode,TESTCASE41,Thu Apr 03 11:21:59 IST 2014,PASS,Tax Calculation for Test case: TestCase41 Started.
SalesForce_TaxCode,TESTCASE41,Thu Apr 03 11:22:05 IST 2014,PASS,After clicking on menu TaxNowSettings Respective page opened successfully
SalesForce_TaxCode,TESTCASE41,Thu Apr 03 11:22:09 IST 2014,PASS,Tax now settings updated successfully
SalesForce_TaxCode,SalesForce_TaxCode,Thu Apr 03 11:23:05 IST 2014,PASS,Logging into SalesForce application is successful.
SalesForce_TaxCode,TESTCASE40,Thu Apr 03 11:23:05 IST 2014,PASS,Tax Calculation for Test case: TestCase40 Started.
SalesForce_TaxCode,TESTCASE40,Thu Apr 03 11:23:11 IST 2014,PASS,After clicking on menu TaxNowSettings Respective page opened successfully
SalesForce_TaxCode,TESTCASE40,Thu Apr 03 11:23:15 IST 2014,PASS,Tax now settings updated successfully
SalesForce_TaxCode,TESTCASE40,Thu Apr 03 11:23:26 IST 2014,PASS,After clicking on menu Accounts Respective page opened successfully
SalesForce_TaxCode,TESTCASE40,Thu Apr 03 11:23:35 IST 2014,PASS,Opportunities created successfully
SalesForce_TaxCode,TESTCASE40,Thu Apr 03 11:23:36 IST 2014,PASS,After clicking on menu Opportunities Respective page opened successfully
SalesForce_TaxCode,TESTCASE40,Thu Apr 03 11:23:47 IST 2014,PASS,Avalara Status 'Temporary' verified successfully on adding products for Test case TestCase40 On Menu item : - Opportunities
SalesForce_TaxCode,TESTCASE40,Thu Apr 03 11:23:53 IST 2014,FAIL,'Total Sales Tax' 41.00 NOT verified successfully for Test caseTestCase40 on Opportunities Window.Expected Tax :- 41.00 and Actual Tax:- 42.00
SalesForce_TaxCode,TESTCASE41,Thu Apr 03 11:23:53 IST 2014,PASS,Tax Calculation for Test case: TestCase41 Started.
SalesForce_TaxCode,TESTCASE41,Thu Apr 03 11:24:00 IST 2014,PASS,After clicking on menu TaxNowSettings Respective page opened successfully
SalesForce_TaxCode,TESTCASE41,Thu Apr 03 11:24:04 IST 2014,PASS,Tax now settings updated successfully
SalesForce_TaxCode,TESTCASE41,Thu Apr 03 11:24:15 IST 2014,PASS,After clicking on menu Accounts Respective page opened successfully
SalesForce_TaxCode,TESTCASE41,Thu Apr 03 11:24:22 IST 2014,PASS,Opportunities created successfully
SalesForce_TaxCode,TESTCASE41,Thu Apr 03 11:24:23 IST 2014,PASS,After clicking on menu Opportunities Respective page opened successfully
SalesForce_TaxCode,TESTCASE41,Thu Apr 03 11:24:33 IST 2014,PASS,Avalara Status 'Temporary' verified successfully on adding products for Test case TestCase41 On Menu item : - Opportunities
SalesForce_TaxCode,TESTCASE41,Thu Apr 03 11:24:37 IST 2014,FAIL,'Total Sales Tax' 114.30 NOT verified successfully for Test caseTestCase41 on Opportunities Window.Expected Tax :- 114.30 and Actual Tax:- 38.10
SalesForce_TaxCode,TESTCASE42,Thu Apr 03 11:24:37 IST 2014,PASS,Tax Calculation for Test case: TestCase42 Started.
SalesForce_TaxCode,TESTCASE42,Thu Apr 03 11:24:44 IST 2014,PASS,After clicking on menu TaxNowSettings Respective page opened successfully
SalesForce_TaxCode,TESTCASE42,Thu Apr 03 11:24:47 IST 2014,PASS,Tax now settings updated successfully
SalesForce_TaxCode,TESTCASE42,Thu Apr 03 11:24:58 IST 2014,PASS,After clicking on menu Accounts Respective page opened successfully
SalesForce_TaxCode,TESTCASE42,Thu Apr 03 11:25:05 IST 2014,PASS,Opportunities created successfully
SalesForce_TaxCode,TESTCASE42,Thu Apr 03 11:25:06 IST 2014,PASS,After clicking on menu Opportunities Respective page opened successfully
SalesForce_TaxCode,TESTCASE42,Thu Apr 03 11:25:15 IST 2014,PASS,Avalara Status 'Temporary' verified successfully on adding products for Test case TestCase42 On Menu item : - Opportunities
SalesForce_TaxCode,TESTCASE42,Thu Apr 03 11:25:20 IST 2014,FAIL,fCalculateSalesTax: Exception: java.lang.NullPointerException
SalesForce_TaxCode,SalesForce_TaxCode,Thu Apr 03 11:25:20 IST 2014,PASS,Script Ended.
SalesForce_TaxCode,SalesForce_TaxCode,Thu Apr 03 11:31:08 IST 2014,PASS,Logging into SalesForce application is successful.
SalesForce_TaxCode,TESTCASE40,Thu Apr 03 11:31:08 IST 2014,PASS,Tax Calculation for Test case: TestCase40 Started.
SalesForce_TaxCode,TESTCASE40,Thu Apr 03 11:31:14 IST 2014,PASS,After clicking on menu TaxNowSettings Respective page opened successfully
SalesForce_TaxCode,TESTCASE40,Thu Apr 03 11:31:18 IST 2014,PASS,Tax now settings updated successfully
SalesForce_TaxCode,TESTCASE40,Thu Apr 03 11:31:30 IST 2014,PASS,After clicking on menu Accounts Respective page opened successfully
SalesForce_TaxCode,TESTCASE40,Thu Apr 03 11:31:39 IST 2014,PASS,Opportunities created successfully
SalesForce_TaxCode,TESTCASE40,Thu Apr 03 11:31:40 IST 2014,PASS,After clicking on menu Opportunities Respective page opened successfully
SalesForce_TaxCode,TESTCASE40,Thu Apr 03 11:32:04 IST 2014,PASS,Avalara Status 'Temporary' verified successfully on adding products for Test case TestCase40 On Menu item : - Opportunities
SalesForce_TaxCode,TESTCASE40,Thu Apr 03 11:32:29 IST 2014,PASS,'Total Sales Tax' 42.00 verified successfully for Test case TestCase40 on Opportunities Window.
SalesForce_TaxCode,TESTCASE40,Thu Apr 03 11:32:38 IST 2014,PASS,Avalara Status ' Saved' verified successfully on Calculate for Test case TestCase40 On tax calculation on Opportunities Window 
SalesForce_TaxCode,TESTCASE40,Thu Apr 03 11:33:10 IST 2014,PASS,'Total Sales Tax' 42.00 verified successfully for Test case TestCase40 on Finalize Opportunity Window.
SalesForce_TaxCode,TESTCASE40,Thu Apr 03 11:33:19 IST 2014,PASS,Avalara Status ' Committed' verified successfully on Calculate for Test case TestCase40 On tax calculation on Finalize Opportunity Window 
SalesForce_TaxCode,TESTCASE40,Thu Apr 03 11:33:45 IST 2014,PASS,After clicking on menu newQuote Respective page opened successfully
SalesForce_TaxCode,TESTCASE40,Thu Apr 03 11:34:23 IST 2014,PASS,Avalara Status 'Saved' verified successfully on adding products for Test case TestCase40 On Menu item : - Quotes
SalesForce_TaxCode,SalesForce_TaxCode,Thu Apr 03 11:37:09 IST 2014,PASS,Logging into SalesForce application is successful.
SalesForce_TaxCode,TESTCASE40,Thu Apr 03 11:37:09 IST 2014,PASS,Tax Calculation for Test case: TestCase40 Started.
SalesForce_TaxCode,TESTCASE40,Thu Apr 03 11:37:15 IST 2014,PASS,After clicking on menu TaxNowSettings Respective page opened successfully
SalesForce_TaxCode,TESTCASE40,Thu Apr 03 11:37:19 IST 2014,PASS,Tax now settings updated successfully
SalesForce_TaxCode,TESTCASE40,Thu Apr 03 11:37:30 IST 2014,PASS,After clicking on menu Accounts Respective page opened successfully
SalesForce_TaxCode,TESTCASE40,Thu Apr 03 11:37:38 IST 2014,PASS,Opportunities created successfully
SalesForce_TaxCode,TESTCASE40,Thu Apr 03 11:37:39 IST 2014,PASS,After clicking on menu Opportunities Respective page opened successfully
SalesForce_TaxCode,TESTCASE40,Thu Apr 03 11:37:49 IST 2014,PASS,Avalara Status 'Temporary' verified successfully on adding products for Test case TestCase40 On Menu item : - Opportunities
SalesForce_TaxCode,TESTCASE40,Thu Apr 03 11:37:55 IST 2014,PASS,'Total Sales Tax' 42.00 verified successfully for Test case TestCase40 on Opportunities Window.
SalesForce_TaxCode,TESTCASE40,Thu Apr 03 11:37:55 IST 2014,PASS,Avalara Status ' Saved' verified successfully on Calculate for Test case TestCase40 On tax calculation on Opportunities Window 
SalesForce_TaxCode,TESTCASE40,Thu Apr 03 11:37:59 IST 2014,PASS,'Total Sales Tax' 42.00 verified successfully for Test case TestCase40 on Finalize Opportunity Window.
SalesForce_TaxCode,TESTCASE40,Thu Apr 03 11:37:59 IST 2014,PASS,Avalara Status ' Committed' verified successfully on Calculate for Test case TestCase40 On tax calculation on Finalize Opportunity Window 
SalesForce_TaxCode,TESTCASE40,Thu Apr 03 11:38:06 IST 2014,PASS,After clicking on menu newQuote Respective page opened successfully
SalesForce_TaxCode,SalesForce_TaxCode,Thu Apr 03 11:47:13 IST 2014,PASS,Logging into SalesForce application is successful.
SalesForce_TaxCode,TESTCASE40,Thu Apr 03 11:47:13 IST 2014,PASS,Tax Calculation for Test case: TestCase40 Started.
SalesForce_TaxCode,TESTCASE40,Thu Apr 03 11:47:19 IST 2014,PASS,After clicking on menu TaxNowSettings Respective page opened successfully
SalesForce_TaxCode,TESTCASE40,Thu Apr 03 11:47:23 IST 2014,PASS,Tax now settings updated successfully
SalesForce_TaxCode,TESTCASE40,Thu Apr 03 11:47:34 IST 2014,PASS,After clicking on menu Accounts Respective page opened successfully
SalesForce_TaxCode,TESTCASE40,Thu Apr 03 11:47:43 IST 2014,PASS,Opportunities created successfully
SalesForce_TaxCode,TESTCASE40,Thu Apr 03 11:47:44 IST 2014,PASS,After clicking on menu Opportunities Respective page opened successfully
SalesForce_TaxCode,TESTCASE40,Thu Apr 03 11:47:55 IST 2014,PASS,Avalara Status 'Temporary' verified successfully on adding products for Test case TestCase40 On Menu item : - Opportunities
SalesForce_TaxCode,TESTCASE40,Thu Apr 03 11:48:01 IST 2014,PASS,'Total Sales Tax' 42.00 verified successfully for Test case TestCase40 on Opportunities Window.
SalesForce_TaxCode,TESTCASE40,Thu Apr 03 11:48:01 IST 2014,PASS,Avalara Status ' Saved' verified successfully on Calculate for Test case TestCase40 On tax calculation on Opportunities Window 
SalesForce_TaxCode,TESTCASE40,Thu Apr 03 11:48:06 IST 2014,PASS,'Total Sales Tax' 42.00 verified successfully for Test case TestCase40 on Finalize Opportunity Window.
SalesForce_TaxCode,TESTCASE40,Thu Apr 03 11:48:06 IST 2014,PASS,Avalara Status ' Committed' verified successfully on Calculate for Test case TestCase40 On tax calculation on Finalize Opportunity Window 
SalesForce_TaxCode,TESTCASE40,Thu Apr 03 11:48:12 IST 2014,PASS,After clicking on menu newQuote Respective page opened successfully
SalesForce_TaxCode,TESTCASE40,Thu Apr 03 11:48:22 IST 2014,PASS,Avalara Status 'Saved' verified successfully on adding products for Test case TestCase40 On Menu item : - Quotes
SalesForce_TaxCode,TESTCASE40,Thu Apr 03 11:49:26 IST 2014,PASS,'Total Sales Tax' 84.00 verified successfully for Test case TestCase40 on Quotes Window.
SalesForce_TaxCode,TESTCASE40,Thu Apr 03 11:50:23 IST 2014,FAIL,Avalara Status ' Saved ' NOT verified successfully on Calculate for Test case TestCase40 On tax calculation for on Quotes Window Expected : Saved and Actual: Temporary
SalesForce_TaxCode,TESTCASE41,Thu Apr 03 11:50:37 IST 2014,PASS,Tax Calculation for Test case: TestCase41 Started.
SalesForce_TaxCode,TESTCASE41,Thu Apr 03 11:50:45 IST 2014,PASS,After clicking on menu TaxNowSettings Respective page opened successfully
SalesForce_TaxCode,TESTCASE41,Thu Apr 03 11:50:53 IST 2014,PASS,Tax now settings updated successfully
SalesForce_TaxCode,TESTCASE41,Thu Apr 03 11:51:03 IST 2014,PASS,After clicking on menu Accounts Respective page opened successfully
SalesForce_TaxCode,TESTCASE41,Thu Apr 03 11:51:11 IST 2014,PASS,Opportunities created successfully
SalesForce_TaxCode,TESTCASE41,Thu Apr 03 11:51:12 IST 2014,PASS,After clicking on menu Opportunities Respective page opened successfully
SalesForce_TaxCode,TESTCASE41,Thu Apr 03 11:52:05 IST 2014,PASS,Avalara Status 'Temporary' verified successfully on adding products for Test case TestCase41 On Menu item : - Opportunities
SalesForce_TaxCode,SalesForce_TaxCode,Thu Apr 03 11:55:41 IST 2014,PASS,Logging into SalesForce application is successful.
SalesForce_TaxCode,TESTCASE41,Thu Apr 03 11:55:41 IST 2014,PASS,Tax Calculation for Test case: TestCase41 Started.
SalesForce_TaxCode,TESTCASE41,Thu Apr 03 11:55:48 IST 2014,PASS,After clicking on menu TaxNowSettings Respective page opened successfully
SalesForce_TaxCode,TESTCASE41,Thu Apr 03 11:55:52 IST 2014,PASS,Tax now settings updated successfully
SalesForce_TaxCode,TESTCASE41,Thu Apr 03 11:56:02 IST 2014,PASS,After clicking on menu Accounts Respective page opened successfully
SalesForce_TaxCode,TESTCASE41,Thu Apr 03 11:56:11 IST 2014,PASS,Opportunities created successfully
SalesForce_TaxCode,TESTCASE41,Thu Apr 03 11:56:12 IST 2014,PASS,After clicking on menu Opportunities Respective page opened successfully
SalesForce_TaxCode,SalesForce_TaxCode,Thu Apr 03 12:00:53 IST 2014,PASS,Logging into SalesForce application is successful.
SalesForce_TaxCode,TESTCASE41,Thu Apr 03 12:00:53 IST 2014,PASS,Tax Calculation for Test case: TestCase41 Started.
SalesForce_TaxCode,TESTCASE41,Thu Apr 03 12:01:00 IST 2014,PASS,After clicking on menu TaxNowSettings Respective page opened successfully
SalesForce_TaxCode,TESTCASE41,Thu Apr 03 12:01:04 IST 2014,PASS,Tax now settings updated successfully
SalesForce_TaxCode,TESTCASE41,Thu Apr 03 12:01:15 IST 2014,PASS,After clicking on menu Accounts Respective page opened successfully
SalesForce_TaxCode,TESTCASE41,Thu Apr 03 12:01:24 IST 2014,PASS,Opportunities created successfully
SalesForce_TaxCode,TESTCASE41,Thu Apr 03 12:01:25 IST 2014,PASS,After clicking on menu Opportunities Respective page opened successfully
SalesForce_TaxCode,SalesForce_TaxCode,Thu Apr 03 12:03:08 IST 2014,PASS,Logging into SalesForce application is successful.
SalesForce_TaxCode,TESTCASE41,Thu Apr 03 12:03:08 IST 2014,PASS,Tax Calculation for Test case: TestCase41 Started.
SalesForce_TaxCode,TESTCASE41,Thu Apr 03 12:03:14 IST 2014,PASS,After clicking on menu TaxNowSettings Respective page opened successfully
SalesForce_TaxCode,TESTCASE41,Thu Apr 03 12:03:20 IST 2014,PASS,Tax now settings updated successfully
SalesForce_TaxCode,TESTCASE41,Thu Apr 03 12:03:33 IST 2014,PASS,After clicking on menu Accounts Respective page opened successfully
SalesForce_TaxCode,TESTCASE41,Thu Apr 03 12:03:44 IST 2014,PASS,Opportunities created successfully
SalesForce_TaxCode,TESTCASE41,Thu Apr 03 12:03:45 IST 2014,PASS,After clicking on menu Opportunities Respective page opened successfully
SalesForce_TaxCode,SalesForce_TaxCode,Thu Apr 03 12:07:36 IST 2014,PASS,Logging into SalesForce application is successful.
SalesForce_TaxCode,TESTCASE41,Thu Apr 03 12:07:36 IST 2014,PASS,Tax Calculation for Test case: TestCase41 Started.
SalesForce_TaxCode,TESTCASE41,Thu Apr 03 12:07:43 IST 2014,PASS,After clicking on menu TaxNowSettings Respective page opened successfully
SalesForce_TaxCode,TESTCASE41,Thu Apr 03 12:07:47 IST 2014,PASS,Tax now settings updated successfully
SalesForce_TaxCode,TESTCASE41,Thu Apr 03 12:07:57 IST 2014,PASS,After clicking on menu Accounts Respective page opened successfully
SalesForce_TaxCode,TESTCASE41,Thu Apr 03 12:08:06 IST 2014,PASS,Opportunities created successfully
SalesForce_TaxCode,TESTCASE41,Thu Apr 03 12:08:07 IST 2014,PASS,After clicking on menu Opportunities Respective page opened successfully
SalesForce_TaxCode,TESTCASE41,Thu Apr 03 12:09:30 IST 2014,PASS,Avalara Status 'Temporary' verified successfully on adding products for Test case TestCase41 On Menu item : - Opportunities
SalesForce_TaxCode,SalesForce_TaxCode,Thu Apr 03 12:14:29 IST 2014,PASS,Logging into SalesForce application is successful.
SalesForce_TaxCode,TESTCASE41,Thu Apr 03 12:14:29 IST 2014,PASS,Tax Calculation for Test case: TestCase41 Started.
SalesForce_TaxCode,TESTCASE41,Thu Apr 03 12:14:36 IST 2014,PASS,After clicking on menu TaxNowSettings Respective page opened successfully
SalesForce_TaxCode,TESTCASE41,Thu Apr 03 12:14:36 IST 2014,FAIL,fCalculateSalesTax: Exception: java.sql.SQLException: [Microsoft][ODBC Driver Manager] Invalid cursor state
SalesForce_TaxCode,TESTCASE42,Thu Apr 03 12:14:36 IST 2014,PASS,Tax Calculation for Test case: TestCase42 Started.
SalesForce_TaxCode,TESTCASE42,Thu Apr 03 12:14:42 IST 2014,PASS,After clicking on menu TaxNowSettings Respective page opened successfully
SalesForce_TaxCode,TESTCASE42,Thu Apr 03 12:14:42 IST 2014,FAIL,fCalculateSalesTax: Exception: java.sql.SQLException: [Microsoft][ODBC Driver Manager] Invalid cursor state
SalesForce_TaxCode,SalesForce_TaxCode,Thu Apr 03 12:14:42 IST 2014,PASS,Script Ended.
SalesForce_TaxCode,SalesForce_TaxCode,Thu Apr 03 12:16:29 IST 2014,PASS,Logging into SalesForce application is successful.
SalesForce_TaxCode,TESTCASE41,Thu Apr 03 12:16:29 IST 2014,PASS,Tax Calculation for Test case: TestCase41 Started.
SalesForce_TaxCode,TESTCASE41,Thu Apr 03 12:16:34 IST 2014,PASS,After clicking on menu TaxNowSettings Respective page opened successfully
SalesForce_TaxCode,TESTCASE41,Thu Apr 03 12:16:39 IST 2014,PASS,Tax now settings updated successfully
SalesForce_TaxCode,TESTCASE41,Thu Apr 03 12:16:55 IST 2014,PASS,After clicking on menu Accounts Respective page opened successfully
SalesForce_TaxCode,TESTCASE41,Thu Apr 03 12:17:04 IST 2014,PASS,Opportunities created successfully
SalesForce_TaxCode,TESTCASE41,Thu Apr 03 12:17:05 IST 2014,PASS,After clicking on menu Opportunities Respective page opened successfully
SalesForce_TaxCode,TESTCASE41,Thu Apr 03 12:17:32 IST 2014,PASS,Avalara Status 'Temporary' verified successfully on adding products for Test case TestCase41 On Menu item : - Opportunities
SalesForce_TaxCode,SalesForce_TaxCode,Thu Apr 03 12:24:22 IST 2014,FAIL,Logging into SalesForce application is Failed.
SalesForce_TaxCode,TESTCASE42,Thu Apr 03 12:24:23 IST 2014,PASS,Tax Calculation for Test case: TestCase42 Started.
SalesForce_TaxCode,TESTCASE42,Thu Apr 03 12:24:32 IST 2014,PASS,After clicking on menu TaxNowSettings Respective page opened successfully
SalesForce_TaxCode,TESTCASE42,Thu Apr 03 12:24:36 IST 2014,PASS,Tax now settings updated successfully
SalesForce_TaxCode,TESTCASE42,Thu Apr 03 12:24:47 IST 2014,PASS,After clicking on menu Accounts Respective page opened successfully
SalesForce_TaxCode,TESTCASE42,Thu Apr 03 12:24:57 IST 2014,PASS,Opportunities created successfully
SalesForce_TaxCode,TESTCASE42,Thu Apr 03 12:24:58 IST 2014,PASS,After clicking on menu Opportunities Respective page opened successfully
SalesForce_TaxCode,SalesForce_TaxCode,Thu Apr 03 12:28:27 IST 2014,PASS,Logging into SalesForce application is successful.
SalesForce_TaxCode,TESTCASE42,Thu Apr 03 12:28:27 IST 2014,PASS,Tax Calculation for Test case: TestCase42 Started.
SalesForce_TaxCode,TESTCASE42,Thu Apr 03 12:28:35 IST 2014,PASS,After clicking on menu TaxNowSettings Respective page opened successfully
SalesForce_TaxCode,TESTCASE42,Thu Apr 03 12:28:39 IST 2014,PASS,Tax now settings updated successfully
SalesForce_TaxCode,TESTCASE42,Thu Apr 03 12:28:49 IST 2014,PASS,After clicking on menu Accounts Respective page opened successfully
SalesForce_TaxCode,TESTCASE42,Thu Apr 03 12:28:57 IST 2014,PASS,Opportunities created successfully
SalesForce_TaxCode,TESTCASE42,Thu Apr 03 12:28:58 IST 2014,PASS,After clicking on menu Opportunities Respective page opened successfully
SalesForce_TaxCode,SalesForce_TaxCode,Sun Apr 13 18:48:05 IST 2014,FAIL,Logging into SalesForce application is Failed.
SalesForce_TaxCode,TESTCASE42,Sun Apr 13 18:48:05 IST 2014,PASS,Tax Calculation for Test case: TestCase42 Started.
SalesForce_TaxCode,TESTCASE42,Sun Apr 13 18:48:08 IST 2014,FAIL,fMenuSelection: Exception: org.openqa.selenium.NoSuchElementException: Unable to locate element: {"method":"link text","selector":"TaxNowSettings"}
Command duration or timeout: 27 milliseconds
For documentation on this error, please visit: http://seleniumhq.org/exceptions/no_such_element.html
Build info: version: '2.40.0', revision: 'fbe29a9', time: '2014-02-19 20:55:11'
System info: host: 'Av-Pn-KhareA', ip: '192.168.56.1', os.name: 'Windows 7', os.arch: 'x86', os.version: '6.1', java.version: '1.6.0_45'
Session ID: 47df2187-c930-4e5d-816c-a0fc829583fe
Driver info: org.openqa.selenium.firefox.FirefoxDriver
Capabilities [{platform=XP, acceptSslCerts=true, javascriptEnabled=true, browserName=firefox, rotatable=false, locationContextEnabled=true, version=12.0, cssSelectorsEnabled=true, databaseEnabled=true, handlesAlerts=true, browserConnectionEnabled=true, nativeEvents=false, webStorageEnabled=true, applicationCacheEnabled=true, takesScreenshot=true}]
SalesForce_TaxCode,SalesForce_TaxCode,Sun Apr 13 18:48:08 IST 2014,PASS,Script Ended.
SalesForce_TaxCode,SalesForce_TaxCode,Fri Jun 13 11:30:03 IST 2014,PASS,Logging into SalesForce application is successful.
SalesForce_TaxCode,TESTCASE42,Fri Jun 13 11:30:03 IST 2014,PASS,Tax Calculation for Test case: TestCase42 Started.
SalesForce_TaxCode,TESTCASE42,Fri Jun 13 11:31:10 IST 2014,PASS,After clicking on menu TaxNowSettings Respective page opened successfully
SalesForce_TaxCode,TESTCASE42,Fri Jun 13 11:32:14 IST 2014,FAIL,fCalculateSalesTax: Exception: org.openqa.selenium.NoSuchElementException: Unable to locate element: {"method":"id","selector":"00Ni000000DEYPa"}
Command duration or timeout: 60.09 seconds
For documentation on this error, please visit: http://seleniumhq.org/exceptions/no_such_element.html
Build info: version: '2.40.0', revision: 'fbe29a9', time: '2014-02-19 20:55:11'
System info: host: 'Av-Pn-KhareA', ip: '10.240.20.115', os.name: 'Windows 7', os.arch: 'x86', os.version: '6.1', java.version: '1.6.0_45'
Session ID: e626e88c-f91c-45b9-98a5-4d42ab66b5fd
Driver info: org.openqa.selenium.firefox.FirefoxDriver
Capabilities [{platform=XP, acceptSslCerts=true, javascriptEnabled=true, browserName=firefox, rotatable=false, locationContextEnabled=true, version=12.0, cssSelectorsEnabled=true, databaseEnabled=true, handlesAlerts=true, browserConnectionEnabled=true, nativeEvents=false, webStorageEnabled=true, applicationCacheEnabled=true, takesScreenshot=true}]
SalesForce_TaxCode,SalesForce_TaxCode,Fri Jun 13 11:32:14 IST 2014,PASS,Script Ended.
SalesForce_TaxCode,SalesForce_TaxCode,Fri Jun 13 11:44:56 IST 2014,FAIL,Logging into SalesForce application is Failed.
SalesForce_TaxCode,TESTCASE42,Fri Jun 13 11:44:56 IST 2014,PASS,Tax Calculation for Test case: TestCase42 Started.
SalesForce_TaxCode,TESTCASE42,Fri Jun 13 11:46:19 IST 2014,PASS,After clicking on menu TaxNowSettings Respective page opened successfully
SalesForce_TaxCode,SalesForce_TaxCode,Fri Jun 13 11:58:07 IST 2014,FAIL,Logging into SalesForce application is Failed.
SalesForce_TaxCode,TESTCASE42,Fri Jun 13 11:58:07 IST 2014,PASS,Tax Calculation for Test case: TestCase42 Started.
SalesForce_TaxCode,TESTCASE42,Fri Jun 13 11:58:07 IST 2014,FAIL,Unable to connect to excel sheet
SalesForce_TaxCode,TESTCASE42,Fri Jun 13 11:58:07 IST 2014,FAIL,fCalculateSalesTax: Exception: java.lang.NullPointerException
SalesForce_TaxCode,SalesForce_TaxCode,Fri Jun 13 11:58:07 IST 2014,PASS,Script Ended.
SalesForce_TaxCode,SalesForce_TaxCode,Fri Jun 13 12:02:09 IST 2014,FAIL,Logging into SalesForce application is Failed.
SalesForce_TaxCode,TESTCASE42,Fri Jun 13 12:02:09 IST 2014,PASS,Tax Calculation for Test case: TestCase42 Started.
SalesForce_TaxCode,TESTCASE42,Fri Jun 13 12:02:32 IST 2014,PASS,After clicking on menu TaxNowSettings Respective page opened successfully
SalesForce_TaxCode,SalesForce_TaxCode,Mon Jun 16 16:23:49 IST 2014,PASS,Logging into SalesForce application is successful.
SalesForce_TaxCode,TESTCASE42,Mon Jun 16 16:23:49 IST 2014,PASS,Tax Calculation for Test case: TestCase42 Started.
SalesForce_TaxCode,TESTCASE42,Mon Jun 16 16:24:57 IST 2014,PASS,After clicking on menu TaxNowSettings Respective page opened successfully
SalesForce_TaxCode,TESTCASE42,Mon Jun 16 16:25:04 IST 2014,PASS,Tax now settings updated successfully
SalesForce_TaxCode,TESTCASE42,Mon Jun 16 16:26:16 IST 2014,FAIL,fMenuSelection: Exception: org.openqa.selenium.WebDriverException: Element must be user-editable in order to clear it.
Command duration or timeout: 60.16 seconds
Build info: version: '2.40.0', revision: 'fbe29a9', time: '2014-02-19 20:55:11'
System info: host: 'Av-Pn-KhareA', ip: '10.240.20.121', os.name: 'Windows 7', os.arch: 'x86', os.version: '6.1', java.version: '1.6.0_45'
Session ID: 85a4ea0b-dffe-4b0f-8c61-8df48ca4e421
Driver info: org.openqa.selenium.firefox.FirefoxDriver
Capabilities [{platform=XP, acceptSslCerts=true, javascriptEnabled=true, browserName=firefox, rotatable=false, locationContextEnabled=true, version=12.0, cssSelectorsEnabled=true, databaseEnabled=true, handlesAlerts=true, browserConnectionEnabled=true, nativeEvents=false, webStorageEnabled=true, applicationCacheEnabled=true, takesScreenshot=true}]
SalesForce_TaxCode,SalesForce_TaxCode,Mon Jun 16 16:26:16 IST 2014,PASS,Script Ended.
SalesForce_TaxCode,SalesForce_TaxCode,Tue Jun 17 11:17:04 IST 2014,PASS,Logging into SalesForce application is successful.
SalesForce_TaxCode,TESTCASE42,Tue Jun 17 11:17:04 IST 2014,PASS,Tax Calculation for Test case: TestCase42 Started.
SalesForce_TaxCode,TESTCASE42,Tue Jun 17 11:18:11 IST 2014,PASS,After clicking on menu TaxNowSettings Respective page opened successfully
SalesForce_TaxCode,TESTCASE42,Tue Jun 17 11:18:18 IST 2014,PASS,Tax now settings updated successfully
SalesForce_TaxCode,TESTCASE42,Tue Jun 17 11:19:31 IST 2014,FAIL,fMenuSelection: Exception: org.openqa.selenium.WebDriverException: Element must be user-editable in order to clear it.
Command duration or timeout: 60.15 seconds
Build info: version: '2.40.0', revision: 'fbe29a9', time: '2014-02-19 20:55:11'
System info: host: 'Av-Pn-KhareA', ip: '10.240.20.88', os.name: 'Windows 7', os.arch: 'x86', os.version: '6.1', java.version: '1.6.0_45'
Session ID: 83caf48a-918c-46e3-9570-5a51c1b08cbd
Driver info: org.openqa.selenium.firefox.FirefoxDriver
Capabilities [{platform=XP, acceptSslCerts=true, javascriptEnabled=true, browserName=firefox, rotatable=false, locationContextEnabled=true, version=12.0, cssSelectorsEnabled=true, databaseEnabled=true, handlesAlerts=true, browserConnectionEnabled=true, nativeEvents=false, webStorageEnabled=true, applicationCacheEnabled=true, takesScreenshot=true}]
SalesForce_TaxCode,SalesForce_TaxCode,Tue Jun 17 11:19:31 IST 2014,PASS,Script Ended.
SalesForce_TaxCode,SalesForce_TaxCode,Tue Jun 17 11:20:43 IST 2014,FAIL,Logging into SalesForce application is Failed.
SalesForce_TaxCode,TESTCASE42,Tue Jun 17 11:20:43 IST 2014,PASS,Tax Calculation for Test case: TestCase42 Started.
SalesForce_TaxCode,TESTCASE42,Tue Jun 17 11:29:47 IST 2014,PASS,After clicking on menu TaxNowSettings Respective page opened successfully
SalesForce_TaxCode,SalesForce_TaxCode,Tue Aug 19 10:57:02 IST 2014,FAIL,Logging into SalesForce application is Failed.
SalesForce_TaxCode,TESTCASE42,Tue Aug 19 10:57:02 IST 2014,PASS,Tax Calculation for Test case: TestCase42 Started.
SalesForce_TaxCode,TESTCASE42,Tue Aug 19 10:58:17 IST 2014,FAIL,fMenuSelection: Exception: org.openqa.selenium.NoSuchElementException: Unable to locate element: {"method":"link text","selector":"Automation"}
Command duration or timeout: 61.52 seconds
For documentation on this error, please visit: http://seleniumhq.org/exceptions/no_such_element.html
Build info: version: '2.40.0', revision: 'fbe29a9', time: '2014-02-19 20:55:11'
System info: host: 'Av-Pn-KhareA', ip: '10.240.20.130', os.name: 'Windows 7', os.arch: 'x86', os.version: '6.1', java.version: '1.6.0_45'
Session ID: 7f847c2f-cf47-45c8-877d-e77b566b0f59
Driver info: org.openqa.selenium.firefox.FirefoxDriver
Capabilities [{platform=XP, acceptSslCerts=true, javascriptEnabled=true, browserName=firefox, rotatable=false, locationContextEnabled=true, version=12.0, cssSelectorsEnabled=true, databaseEnabled=true, handlesAlerts=true, browserConnectionEnabled=true, nativeEvents=false, webStorageEnabled=true, applicationCacheEnabled=true, takesScreenshot=true}]
SalesForce_TaxCode,SalesForce_TaxCode,Tue Aug 19 10:58:17 IST 2014,PASS,Script Ended.
SalesForce_TaxCalc,SalesForce_TaxCalc,Tue Aug 19 11:09:37 IST 2014,FAIL,Logging into SalesForce application is Failed.
SalesForce_TaxCalc,TESTCASE1,Tue Aug 19 11:09:54 IST 2014,PASS,Tax Calculation for Test case: TestCase1 Started.
SalesForce_TaxCalc,SalesForce_TaxCalc,Tue Aug 19 11:15:24 IST 2014,FAIL,Logging into SalesForce application is Failed.
SalesForce_TaxCalc,TESTCASE1,Tue Aug 19 11:15:24 IST 2014,PASS,Tax Calculation for Test case: TestCase1 Started.
SalesForce_TaxCalc,TESTCASE1,Tue Aug 19 11:15:34 IST 2014,PASS,After clicking on menu TaxNowSettings Respective page opened successfully
SalesForce_TaxCalc,TESTCASE1,Tue Aug 19 11:15:43 IST 2014,PASS,Tax now settings updated successfully
SalesForce_TaxCalc,SalesForce_TaxCalc,Tue Aug 19 11:16:45 IST 2014,FAIL,Logging into SalesForce application is Failed.
SalesForce_TaxCalc,TESTCASE1,Tue Aug 19 11:16:45 IST 2014,PASS,Tax Calculation for Test case: TestCase1 Started.
SalesForce_TaxCalc,TESTCASE1,Tue Aug 19 11:21:08 IST 2014,PASS,After clicking on menu TaxNowSettings Respective page opened successfully
SalesForce_TaxCalc,TESTCASE1,Tue Aug 19 11:21:52 IST 2014,PASS,Tax now settings updated successfully
SalesForce_TaxCalc,SalesForce_TaxCalc,Tue Aug 19 11:31:48 IST 2014,FAIL,Logging into SalesForce application is Failed.
SalesForce_TaxCalc,TESTCASE1,Tue Aug 19 11:31:48 IST 2014,PASS,Tax Calculation for Test case: TestCase1 Started.
SalesForce_TaxCalc,TESTCASE1,Tue Aug 19 11:31:58 IST 2014,PASS,After clicking on menu TaxNowSettings Respective page opened successfully
SalesForce_TaxCalc,TESTCASE1,Tue Aug 19 11:32:07 IST 2014,PASS,Tax now settings updated successfully
SalesForce_TaxCalc,TESTCASE1,Tue Aug 19 11:37:51 IST 2014,PASS,After clicking on menu Accounts Respective page opened successfully
SalesForce_TaxCalc,TESTCASE1,Tue Aug 19 11:51:46 IST 2014,PASS,Opportunities created successfully
SalesForce_TaxCalc,TESTCASE1,Tue Aug 19 11:51:53 IST 2014,PASS,After clicking on menu Opportunities Respective page opened successfully
SalesForce_TaxCalc,SalesForce_TaxCalc,Tue Aug 19 12:17:26 IST 2014,FAIL,Logging into SalesForce application is Failed.
SalesForce_TaxCalc,TESTCASE1,Tue Aug 19 12:17:26 IST 2014,PASS,Tax Calculation for Test case: TestCase1 Started.
SalesForce_TaxCalc,TESTCASE1,Tue Aug 19 12:17:37 IST 2014,PASS,After clicking on menu TaxNowSettings Respective page opened successfully
SalesForce_TaxCalc,TESTCASE1,Tue Aug 19 12:17:44 IST 2014,PASS,Tax now settings updated successfully
SalesForce_TaxCalc,TESTCASE1,Tue Aug 19 12:17:57 IST 2014,PASS,After clicking on menu Accounts Respective page opened successfully
SalesForce_TaxCalc,TESTCASE1,Tue Aug 19 12:18:09 IST 2014,PASS,Opportunities created successfully
SalesForce_TaxCalc,TESTCASE1,Tue Aug 19 12:18:10 IST 2014,PASS,After clicking on menu Opportunities Respective page opened successfully
SalesForce_TaxCalc,SalesForce_TaxCalc,Tue Aug 19 12:19:42 IST 2014,FAIL,Logging into SalesForce application is Failed.
SalesForce_TaxCalc,TESTCASE1,Tue Aug 19 12:19:42 IST 2014,PASS,Tax Calculation for Test case: TestCase1 Started.
SalesForce_TaxCalc,TESTCASE1,Tue Aug 19 12:19:52 IST 2014,PASS,After clicking on menu TaxNowSettings Respective page opened successfully
SalesForce_TaxCalc,TESTCASE1,Tue Aug 19 12:19:59 IST 2014,PASS,Tax now settings updated successfully
SalesForce_TaxCalc,TESTCASE1,Tue Aug 19 12:20:12 IST 2014,PASS,After clicking on menu Accounts Respective page opened successfully
SalesForce_TaxCalc,TESTCASE1,Tue Aug 19 12:20:22 IST 2014,PASS,Opportunities created successfully
SalesForce_TaxCalc,TESTCASE1,Tue Aug 19 12:20:23 IST 2014,PASS,After clicking on menu Opportunities Respective page opened successfully
SalesForce_TaxCalc,SalesForce_TaxCalc,Tue Aug 19 12:22:57 IST 2014,FAIL,Logging into SalesForce application is Failed.
SalesForce_TaxCalc,TESTCASE1,Tue Aug 19 12:22:57 IST 2014,PASS,Tax Calculation for Test case: TestCase1 Started.
SalesForce_TaxCalc,TESTCASE1,Tue Aug 19 12:23:07 IST 2014,PASS,After clicking on menu TaxNowSettings Respective page opened successfully
SalesForce_TaxCalc,TESTCASE1,Tue Aug 19 12:23:14 IST 2014,PASS,Tax now settings updated successfully
SalesForce_TaxCalc,TESTCASE1,Tue Aug 19 12:23:27 IST 2014,PASS,After clicking on menu Accounts Respective page opened successfully
SalesForce_TaxCalc,TESTCASE1,Tue Aug 19 12:23:37 IST 2014,PASS,Opportunities created successfully
SalesForce_TaxCalc,TESTCASE1,Tue Aug 19 12:23:38 IST 2014,PASS,After clicking on menu Opportunities Respective page opened successfully
SalesForce_TaxCalc,SalesForce_TaxCalc,Tue Aug 19 12:26:03 IST 2014,FAIL,Logging into SalesForce application is Failed.
SalesForce_TaxCalc,TESTCASE1,Tue Aug 19 12:26:03 IST 2014,PASS,Tax Calculation for Test case: TestCase1 Started.
SalesForce_TaxCalc,TESTCASE1,Tue Aug 19 12:26:13 IST 2014,PASS,After clicking on menu TaxNowSettings Respective page opened successfully
SalesForce_TaxCalc,TESTCASE1,Tue Aug 19 12:26:20 IST 2014,PASS,Tax now settings updated successfully
SalesForce_TaxCalc,TESTCASE1,Tue Aug 19 12:26:34 IST 2014,PASS,After clicking on menu Accounts Respective page opened successfully
SalesForce_TaxCalc,TESTCASE1,Tue Aug 19 12:26:46 IST 2014,PASS,Opportunities created successfully
SalesForce_TaxCalc,TESTCASE1,Tue Aug 19 12:26:47 IST 2014,PASS,After clicking on menu Opportunities Respective page opened successfully
SalesForce_TaxCalc,SalesForce_TaxCalc,Tue Aug 19 12:32:36 IST 2014,FAIL,Logging into SalesForce application is Failed.
SalesForce_TaxCalc,TESTCASE1,Tue Aug 19 12:32:36 IST 2014,PASS,Tax Calculation for Test case: TestCase1 Started.
SalesForce_TaxCalc,TESTCASE1,Tue Aug 19 12:32:47 IST 2014,PASS,After clicking on menu TaxNowSettings Respective page opened successfully
SalesForce_TaxCalc,TESTCASE1,Tue Aug 19 12:32:53 IST 2014,PASS,Tax now settings updated successfully
SalesForce_TaxCalc,TESTCASE1,Tue Aug 19 12:33:07 IST 2014,PASS,After clicking on menu Accounts Respective page opened successfully
SalesForce_TaxCalc,TESTCASE1,Tue Aug 19 12:33:16 IST 2014,PASS,Opportunities created successfully
SalesForce_TaxCalc,TESTCASE1,Tue Aug 19 12:33:17 IST 2014,PASS,After clicking on menu Opportunities Respective page opened successfully
SalesForce_TaxCalc,TESTCASE1,Tue Aug 19 12:34:51 IST 2014,PASS,Avalara Status 'Temporary' verified successfully on adding products for Test case TestCase1 On Menu item : - Opportunities
SalesForce_TaxCalc,TESTCASE1,Tue Aug 19 12:39:01 IST 2014,FAIL,'Total Sales Tax' 60.00 NOT verified successfully for Test caseTestCase1 on Opportunities Window.Expected Tax :- 60.00 and Actual Tax:- 1000.00
SalesForce_TaxCalc,SalesForce_TaxCalc,Mon Aug 25 12:09:12 IST 2014,FAIL,Logging into SalesForce application is Failed.
SalesForce_TaxCalc,TESTCASE1,Mon Aug 25 12:09:12 IST 2014,PASS,Tax Calculation for Test case: TestCase1 Started.
SalesForce_TaxCalc,TESTCASE1,Mon Aug 25 12:09:24 IST 2014,PASS,After clicking on menu TaxNowSettings Respective page opened successfully
SalesForce_TaxCalc,TESTCASE1,Mon Aug 25 12:09:32 IST 2014,PASS,Tax now settings updated successfully
SalesForce_TaxCalc,TESTCASE1,Mon Aug 25 12:09:46 IST 2014,PASS,After clicking on menu Accounts Respective page opened successfully
SalesForce_TaxCalc,TESTCASE1,Mon Aug 25 12:09:57 IST 2014,PASS,Opportunities created successfully
SalesForce_TaxCalc,TESTCASE1,Mon Aug 25 12:09:58 IST 2014,PASS,After clicking on menu Opportunities Respective page opened successfully
SalesForce_TaxCalc,TESTCASE1,Mon Aug 25 12:11:18 IST 2014,PASS,Avalara Status 'Temporary' verified successfully on adding products for Test case TestCase1 On Menu item : - Opportunities
SalesForce_TaxCalc,TESTCASE1,Mon Aug 25 12:13:39 IST 2014,PASS,'Total Sales Tax' 60.00 verified successfully for Test case TestCase1 on Opportunities Window.
SalesForce_TaxCalc,SalesForce_TaxCalc,Mon Aug 25 12:18:53 IST 2014,FAIL,Logging into SalesForce application is Failed.
SalesForce_TaxCalc,TESTCASE1,Mon Aug 25 12:18:53 IST 2014,PASS,Tax Calculation for Test case: TestCase1 Started.
SalesForce_TaxCalc,TESTCASE1,Mon Aug 25 12:19:05 IST 2014,PASS,After clicking on menu TaxNowSettings Respective page opened successfully
SalesForce_TaxCalc,TESTCASE1,Mon Aug 25 12:19:11 IST 2014,PASS,Tax now settings updated successfully
SalesForce_TaxCalc,TESTCASE1,Mon Aug 25 12:19:25 IST 2014,PASS,After clicking on menu Accounts Respective page opened successfully
SalesForce_TaxCalc,TESTCASE1,Mon Aug 25 12:19:35 IST 2014,PASS,Opportunities created successfully
SalesForce_TaxCalc,TESTCASE1,Mon Aug 25 12:19:36 IST 2014,PASS,After clicking on menu Opportunities Respective page opened successfully
SalesForce_TaxCalc,TESTCASE1,Mon Aug 25 12:19:54 IST 2014,PASS,Avalara Status 'Temporary' verified successfully on adding products for Test case TestCase1 On Menu item : - Opportunities
SalesForce_TaxCalc,TESTCASE1,Mon Aug 25 12:20:43 IST 2014,PASS,'Total Sales Tax' 60.00 verified successfully for Test case TestCase1 on Opportunities Window.
SalesForce_TaxCalc,SalesForce_TaxCalc,Mon Aug 25 12:24:41 IST 2014,FAIL,Logging into SalesForce application is Failed.
SalesForce_TaxCalc,TESTCASE1,Mon Aug 25 12:24:41 IST 2014,PASS,Tax Calculation for Test case: TestCase1 Started.
SalesForce_TaxCalc,TESTCASE1,Mon Aug 25 12:24:55 IST 2014,PASS,After clicking on menu TaxNowSettings Respective page opened successfully
SalesForce_TaxCalc,TESTCASE1,Mon Aug 25 12:25:02 IST 2014,PASS,Tax now settings updated successfully
SalesForce_TaxCalc,TESTCASE1,Mon Aug 25 12:25:16 IST 2014,PASS,After clicking on menu Accounts Respective page opened successfully
SalesForce_TaxCalc,TESTCASE1,Mon Aug 25 12:25:29 IST 2014,PASS,Opportunities created successfully
SalesForce_TaxCalc,TESTCASE1,Mon Aug 25 12:25:30 IST 2014,PASS,After clicking on menu Opportunities Respective page opened successfully
SalesForce_TaxCalc,TESTCASE1,Mon Aug 25 12:25:47 IST 2014,PASS,Avalara Status 'Temporary' verified successfully on adding products for Test case TestCase1 On Menu item : - Opportunities
SalesForce_TaxCalc,TESTCASE1,Mon Aug 25 12:26:20 IST 2014,PASS,'Total Sales Tax' 60.00 verified successfully for Test case TestCase1 on Opportunities Window.
SalesForce_TaxCalc,TESTCASE1,Mon Aug 25 12:26:27 IST 2014,PASS,Avalara Status ' Temporary' verified successfully on Calculate for Test case TestCase1 On tax calculation on Opportunities Window 
SalesForce_TaxCalc,TESTCASE1,Mon Aug 25 12:27:12 IST 2014,PASS,After clicking on menu newQuote Respective page opened successfully
SalesForce_TaxCalc,SalesForce_TaxCalc,Mon Aug 25 12:36:49 IST 2014,FAIL,Logging into SalesForce application is Failed.
SalesForce_TaxCalc,TESTCASE1,Mon Aug 25 12:36:50 IST 2014,PASS,Tax Calculation for Test case: TestCase1 Started.
SalesForce_TaxCalc,TESTCASE1,Mon Aug 25 12:37:14 IST 2014,PASS,After clicking on menu TaxNowSettings Respective page opened successfully
SalesForce_TaxCalc,TESTCASE1,Mon Aug 25 12:37:23 IST 2014,PASS,Tax now settings updated successfully
SalesForce_TaxCalc,TESTCASE1,Mon Aug 25 12:37:40 IST 2014,PASS,After clicking on menu Accounts Respective page opened successfully
SalesForce_TaxCalc,TESTCASE1,Mon Aug 25 12:37:56 IST 2014,PASS,Opportunities created successfully
SalesForce_TaxCalc,TESTCASE1,Mon Aug 25 12:37:57 IST 2014,PASS,After clicking on menu Opportunities Respective page opened successfully
SalesForce_TaxCalc,TESTCASE1,Mon Aug 25 12:39:15 IST 2014,FAIL,fCalculateSalesTax: Exception: org.openqa.selenium.NoSuchElementException: Unable to locate element: {"method":"xpath","selector":"//tr[3]/td[4]/div"}
Command duration or timeout: 60.09 seconds
For documentation on this error, please visit: http://seleniumhq.org/exceptions/no_such_element.html
Build info: version: '2.40.0', revision: 'fbe29a9', time: '2014-02-19 20:55:11'
System info: host: 'Av-Pn-KhareA', ip: '10.240.20.105', os.name: 'Windows 7', os.arch: 'x86', os.version: '6.1', java.version: '1.6.0_45'
Session ID: 245ea2f4-1576-4867-b560-c7b65db10fb5
Driver info: org.openqa.selenium.firefox.FirefoxDriver
Capabilities [{platform=XP, acceptSslCerts=true, javascriptEnabled=true, browserName=firefox, rotatable=false, locationContextEnabled=true, version=12.0, cssSelectorsEnabled=true, databaseEnabled=true, handlesAlerts=true, browserConnectionEnabled=true, nativeEvents=false, webStorageEnabled=true, applicationCacheEnabled=true, takesScreenshot=true}]
SalesForce_TaxCalc,TESTCASE2,Mon Aug 25 12:39:15 IST 2014,PASS,Tax Calculation for Test case: TestCase2 Started.
SalesForce_TaxCalc,TESTCASE2,Mon Aug 25 12:40:25 IST 2014,PASS,After clicking on menu TaxNowSettings Respective page opened successfully
SalesForce_TaxCalc,TESTCASE2,Mon Aug 25 12:40:33 IST 2014,PASS,Tax now settings updated successfully
SalesForce_TaxCalc,SalesForce_TaxCalc,Mon Aug 25 14:02:53 IST 2014,FAIL,Logging into SalesForce application is Failed.
SalesForce_TaxCalc,TESTCASE1,Mon Aug 25 14:02:53 IST 2014,PASS,Tax Calculation for Test case: TestCase1 Started.
SalesForce_TaxCalc,TESTCASE1,Mon Aug 25 14:03:33 IST 2014,PASS,After clicking on menu TaxNowSettings Respective page opened successfully
SalesForce_TaxCalc,TESTCASE1,Mon Aug 25 14:03:45 IST 2014,PASS,Tax now settings updated successfully
SalesForce_TaxCalc,TESTCASE1,Mon Aug 25 14:04:00 IST 2014,PASS,After clicking on menu Accounts Respective page opened successfully
SalesForce_TaxCalc,TESTCASE1,Mon Aug 25 14:04:20 IST 2014,PASS,Opportunities created successfully
SalesForce_TaxCalc,TESTCASE1,Mon Aug 25 14:04:22 IST 2014,PASS,After clicking on menu Opportunities Respective page opened successfully
SalesForce_TaxCalc,TESTCASE1,Mon Aug 25 14:06:35 IST 2014,PASS,Avalara Status 'Temporary' verified successfully on adding products for Test case TestCase1 On Menu item : - Opportunities
SalesForce_TaxCalc,TESTCASE1,Mon Aug 25 14:06:53 IST 2014,PASS,'Total Sales Tax' 60.00 verified successfully for Test case TestCase1 on Opportunities Window.
SalesForce_TaxCalc,TESTCASE1,Mon Aug 25 14:06:53 IST 2014,PASS,Avalara Status ' Temporary' verified successfully on Calculate for Test case TestCase1 On tax calculation on Opportunities Window 
SalesForce_TaxCalc,TESTCASE1,Mon Aug 25 14:08:00 IST 2014,PASS,After clicking on menu newQuote Respective page opened successfully
SalesForce_TaxCalc,TESTCASE1,Mon Aug 25 14:09:09 IST 2014,PASS,Avalara Status 'Temporary' verified successfully on adding products for Test case TestCase1 On Menu item : - Quotes
SalesForce_TaxCalc,TESTCASE1,Mon Aug 25 14:10:02 IST 2014,FAIL,'Total Sales Tax' 120.00 NOT verified successfully for Test caseTestCase1 on Quotes Window.Expected Tax :- 120.00 and Actual Tax:- 6000060.00
SalesForce_TaxCalc,SalesForce_TaxCalc,Mon Aug 25 14:12:02 IST 2014,PASS,Logging into SalesForce application is successful.
SalesForce_TaxCalc,TESTCASE1,Mon Aug 25 14:12:02 IST 2014,PASS,Tax Calculation for Test case: TestCase1 Started.
SalesForce_TaxCalc,TESTCASE1,Mon Aug 25 14:13:21 IST 2014,PASS,After clicking on menu TaxNowSettings Respective page opened successfully
SalesForce_TaxCalc,TESTCASE1,Mon Aug 25 14:13:29 IST 2014,PASS,Tax now settings updated successfully
SalesForce_TaxCalc,TESTCASE1,Mon Aug 25 14:13:44 IST 2014,PASS,After clicking on menu Accounts Respective page opened successfully
SalesForce_TaxCalc,TESTCASE1,Mon Aug 25 14:13:56 IST 2014,PASS,Opportunities created successfully
SalesForce_TaxCalc,TESTCASE1,Mon Aug 25 14:13:57 IST 2014,PASS,After clicking on menu Opportunities Respective page opened successfully
SalesForce_TaxCalc,TESTCASE1,Mon Aug 25 14:14:13 IST 2014,PASS,Avalara Status 'Temporary' verified successfully on adding products for Test case TestCase1 On Menu item : - Opportunities
SalesForce_TaxCalc,TESTCASE1,Mon Aug 25 14:14:26 IST 2014,PASS,'Total Sales Tax' 60.00 verified successfully for Test case TestCase1 on Opportunities Window.
SalesForce_TaxCalc,TESTCASE1,Mon Aug 25 14:14:26 IST 2014,PASS,Avalara Status ' Temporary' verified successfully on Calculate for Test case TestCase1 On tax calculation on Opportunities Window 
SalesForce_TaxCalc,TESTCASE1,Mon Aug 25 14:14:56 IST 2014,PASS,After clicking on menu newQuote Respective page opened successfully
SalesForce_TaxCalc,TESTCASE1,Mon Aug 25 14:15:58 IST 2014,PASS,Avalara Status 'Temporary' verified successfully on adding products for Test case TestCase1 On Menu item : - Quotes
SalesForce_TaxCalc,SalesForce_TaxCalc,Mon Aug 25 14:19:24 IST 2014,FAIL,Logging into SalesForce application is Failed.
SalesForce_TaxCalc,TESTCASE1,Mon Aug 25 14:19:24 IST 2014,PASS,Tax Calculation for Test case: TestCase1 Started.
SalesForce_TaxCalc,TESTCASE1,Mon Aug 25 14:20:11 IST 2014,PASS,After clicking on menu TaxNowSettings Respective page opened successfully
SalesForce_TaxCalc,TESTCASE1,Mon Aug 25 14:20:23 IST 2014,PASS,Tax now settings updated successfully
SalesForce_TaxCalc,TESTCASE1,Mon Aug 25 14:20:38 IST 2014,PASS,After clicking on menu Accounts Respective page opened successfully
SalesForce_TaxCalc,TESTCASE1,Mon Aug 25 14:20:58 IST 2014,PASS,Opportunities created successfully
SalesForce_TaxCalc,TESTCASE1,Mon Aug 25 14:20:59 IST 2014,PASS,After clicking on menu Opportunities Respective page opened successfully
SalesForce_TaxCalc,TESTCASE1,Mon Aug 25 14:21:17 IST 2014,PASS,Avalara Status 'Temporary' verified successfully on adding products for Test case TestCase1 On Menu item : - Opportunities
SalesForce_TaxCalc,TESTCASE1,Mon Aug 25 14:21:26 IST 2014,PASS,'Total Sales Tax' 60.00 verified successfully for Test case TestCase1 on Opportunities Window.
SalesForce_TaxCalc,TESTCASE1,Mon Aug 25 14:21:26 IST 2014,PASS,Avalara Status ' Temporary' verified successfully on Calculate for Test case TestCase1 On tax calculation on Opportunities Window 
SalesForce_TaxCalc,TESTCASE1,Mon Aug 25 14:21:34 IST 2014,PASS,After clicking on menu newQuote Respective page opened successfully
SalesForce_TaxCalc,TESTCASE1,Mon Aug 25 14:29:01 IST 2014,PASS,Avalara Status 'Temporary' verified successfully on adding products for Test case TestCase1 On Menu item : - Quotes
SalesForce_TaxCalc,TESTCASE1,Mon Aug 25 14:42:44 IST 2014,PASS,'Total Sales Tax' 120.00 verified successfully for Test case TestCase1 on Quotes Window.
SalesForce_TaxCalc,TESTCASE1,Mon Aug 25 14:42:45 IST 2014,PASS,Avalara Status ' Temporary' verified successfully on Calculate for Test case TestCase1 On tax calculation on Quotes Window 
SalesForce_TaxCalc,TESTCASE1,Mon Aug 25 14:42:58 IST 2014,PASS,Tax Calculation for Test case: TestCase1 Ended.
