ScriptName,TCName,Date,Result,Description
OPENCART2_TAXCODE,OPENCART2_TAXCODE,Wed Mar 25 16:11:57 IST 2015,PASS,Logging into OpenCartAdmin application is successful.
OPENCART2_TAXCODE,TESTCASE1,Wed Mar 25 16:12:05 IST 2015,PASS,Tax Calculation for Test case: TestCase1 Started
OPENCART2_TAXCODE,TESTCASE1,Wed Mar 25 16:13:45 IST 2015,PASS,All the OpenCart admin setting is updated successfully
OPENCART2_TAXCODE,TESTCASE1,Wed Mar 25 16:13:57 IST 2015,PASS,OpenCart application is open successfully.
OPENCART2_TAXCODE,TESTCASE1,Wed Mar 25 16:16:42 IST 2015,PASS,'Total Sales Tax' 87.44 verified successfully for Test case TestCase1 on StoreCart Window.
OPENCART2_TAXCODE,TESTCASE1,Wed Mar 25 16:17:30 IST 2015,PASS,Logging into OpenCartAdmin application is successful.
OPENCART2_TAXCODE,TESTCASE1,Wed Mar 25 16:18:19 IST 2015,PASS,Avalara Status ' Pending' verified successfully on Calculate for Test case TestCase1 On tax calculation on AdminCart Window 
OPENCART2_TAXCODE,TESTCASE1,Wed Mar 25 16:18:40 IST 2015,FAIL,fCalculateSalesTax: Exception: org.openqa.selenium.ElementNotVisibleException: Element is not currently visible and so may not be interacted with
Command duration or timeout: 10.15 seconds
Build info: version: '2.40.0', revision: 'fbe29a9', time: '2014-02-19 20:55:11'
System info: host: 'Av-Pn-KhareA', ip: '10.240.20.98', os.name: 'Windows 7', os.arch: 'x86', os.version: '6.1', java.version: '1.6.0_45'
Session ID: ef514e0b-d8c1-4696-828e-d3482a04f968
Driver info: org.openqa.selenium.firefox.FirefoxDriver
Capabilities [{platform=XP, acceptSslCerts=true, javascriptEnabled=true, browserName=firefox, rotatable=false, locationContextEnabled=true, version=12.0, cssSelectorsEnabled=true, databaseEnabled=true, handlesAlerts=true, browserConnectionEnabled=true, nativeEvents=false, webStorageEnabled=true, applicationCacheEnabled=true, takesScreenshot=true}]
OPENCART2_TAXCODE,TESTCASE2,Wed Mar 25 16:18:40 IST 2015,PASS,Tax Calculation for Test case: TestCase2 Started
OPENCART2_TAXCODE,TESTCASE2,Wed Mar 25 16:20:19 IST 2015,PASS,All the OpenCart admin setting is updated successfully
OPENCART2_TAXCODE,TESTCASE2,Wed Mar 25 16:20:30 IST 2015,PASS,OpenCart application is open successfully.
OPENCART2_TAXCODE,TESTCASE2,Wed Mar 25 16:23:14 IST 2015,FAIL,'Total Sales Tax' 87.44 NOT verified successfully for Test caseTestCase2 on StoreCart Window.Expected Tax :- 87.44 and Actual Tax:- 87.00
OPENCART2_TAXCODE,TESTCASE3,Wed Mar 25 16:23:14 IST 2015,PASS,Tax Calculation for Test case: TestCase3 Started
OPENCART2_TAXCODE,TESTCASE3,Wed Mar 25 16:23:34 IST 2015,FAIL,fUpdateSettingsException:org.openqa.selenium.NoSuchElementException: Unable to locate element: {"method":"xpath","selector":"//li[@id='system']/a/i"}
Command duration or timeout: 10.06 seconds
For documentation on this error, please visit: http://seleniumhq.org/exceptions/no_such_element.html
Build info: version: '2.40.0', revision: 'fbe29a9', time: '2014-02-19 20:55:11'
System info: host: 'Av-Pn-KhareA', ip: '10.240.20.98', os.name: 'Windows 7', os.arch: 'x86', os.version: '6.1', java.version: '1.6.0_45'
Session ID: ef514e0b-d8c1-4696-828e-d3482a04f968
Driver info: org.openqa.selenium.firefox.FirefoxDriver
Capabilities [{platform=XP, acceptSslCerts=true, javascriptEnabled=true, browserName=firefox, rotatable=false, locationContextEnabled=true, version=12.0, cssSelectorsEnabled=true, databaseEnabled=true, handlesAlerts=true, browserConnectionEnabled=true, nativeEvents=false, webStorageEnabled=true, applicationCacheEnabled=true, takesScreenshot=true}]
OPENCART2_TAXCODE,TESTCASE4,Wed Mar 25 16:23:34 IST 2015,PASS,Tax Calculation for Test case: TestCase4 Started
OPENCART2_TAXCODE,TESTCASE4,Wed Mar 25 16:23:54 IST 2015,FAIL,fUpdateSettingsException:org.openqa.selenium.NoSuchElementException: Unable to locate element: {"method":"xpath","selector":"//li[@id='system']/a/i"}
Command duration or timeout: 10.06 seconds
For documentation on this error, please visit: http://seleniumhq.org/exceptions/no_such_element.html
Build info: version: '2.40.0', revision: 'fbe29a9', time: '2014-02-19 20:55:11'
System info: host: 'Av-Pn-KhareA', ip: '10.240.20.98', os.name: 'Windows 7', os.arch: 'x86', os.version: '6.1', java.version: '1.6.0_45'
Session ID: ef514e0b-d8c1-4696-828e-d3482a04f968
Driver info: org.openqa.selenium.firefox.FirefoxDriver
Capabilities [{platform=XP, acceptSslCerts=true, javascriptEnabled=true, browserName=firefox, rotatable=false, locationContextEnabled=true, version=12.0, cssSelectorsEnabled=true, databaseEnabled=true, handlesAlerts=true, browserConnectionEnabled=true, nativeEvents=false, webStorageEnabled=true, applicationCacheEnabled=true, takesScreenshot=true}]
OPENCART2_TAXCODE,OPENCART2_TAXCODE,Wed Mar 25 16:23:54 IST 2015,PASS,Script Ended.
OPENCART2_TAXCODE,OPENCART2_TAXCODE,Wed Mar 25 16:36:03 IST 2015,PASS,Logging into OpenCartAdmin application is successful.
OPENCART2_TAXCODE,TESTCASE1,Wed Mar 25 16:36:11 IST 2015,PASS,Tax Calculation for Test case: TestCase1 Started
OPENCART2_TAXCODE,TESTCASE1,Wed Mar 25 16:37:51 IST 2015,PASS,All the OpenCart admin setting is updated successfully
OPENCART2_TAXCODE,TESTCASE1,Wed Mar 25 16:38:03 IST 2015,PASS,OpenCart application is open successfully.
OPENCART2_TAXCODE,TESTCASE1,Wed Mar 25 16:43:44 IST 2015,PASS,'Total Sales Tax' 87.44 verified successfully for Test case TestCase1 on StoreCart Window.
OPENCART2_TAXCODE,TESTCASE1,Wed Mar 25 16:47:08 IST 2015,PASS,Logging into OpenCartAdmin application is successful.
OPENCART2_TAXCODE,TESTCASE1,Wed Mar 25 16:48:01 IST 2015,PASS,Avalara Status ' Pending' verified successfully on Calculate for Test case TestCase1 On tax calculation on AdminCart Window 
OPENCART2_TAXCODE,TESTCASE1,Wed Mar 25 16:48:22 IST 2015,FAIL,fCalculateSalesTax: Exception: org.openqa.selenium.ElementNotVisibleException: Element is not currently visible and so may not be interacted with
Command duration or timeout: 10.09 seconds
Build info: version: '2.40.0', revision: 'fbe29a9', time: '2014-02-19 20:55:11'
System info: host: 'Av-Pn-KhareA', ip: '10.240.20.98', os.name: 'Windows 7', os.arch: 'x86', os.version: '6.1', java.version: '1.6.0_45'
Session ID: 6d67eb11-8995-435a-987b-daa62795486e
Driver info: org.openqa.selenium.firefox.FirefoxDriver
Capabilities [{platform=XP, acceptSslCerts=true, javascriptEnabled=true, browserName=firefox, rotatable=false, locationContextEnabled=true, version=12.0, cssSelectorsEnabled=true, databaseEnabled=true, handlesAlerts=true, browserConnectionEnabled=true, nativeEvents=false, webStorageEnabled=true, applicationCacheEnabled=true, takesScreenshot=true}]
OPENCART2_TAXCODE,OPENCART2_TAXCODE,Wed Mar 25 16:52:40 IST 2015,PASS,Logging into OpenCartAdmin application is successful.
OPENCART2_TAXCODE,TESTCASE1,Wed Mar 25 16:52:48 IST 2015,PASS,Tax Calculation for Test case: TestCase1 Started
OPENCART2_TAXCALC,OPENCART2_TAXCALC,Wed Mar 25 16:54:12 IST 2015,PASS,Logging into OpenCartAdmin application is successful.
OPENCART2_TAXCALC,TESTCASE2,Wed Mar 25 16:54:35 IST 2015,PASS,Tax Calculation for Test case: TestCase2 Started
OPENCART2_TAXCALC,TESTCASE2,Wed Mar 25 16:56:14 IST 2015,PASS,All the OpenCart admin setting is updated successfully
OPENCART2_TAXCALC,TESTCASE2,Wed Mar 25 16:56:25 IST 2015,PASS,OpenCart application is open successfully.
OPENCART2_TAXCALC,TESTCASE2,Wed Mar 25 16:59:10 IST 2015,FAIL,'Total Sales Tax' 87.44 NOT verified successfully for Test caseTestCase2 on StoreCart Window.Expected Tax :- 87.44 and Actual Tax:- 87.00
OPENCART2_TAXCALC,OPENCART2_TAXCALC,Wed Mar 25 17:02:32 IST 2015,PASS,Logging into OpenCartAdmin application is successful.
OPENCART2_TAXCALC,TESTCASE2,Wed Mar 25 17:02:40 IST 2015,PASS,Tax Calculation for Test case: TestCase2 Started
OPENCART2_TAXCALC,TESTCASE2,Wed Mar 25 17:04:16 IST 2015,PASS,All the OpenCart admin setting is updated successfully
OPENCART2_TAXCALC,TESTCASE2,Wed Mar 25 17:04:29 IST 2015,PASS,OpenCart application is open successfully.
OPENCART2_TAXCALC,OPENCART2_TAXCALC,Wed Mar 25 17:40:14 IST 2015,PASS,Logging into OpenCartAdmin application is successful.
OPENCART2_TAXCALC,TESTCASE2,Wed Mar 25 17:40:22 IST 2015,PASS,Tax Calculation for Test case: TestCase2 Started
OPENCART2_TAXCALC,TESTCASE2,Wed Mar 25 17:42:00 IST 2015,PASS,All the OpenCart admin setting is updated successfully
OPENCART2_TAXCALC,TESTCASE2,Wed Mar 25 17:42:11 IST 2015,PASS,OpenCart application is open successfully.
OPENCART2_TAXCALC,TESTCASE2,Wed Mar 25 17:44:49 IST 2015,PASS,'Total Sales Tax' 87.00 verified successfully for Test case TestCase2 on StoreCart Window.
OPENCART2_TAXCALC,TESTCASE2,Wed Mar 25 17:45:43 IST 2015,PASS,Logging into OpenCartAdmin application is successful.
OPENCART2_TAXCALC,TESTCASE2,Wed Mar 25 17:46:32 IST 2015,PASS,Avalara Status ' Pending' verified successfully on Calculate for Test case TestCase2 On tax calculation on AdminCart Window 
OPENCART2_TAXCALC,TESTCASE2,Wed Mar 25 17:47:06 IST 2015,FAIL,fCalculateSalesTax: Exception: java.lang.ArrayIndexOutOfBoundsException: 1
OPENCART2_TAXCALC,TESTCASE3,Wed Mar 25 17:47:06 IST 2015,PASS,Tax Calculation for Test case: TestCase3 Started
OPENCART2_TAXCALC,TESTCASE3,Wed Mar 25 17:47:26 IST 2015,FAIL,fUpdateSettingsException:org.openqa.selenium.NoSuchElementException: Unable to locate element: {"method":"link text","selector":"Settings"}
Command duration or timeout: 10.33 seconds
For documentation on this error, please visit: http://seleniumhq.org/exceptions/no_such_element.html
Build info: version: '2.40.0', revision: 'fbe29a9', time: '2014-02-19 20:55:11'
System info: host: 'Av-Pn-KhareA', ip: '10.240.20.98', os.name: 'Windows 7', os.arch: 'x86', os.version: '6.1', java.version: '1.6.0_45'
Session ID: a560d664-9cd0-468f-8653-3de9b24e9814
Driver info: org.openqa.selenium.firefox.FirefoxDriver
Capabilities [{platform=XP, acceptSslCerts=true, javascriptEnabled=true, browserName=firefox, rotatable=false, locationContextEnabled=true, version=12.0, cssSelectorsEnabled=true, databaseEnabled=true, handlesAlerts=true, browserConnectionEnabled=true, nativeEvents=false, webStorageEnabled=true, applicationCacheEnabled=true, takesScreenshot=true}]
OPENCART2_TAXCALC,TESTCASE4,Wed Mar 25 17:47:26 IST 2015,PASS,Tax Calculation for Test case: TestCase4 Started
OPENCART2_TAXCALC,TESTCASE4,Wed Mar 25 17:47:47 IST 2015,FAIL,fUpdateSettingsException:org.openqa.selenium.NoSuchElementException: Unable to locate element: {"method":"link text","selector":"Settings"}
Command duration or timeout: 10.33 seconds
For documentation on this error, please visit: http://seleniumhq.org/exceptions/no_such_element.html
Build info: version: '2.40.0', revision: 'fbe29a9', time: '2014-02-19 20:55:11'
System info: host: 'Av-Pn-KhareA', ip: '10.240.20.98', os.name: 'Windows 7', os.arch: 'x86', os.version: '6.1', java.version: '1.6.0_45'
Session ID: a560d664-9cd0-468f-8653-3de9b24e9814
Driver info: org.openqa.selenium.firefox.FirefoxDriver
Capabilities [{platform=XP, acceptSslCerts=true, javascriptEnabled=true, browserName=firefox, rotatable=false, locationContextEnabled=true, version=12.0, cssSelectorsEnabled=true, databaseEnabled=true, handlesAlerts=true, browserConnectionEnabled=true, nativeEvents=false, webStorageEnabled=true, applicationCacheEnabled=true, takesScreenshot=true}]
OPENCART2_TAXCALC,OPENCART2_TAXCALC,Wed Mar 25 17:47:47 IST 2015,PASS,Script Ended.
OPENCART2_ERROR_MESSASE_DISPALYED,OPENCART2_ERROR_MESSASE_DISPALYED,Thu Mar 26 15:12:34 IST 2015,PASS,Logging into OpenCartAdmin application is successful.
OPENCART2_ERROR_MESSASE_DISPALYED,TESTCASE80,Thu Mar 26 15:12:42 IST 2015,PASS,Tax Calculation for Test case: TestCase80 Started
OPENCART2_ERROR_MESSASE_DISPALYED,TESTCASE80,Thu Mar 26 15:13:54 IST 2015,FAIL,fUpdateSettingsException:org.openqa.selenium.NoSuchElementException: Unable to locate element: {"method":"link text","selector":"Shipping"}
Command duration or timeout: 10.08 seconds
For documentation on this error, please visit: http://seleniumhq.org/exceptions/no_such_element.html
Build info: version: '2.40.0', revision: 'fbe29a9', time: '2014-02-19 20:55:11'
System info: host: 'Av-Pn-KhareA', ip: '10.240.20.85', os.name: 'Windows 7', os.arch: 'x86', os.version: '6.1', java.version: '1.6.0_45'
Session ID: 5a932639-7eae-4613-8328-fb778144e6f1
Driver info: org.openqa.selenium.firefox.FirefoxDriver
Capabilities [{platform=XP, acceptSslCerts=true, javascriptEnabled=true, browserName=firefox, rotatable=false, locationContextEnabled=true, version=12.0, cssSelectorsEnabled=true, databaseEnabled=true, handlesAlerts=true, browserConnectionEnabled=true, nativeEvents=false, webStorageEnabled=true, applicationCacheEnabled=true, takesScreenshot=true}]
OPENCART2_ERROR_MESSASE_DISPALYED,OPENCART2_ERROR_MESSASE_DISPALYED,Thu Mar 26 15:13:54 IST 2015,PASS,Script Ended.
OPENCART2_ERROR_MESSASE_DISPALYED,OPENCART2_ERROR_MESSASE_DISPALYED,Thu Mar 26 15:34:01 IST 2015,PASS,Logging into OpenCartAdmin application is successful.
OPENCART2_ERROR_MESSASE_DISPALYED,TESTCASE80,Thu Mar 26 15:34:09 IST 2015,PASS,Tax Calculation for Test case: TestCase80 Started
OPENCART2_ERROR_MESSASE_DISPALYED,TESTCASE80,Thu Mar 26 15:35:47 IST 2015,PASS,All the OpenCart admin setting is updated successfully
OPENCART2_ERROR_MESSASE_DISPALYED,TESTCASE80,Thu Mar 26 15:36:01 IST 2015,PASS,OpenCart application is open successfully.
OPENCART2_ERROR_MESSASE_DISPALYED,TESTCASE80,Thu Mar 26 15:40:38 IST 2015,PASS,Error message appeared as 
OPENCART2_ERROR_MESSASE_DISPALYED,TESTCASE80,Thu Mar 26 15:41:36 IST 2015,PASS,Logging into OpenCartAdmin application is successful.
OPENCART2_ERROR_MESSASE_DISPALYED,TESTCASE80,Thu Mar 26 15:50:53 IST 2015,PASS,Avalara Status ' Pending' verified successfully on Calculate for Test case TestCase80 On tax calculation on AdminCart Window 
OPENCART2_ERROR_MESSASE_DISPALYED,TESTCASE80,Thu Mar 26 15:51:14 IST 2015,FAIL,fCalculateSalesTax: Exception: org.openqa.selenium.ElementNotVisibleException: Element is not currently visible and so may not be interacted with
Command duration or timeout: 10.13 seconds
Build info: version: '2.40.0', revision: 'fbe29a9', time: '2014-02-19 20:55:11'
System info: host: 'Av-Pn-KhareA', ip: '10.240.20.85', os.name: 'Windows 7', os.arch: 'x86', os.version: '6.1', java.version: '1.6.0_45'
Session ID: f56f4471-d4db-4a45-98ae-4a3b9e4101c0
Driver info: org.openqa.selenium.firefox.FirefoxDriver
Capabilities [{platform=XP, acceptSslCerts=true, javascriptEnabled=true, browserName=firefox, rotatable=false, locationContextEnabled=true, version=12.0, cssSelectorsEnabled=true, databaseEnabled=true, handlesAlerts=true, browserConnectionEnabled=true, nativeEvents=false, webStorageEnabled=true, applicationCacheEnabled=true, takesScreenshot=true}]
OPENCART2_ERROR_MESSASE_DISPALYED,OPENCART2_ERROR_MESSASE_DISPALYED,Thu Mar 26 16:41:09 IST 2015,PASS,Logging into OpenCartAdmin application is successful.
OPENCART2_ERROR_MESSASE_DISPALYED,TESTCASE80,Thu Mar 26 16:41:17 IST 2015,PASS,Tax Calculation for Test case: TestCase80 Started
OPENCART2_ERROR_MESSASE_DISPALYED,TESTCASE80,Thu Mar 26 16:42:56 IST 2015,PASS,All the OpenCart admin setting is updated successfully
OPENCART2_ERROR_MESSASE_DISPALYED,TESTCASE80,Thu Mar 26 16:43:08 IST 2015,PASS,OpenCart application is open successfully.
OPENCART2_ERROR_MESSASE_DISPALYED,TESTCASE80,Thu Mar 26 16:47:58 IST 2015,PASS,Error message appeared as 
OPENCART2_ERROR_MESSASE_DISPALYED,TESTCASE80,Thu Mar 26 16:49:35 IST 2015,PASS,Logging into OpenCartAdmin application is successful.
OPENCART2_ERROR_MESSASE_DISPALYED,OPENCART2_ERROR_MESSASE_DISPALYED,Thu Mar 26 16:58:10 IST 2015,PASS,Logging into OpenCartAdmin application is successful.
OPENCART2_ERROR_MESSASE_DISPALYED,TESTCASE80,Thu Mar 26 16:58:18 IST 2015,PASS,Tax Calculation for Test case: TestCase80 Started
OPENCART2_ERROR_MESSASE_DISPALYED,TESTCASE80,Thu Mar 26 16:59:56 IST 2015,PASS,All the OpenCart admin setting is updated successfully
OPENCART2_ERROR_MESSASE_DISPALYED,TESTCASE80,Thu Mar 26 17:00:07 IST 2015,PASS,OpenCart application is open successfully.
OPENCART2_ERROR_MESSASE_DISPALYED,TESTCASE80,Thu Mar 26 17:14:03 IST 2015,PASS,Error message appeared as 
OPENCART2_ERROR_MESSASE_DISPALYED,TESTCASE80,Thu Mar 26 17:16:36 IST 2015,PASS,Logging into OpenCartAdmin application is successful.
OPENCART2_ERROR_MESSASE_DISPALYED,TESTCASE80,Thu Mar 26 17:42:44 IST 2015,PASS,Avalara Status ' Pending' verified successfully on Calculate for Test case TestCase80 On tax calculation on AdminCart Window 
OPENCART2_ERROR_MESSASE_DISPALYED,TESTCASE80,Thu Mar 26 17:43:05 IST 2015,FAIL,fCalculateSalesTax: Exception: org.openqa.selenium.ElementNotVisibleException: Element is not currently visible and so may not be interacted with
Command duration or timeout: 10.14 seconds
Build info: version: '2.40.0', revision: 'fbe29a9', time: '2014-02-19 20:55:11'
System info: host: 'Av-Pn-KhareA', ip: '10.240.20.85', os.name: 'Windows 7', os.arch: 'x86', os.version: '6.1', java.version: '1.6.0_45'
Session ID: 45961e7e-ca5d-42e9-bf9e-ab62146891c2
Driver info: org.openqa.selenium.firefox.FirefoxDriver
Capabilities [{platform=XP, acceptSslCerts=true, javascriptEnabled=true, browserName=firefox, rotatable=false, locationContextEnabled=true, version=12.0, cssSelectorsEnabled=true, databaseEnabled=true, handlesAlerts=true, browserConnectionEnabled=true, nativeEvents=false, webStorageEnabled=true, applicationCacheEnabled=true, takesScreenshot=true}]
OPENCART2_ERROR_MESSASE_DISPALYED,OPENCART2_ERROR_MESSASE_DISPALYED,Thu Mar 26 17:53:59 IST 2015,PASS,Logging into OpenCartAdmin application is successful.
OPENCART2_ERROR_MESSASE_DISPALYED,TESTCASE80,Thu Mar 26 17:54:07 IST 2015,PASS,Tax Calculation for Test case: TestCase80 Started
OPENCART2_ERROR_MESSASE_DISPALYED,TESTCASE80,Thu Mar 26 17:55:45 IST 2015,PASS,All the OpenCart admin setting is updated successfully
OPENCART2_ERROR_MESSASE_DISPALYED,TESTCASE80,Thu Mar 26 17:55:58 IST 2015,PASS,OpenCart application is open successfully.
OPENCART2_ERROR_MESSASE_DISPALYED,TESTCASE80,Thu Mar 26 17:58:45 IST 2015,PASS,Error message appeared as 
OPENCART2_ERROR_MESSASE_DISPALYED,TESTCASE80,Thu Mar 26 18:03:05 IST 2015,PASS,Logging into OpenCartAdmin application is successful.
OPENCART2_ERROR_MESSASE_DISPALYED,TESTCASE80,Thu Mar 26 18:13:48 IST 2015,PASS,Avalara Status ' Pending' verified successfully on Calculate for Test case TestCase80 On tax calculation on AdminCart Window 
OPENCART2_ERROR_MESSASE_DISPALYED,TESTCASE80,Fri Mar 27 14:26:58 IST 2015,PASS,Error message appeared as Invalid Address for Open  Cart Admin Admin
OPENCART2_ERROR_MESSASE_DISPALYED,OPENCART2_ERROR_MESSASE_DISPALYED,Fri Mar 27 14:35:56 IST 2015,PASS,Logging into OpenCartAdmin application is successful.
OPENCART2_ERROR_MESSASE_DISPALYED,TESTCASE80,Fri Mar 27 14:36:04 IST 2015,PASS,Tax Calculation for Test case: TestCase80 Started
OPENCART2_ERROR_MESSASE_DISPALYED,TESTCASE80,Fri Mar 27 14:37:45 IST 2015,PASS,All the OpenCart admin setting is updated successfully
OPENCART2_ERROR_MESSASE_DISPALYED,TESTCASE80,Fri Mar 27 14:38:03 IST 2015,PASS,OpenCart application is open successfully.
OPENCART2_ERROR_MESSASE_DISPALYED,TESTCASE80,Fri Mar 27 14:42:01 IST 2015,PASS,Error message appeared as 
OPENCART2_ERROR_MESSASE_DISPALYED,TESTCASE80,Fri Mar 27 14:50:59 IST 2015,PASS,Logging into OpenCartAdmin application is successful.
OPENCART2_ERROR_MESSASE_DISPALYED,TESTCASE80,Fri Mar 27 14:55:34 IST 2015,PASS,Avalara Status ' Pending' verified successfully on Calculate for Test case TestCase80 On tax calculation on AdminCart Window 
OPENCART2_ERROR_MESSASE_DISPALYED,OPENCART2_ERROR_MESSASE_DISPALYED,Fri Mar 27 15:23:38 IST 2015,PASS,Logging into OpenCartAdmin application is successful.
OPENCART2_ERROR_MESSASE_DISPALYED,TESTCASE80,Fri Mar 27 15:23:46 IST 2015,PASS,Tax Calculation for Test case: TestCase80 Started
OPENCART2_ERROR_MESSASE_DISPALYED,TESTCASE80,Fri Mar 27 15:25:26 IST 2015,PASS,All the OpenCart admin setting is updated successfully
OPENCART2_ERROR_MESSASE_DISPALYED,TESTCASE80,Fri Mar 27 15:25:38 IST 2015,PASS,OpenCart application is open successfully.
OPENCART2_ERROR_MESSASE_DISPALYED,TESTCASE80,Fri Mar 27 15:28:17 IST 2015,PASS,Error message appeared as 
OPENCART2_ERROR_MESSASE_DISPALYED,TESTCASE80,Fri Mar 27 15:30:32 IST 2015,PASS,Logging into OpenCartAdmin application is successful.
OPENCART2_ERROR_MESSASE_DISPALYED,TESTCASE80,Fri Mar 27 16:02:33 IST 2015,PASS,Avalara Status ' Pending' verified successfully on Calculate for Test case TestCase80 On tax calculation on AdminCart Window 
OPENCART2_ERROR_MESSASE_DISPALYED,OPENCART2_ERROR_MESSASE_DISPALYED,Fri Mar 27 16:19:27 IST 2015,PASS,Logging into OpenCartAdmin application is successful.
OPENCART2_ERROR_MESSASE_DISPALYED,TESTCASE90,Fri Mar 27 16:19:35 IST 2015,PASS,Tax Calculation for Test case: TestCase90 Started
OPENCART2_ERROR_MESSASE_DISPALYED,TESTCASE90,Fri Mar 27 16:21:16 IST 2015,PASS,All the OpenCart admin setting is updated successfully
OPENCART2_ERROR_MESSASE_DISPALYED,TESTCASE90,Fri Mar 27 16:21:27 IST 2015,PASS,OpenCart application is open successfully.
OPENCART2_ERROR_MESSASE_DISPALYED,TESTCASE90,Fri Mar 27 16:24:44 IST 2015,FAIL,'Total Sales Tax' 88.31 NOT verified successfully for Test caseTestCase90 on StoreCart Window.Expected Tax :- 88.31 and Actual Tax:- 87.44
OPENCART2_ERROR_MESSASE_DISPALYED,OPENCART2_ERROR_MESSASE_DISPALYED,Fri Mar 27 17:01:38 IST 2015,PASS,Logging into OpenCartAdmin application is successful.
OPENCART2_ERROR_MESSASE_DISPALYED,TESTCASE90,Fri Mar 27 17:01:46 IST 2015,PASS,Tax Calculation for Test case: TestCase90 Started
OPENCART2_ERROR_MESSASE_DISPALYED,TESTCASE90,Fri Mar 27 17:03:25 IST 2015,PASS,All the OpenCart admin setting is updated successfully
OPENCART2_ERROR_MESSASE_DISPALYED,TESTCASE90,Fri Mar 27 17:03:39 IST 2015,PASS,OpenCart application is open successfully.
OPENCART2_ERROR_MESSASE_DISPALYED,TESTCASE90,Fri Mar 27 17:06:46 IST 2015,PASS,'Total Sales Tax' 87.44 verified successfully for Test case TestCase90 on StoreCart Window.
OPENCART2_ERROR_MESSASE_DISPALYED,TESTCASE90,Fri Mar 27 17:09:22 IST 2015,PASS,Logging into OpenCartAdmin application is successful.
OPENCART2_ERROR_MESSASE_DISPALYED,TESTCASE90,Fri Mar 27 17:14:57 IST 2015,PASS,Avalara Status ' Pending' verified successfully on Calculate for Test case TestCase90 On tax calculation on AdminCart Window 
OPENCART2_ERROR_MESSASE_DISPALYED,TESTCASE90,Fri Mar 27 17:15:18 IST 2015,FAIL,fCalculateSalesTax: Exception: org.openqa.selenium.ElementNotVisibleException: Element is not currently visible and so may not be interacted with
Command duration or timeout: 10.17 seconds
Build info: version: '2.40.0', revision: 'fbe29a9', time: '2014-02-19 20:55:11'
System info: host: 'Av-Pn-KhareA', ip: '10.240.20.103', os.name: 'Windows 7', os.arch: 'x86', os.version: '6.1', java.version: '1.6.0_45'
Session ID: 41725132-df6a-4972-b826-722937f9daab
Driver info: org.openqa.selenium.firefox.FirefoxDriver
Capabilities [{platform=XP, acceptSslCerts=true, javascriptEnabled=true, browserName=firefox, rotatable=false, locationContextEnabled=true, version=12.0, cssSelectorsEnabled=true, databaseEnabled=true, handlesAlerts=true, browserConnectionEnabled=true, nativeEvents=false, webStorageEnabled=true, applicationCacheEnabled=true, takesScreenshot=true}]
OPENCART2_MISC_CHARGES,OPENCART2_MISC_CHARGES,Fri Mar 27 17:33:19 IST 2015,PASS,Logging into OpenCartAdmin application is successful.
OPENCART2_MISC_CHARGES,TESTCASE90,Fri Mar 27 17:33:28 IST 2015,PASS,Tax Calculation for Test case: TestCase90 Started
OPENCART2_MISC_CHARGES,TESTCASE90,Fri Mar 27 17:35:08 IST 2015,PASS,All the OpenCart admin setting is updated successfully
OPENCART2_MISC_CHARGES,TESTCASE90,Fri Mar 27 17:35:19 IST 2015,PASS,OpenCart application is open successfully.
OPENCART2_MISC_CHARGES,TESTCASE90,Fri Mar 27 17:43:27 IST 2015,PASS,'Total Sales Tax' 87.44 verified successfully for Test case TestCase90 on StoreCart Window.
OPENCART2_MISC_CHARGES,TESTCASE90,Fri Mar 27 17:44:57 IST 2015,PASS,Logging into OpenCartAdmin application is successful.
OPENCART2_MISC_CHARGES,TESTCASE90,Fri Mar 27 17:52:28 IST 2015,PASS,Avalara Status ' Pending' verified successfully on Calculate for Test case TestCase90 On tax calculation on AdminCart Window 
OPENCART2_MISC_CHARGES,TESTCASE90,Fri Mar 27 17:56:19 IST 2015,FAIL,fCalculateSalesTax: Exception: java.lang.ArrayIndexOutOfBoundsException: 1
OPENCART2_MISC_CHARGES,OPENCART2_MISC_CHARGES,Mon Mar 30 14:19:06 IST 2015,PASS,Logging into OpenCartAdmin application is successful.
OPENCART2_MISC_CHARGES,TESTCASE90,Mon Mar 30 14:19:14 IST 2015,PASS,Tax Calculation for Test case: TestCase90 Started
OPENCART2_MISC_CHARGES,TESTCASE90,Mon Mar 30 14:20:53 IST 2015,PASS,All the OpenCart admin setting is updated successfully
OPENCART2_MISC_CHARGES,TESTCASE90,Mon Mar 30 14:21:07 IST 2015,PASS,OpenCart application is open successfully.
OPENCART2_MISC_CHARGES,TESTCASE90,Mon Mar 30 14:23:45 IST 2015,PASS,'Total Sales Tax' 87.44 verified successfully for Test case TestCase90 on StoreCart Window.
OPENCART2_MISC_CHARGES,TESTCASE90,Mon Mar 30 14:24:38 IST 2015,PASS,Logging into OpenCartAdmin application is successful.
OPENCART2_MISC_CHARGES,TESTCASE90,Mon Mar 30 14:25:26 IST 2015,PASS,Avalara Status ' Pending' verified successfully on Calculate for Test case TestCase90 On tax calculation on AdminCart Window 
OPENCART2_MISC_CHARGES,TESTCASE90,Mon Mar 30 14:25:59 IST 2015,FAIL,fCalculateSalesTax: Exception: java.lang.ArrayIndexOutOfBoundsException: 1
OPENCART2_MISC_CHARGES,TESTCASE91,Mon Mar 30 14:25:59 IST 2015,PASS,Tax Calculation for Test case: TestCase91 Started
OPENCART2_MISC_CHARGES,TESTCASE91,Mon Mar 30 14:26:20 IST 2015,FAIL,fUpdateSettingsException:org.openqa.selenium.NoSuchElementException: Unable to locate element: {"method":"link text","selector":"Settings"}
Command duration or timeout: 10.25 seconds
For documentation on this error, please visit: http://seleniumhq.org/exceptions/no_such_element.html
Build info: version: '2.40.0', revision: 'fbe29a9', time: '2014-02-19 20:55:11'
System info: host: 'Av-Pn-KhareA', ip: '10.240.20.103', os.name: 'Windows 7', os.arch: 'x86', os.version: '6.1', java.version: '1.6.0_45'
Session ID: 1e327507-c820-4e44-ae09-732e2b9ccea6
Driver info: org.openqa.selenium.firefox.FirefoxDriver
Capabilities [{platform=XP, acceptSslCerts=true, javascriptEnabled=true, browserName=firefox, rotatable=false, locationContextEnabled=true, version=12.0, cssSelectorsEnabled=true, databaseEnabled=true, handlesAlerts=true, browserConnectionEnabled=true, nativeEvents=false, webStorageEnabled=true, applicationCacheEnabled=true, takesScreenshot=true}]
OPENCART2_MISC_CHARGES,OPENCART2_MISC_CHARGES,Mon Mar 30 14:26:20 IST 2015,PASS,Script Ended.
OPENCART2_MISC_CHARGES,OPENCART2_MISC_CHARGES,Mon Mar 30 16:37:28 IST 2015,PASS,Logging into OpenCartAdmin application is successful.
OPENCART2_MISC_CHARGES,TESTCASE91,Mon Mar 30 16:37:36 IST 2015,PASS,Tax Calculation for Test case: TestCase91 Started
OPENCART2_MISC_CHARGES,TESTCASE91,Mon Mar 30 16:39:18 IST 2015,PASS,All the OpenCart admin setting is updated successfully
OPENCART2_MISC_CHARGES,TESTCASE91,Mon Mar 30 16:39:31 IST 2015,PASS,OpenCart application is open successfully.
OPENCART2_MISC_CHARGES,TESTCASE91,Mon Mar 30 16:42:11 IST 2015,PASS,'Total Sales Tax' 87.00 verified successfully for Test case TestCase91 on StoreCart Window.
OPENCART2_MISC_CHARGES,TESTCASE91,Mon Mar 30 16:43:05 IST 2015,PASS,Logging into OpenCartAdmin application is successful.
OPENCART2_MISC_CHARGES,TESTCASE91,Mon Mar 30 16:43:53 IST 2015,PASS,Avalara Status ' Pending' verified successfully on Calculate for Test case TestCase91 On tax calculation on AdminCart Window 
OPENCART2_MISC_CHARGES,TESTCASE91,Mon Mar 30 16:44:27 IST 2015,FAIL,fCalculateSalesTax: Exception: java.lang.ArrayIndexOutOfBoundsException: 1
OPENCART2_MISC_CHARGES,OPENCART2_MISC_CHARGES,Mon Mar 30 16:44:27 IST 2015,PASS,Script Ended.
OPENCART2_MISC_CHARGES,OPENCART2_MISC_CHARGES,Mon Mar 30 17:29:54 IST 2015,PASS,Logging into OpenCartAdmin application is successful.
OPENCART2_MISC_CHARGES,TESTCASE91,Mon Mar 30 17:30:02 IST 2015,PASS,Tax Calculation for Test case: TestCase91 Started
OPENCART2_MISC_CHARGES,TESTCASE91,Mon Mar 30 17:31:39 IST 2015,PASS,All the OpenCart admin setting is updated successfully
OPENCART2_MISC_CHARGES,TESTCASE91,Mon Mar 30 17:31:51 IST 2015,PASS,OpenCart application is open successfully.
OPENCART2_MISC_CHARGES,TESTCASE91,Mon Mar 30 17:53:43 IST 2015,PASS,'Total Sales Tax' 87.00 verified successfully for Test case TestCase91 on StoreCart Window.
OPENCART2_MISC_CHARGES,TESTCASE91,Mon Mar 30 17:54:36 IST 2015,PASS,Logging into OpenCartAdmin application is successful.
OPENCART2_MISC_CHARGES,TESTCASE91,Mon Mar 30 18:36:42 IST 2015,PASS,Avalara Status ' Pending' verified successfully on Calculate for Test case TestCase91 On tax calculation on AdminCart Window 
OPENCART2_MISC_CHARGES,OPENCART2_MISC_CHARGES,Tue Mar 31 11:24:34 IST 2015,PASS,Logging into OpenCartAdmin application is successful.
OPENCART2_MISC_CHARGES,TESTCASE91,Tue Mar 31 11:24:42 IST 2015,PASS,Tax Calculation for Test case: TestCase91 Started
OPENCART2_MISC_CHARGES,TESTCASE91,Tue Mar 31 11:26:21 IST 2015,PASS,All the OpenCart admin setting is updated successfully
OPENCART2_MISC_CHARGES,TESTCASE91,Tue Mar 31 11:26:33 IST 2015,PASS,OpenCart application is open successfully.
OPENCART2_MISC_CHARGES,TESTCASE91,Tue Mar 31 11:29:12 IST 2015,PASS,'Total Sales Tax' 87.00 verified successfully for Test case TestCase91 on StoreCart Window.
OPENCART2_MISC_CHARGES,TESTCASE91,Tue Mar 31 11:30:05 IST 2015,PASS,Logging into OpenCartAdmin application is successful.
OPENCART2_MISC_CHARGES,TESTCASE91,Tue Mar 31 11:30:54 IST 2015,PASS,Avalara Status ' Pending' verified successfully on Calculate for Test case TestCase91 On tax calculation on AdminCart Window 
OPENCART2_MISC_CHARGES,TESTCASE91,Tue Mar 31 11:31:29 IST 2015,PASS,'Total Sales Tax' 87.00 verified successfully for Test case TestCase91 on AdminCart Window.
OPENCART2_MISC_CHARGES,TESTCASE91,Tue Mar 31 11:31:50 IST 2015,FAIL,fCalculateSalesTax: Exception: org.openqa.selenium.NoSuchElementException: Unable to locate element: {"method":"link text","selector":"Filter"}
Command duration or timeout: 10.39 seconds
For documentation on this error, please visit: http://seleniumhq.org/exceptions/no_such_element.html
Build info: version: '2.40.0', revision: 'fbe29a9', time: '2014-02-19 20:55:11'
System info: host: 'Av-Pn-KhareA', ip: '10.240.20.115', os.name: 'Windows 7', os.arch: 'x86', os.version: '6.1', java.version: '1.6.0_45'
Session ID: 7673ec6b-7228-4c21-8470-b1efcc6e4d14
Driver info: org.openqa.selenium.firefox.FirefoxDriver
Capabilities [{platform=XP, acceptSslCerts=true, javascriptEnabled=true, browserName=firefox, rotatable=false, locationContextEnabled=true, version=12.0, cssSelectorsEnabled=true, databaseEnabled=true, handlesAlerts=true, browserConnectionEnabled=true, nativeEvents=false, webStorageEnabled=true, applicationCacheEnabled=true, takesScreenshot=true}]
OPENCART2_MISC_CHARGES,OPENCART2_MISC_CHARGES,Tue Mar 31 11:31:50 IST 2015,PASS,Script Ended.
OPENCART2_MISC_CHARGES,OPENCART2_MISC_CHARGES,Tue Mar 31 11:39:12 IST 2015,PASS,Logging into OpenCartAdmin application is successful.
OPENCART2_MISC_CHARGES,TESTCASE91,Tue Mar 31 11:39:20 IST 2015,PASS,Tax Calculation for Test case: TestCase91 Started
OPENCART2_MISC_CHARGES,TESTCASE91,Tue Mar 31 11:41:00 IST 2015,PASS,All the OpenCart admin setting is updated successfully
OPENCART2_MISC_CHARGES,TESTCASE91,Tue Mar 31 11:41:12 IST 2015,PASS,OpenCart application is open successfully.
OPENCART2_MISC_CHARGES,TESTCASE91,Tue Mar 31 11:43:51 IST 2015,PASS,'Total Sales Tax' 87.00 verified successfully for Test case TestCase91 on StoreCart Window.
OPENCART2_MISC_CHARGES,TESTCASE91,Tue Mar 31 11:44:43 IST 2015,PASS,Logging into OpenCartAdmin application is successful.
OPENCART2_MISC_CHARGES,TESTCASE91,Tue Mar 31 12:10:49 IST 2015,PASS,Avalara Status ' Pending' verified successfully on Calculate for Test case TestCase91 On tax calculation on AdminCart Window 
OPENCART2_MISC_CHARGES,TESTCASE91,Tue Mar 31 12:11:53 IST 2015,PASS,'Total Sales Tax' 87.00 verified successfully for Test case TestCase91 on AdminCart Window.
OPENCART2_MISC_CHARGES,OPENCART2_MISC_CHARGES,Tue Mar 31 12:35:51 IST 2015,PASS,Logging into OpenCartAdmin application is successful.
OPENCART2_MISC_CHARGES,TESTCASE91,Tue Mar 31 12:35:59 IST 2015,PASS,Tax Calculation for Test case: TestCase91 Started
OPENCART2_MISC_CHARGES,TESTCASE91,Tue Mar 31 12:37:37 IST 2015,PASS,All the OpenCart admin setting is updated successfully
OPENCART2_MISC_CHARGES,TESTCASE91,Tue Mar 31 12:37:49 IST 2015,PASS,OpenCart application is open successfully.
OPENCART2_MISC_CHARGES,TESTCASE91,Tue Mar 31 12:40:28 IST 2015,PASS,'Total Sales Tax' 87.00 verified successfully for Test case TestCase91 on StoreCart Window.
OPENCART2_MISC_CHARGES,TESTCASE91,Tue Mar 31 12:41:22 IST 2015,PASS,Logging into OpenCartAdmin application is successful.
OPENCART2_MISC_CHARGES,TESTCASE91,Tue Mar 31 12:42:11 IST 2015,PASS,Avalara Status ' Pending' verified successfully on Calculate for Test case TestCase91 On tax calculation on AdminCart Window 
OPENCART2_MISC_CHARGES,TESTCASE91,Tue Mar 31 12:42:47 IST 2015,PASS,'Total Sales Tax' 87.00 verified successfully for Test case TestCase91 on AdminCart Window.
OPENCART2_MISC_CHARGES,OPENCART2_MISC_CHARGES,Tue Mar 31 12:47:53 IST 2015,PASS,Logging into OpenCartAdmin application is successful.
OPENCART2_MISC_CHARGES,TESTCASE91,Tue Mar 31 12:48:01 IST 2015,PASS,Tax Calculation for Test case: TestCase91 Started
OPENCART2_MISC_CHARGES,TESTCASE91,Tue Mar 31 12:49:39 IST 2015,PASS,All the OpenCart admin setting is updated successfully
OPENCART2_MISC_CHARGES,TESTCASE91,Tue Mar 31 12:49:51 IST 2015,PASS,OpenCart application is open successfully.
OPENCART2_MISC_CHARGES,TESTCASE91,Tue Mar 31 12:52:30 IST 2015,PASS,'Total Sales Tax' 87.00 verified successfully for Test case TestCase91 on StoreCart Window.
OPENCART2_MISC_CHARGES,TESTCASE91,Tue Mar 31 12:53:24 IST 2015,PASS,Logging into OpenCartAdmin application is successful.
OPENCART2_MISC_CHARGES,TESTCASE91,Tue Mar 31 12:54:12 IST 2015,PASS,Avalara Status ' Pending' verified successfully on Calculate for Test case TestCase91 On tax calculation on AdminCart Window 
OPENCART2_MISC_CHARGES,TESTCASE91,Tue Mar 31 12:54:48 IST 2015,PASS,'Total Sales Tax' 87.00 verified successfully for Test case TestCase91 on AdminCart Window.
OPENCART2_MISC_CHARGES,TESTCASE91,Tue Mar 31 12:55:53 IST 2015,PASS,Avalara Status ' Complete' verified successfully on Calculate for Test case TestCase91 On tax calculation on AdminCart Window 
OPENCART_TAXCODE,OPENCART_TAXCODE,Tue Mar 31 12:57:59 IST 2015,PASS,Logging into OpenCartAdmin application is successful.
OPENCART_TAXCODE,TESTCASE40,Tue Mar 31 12:58:07 IST 2015,PASS,Tax Calculation for Test case: TestCase40 Started
OPENCART_TAXCODE,TESTCASE40,Tue Mar 31 12:59:42 IST 2015,PASS,All the OpenCart admin setting is updated successfully
OPENCART_TAXCODE,TESTCASE40,Tue Mar 31 12:59:56 IST 2015,PASS,Logging into OpenCart application is successful.
OPENCART_TAXCODE,TESTCASE40,Tue Mar 31 13:01:51 IST 2015,FAIL,fCalculateSalesTax: Exception: org.openqa.selenium.NoSuchElementException: Unable to locate element: {"method":"xpath","selector":"//div[5]/div[2]/div/div/input"}
Command duration or timeout: 10.15 seconds
For documentation on this error, please visit: http://seleniumhq.org/exceptions/no_such_element.html
Build info: version: '2.40.0', revision: 'fbe29a9', time: '2014-02-19 20:55:11'
System info: host: 'Av-Pn-KhareA', ip: '10.240.20.115', os.name: 'Windows 7', os.arch: 'x86', os.version: '6.1', java.version: '1.6.0_45'
Session ID: 204acc0a-4bf0-4ad6-a29e-1abd658597c4
Driver info: org.openqa.selenium.firefox.FirefoxDriver
Capabilities [{platform=XP, acceptSslCerts=true, javascriptEnabled=true, browserName=firefox, rotatable=false, locationContextEnabled=true, version=12.0, cssSelectorsEnabled=true, databaseEnabled=true, handlesAlerts=true, browserConnectionEnabled=true, nativeEvents=false, webStorageEnabled=true, applicationCacheEnabled=true, takesScreenshot=true}]
OPENCART_TAXCODE,TESTCASE41,Tue Mar 31 13:01:51 IST 2015,PASS,Tax Calculation for Test case: TestCase41 Started
OPENCART_TAXCODE,TESTCASE41,Tue Mar 31 13:02:11 IST 2015,FAIL,fUpdateSettingsException:org.openqa.selenium.NoSuchElementException: Unable to locate element: {"method":"link text","selector":"System"}
Command duration or timeout: 10.15 seconds
For documentation on this error, please visit: http://seleniumhq.org/exceptions/no_such_element.html
Build info: version: '2.40.0', revision: 'fbe29a9', time: '2014-02-19 20:55:11'
System info: host: 'Av-Pn-KhareA', ip: '10.240.20.115', os.name: 'Windows 7', os.arch: 'x86', os.version: '6.1', java.version: '1.6.0_45'
Session ID: 204acc0a-4bf0-4ad6-a29e-1abd658597c4
Driver info: org.openqa.selenium.firefox.FirefoxDriver
Capabilities [{platform=XP, acceptSslCerts=true, javascriptEnabled=true, browserName=firefox, rotatable=false, locationContextEnabled=true, version=12.0, cssSelectorsEnabled=true, databaseEnabled=true, handlesAlerts=true, browserConnectionEnabled=true, nativeEvents=false, webStorageEnabled=true, applicationCacheEnabled=true, takesScreenshot=true}]
OPENCART_TAXCODE,TESTCASE42,Tue Mar 31 13:02:11 IST 2015,PASS,Tax Calculation for Test case: TestCase42 Started
OPENCART_TAXCODE,TESTCASE42,Tue Mar 31 13:02:31 IST 2015,FAIL,fUpdateSettingsException:org.openqa.selenium.NoSuchElementException: Unable to locate element: {"method":"link text","selector":"System"}
Command duration or timeout: 10.25 seconds
For documentation on this error, please visit: http://seleniumhq.org/exceptions/no_such_element.html
Build info: version: '2.40.0', revision: 'fbe29a9', time: '2014-02-19 20:55:11'
System info: host: 'Av-Pn-KhareA', ip: '10.240.20.115', os.name: 'Windows 7', os.arch: 'x86', os.version: '6.1', java.version: '1.6.0_45'
Session ID: 204acc0a-4bf0-4ad6-a29e-1abd658597c4
Driver info: org.openqa.selenium.firefox.FirefoxDriver
Capabilities [{platform=XP, acceptSslCerts=true, javascriptEnabled=true, browserName=firefox, rotatable=false, locationContextEnabled=true, version=12.0, cssSelectorsEnabled=true, databaseEnabled=true, handlesAlerts=true, browserConnectionEnabled=true, nativeEvents=false, webStorageEnabled=true, applicationCacheEnabled=true, takesScreenshot=true}]
OPENCART_TAXCODE,OPENCART_TAXCODE,Tue Mar 31 13:02:31 IST 2015,PASS,Script Ended.
OPENCART_TAXCODE,OPENCART_TAXCODE,Tue Mar 31 13:29:33 IST 2015,PASS,Logging into OpenCartAdmin application is successful.
OPENCART_TAXCODE,TESTCASE40,Tue Mar 31 13:29:41 IST 2015,PASS,Tax Calculation for Test case: TestCase40 Started
OPENCART2_TAXCODE,OPENCART2_TAXCODE,Tue Mar 31 13:30:55 IST 2015,PASS,Logging into OpenCartAdmin application is successful.
OPENCART2_TAXCODE,TESTCASE40,Tue Mar 31 13:31:03 IST 2015,PASS,Tax Calculation for Test case: TestCase40 Started
OPENCART2_TAXCODE,TESTCASE40,Tue Mar 31 13:32:41 IST 2015,PASS,All the OpenCart admin setting is updated successfully
OPENCART2_TAXCODE,TESTCASE40,Tue Mar 31 13:32:53 IST 2015,PASS,OpenCart application is open successfully.
OPENCART2_TAXCODE,TESTCASE40,Tue Mar 31 13:35:43 IST 2015,FAIL,'Total Sales Tax' 87.44 NOT verified successfully for Test caseTestCase40 on StoreCart Window.Expected Tax :- 87.44 and Actual Tax:- 27.00
OPENCART2_TAXCODE,OPENCART2_TAXCODE,Tue Mar 31 14:18:36 IST 2015,PASS,Logging into OpenCartAdmin application is successful.
OPENCART2_TAXCODE,TESTCASE40,Tue Mar 31 14:18:44 IST 2015,PASS,Tax Calculation for Test case: TestCase40 Started
OPENCART2_TAXCODE,TESTCASE40,Tue Mar 31 14:20:22 IST 2015,PASS,All the OpenCart admin setting is updated successfully
OPENCART2_TAXCODE,TESTCASE40,Tue Mar 31 14:20:34 IST 2015,PASS,OpenCart application is open successfully.
OPENCART2_TAXCODE,TESTCASE40,Tue Mar 31 14:23:23 IST 2015,PASS,'Total Sales Tax' 27.00 verified successfully for Test case TestCase40 on StoreCart Window.
OPENCART2_TAXCODE,TESTCASE40,Tue Mar 31 14:24:48 IST 2015,PASS,Logging into OpenCartAdmin application is successful.
OPENCART2_TAXCODE,TESTCASE40,Tue Mar 31 14:25:44 IST 2015,PASS,Avalara Status ' Pending' verified successfully on Calculate for Test case TestCase40 On tax calculation on AdminCart Window 
OPENCART2_TAXCODE,TESTCASE40,Tue Mar 31 14:26:05 IST 2015,FAIL,fCalculateSalesTax: Exception: org.openqa.selenium.ElementNotVisibleException: Element is not currently visible and so may not be interacted with
Command duration or timeout: 10.08 seconds
Build info: version: '2.40.0', revision: 'fbe29a9', time: '2014-02-19 20:55:11'
System info: host: 'Av-Pn-KhareA', ip: '10.240.20.115', os.name: 'Windows 7', os.arch: 'x86', os.version: '6.1', java.version: '1.6.0_45'
Session ID: 0276e538-2282-48d9-9e1d-3f550b2dcb4a
Driver info: org.openqa.selenium.firefox.FirefoxDriver
Capabilities [{platform=XP, acceptSslCerts=true, javascriptEnabled=true, browserName=firefox, rotatable=false, locationContextEnabled=true, version=12.0, cssSelectorsEnabled=true, databaseEnabled=true, handlesAlerts=true, browserConnectionEnabled=true, nativeEvents=false, webStorageEnabled=true, applicationCacheEnabled=true, takesScreenshot=true}]
OPENCART2_TAXCODE,OPENCART2_TAXCODE,Tue Mar 31 14:30:07 IST 2015,PASS,Logging into OpenCartAdmin application is successful.
OPENCART2_TAXCODE,TESTCASE40,Tue Mar 31 14:30:15 IST 2015,PASS,Tax Calculation for Test case: TestCase40 Started
OPENCART2_TAXCODE,TESTCASE40,Tue Mar 31 14:31:53 IST 2015,PASS,All the OpenCart admin setting is updated successfully
OPENCART2_TAXCODE,TESTCASE40,Tue Mar 31 14:32:05 IST 2015,PASS,OpenCart application is open successfully.
OPENCART2_TAXCODE,TESTCASE40,Tue Mar 31 14:34:43 IST 2015,PASS,'Total Sales Tax' 27.00 verified successfully for Test case TestCase40 on StoreCart Window.
OPENCART2_TAXCODE,TESTCASE40,Tue Mar 31 14:35:37 IST 2015,PASS,Logging into OpenCartAdmin application is successful.
OPENCART2_TAXCODE,TESTCASE40,Tue Mar 31 14:36:26 IST 2015,PASS,Avalara Status ' Pending' verified successfully on Calculate for Test case TestCase40 On tax calculation on AdminCart Window 
OPENCART2_TAXCODE,TESTCASE40,Tue Mar 31 14:37:01 IST 2015,PASS,'Total Sales Tax' 27.00 verified successfully for Test case TestCase40 on AdminCart Window.
OPENCART2_TAXCODE,TESTCASE40,Tue Mar 31 14:37:21 IST 2015,PASS,Avalara Status ' Complete' verified successfully on Calculate for Test case TestCase40 On tax calculation on AdminCart Window 
OPENCART2_TAXCODE,TESTCASE41,Tue Mar 31 14:37:21 IST 2015,PASS,Tax Calculation for Test case: TestCase41 Started
OPENCART2_TAXCODE,TESTCASE41,Tue Mar 31 14:38:59 IST 2015,PASS,All the OpenCart admin setting is updated successfully
OPENCART2_TAXCODE,TESTCASE41,Tue Mar 31 14:39:10 IST 2015,PASS,OpenCart application is open successfully.
OPENCART2_TAXCODE,TESTCASE41,Tue Mar 31 14:39:34 IST 2015,FAIL,fCalculateSalesTax: Exception: java.lang.NullPointerException
OPENCART2_TAXCODE,TESTCASE42,Tue Mar 31 14:39:34 IST 2015,PASS,Tax Calculation for Test case: TestCase42 Started
OPENCART2_TAXCODE,TESTCASE42,Tue Mar 31 14:39:54 IST 2015,FAIL,fUpdateSettingsException:org.openqa.selenium.NoSuchElementException: Unable to locate element: {"method":"xpath","selector":"//li[@id='system']/a/i"}
Command duration or timeout: 10.15 seconds
For documentation on this error, please visit: http://seleniumhq.org/exceptions/no_such_element.html
Build info: version: '2.40.0', revision: 'fbe29a9', time: '2014-02-19 20:55:11'
System info: host: 'Av-Pn-KhareA', ip: '10.240.20.115', os.name: 'Windows 7', os.arch: 'x86', os.version: '6.1', java.version: '1.6.0_45'
Session ID: 5cad1844-2297-412f-a042-36caad4a976c
Driver info: org.openqa.selenium.firefox.FirefoxDriver
Capabilities [{platform=XP, acceptSslCerts=true, javascriptEnabled=true, browserName=firefox, rotatable=false, locationContextEnabled=true, version=12.0, cssSelectorsEnabled=true, databaseEnabled=true, handlesAlerts=true, browserConnectionEnabled=true, nativeEvents=false, webStorageEnabled=true, applicationCacheEnabled=true, takesScreenshot=true}]
OPENCART2_TAXCODE,OPENCART2_TAXCODE,Tue Mar 31 14:39:54 IST 2015,PASS,Script Ended.
