ScriptName,TCName,Date,Result,Description
SalesForce_MISC_Charges,SalesForce_MISC_Charges,Wed Apr 02 17:54:52 IST 2014,FAIL,Logging into SalesForce application is Failed.
SalesForce_MISC_Charges,TESTCASE100,Wed Apr 02 17:54:52 IST 2014,PASS,Tax Calculation for Test case: TestCase100 Started.
SalesForce_MISC_Charges,TESTCASE100,Wed Apr 02 17:55:08 IST 2014,PASS,After clicking on menu TaxNowSettings Respective page opened successfully
SalesForce_MISC_Charges,TESTCASE100,Wed Apr 02 17:55:13 IST 2014,PASS,Tax now settings updated successfully
SalesForce_MISC_Charges,TESTCASE100,Wed Apr 02 17:55:25 IST 2014,PASS,After clicking on menu Accounts Respective page opened successfully
SalesForce_MISC_Charges,TESTCASE100,Wed Apr 02 17:55:34 IST 2014,PASS,Opportunities created successfully
SalesForce_MISC_Charges,TESTCASE100,Wed Apr 02 17:55:35 IST 2014,PASS,After clicking on menu Opportunities Respective page opened successfully
SalesForce_MISC_Charges,TESTCASE100,Wed Apr 02 17:55:46 IST 2014,PASS,Avalara Status 'Temporary' verified successfully on adding products for Test case TestCase100 On Menu item : - Opportunities
SalesForce_MISC_Charges,TESTCASE100,Wed Apr 02 17:55:52 IST 2014,FAIL,'Total Sales Tax' 77.50 NOT verified successfully for Test caseTestCase100 on Opportunities Window.Expected Tax :- 77.50 and Actual Tax:- 0.00
SalesForce_MISC_Charges,SalesForce_MISC_Charges,Wed Apr 02 17:55:52 IST 2014,PASS,Script Ended.
SalesForce_MISC_Charges,SalesForce_MISC_Charges,Thu Apr 03 10:47:20 IST 2014,PASS,Logging into SalesForce application is successful.
SalesForce_MISC_Charges,TESTCASE100,Thu Apr 03 10:47:20 IST 2014,PASS,Tax Calculation for Test case: TestCase100 Started.
SalesForce_MISC_Charges,TESTCASE100,Thu Apr 03 10:47:26 IST 2014,PASS,After clicking on menu TaxNowSettings Respective page opened successfully
SalesForce_MISC_Charges,TESTCASE100,Thu Apr 03 10:47:31 IST 2014,PASS,Tax now settings updated successfully
SalesForce_MISC_Charges,TESTCASE100,Thu Apr 03 10:47:43 IST 2014,PASS,After clicking on menu Accounts Respective page opened successfully
SalesForce_MISC_Charges,TESTCASE100,Thu Apr 03 10:47:53 IST 2014,PASS,Opportunities created successfully
SalesForce_MISC_Charges,TESTCASE100,Thu Apr 03 10:47:54 IST 2014,PASS,After clicking on menu Opportunities Respective page opened successfully
SalesForce_MISC_Charges,TESTCASE100,Thu Apr 03 10:48:05 IST 2014,PASS,Avalara Status 'Temporary' verified successfully on adding products for Test case TestCase100 On Menu item : - Opportunities
SalesForce_MISC_Charges,TESTCASE100,Thu Apr 03 10:48:12 IST 2014,PASS,'Total Sales Tax' 77.50 verified successfully for Test case TestCase100 on Opportunities Window.
SalesForce_MISC_Charges,TESTCASE100,Thu Apr 03 10:48:12 IST 2014,FAIL,'Misc Tax' 7.50 NOT verified successfully for Test caseTestCase100 on Opportunities Window.Expected Tax :- 7.50 and Actual Tax:- 7.75
SalesForce_MISC_Charges,SalesForce_MISC_Charges,Thu Apr 03 10:48:12 IST 2014,PASS,Script Ended.
SalesForce_MISC_Charges,SalesForce_MISC_Charges,Thu Apr 03 10:51:08 IST 2014,PASS,Logging into SalesForce application is successful.
SalesForce_MISC_Charges,TESTCASE100,Thu Apr 03 10:51:08 IST 2014,PASS,Tax Calculation for Test case: TestCase100 Started.
SalesForce_MISC_Charges,TESTCASE100,Thu Apr 03 10:51:14 IST 2014,PASS,After clicking on menu TaxNowSettings Respective page opened successfully
SalesForce_MISC_Charges,TESTCASE100,Thu Apr 03 10:51:18 IST 2014,PASS,Tax now settings updated successfully
SalesForce_MISC_Charges,TESTCASE100,Thu Apr 03 10:51:29 IST 2014,PASS,After clicking on menu Accounts Respective page opened successfully
SalesForce_MISC_Charges,TESTCASE100,Thu Apr 03 10:51:38 IST 2014,PASS,Opportunities created successfully
SalesForce_MISC_Charges,TESTCASE100,Thu Apr 03 10:51:39 IST 2014,PASS,After clicking on menu Opportunities Respective page opened successfully
SalesForce_MISC_Charges,TESTCASE100,Thu Apr 03 10:51:49 IST 2014,PASS,Avalara Status 'Temporary' verified successfully on adding products for Test case TestCase100 On Menu item : - Opportunities
SalesForce_MISC_Charges,TESTCASE100,Thu Apr 03 10:51:56 IST 2014,PASS,'Total Sales Tax' 77.50 verified successfully for Test case TestCase100 on Opportunities Window.
SalesForce_MISC_Charges,TESTCASE100,Thu Apr 03 10:51:56 IST 2014,PASS,'Misc Tax' 7.75 verified successfully for Test caseTestCase100 on Opportunities Window.
SalesForce_MISC_Charges,TESTCASE100,Thu Apr 03 10:51:56 IST 2014,PASS,Avalara Status ' Saved' verified successfully on Calculate for Test case TestCase100 On tax calculation on Opportunities Window 
SalesForce_MISC_Charges,TESTCASE100,Thu Apr 03 10:52:00 IST 2014,PASS,'Total Sales Tax' 77.50 verified successfully for Test case TestCase100 on Finalize Opportunity Window.
SalesForce_MISC_Charges,TESTCASE100,Thu Apr 03 10:52:00 IST 2014,PASS,'Misc Tax' 7.75 verified successfully for Test caseTestCase100 on Finalize Opportunity Window.
SalesForce_MISC_Charges,TESTCASE100,Thu Apr 03 10:52:01 IST 2014,PASS,Avalara Status ' Committed' verified successfully on Calculate for Test case TestCase100 On tax calculation on Finalize Opportunity Window 
SalesForce_MISC_Charges,TESTCASE100,Thu Apr 03 10:52:10 IST 2014,PASS,After clicking on menu newQuote Respective page opened successfully
SalesForce_MISC_Charges,TESTCASE100,Thu Apr 03 10:52:20 IST 2014,FAIL,Avalara Status 'Temporary' NOT verified successfully on adding products for Test case TestCase100 On Menu item : - QuotesExpected : Temporary and Actual:Saved
SalesForce_MISC_Charges,SalesForce_MISC_Charges,Thu Apr 03 10:52:20 IST 2014,PASS,Script Ended.
