ScriptName,TCName,Date,Result,Description
SalesForce_AddressValidation,SalesForce_AddressValidation,Thu Jun 23 17:31:52 IST 2016,PASS,Logging into SalesForce application is successful.
SalesForce_AddressValidation,TESTCASE60,Thu Jun 23 17:31:52 IST 2016,PASS,Address Validation for Test case: TestCase60 Started.
SalesForce_AddressValidation,TESTCASE60,Thu Jun 23 17:32:39 IST 2016,PASS,After clicking on menu TaxNowSettings Respective page opened successfully
SalesForce_AddressValidation,TESTCASE60,Thu Jun 23 17:33:02 IST 2016,PASS,Avalara Configuration settings updated successfully
SalesForce_AddressValidation,TESTCASE60,Thu Jun 23 17:33:19 IST 2016,PASS,Avalara Address Validation Test Case' verified successfully for TestCase60TaxNowSettings Window 
SalesForce_AddressValidation,TESTCASE60,Thu Jun 23 17:33:31 IST 2016,PASS,Address validation saved successfully
SalesForce_AddressValidation,TESTCASE60,Thu Jun 23 17:34:29 IST 2016,PASS,After clicking on menu Contacts Respective page opened successfully
SalesForce_AddressValidation,TESTCASE60,Thu Jun 23 17:34:41 IST 2016,PASS,Avalara Address Validation Test Case' verified successfully for TestCase60Contacts Window 
SalesForce_AddressValidation,TESTCASE60,Thu Jun 23 17:34:52 IST 2016,PASS,Address validation saved successfully
SalesForce_AddressValidation,TESTCASE60,Thu Jun 23 17:35:04 IST 2016,PASS,Avalara Address Validation Test Case' verified successfully for TestCase60Contacts Window 
SalesForce_AddressValidation,TESTCASE60,Thu Jun 23 17:35:10 IST 2016,PASS,Address validation saved successfully
SalesForce_AddressValidation,TESTCASE60,Thu Jun 23 17:36:06 IST 2016,PASS,After clicking on menu Accounts Respective page opened successfully
SalesForce_AddressValidation,TESTCASE60,Thu Jun 23 17:36:18 IST 2016,PASS,Avalara Address Validation Test Case' verified successfully for TestCase60Accounts Window 
SalesForce_AddressValidation,TESTCASE60,Thu Jun 23 17:36:30 IST 2016,PASS,Address validation saved successfully
SalesForce_AddressValidation,TESTCASE60,Thu Jun 23 17:36:41 IST 2016,PASS,Avalara Address Validation Test Case' verified successfully for TestCase60Accounts Window 
SalesForce_AddressValidation,TESTCASE60,Thu Jun 23 17:36:48 IST 2016,PASS,Address validation saved successfully
SalesForce_AddressValidation,TESTCASE60,Thu Jun 23 17:37:53 IST 2016,PASS,After clicking on menu Contracts Respective page opened successfully
SalesForce_AddressValidation,TESTCASE60,Thu Jun 23 17:38:21 IST 2016,PASS,Avalara Address Validation Test Case' verified successfully for TestCase60Contracts Window 
SalesForce_AddressValidation,TESTCASE60,Thu Jun 23 17:38:27 IST 2016,PASS,Address validation saved successfully
SalesForce_AddressValidation,TESTCASE60,Thu Jun 23 17:38:39 IST 2016,PASS,Avalara Address Validation Test Case' verified successfully for TestCase60Contracts Window 
SalesForce_AddressValidation,TESTCASE60,Thu Jun 23 17:38:47 IST 2016,PASS,Address validation saved successfully
SalesForce_AddressValidation,TESTCASE60,Thu Jun 23 17:39:33 IST 2016,PASS,Order created successfully
SalesForce_AddressValidation,TESTCASE60,Thu Jun 23 17:39:43 IST 2016,PASS,After clicking on menu Orders Respective page opened successfully
SalesForce_AddressValidation,TESTCASE60,Thu Jun 23 17:40:18 IST 2016,PASS,Avalara Address Validation Test Case' verified successfully for TestCase60Orders Window 
SalesForce_AddressValidation,TESTCASE60,Thu Jun 23 17:40:25 IST 2016,PASS,Address validation saved successfully
SalesForce_AddressValidation,TESTCASE60,Thu Jun 23 17:40:37 IST 2016,PASS,Avalara Address Validation Test Case' verified successfully for TestCase60Orders Window 
SalesForce_AddressValidation,TESTCASE60,Thu Jun 23 17:40:44 IST 2016,PASS,Address validation saved successfully
SalesForce_AddressValidation,TESTCASE60,Thu Jun 23 17:41:30 IST 2016,PASS,Opportunities created successfully
SalesForce_AddressValidation,TESTCASE60,Thu Jun 23 17:41:40 IST 2016,PASS,After clicking on menu Opportunities Respective page opened successfully
SalesForce_AddressValidation,TESTCASE60,Thu Jun 23 17:41:52 IST 2016,PASS,Avalara Address Validation Test Case' verified successfully for TestCase60Opportunities Window 
SalesForce_AddressValidation,TESTCASE60,Thu Jun 23 17:42:01 IST 2016,PASS,Address validation saved successfully
SalesForce_AddressValidation,TESTCASE60,Thu Jun 23 17:42:14 IST 2016,PASS,Avalara Address Validation Test Case' verified successfully for TestCase60Opportunities Window 
SalesForce_AddressValidation,TESTCASE60,Thu Jun 23 17:42:26 IST 2016,PASS,Address validation saved successfully
SalesForce_AddressValidation,TESTCASE60,Thu Jun 23 17:43:15 IST 2016,PASS,After clicking on menu newQuote Respective page opened successfully
SalesForce_AddressValidation,TESTCASE60,Thu Jun 23 17:44:18 IST 2016,PASS,Avalara Address Validation Test Case' verified successfully for TestCase60newQuote Window 
SalesForce_AddressValidation,TESTCASE60,Thu Jun 23 17:44:30 IST 2016,PASS,Address validation saved successfully
SalesForce_AddressValidation,TESTCASE60,Thu Jun 23 17:44:42 IST 2016,PASS,Avalara Address Validation Test Case' verified successfully for TestCase60newQuote Window 
SalesForce_AddressValidation,TESTCASE60,Thu Jun 23 17:44:49 IST 2016,PASS,Address validation saved successfully
SalesForce_AddressValidation,TESTCASE61,Thu Jun 23 17:44:59 IST 2016,PASS,Address Validation for Test case: TestCase61 Started.
SalesForce_AddressValidation,SalesForce_AddressValidation,Thu Jun 23 17:58:39 IST 2016,PASS,Logging into SalesForce application is successful.
SalesForce_AddressValidation,TESTCASE61,Thu Jun 23 17:58:39 IST 2016,PASS,Address Validation for Test case: TestCase61 Started.
SalesForce_AddressValidation,TESTCASE61,Thu Jun 23 17:59:27 IST 2016,PASS,After clicking on menu TaxNowSettings Respective page opened successfully
SalesForce_AddressValidation,TESTCASE61,Thu Jun 23 17:59:49 IST 2016,PASS,Avalara Configuration settings updated successfully
SalesForce_AddressValidation,TESTCASE61,Thu Jun 23 18:01:07 IST 2016,PASS,Address validation verified successfully
SalesForce_AddressValidation,TESTCASE61,Thu Jun 23 18:02:21 IST 2016,PASS,Address validation saved successfully
SalesForce_AddressValidation,TESTCASE61,Thu Jun 23 18:03:15 IST 2016,PASS,After clicking on menu Contacts Respective page opened successfully
SalesForce_AddressValidation,TESTCASE61,Thu Jun 23 18:04:28 IST 2016,PASS,Address validation verified successfully
SalesForce_AddressValidation,TESTCASE61,Thu Jun 23 18:05:42 IST 2016,PASS,Address validation saved successfully
SalesForce_AddressValidation,TESTCASE61,Thu Jun 23 18:06:54 IST 2016,PASS,Address validation verified successfully
SalesForce_AddressValidation,TESTCASE61,Thu Jun 23 18:08:00 IST 2016,PASS,Address validation saved successfully
SalesForce_AddressValidation,TESTCASE61,Thu Jun 23 18:09:05 IST 2016,PASS,After clicking on menu Accounts Respective page opened successfully
SalesForce_EntityUseCode,SalesForce_EntityUseCode,Thu Jun 23 18:26:35 IST 2016,PASS,Logging into SalesForce application is successful.
SalesForce_EntityUseCode,TESTCASE110,Thu Jun 23 18:26:35 IST 2016,PASS,Tax Calculation for Test case: TestCase110 Started.
SalesForce_EntityUseCode,TESTCASE110,Thu Jun 23 18:27:12 IST 2016,PASS,After clicking on menu TaxNowSettings Respective page opened successfully
SalesForce_EntityUseCode,TESTCASE110,Thu Jun 23 18:27:35 IST 2016,PASS,Avalara Configuration settings updated successfully
SalesForce_EntityUseCode,TESTCASE110,Thu Jun 23 18:28:21 IST 2016,PASS,After clicking on menu Accounts Respective page opened successfully
SalesForce_EntityUseCode,TESTCASE110,Thu Jun 23 18:28:59 IST 2016,PASS,Order created successfully
SalesForce_EntityUseCode,TESTCASE110,Thu Jun 23 18:29:09 IST 2016,PASS,After clicking on menu Orders Respective page opened successfully
SalesForce_EntityUseCode,TESTCASE110,Thu Jun 23 18:30:17 IST 2016,PASS,'Total Sales Tax' 0.00 verified successfully for Test case TestCase110 on Orders Window.
SalesForce_EntityUseCode,TESTCASE110,Thu Jun 23 18:30:17 IST 2016,PASS,Avalara Status ' Saved' verified successfully on Calculate for Test case TestCase110 On tax calculation on Orders Window 
SalesForce_EntityUseCode,TESTCASE110,Thu Jun 23 18:30:53 IST 2016,PASS,Opportunities created successfully
SalesForce_EntityUseCode,TESTCASE110,Thu Jun 23 18:31:03 IST 2016,PASS,After clicking on menu Opportunities Respective page opened successfully
SalesForce_EntityUseCode,TESTCASE110,Thu Jun 23 18:31:52 IST 2016,PASS,Avalara Status 'Temporary' verified successfully on adding products for Test case TestCase110 On Menu item : - Opportunities
SalesForce_EntityUseCode,TESTCASE110,Thu Jun 23 18:31:58 IST 2016,PASS,'Total Sales Tax' 0.00 verified successfully for Test case TestCase110 on Opportunities Window.
SalesForce_EntityUseCode,TESTCASE110,Thu Jun 23 18:31:59 IST 2016,PASS,Avalara Status ' Saved' verified successfully on Calculate for Test case TestCase110 On tax calculation on Opportunities Window 
SalesForce_EntityUseCode,TESTCASE110,Thu Jun 23 18:32:03 IST 2016,PASS,'Total Sales Tax' 0.00 verified successfully for Test case TestCase110 on Finalize Opportunity Window.
SalesForce_EntityUseCode,TESTCASE110,Thu Jun 23 18:32:03 IST 2016,PASS,Avalara Status ' Committed' verified successfully on Calculate for Test case TestCase110 On tax calculation on Finalize Opportunity Window 
SalesForce_EntityUseCode,TESTCASE110,Thu Jun 23 18:32:46 IST 2016,PASS,After clicking on menu newQuote Respective page opened successfully
SalesForce_EntityUseCode,TESTCASE110,Thu Jun 23 18:33:29 IST 2016,PASS,Avalara Status 'Temporary' verified successfully on adding products for Test case TestCase110 On Menu item : - Quotes
SalesForce_EntityUseCode,TESTCASE110,Thu Jun 23 18:33:35 IST 2016,PASS,'Total Sales Tax' 0.00 verified successfully for Test case TestCase110 on Quotes Window.
SalesForce_EntityUseCode,TESTCASE110,Thu Jun 23 18:33:35 IST 2016,PASS,Avalara Status ' Saved' verified successfully on Calculate for Test case TestCase110 On tax calculation on Quotes Window 
SalesForce_EntityUseCode,TESTCASE110,Thu Jun 23 18:33:40 IST 2016,PASS,'Total Sales Tax' 0.00 verified successfully for Test case TestCase110 on Finalize Quote Window.
SalesForce_EntityUseCode,TESTCASE110,Thu Jun 23 18:33:40 IST 2016,PASS,Avalara Status ' Committed' verified successfully on Calculate for Test case TestCase110 On tax calculation on Finalize Quote Window 
SalesForce_EntityUseCode,TESTCASE110,Thu Jun 23 18:33:40 IST 2016,PASS,Tax Calculation for Test case: TestCase110 Ended.
SalesForce_TaxCalc,SalesForce_TaxCalc,Thu Jun 23 18:39:32 IST 2016,PASS,Logging into SalesForce application is successful.
SalesForce_TaxCalc,TESTCASE1,Thu Jun 23 18:39:32 IST 2016,PASS,Tax Calculation for Test case: TestCase1 Started.
SalesForce_TaxCalc,TESTCASE1,Thu Jun 23 18:40:06 IST 2016,PASS,After clicking on menu TaxNowSettings Respective page opened successfully
SalesForce_TaxCalc,TESTCASE1,Thu Jun 23 18:40:29 IST 2016,PASS,Avalara Configuration settings updated successfully
SalesForce_TaxCalc,TESTCASE1,Thu Jun 23 18:41:16 IST 2016,PASS,After clicking on menu Accounts Respective page opened successfully
SalesForce_TaxCalc,TESTCASE1,Thu Jun 23 18:41:53 IST 2016,PASS,Order created successfully
SalesForce_TaxCalc,TESTCASE1,Thu Jun 23 18:42:03 IST 2016,PASS,After clicking on menu Orders Respective page opened successfully
SalesForce_TaxCalc,TESTCASE1,Thu Jun 23 18:43:00 IST 2016,FAIL,'Total Sales Tax' 87.00 NOT verified successfully for Test caseTestCase1 on Orders Window.Expected Tax :- 87.00 and Actual Tax:- 0.00
SalesForce_TaxCalc,TESTCASE2,Thu Jun 23 18:43:00 IST 2016,PASS,Tax Calculation for Test case: TestCase2 Started.
SalesForce_TaxCalc,TESTCASE2,Thu Jun 23 18:43:32 IST 2016,PASS,After clicking on menu TaxNowSettings Respective page opened successfully
SalesForce_TaxCalc,TESTCASE2,Thu Jun 23 18:43:55 IST 2016,PASS,Avalara Configuration settings updated successfully
SalesForce_TaxCalc,TESTCASE2,Thu Jun 23 18:44:40 IST 2016,PASS,After clicking on menu Accounts Respective page opened successfully
SalesForce_TaxCalc,TESTCASE2,Thu Jun 23 18:45:17 IST 2016,PASS,Order created successfully
SalesForce_TaxCalc,TESTCASE2,Thu Jun 23 18:45:27 IST 2016,PASS,After clicking on menu Orders Respective page opened successfully
SalesForce_TaxCalc,TESTCASE2,Thu Jun 23 18:46:28 IST 2016,FAIL,'Total Sales Tax' 87.00 NOT verified successfully for Test caseTestCase2 on Orders Window.Expected Tax :- 87.00 and Actual Tax:- 0.00
SalesForce_TaxCalc,TESTCASE3,Thu Jun 23 18:46:28 IST 2016,PASS,Tax Calculation for Test case: TestCase3 Started.
SalesForce_TaxCalc,TESTCASE3,Thu Jun 23 18:47:00 IST 2016,PASS,After clicking on menu TaxNowSettings Respective page opened successfully
SalesForce_TaxCalc,TESTCASE3,Thu Jun 23 18:47:23 IST 2016,PASS,Avalara Configuration settings updated successfully
SalesForce_TaxCalc,TESTCASE3,Thu Jun 23 18:48:10 IST 2016,PASS,After clicking on menu Accounts Respective page opened successfully
SalesForce_TaxCalc,TESTCASE3,Thu Jun 23 18:48:46 IST 2016,PASS,Order created successfully
SalesForce_TaxCalc,TESTCASE3,Thu Jun 23 18:48:56 IST 2016,PASS,After clicking on menu Orders Respective page opened successfully
SalesForce_TaxCalc,TESTCASE3,Thu Jun 23 18:49:49 IST 2016,FAIL,'Total Sales Tax' 87.00 NOT verified successfully for Test caseTestCase3 on Orders Window.Expected Tax :- 87.00 and Actual Tax:- 0.00
SalesForce_TaxCalc,TESTCASE4,Thu Jun 23 18:49:49 IST 2016,PASS,Tax Calculation for Test case: TestCase4 Started.
SalesForce_TaxCalc,TESTCASE4,Thu Jun 23 18:50:21 IST 2016,PASS,After clicking on menu TaxNowSettings Respective page opened successfully
SalesForce_TaxCalc,TESTCASE4,Thu Jun 23 18:50:45 IST 2016,PASS,Avalara Configuration settings updated successfully
SalesForce_TaxCalc,TESTCASE4,Thu Jun 23 18:51:40 IST 2016,PASS,After clicking on menu Accounts Respective page opened successfully
SalesForce_TaxCalc,TESTCASE4,Thu Jun 23 18:52:16 IST 2016,PASS,Order created successfully
SalesForce_TaxCalc,TESTCASE4,Thu Jun 23 18:52:26 IST 2016,PASS,After clicking on menu Orders Respective page opened successfully
SalesForce_TaxCalc,TESTCASE4,Thu Jun 23 18:53:19 IST 2016,FAIL,'Total Sales Tax' 87.00 NOT verified successfully for Test caseTestCase4 on Orders Window.Expected Tax :- 87.00 and Actual Tax:- 0.00
SalesForce_TaxCalc,TESTCASE5,Thu Jun 23 18:53:19 IST 2016,PASS,Tax Calculation for Test case: TestCase5 Started.
SalesForce_TaxCalc,TESTCASE5,Thu Jun 23 18:53:51 IST 2016,PASS,After clicking on menu TaxNowSettings Respective page opened successfully
SalesForce_TaxCalc,TESTCASE5,Thu Jun 23 18:54:14 IST 2016,PASS,Avalara Configuration settings updated successfully
SalesForce_TaxCalc,TESTCASE5,Thu Jun 23 18:55:01 IST 2016,PASS,After clicking on menu Accounts Respective page opened successfully
SalesForce_TaxCalc,TESTCASE5,Thu Jun 23 18:55:37 IST 2016,PASS,Order created successfully
SalesForce_TaxCalc,TESTCASE5,Thu Jun 23 18:55:47 IST 2016,PASS,After clicking on menu Orders Respective page opened successfully
SalesForce_TaxCalc,TESTCASE5,Thu Jun 23 18:56:45 IST 2016,PASS,Error message appeared as Name: PreQualification Error Summary: Tax Calculations are Disabled - Check 'Enable Tax Calculations' in the TaxServices tab Details:
SalesForce_TaxCalc,TESTCASE5,Thu Jun 23 18:57:20 IST 2016,PASS,Opportunities created successfully
SalesForce_TaxCalc,TESTCASE5,Thu Jun 23 18:57:30 IST 2016,PASS,After clicking on menu Opportunities Respective page opened successfully
SalesForce_TaxCalc,TESTCASE5,Thu Jun 23 18:58:22 IST 2016,PASS,Avalara Status 'Temporary' verified successfully on adding products for Test case TestCase5 On Menu item : - Opportunities
SalesForce_TaxCalc,TESTCASE5,Thu Jun 23 18:58:25 IST 2016,PASS,Error message appeared as Name: PreQualification Error Summary: Tax Calculations are Disabled - Check 'Enable Tax Calculations' in the TaxServices tab Details:
AccountingSeed_AddressValidation,AccountingSeed_AddressValidation,Mon Aug 01 16:10:55 IST 2016,FAIL,Logging into AccountingSeed application is Failed.
AccountingSeed_AddressValidation,TESTCASE60,Mon Aug 01 16:10:55 IST 2016,PASS,Address Validation for Test case: TestCase60 Started.
AccountingSeed_AddressValidation,TESTCASE60,Mon Aug 01 16:10:56 IST 2016,FAIL,fAddressValidation: Exception: net.ucanaccess.jdbc.UcanaccessSQLException: Column not found: EnableActiveTavTaxSettingFlag
AccountingSeed_AddressValidation,TESTCASE61,Mon Aug 01 16:10:56 IST 2016,PASS,Address Validation for Test case: TestCase61 Started.
AccountingSeed_AddressValidation,TESTCASE61,Mon Aug 01 16:10:56 IST 2016,FAIL,fAddressValidation: Exception: net.ucanaccess.jdbc.UcanaccessSQLException: Column not found: EnableActiveTavTaxSettingFlag
AccountingSeed_AddressValidation,TESTCASE62,Mon Aug 01 16:10:56 IST 2016,PASS,Address Validation for Test case: TestCase62 Started.
AccountingSeed_AddressValidation,TESTCASE62,Mon Aug 01 16:10:56 IST 2016,FAIL,fAddressValidation: Exception: net.ucanaccess.jdbc.UcanaccessSQLException: Column not found: EnableActiveTavTaxSettingFlag
AccountingSeed_AddressValidation,AccountingSeed_AddressValidation,Mon Aug 01 16:10:56 IST 2016,PASS,Script Ended.
AccountingSeed_AddressValidation,AccountingSeed_AddressValidation,Mon Aug 01 18:09:56 IST 2016,PASS,Logging into AccountingSeed application is successful.
AccountingSeed_AddressValidation,TESTCASE60,Mon Aug 01 18:09:56 IST 2016,PASS,Address Validation for Test case: TestCase60 Started.
AccountingSeed_AddressValidation,TESTCASE60,Mon Aug 01 18:09:57 IST 2016,FAIL,fAddressValidation: Exception: net.ucanaccess.jdbc.UcanaccessSQLException: Column not found: EnableActiveTavTaxSettingFlag
AccountingSeed_AddressValidation,TESTCASE61,Mon Aug 01 18:09:57 IST 2016,PASS,Address Validation for Test case: TestCase61 Started.
AccountingSeed_AddressValidation,TESTCASE61,Mon Aug 01 18:09:57 IST 2016,FAIL,fAddressValidation: Exception: net.ucanaccess.jdbc.UcanaccessSQLException: Column not found: EnableActiveTavTaxSettingFlag
AccountingSeed_AddressValidation,TESTCASE62,Mon Aug 01 18:09:57 IST 2016,PASS,Address Validation for Test case: TestCase62 Started.
AccountingSeed_AddressValidation,TESTCASE62,Mon Aug 01 18:09:57 IST 2016,FAIL,fAddressValidation: Exception: net.ucanaccess.jdbc.UcanaccessSQLException: Column not found: EnableActiveTavTaxSettingFlag
AccountingSeed_AddressValidation,AccountingSeed_AddressValidation,Mon Aug 01 18:09:57 IST 2016,PASS,Script Ended.
AccountingSeed_AddressValidation,TESTCASE60,Mon Aug 01 18:12:09 IST 2016,PASS,Address Validation for Test case: TestCase60 Started.
AccountingSeed_AddressValidation,TESTCASE60,Mon Aug 01 18:12:10 IST 2016,FAIL,fAddressValidation: Exception: net.ucanaccess.jdbc.UcanaccessSQLException: Column not found: EnableActiveTavTaxSettingFlag
AccountingSeed_AddressValidation,TESTCASE61,Mon Aug 01 18:12:10 IST 2016,PASS,Address Validation for Test case: TestCase61 Started.
AccountingSeed_AddressValidation,TESTCASE61,Mon Aug 01 18:12:10 IST 2016,FAIL,fAddressValidation: Exception: net.ucanaccess.jdbc.UcanaccessSQLException: Column not found: EnableActiveTavTaxSettingFlag
AccountingSeed_AddressValidation,TESTCASE62,Mon Aug 01 18:12:10 IST 2016,PASS,Address Validation for Test case: TestCase62 Started.
AccountingSeed_AddressValidation,TESTCASE62,Mon Aug 01 18:12:10 IST 2016,FAIL,fAddressValidation: Exception: net.ucanaccess.jdbc.UcanaccessSQLException: Column not found: EnableActiveTavTaxSettingFlag
AccountingSeed_AddressValidation,AccountingSeed_AddressValidation,Mon Aug 01 18:12:10 IST 2016,PASS,Script Ended.
AccountingSeed_AddressValidation,AccountingSeed_AddressValidation,Mon Aug 01 18:14:09 IST 2016,PASS,Logging into AccountingSeed application is successful.
AccountingSeed_AddressValidation,TESTCASE60,Mon Aug 01 18:14:48 IST 2016,PASS,Address Validation for Test case: TestCase60 Started.
AccountingSeed_AddressValidation,AccountingSeed_AddressValidation,Tue Aug 02 10:46:05 IST 2016,PASS,Logging into AccountingSeed application is successful.
AccountingSeed_AddressValidation,TESTCASE60,Tue Aug 02 10:46:05 IST 2016,PASS,Address Validation for Test case: TestCase60 Started.
AccountingSeed_AddressValidation,TESTCASE60,Tue Aug 02 10:46:07 IST 2016,FAIL,fAddressValidation: Exception: net.ucanaccess.jdbc.UcanaccessSQLException: Column not found: EnableActiveTavTaxSettingFlag
AccountingSeed_AddressValidation,TESTCASE61,Tue Aug 02 10:46:07 IST 2016,PASS,Address Validation for Test case: TestCase61 Started.
AccountingSeed_AddressValidation,TESTCASE61,Tue Aug 02 10:46:07 IST 2016,FAIL,fAddressValidation: Exception: net.ucanaccess.jdbc.UcanaccessSQLException: Column not found: EnableActiveTavTaxSettingFlag
AccountingSeed_AddressValidation,TESTCASE62,Tue Aug 02 10:46:07 IST 2016,PASS,Address Validation for Test case: TestCase62 Started.
AccountingSeed_AddressValidation,TESTCASE62,Tue Aug 02 10:46:07 IST 2016,FAIL,fAddressValidation: Exception: net.ucanaccess.jdbc.UcanaccessSQLException: Column not found: EnableActiveTavTaxSettingFlag
AccountingSeed_AddressValidation,AccountingSeed_AddressValidation,Tue Aug 02 10:46:07 IST 2016,PASS,Script Ended.
AccountingSeed_AddressValidation,AccountingSeed_AddressValidation,Tue Aug 02 10:49:05 IST 2016,PASS,Logging into AccountingSeed application is successful.
AccountingSeed_AddressValidation,TESTCASE60,Tue Aug 02 10:49:05 IST 2016,PASS,Address Validation for Test case: TestCase60 Started.
AccountingSeed_AddressValidation,TESTCASE60,Tue Aug 02 10:49:06 IST 2016,FAIL,fAddressValidation: Exception: net.ucanaccess.jdbc.UcanaccessSQLException: Column not found: EnableActiveTavTaxSettingFlag
AccountingSeed_AddressValidation,TESTCASE61,Tue Aug 02 10:49:06 IST 2016,PASS,Address Validation for Test case: TestCase61 Started.
AccountingSeed_AddressValidation,TESTCASE61,Tue Aug 02 10:49:06 IST 2016,FAIL,fAddressValidation: Exception: net.ucanaccess.jdbc.UcanaccessSQLException: Column not found: EnableActiveTavTaxSettingFlag
AccountingSeed_AddressValidation,TESTCASE62,Tue Aug 02 10:49:06 IST 2016,PASS,Address Validation for Test case: TestCase62 Started.
AccountingSeed_AddressValidation,TESTCASE62,Tue Aug 02 10:49:06 IST 2016,FAIL,fAddressValidation: Exception: net.ucanaccess.jdbc.UcanaccessSQLException: Column not found: EnableActiveTavTaxSettingFlag
AccountingSeed_AddressValidation,AccountingSeed_AddressValidation,Tue Aug 02 10:49:06 IST 2016,PASS,Script Ended.
AccountingSeed_AddressValidation,AccountingSeed_AddressValidation,Tue Aug 02 10:52:00 IST 2016,PASS,Logging into AccountingSeed application is successful.
AccountingSeed_AddressValidation,TESTCASE60,Tue Aug 02 10:52:00 IST 2016,PASS,Address Validation for Test case: TestCase60 Started.
AccountingSeed_AddressValidation,TESTCASE60,Tue Aug 02 10:52:45 IST 2016,PASS,After clicking on menu AvaTax Settings Respective page opened successfully
AccountingSeed_AddressValidation,TESTCASE60,Tue Aug 02 10:53:19 IST 2016,PASS,Tax now settings updated successfully
AccountingSeed_AddressValidation,TESTCASE60,Tue Aug 02 10:53:49 IST 2016,PASS,Avalara Address Validation Test Case' verified successfully for TestCase60AvaTax Settings Window 
AccountingSeed_AddressValidation,TESTCASE60,Tue Aug 02 10:54:06 IST 2016,PASS,Address validation saved successfullyAvaTax Settings
AccountingSeed_AddressValidation,TESTCASE60,Tue Aug 02 10:55:05 IST 2016,PASS,After clicking on menu Contacts Respective page opened successfully
AccountingSeed_AddressValidation,TESTCASE60,Tue Aug 02 10:56:05 IST 2016,FAIL,fAddressValidation: Exception: org.openqa.selenium.NoSuchElementException: no such element: Unable to locate element: {"method":"name","selector":"avaacctseed__validate_mailing_address"}
  (Session info: chrome=51.0.2704.103)
  (Driver info: chromedriver=2.20.353145 (343b531d31eeb933ec778dbcf7081628a1396067),platform=Windows NT 6.1 SP1 x86_64) (WARNING: The server did not provide any stacktrace information)
Command duration or timeout: 60.07 seconds
For documentation on this error, please visit: http://seleniumhq.org/exceptions/no_such_element.html
Build info: version: '2.48.2', revision: '41bccdd', time: '2015-10-09 19:59:12'
System info: host: 'AV-PN-KHAREA', ip: '10.240.20.120', os.name: 'Windows 7', os.arch: 'amd64', os.version: '6.1', java.version: '1.8.0_74'
Driver info: org.openqa.selenium.chrome.ChromeDriver
Capabilities [{applicationCacheEnabled=false, rotatable=false, mobileEmulationEnabled=false, chrome={userDataDir=C:\Users\AJAY~1.KHA\AppData\Local\Temp\scoped_dir7064_17911}, takesHeapSnapshot=true, databaseEnabled=false, handlesAlerts=true, hasTouchScreen=false, version=51.0.2704.103, platform=XP, browserConnectionEnabled=false, nativeEvents=true, acceptSslCerts=true, locationContextEnabled=true, webStorageEnabled=true, browserName=chrome, takesScreenshot=true, javascriptEnabled=true, cssSelectorsEnabled=true}]
Session ID: 595a340efbe5e25645d728302c038b12
*** Element info: {Using=name, value=avaacctseed__validate_mailing_address}
AccountingSeed_AddressValidation,TESTCASE61,Tue Aug 02 10:56:05 IST 2016,PASS,Address Validation for Test case: TestCase61 Started.
AccountingSeed_AddressValidation,TESTCASE61,Tue Aug 02 10:56:47 IST 2016,PASS,After clicking on menu AvaTax Settings Respective page opened successfully
AccountingSeed_AddressValidation,TESTCASE61,Tue Aug 02 10:57:20 IST 2016,PASS,Tax now settings updated successfully
AccountingSeed_AddressValidation,TESTCASE61,Tue Aug 02 10:58:41 IST 2016,PASS,Address validation verified successfullyAvaTax Settings
AccountingSeed_AddressValidation,TESTCASE61,Tue Aug 02 10:59:48 IST 2016,PASS,Address validation saved successfullyAvaTax Settings
AccountingSeed_AddressValidation,TESTCASE61,Tue Aug 02 11:00:45 IST 2016,PASS,After clicking on menu Contacts Respective page opened successfully
AccountingSeed_AddressValidation,TESTCASE61,Tue Aug 02 11:01:46 IST 2016,FAIL,fAddressValidation: Exception: org.openqa.selenium.NoSuchElementException: no such element: Unable to locate element: {"method":"name","selector":"avaacctseed__validate_mailing_address"}
  (Session info: chrome=51.0.2704.103)
  (Driver info: chromedriver=2.20.353145 (343b531d31eeb933ec778dbcf7081628a1396067),platform=Windows NT 6.1 SP1 x86_64) (WARNING: The server did not provide any stacktrace information)
Command duration or timeout: 60.06 seconds
For documentation on this error, please visit: http://seleniumhq.org/exceptions/no_such_element.html
Build info: version: '2.48.2', revision: '41bccdd', time: '2015-10-09 19:59:12'
System info: host: 'AV-PN-KHAREA', ip: '10.240.20.120', os.name: 'Windows 7', os.arch: 'amd64', os.version: '6.1', java.version: '1.8.0_74'
Driver info: org.openqa.selenium.chrome.ChromeDriver
Capabilities [{applicationCacheEnabled=false, rotatable=false, mobileEmulationEnabled=false, chrome={userDataDir=C:\Users\AJAY~1.KHA\AppData\Local\Temp\scoped_dir7064_17911}, takesHeapSnapshot=true, databaseEnabled=false, handlesAlerts=true, hasTouchScreen=false, version=51.0.2704.103, platform=XP, browserConnectionEnabled=false, nativeEvents=true, acceptSslCerts=true, locationContextEnabled=true, webStorageEnabled=true, browserName=chrome, takesScreenshot=true, javascriptEnabled=true, cssSelectorsEnabled=true}]
Session ID: 595a340efbe5e25645d728302c038b12
*** Element info: {Using=name, value=avaacctseed__validate_mailing_address}
AccountingSeed_AddressValidation,TESTCASE62,Tue Aug 02 11:01:46 IST 2016,PASS,Address Validation for Test case: TestCase62 Started.
AccountingSeed_AddressValidation,TESTCASE62,Tue Aug 02 11:02:28 IST 2016,PASS,After clicking on menu AvaTax Settings Respective page opened successfully
AccountingSeed_AddressValidation,TESTCASE62,Tue Aug 02 11:03:00 IST 2016,PASS,Tax now settings updated successfully
AccountingSeed_AddressValidation,TESTCASE62,Tue Aug 02 11:03:22 IST 2016,FAIL,Avalara Address Validation Test Case '  ' NOT verified successfully  for TestCase62AvaTax Settings Window Expected :  and Actual: 900 winslow way e, Bainbridge Island, WA 98110-2450, US
AccountingSeed_AddressValidation,AccountingSeed_AddressValidation,Tue Aug 02 11:03:22 IST 2016,PASS,Script Ended.
AccountingSeed_TaxCalc,AccountingSeed_TaxCalc,Tue Aug 02 11:21:09 IST 2016,PASS,Logging into AccountingSeed application is successful.
AccountingSeed_TaxCalc,TESTCASE1,Tue Aug 02 11:21:09 IST 2016,PASS,Tax Calculation for Test case: TestCase1 Started.
AccountingSeed_TaxCalc,TESTCASE1,Tue Aug 02 11:21:45 IST 2016,PASS,Tax now settings updated successfully
AccountingSeed_TaxCalc,TESTCASE1,Tue Aug 02 11:22:31 IST 2016,PASS,After clicking on menu Accounts Respective page opened successfully
AccountingSeed_TaxCalc,TESTCASE1,Tue Aug 02 11:23:01 IST 2016,FAIL,fCalculateSalesTax: Exception: org.openqa.selenium.WebDriverException: unknown error: keys should be a string
  (Session info: chrome=51.0.2704.103)
  (Driver info: chromedriver=2.20.353145 (343b531d31eeb933ec778dbcf7081628a1396067),platform=Windows NT 6.1 SP1 x86_64) (WARNING: The server did not provide any stacktrace information)
Command duration or timeout: 50 milliseconds
Build info: version: '2.48.2', revision: '41bccdd', time: '2015-10-09 19:59:12'
System info: host: 'AV-PN-KHAREA', ip: '10.240.20.120', os.name: 'Windows 7', os.arch: 'amd64', os.version: '6.1', java.version: '1.8.0_74'
Driver info: org.openqa.selenium.chrome.ChromeDriver
Capabilities [{applicationCacheEnabled=false, rotatable=false, mobileEmulationEnabled=false, chrome={userDataDir=C:\Users\AJAY~1.KHA\AppData\Local\Temp\scoped_dir6960_30246}, takesHeapSnapshot=true, databaseEnabled=false, handlesAlerts=true, hasTouchScreen=false, version=51.0.2704.103, platform=XP, browserConnectionEnabled=false, nativeEvents=true, acceptSslCerts=true, locationContextEnabled=true, webStorageEnabled=true, browserName=chrome, takesScreenshot=true, javascriptEnabled=true, cssSelectorsEnabled=true}]
Session ID: 2bfa8f62d491bde016a8339ebaeaab56
AccountingSeed_TaxCalc,AccountingSeed_TaxCalc,Tue Aug 02 11:23:01 IST 2016,PASS,Script Ended.
AccountingSeed_EntityUseCode,AccountingSeed_EntityUseCode,Tue Aug 02 11:46:24 IST 2016,PASS,Logging into AccountingSeed application is successful.
AccountingSeed_EntityUseCode,TESTCASE110,Tue Aug 02 11:46:24 IST 2016,PASS,Tax Calculation for Test case: TestCase110 Started.
AccountingSeed_EntityUseCode,TESTCASE110,Tue Aug 02 11:47:01 IST 2016,PASS,Tax now settings updated successfully
AccountingSeed_EntityUseCode,TESTCASE110,Tue Aug 02 11:47:47 IST 2016,PASS,After clicking on menu Accounts Respective page opened successfully
AccountingSeed_EntityUseCode,TESTCASE110,Tue Aug 02 11:48:16 IST 2016,FAIL,fCalculateSalesTax: Exception: org.openqa.selenium.WebDriverException: unknown error: keys should be a string
  (Session info: chrome=51.0.2704.103)
  (Driver info: chromedriver=2.20.353145 (343b531d31eeb933ec778dbcf7081628a1396067),platform=Windows NT 6.1 SP1 x86_64) (WARNING: The server did not provide any stacktrace information)
Command duration or timeout: 51 milliseconds
Build info: version: '2.48.2', revision: '41bccdd', time: '2015-10-09 19:59:12'
System info: host: 'AV-PN-KHAREA', ip: '10.240.20.120', os.name: 'Windows 7', os.arch: 'amd64', os.version: '6.1', java.version: '1.8.0_74'
Driver info: org.openqa.selenium.chrome.ChromeDriver
Capabilities [{applicationCacheEnabled=false, rotatable=false, mobileEmulationEnabled=false, chrome={userDataDir=C:\Users\AJAY~1.KHA\AppData\Local\Temp\scoped_dir12008_9882}, takesHeapSnapshot=true, databaseEnabled=false, handlesAlerts=true, hasTouchScreen=false, version=51.0.2704.103, platform=XP, browserConnectionEnabled=false, nativeEvents=true, acceptSslCerts=true, locationContextEnabled=true, webStorageEnabled=true, browserName=chrome, takesScreenshot=true, javascriptEnabled=true, cssSelectorsEnabled=true}]
Session ID: 89e75a2e2c22addcdaddccb46aea178a
AccountingSeed_EntityUseCode,AccountingSeed_EntityUseCode,Tue Aug 02 11:48:16 IST 2016,PASS,Script Ended.
AccountingSeed_EntityUseCode,AccountingSeed_EntityUseCode,Tue Aug 02 11:54:11 IST 2016,PASS,Logging into AccountingSeed application is successful.
AccountingSeed_EntityUseCode,TESTCASE110,Tue Aug 02 11:54:11 IST 2016,PASS,Tax Calculation for Test case: TestCase110 Started.
AccountingSeed_EntityUseCode,TESTCASE110,Tue Aug 02 11:54:47 IST 2016,PASS,Tax now settings updated successfully
AccountingSeed_EntityUseCode,TESTCASE110,Tue Aug 02 11:55:33 IST 2016,PASS,After clicking on menu Accounts Respective page opened successfully
AccountingSeed_EntityUseCode,TESTCASE110,Tue Aug 02 11:55:59 IST 2016,PASS,Opportunities created successfully
AccountingSeed_EntityUseCode,TESTCASE110,Tue Aug 02 11:56:09 IST 2016,PASS,After clicking on menu Opportunities Respective page opened successfully
AccountingSeed_EntityUseCode,TESTCASE110,Tue Aug 02 11:57:37 IST 2016,FAIL,'Total Sales Tax' 0.00 NOT verified successfully for Test caseTestCase110 on Opportunities Window.Expected Tax :- 0.00 and Actual Tax:- 60.00
AccountingSeed_EntityUseCode,AccountingSeed_EntityUseCode,Tue Aug 02 11:57:37 IST 2016,PASS,Script Ended.
