ScriptName,TCName,Date,Result,Description
SalesForce_TaxCalc,SalesForce_TaxCalc,Wed Sep 03 14:42:42 IST 2014,PASS,Logging into SalesForce application is successful.
SalesForce_TaxCalc,TESTCASE1,Wed Sep 03 14:42:42 IST 2014,PASS,Tax Calculation for Test case: TestCase1 Started.
SalesForce_TaxCalc,TESTCASE1,Wed Sep 03 14:43:06 IST 2014,PASS,After clicking on menu TaxNowSettings Respective page opened successfully
SalesForce_TaxCalc,TESTCASE1,Wed Sep 03 14:43:32 IST 2014,PASS,Tax now settings updated successfully
SalesForce_TaxCalc,TESTCASE1,Wed Sep 03 14:44:14 IST 2014,PASS,After clicking on menu Accounts Respective page opened successfully
SalesForce_TaxCalc,TESTCASE1,Wed Sep 03 14:44:25 IST 2014,PASS,Opportunities created successfully
SalesForce_TaxCalc,TESTCASE1,Wed Sep 03 14:44:35 IST 2014,PASS,After clicking on menu Opportunities Respective page opened successfully
SalesForce_TaxCalc,TESTCASE1,Wed Sep 03 14:45:15 IST 2014,PASS,Avalara Status 'Temporary' verified successfully on adding products for Test case TestCase1 On Menu item : - Opportunities
SalesForce_TaxCalc,TESTCASE1,Wed Sep 03 14:45:47 IST 2014,PASS,'Total Sales Tax' 60.00 verified successfully for Test case TestCase1 on Opportunities Window.
SalesForce_TaxCalc,TESTCASE1,Wed Sep 03 14:45:47 IST 2014,PASS,Avalara Status ' Temporary' verified successfully on Calculate for Test case TestCase1 On tax calculation on Opportunities Window 
SalesForce_TaxCalc,TESTCASE1,Wed Sep 03 14:45:47 IST 2014,PASS,Tax Calculation for Test case: TestCase1 Ended.
SalesForce_TaxCalc,TESTCASE2,Wed Sep 03 14:45:47 IST 2014,PASS,Tax Calculation for Test case: TestCase2 Started.
SalesForce_TaxCalc,TESTCASE2,Wed Sep 03 14:47:10 IST 2014,PASS,After clicking on menu TaxNowSettings Respective page opened successfully
SalesForce_TaxCalc,TESTCASE2,Wed Sep 03 14:47:35 IST 2014,PASS,Tax now settings updated successfully
SalesForce_TaxCalc,TESTCASE2,Wed Sep 03 14:48:16 IST 2014,PASS,After clicking on menu Accounts Respective page opened successfully
SalesForce_TaxCalc,TESTCASE2,Wed Sep 03 14:48:25 IST 2014,PASS,Opportunities created successfully
SalesForce_TaxCalc,TESTCASE2,Wed Sep 03 14:48:35 IST 2014,PASS,After clicking on menu Opportunities Respective page opened successfully
SalesForce_TaxCalc,TESTCASE2,Wed Sep 03 14:49:14 IST 2014,PASS,Avalara Status 'Temporary' verified successfully on adding products for Test case TestCase2 On Menu item : - Opportunities
SalesForce_TaxCalc,TESTCASE2,Wed Sep 03 14:49:21 IST 2014,PASS,'Total Sales Tax' 60.00 verified successfully for Test case TestCase2 on Opportunities Window.
SalesForce_TaxCalc,TESTCASE2,Wed Sep 03 14:49:21 IST 2014,PASS,Avalara Status ' Saved' verified successfully on Calculate for Test case TestCase2 On tax calculation on Opportunities Window 
SalesForce_TaxCalc,TESTCASE2,Wed Sep 03 14:49:21 IST 2014,PASS,Tax Calculation for Test case: TestCase2 Ended.
SalesForce_TaxCalc,TESTCASE3,Wed Sep 03 14:49:21 IST 2014,PASS,Tax Calculation for Test case: TestCase3 Started.
SalesForce_TaxCalc,TESTCASE3,Wed Sep 03 14:50:44 IST 2014,PASS,After clicking on menu TaxNowSettings Respective page opened successfully
SalesForce_TaxCalc,TESTCASE3,Wed Sep 03 14:51:08 IST 2014,PASS,Tax now settings updated successfully
SalesForce_TaxCalc,TESTCASE3,Wed Sep 03 14:51:49 IST 2014,PASS,After clicking on menu Accounts Respective page opened successfully
SalesForce_TaxCalc,TESTCASE3,Wed Sep 03 14:51:58 IST 2014,PASS,Opportunities created successfully
SalesForce_TaxCalc,TESTCASE3,Wed Sep 03 14:52:08 IST 2014,PASS,After clicking on menu Opportunities Respective page opened successfully
SalesForce_TaxCalc,TESTCASE3,Wed Sep 03 14:52:47 IST 2014,PASS,Avalara Status 'Temporary' verified successfully on adding products for Test case TestCase3 On Menu item : - Opportunities
SalesForce_TaxCalc,TESTCASE3,Wed Sep 03 14:52:53 IST 2014,PASS,'Total Sales Tax' 77.50 verified successfully for Test case TestCase3 on Opportunities Window.
SalesForce_TaxCalc,TESTCASE3,Wed Sep 03 14:52:53 IST 2014,PASS,Avalara Status ' Saved' verified successfully on Calculate for Test case TestCase3 On tax calculation on Opportunities Window 
SalesForce_TaxCalc,TESTCASE3,Wed Sep 03 14:52:58 IST 2014,PASS,'Total Sales Tax' 77.50 verified successfully for Test case TestCase3 on Finalize Opportunity Window.
SalesForce_TaxCalc,TESTCASE3,Wed Sep 03 14:52:59 IST 2014,PASS,Avalara Status ' Committed' verified successfully on Calculate for Test case TestCase3 On tax calculation on Finalize Opportunity Window 
SalesForce_TaxCalc,TESTCASE3,Wed Sep 03 14:52:59 IST 2014,PASS,Tax Calculation for Test case: TestCase3 Ended.
SalesForce_TaxCalc,TESTCASE4,Wed Sep 03 14:52:59 IST 2014,PASS,Tax Calculation for Test case: TestCase4 Started.
SalesForce_TaxCalc,TESTCASE4,Wed Sep 03 14:54:21 IST 2014,PASS,After clicking on menu TaxNowSettings Respective page opened successfully
SalesForce_TaxCalc,TESTCASE4,Wed Sep 03 14:54:47 IST 2014,PASS,Tax now settings updated successfully
SalesForce_TaxCalc,TESTCASE4,Wed Sep 03 14:55:28 IST 2014,PASS,After clicking on menu Accounts Respective page opened successfully
SalesForce_TaxCalc,TESTCASE4,Wed Sep 03 14:55:37 IST 2014,PASS,Opportunities created successfully
SalesForce_TaxCalc,TESTCASE4,Wed Sep 03 14:55:47 IST 2014,PASS,After clicking on menu Opportunities Respective page opened successfully
SalesForce_TaxCalc,TESTCASE4,Wed Sep 03 14:56:27 IST 2014,PASS,Avalara Status 'Temporary' verified successfully on adding products for Test case TestCase4 On Menu item : - Opportunities
SalesForce_TaxCalc,TESTCASE4,Wed Sep 03 14:56:34 IST 2014,PASS,'Total Sales Tax' 77.50 verified successfully for Test case TestCase4 on Opportunities Window.
SalesForce_TaxCalc,TESTCASE4,Wed Sep 03 14:56:34 IST 2014,PASS,Avalara Status ' Temporary' verified successfully on Calculate for Test case TestCase4 On tax calculation on Opportunities Window 
SalesForce_TaxCalc,TESTCASE4,Wed Sep 03 14:56:34 IST 2014,PASS,Tax Calculation for Test case: TestCase4 Ended.
SalesForce_TaxCalc,TESTCASE5,Wed Sep 03 14:56:34 IST 2014,PASS,Tax Calculation for Test case: TestCase5 Started.
SalesForce_TaxCalc,TESTCASE5,Wed Sep 03 14:57:57 IST 2014,PASS,After clicking on menu TaxNowSettings Respective page opened successfully
SalesForce_TaxCalc,TESTCASE5,Wed Sep 03 14:58:22 IST 2014,PASS,Tax now settings updated successfully
SalesForce_TaxCalc,TESTCASE5,Wed Sep 03 14:59:03 IST 2014,PASS,After clicking on menu Accounts Respective page opened successfully
SalesForce_TaxCalc,TESTCASE5,Wed Sep 03 14:59:12 IST 2014,PASS,Opportunities created successfully
SalesForce_TaxCalc,TESTCASE5,Wed Sep 03 14:59:22 IST 2014,PASS,After clicking on menu Opportunities Respective page opened successfully
SalesForce_TaxCalc,TESTCASE5,Wed Sep 03 15:00:02 IST 2014,PASS,Avalara Status 'Temporary' verified successfully on adding products for Test case TestCase5 On Menu item : - Opportunities
SalesForce_TaxCalc,TESTCASE5,Wed Sep 03 15:00:11 IST 2014,PASS,Error message appeared as Name: PreQualification Error Summary: Tax Calculations are Disabled - Check 'Enable Tax Calculations' in the TaxServices tab Details:
SalesForce_TaxCalc,TESTCASE5,Wed Sep 03 15:00:11 IST 2014,PASS,Tax Calculation for Test case: TestCase5 Ended.
SalesForce_TaxCalc,TESTCASE6,Wed Sep 03 15:00:11 IST 2014,PASS,Tax Calculation for Test case: TestCase6 Started.
SalesForce_TaxCalc,TESTCASE6,Wed Sep 03 15:01:34 IST 2014,PASS,After clicking on menu TaxNowSettings Respective page opened successfully
SalesForce_TaxCalc,TESTCASE6,Wed Sep 03 15:01:59 IST 2014,PASS,Tax now settings updated successfully
SalesForce_TaxCalc,TESTCASE6,Wed Sep 03 15:02:40 IST 2014,PASS,After clicking on menu Accounts Respective page opened successfully
SalesForce_TaxCalc,TESTCASE6,Wed Sep 03 15:02:49 IST 2014,PASS,Opportunities created successfully
SalesForce_TaxCalc,TESTCASE6,Wed Sep 03 15:02:59 IST 2014,PASS,After clicking on menu Opportunities Respective page opened successfully
SalesForce_TaxCalc,TESTCASE6,Wed Sep 03 15:03:38 IST 2014,PASS,Avalara Status 'Temporary' verified successfully on adding products for Test case TestCase6 On Menu item : - Opportunities
SalesForce_TaxCalc,TESTCASE6,Wed Sep 03 15:03:45 IST 2014,PASS,Error message appeared as Name: PreQualification Error Summary: Tax Calculations are Disabled - Check 'Enable Tax Calculations' in the TaxServices tab Details:
SalesForce_TaxCalc,TESTCASE6,Wed Sep 03 15:03:45 IST 2014,PASS,Tax Calculation for Test case: TestCase6 Ended.
SalesForce_TaxCalc,TESTCASE7,Wed Sep 03 15:03:45 IST 2014,PASS,Tax Calculation for Test case: TestCase7 Started.
SalesForce_TaxCalc,TESTCASE7,Wed Sep 03 15:05:08 IST 2014,PASS,After clicking on menu TaxNowSettings Respective page opened successfully
SalesForce_TaxCalc,TESTCASE7,Wed Sep 03 15:05:32 IST 2014,PASS,Tax now settings updated successfully
SalesForce_TaxCalc,TESTCASE7,Wed Sep 03 15:06:13 IST 2014,PASS,After clicking on menu Accounts Respective page opened successfully
SalesForce_TaxCalc,TESTCASE7,Wed Sep 03 15:06:22 IST 2014,PASS,Opportunities created successfully
SalesForce_TaxCalc,TESTCASE7,Wed Sep 03 15:06:32 IST 2014,PASS,After clicking on menu Opportunities Respective page opened successfully
SalesForce_TaxCalc,TESTCASE7,Wed Sep 03 15:07:11 IST 2014,PASS,Avalara Status 'Temporary' verified successfully on adding products for Test case TestCase7 On Menu item : - Opportunities
SalesForce_TaxCalc,TESTCASE7,Wed Sep 03 15:07:17 IST 2014,PASS,Error message appeared as Name: PreQualification Error Summary: Tax Calculations are Disabled - Check 'Enable Tax Calculations' in the TaxServices tab Details:
SalesForce_TaxCalc,TESTCASE7,Wed Sep 03 15:07:17 IST 2014,PASS,Tax Calculation for Test case: TestCase7 Ended.
SalesForce_TaxCalc,TESTCASE8,Wed Sep 03 15:07:17 IST 2014,PASS,Tax Calculation for Test case: TestCase8 Started.
SalesForce_TaxCalc,TESTCASE8,Wed Sep 03 15:08:40 IST 2014,PASS,After clicking on menu TaxNowSettings Respective page opened successfully
SalesForce_TaxCalc,TESTCASE8,Wed Sep 03 15:09:04 IST 2014,PASS,Tax now settings updated successfully
SalesForce_TaxCalc,TESTCASE8,Wed Sep 03 15:09:46 IST 2014,PASS,After clicking on menu Accounts Respective page opened successfully
SalesForce_TaxCalc,TESTCASE8,Wed Sep 03 15:09:55 IST 2014,PASS,Opportunities created successfully
SalesForce_TaxCalc,TESTCASE8,Wed Sep 03 15:10:05 IST 2014,PASS,After clicking on menu Opportunities Respective page opened successfully
SalesForce_TaxCalc,TESTCASE8,Wed Sep 03 15:10:44 IST 2014,PASS,Avalara Status 'Temporary' verified successfully on adding products for Test case TestCase8 On Menu item : - Opportunities
SalesForce_TaxCalc,TESTCASE8,Wed Sep 03 15:10:50 IST 2014,PASS,Error message appeared as Name: PreQualification Error Summary: Tax Calculations are Disabled - Check 'Enable Tax Calculations' in the TaxServices tab Details:
SalesForce_TaxCalc,TESTCASE8,Wed Sep 03 15:10:50 IST 2014,PASS,Tax Calculation for Test case: TestCase8 Ended.
SalesForce_TaxCalc,TESTCASE9,Wed Sep 03 15:10:50 IST 2014,PASS,Tax Calculation for Test case: TestCase9 Started.
SalesForce_TaxCalc,TESTCASE9,Wed Sep 03 15:12:12 IST 2014,PASS,After clicking on menu TaxNowSettings Respective page opened successfully
SalesForce_TaxCalc,TESTCASE9,Wed Sep 03 15:12:38 IST 2014,PASS,Tax now settings updated successfully
SalesForce_TaxCalc,TESTCASE9,Wed Sep 03 15:13:20 IST 2014,PASS,After clicking on menu Accounts Respective page opened successfully
SalesForce_TaxCalc,TESTCASE9,Wed Sep 03 15:13:29 IST 2014,PASS,Opportunities created successfully
SalesForce_TaxCalc,TESTCASE9,Wed Sep 03 15:13:39 IST 2014,PASS,After clicking on menu Opportunities Respective page opened successfully
SalesForce_TaxCalc,TESTCASE9,Wed Sep 03 15:14:18 IST 2014,PASS,Avalara Status 'Temporary' verified successfully on adding products for Test case TestCase9 On Menu item : - Opportunities
SalesForce_TaxCalc,TESTCASE9,Wed Sep 03 15:14:24 IST 2014,PASS,'Total Sales Tax' 80.00 verified successfully for Test case TestCase9 on Opportunities Window.
SalesForce_TaxCalc,TESTCASE9,Wed Sep 03 15:14:24 IST 2014,PASS,Avalara Status ' Saved' verified successfully on Calculate for Test case TestCase9 On tax calculation on Opportunities Window 
SalesForce_TaxCalc,TESTCASE9,Wed Sep 03 15:14:30 IST 2014,PASS,'Total Sales Tax' 80.00 verified successfully for Test case TestCase9 on Finalize Opportunity Window.
SalesForce_TaxCalc,TESTCASE9,Wed Sep 03 15:14:30 IST 2014,PASS,Avalara Status ' Committed' verified successfully on Calculate for Test case TestCase9 On tax calculation on Finalize Opportunity Window 
SalesForce_TaxCalc,TESTCASE9,Wed Sep 03 15:14:30 IST 2014,PASS,Tax Calculation for Test case: TestCase9 Ended.
SalesForce_TaxCalc,TESTCASE10,Wed Sep 03 15:14:30 IST 2014,PASS,Tax Calculation for Test case: TestCase10 Started.
SalesForce_TaxCalc,TESTCASE10,Wed Sep 03 15:15:53 IST 2014,PASS,After clicking on menu TaxNowSettings Respective page opened successfully
SalesForce_TaxCalc,TESTCASE10,Wed Sep 03 15:16:19 IST 2014,PASS,Tax now settings updated successfully
SalesForce_TaxCalc,TESTCASE10,Wed Sep 03 15:17:00 IST 2014,PASS,After clicking on menu Accounts Respective page opened successfully
SalesForce_TaxCalc,TESTCASE10,Wed Sep 03 15:17:09 IST 2014,PASS,Opportunities created successfully
SalesForce_TaxCalc,TESTCASE10,Wed Sep 03 15:17:19 IST 2014,PASS,After clicking on menu Opportunities Respective page opened successfully
SalesForce_TaxCalc,TESTCASE10,Wed Sep 03 15:18:00 IST 2014,PASS,Avalara Status 'Temporary' verified successfully on adding products for Test case TestCase10 On Menu item : - Opportunities
SalesForce_TaxCalc,TESTCASE10,Wed Sep 03 15:18:06 IST 2014,PASS,'Total Sales Tax' 60.00 verified successfully for Test case TestCase10 on Opportunities Window.
SalesForce_TaxCalc,TESTCASE10,Wed Sep 03 15:18:07 IST 2014,PASS,Avalara Status ' Temporary' verified successfully on Calculate for Test case TestCase10 On tax calculation on Opportunities Window 
SalesForce_TaxCalc,TESTCASE10,Wed Sep 03 15:18:07 IST 2014,PASS,Tax Calculation for Test case: TestCase10 Ended.
SalesForce_TaxCalc,SalesForce_TaxCalc,Wed Sep 03 18:07:38 IST 2014,PASS,Logging into SalesForce application is successful.
SalesForce_TaxCalc,TESTCASE11,Wed Sep 03 18:07:38 IST 2014,PASS,Tax Calculation for Test case: TestCase11 Started.
SalesForce_TaxCalc,TESTCASE11,Wed Sep 03 18:08:01 IST 2014,PASS,After clicking on menu TaxNowSettings Respective page opened successfully
SalesForce_TaxCalc,TESTCASE11,Wed Sep 03 18:08:26 IST 2014,PASS,Tax now settings updated successfully
SalesForce_TaxCalc,TESTCASE11,Wed Sep 03 18:09:08 IST 2014,PASS,After clicking on menu Accounts Respective page opened successfully
SalesForce_TaxCalc,TESTCASE11,Wed Sep 03 18:09:19 IST 2014,PASS,Opportunities created successfully
SalesForce_TaxCalc,TESTCASE11,Wed Sep 03 18:09:29 IST 2014,PASS,After clicking on menu Opportunities Respective page opened successfully
SalesForce_TaxCalc,TESTCASE11,Wed Sep 03 18:10:15 IST 2014,PASS,Avalara Status 'Temporary' verified successfully on adding products for Test case TestCase11 On Menu item : - Opportunities
SalesForce_TaxCalc,TESTCASE11,Wed Sep 03 18:10:53 IST 2014,PASS,'Total Sales Tax' 60.00 verified successfully for Test case TestCase11 on Opportunities Window.
SalesForce_TaxCalc,TESTCASE11,Wed Sep 03 18:10:53 IST 2014,PASS,Avalara Status ' Saved' verified successfully on Calculate for Test case TestCase11 On tax calculation on Opportunities Window 
SalesForce_TaxCalc,TESTCASE11,Wed Sep 03 18:10:53 IST 2014,PASS,Tax Calculation for Test case: TestCase11 Ended.
SalesForce_TaxCalc,SalesForce_TaxCalc,Wed Sep 03 18:10:53 IST 2014,PASS,Script Ended.
SalesForce_TaxCalc,TESTCASE12,Wed Sep 03 15:23:57 IST 2014,PASS,Tax Calculation for Test case: TestCase12 Started.
SalesForce_TaxCalc,TESTCASE12,Wed Sep 03 15:25:23 IST 2014,PASS,After clicking on menu TaxNowSettings Respective page opened successfully
SalesForce_TaxCalc,TESTCASE12,Wed Sep 03 15:25:54 IST 2014,PASS,Tax now settings updated successfully
SalesForce_TaxCalc,TESTCASE12,Wed Sep 03 15:26:44 IST 2014,PASS,After clicking on menu Accounts Respective page opened successfully
SalesForce_TaxCalc,TESTCASE12,Wed Sep 03 15:26:57 IST 2014,PASS,Opportunities created successfully
SalesForce_TaxCalc,TESTCASE12,Wed Sep 03 15:27:07 IST 2014,PASS,After clicking on menu Opportunities Respective page opened successfully
SalesForce_TaxCalc,TESTCASE12,Wed Sep 03 15:27:51 IST 2014,PASS,Avalara Status 'Temporary' verified successfully on adding products for Test case TestCase12 On Menu item : - Opportunities
SalesForce_TaxCalc,TESTCASE12,Wed Sep 03 15:27:57 IST 2014,PASS,'Total Sales Tax' 77.50 verified successfully for Test case TestCase12 on Opportunities Window.
SalesForce_TaxCalc,TESTCASE12,Wed Sep 03 15:27:58 IST 2014,PASS,Avalara Status ' Saved' verified successfully on Calculate for Test case TestCase12 On tax calculation on Opportunities Window 
SalesForce_TaxCalc,TESTCASE12,Wed Sep 03 15:28:04 IST 2014,PASS,'Total Sales Tax' 77.50 verified successfully for Test case TestCase12 on Finalize Opportunity Window.
SalesForce_TaxCalc,TESTCASE12,Wed Sep 03 15:28:05 IST 2014,PASS,Avalara Status ' Committed' verified successfully on Calculate for Test case TestCase12 On tax calculation on Finalize Opportunity Window 
SalesForce_TaxCalc,TESTCASE12,Wed Sep 03 15:28:05 IST 2014,PASS,Tax Calculation for Test case: TestCase12 Ended.
SalesForce_TaxCalc,TESTCASE13,Wed Sep 03 15:28:05 IST 2014,PASS,Tax Calculation for Test case: TestCase13 Started.
SalesForce_TaxCalc,TESTCASE13,Wed Sep 03 15:29:29 IST 2014,PASS,After clicking on menu TaxNowSettings Respective page opened successfully
SalesForce_TaxCalc,TESTCASE13,Wed Sep 03 15:29:59 IST 2014,PASS,Tax now settings updated successfully
SalesForce_TaxCalc,TESTCASE13,Wed Sep 03 15:30:49 IST 2014,PASS,After clicking on menu Accounts Respective page opened successfully
SalesForce_TaxCalc,TESTCASE13,Wed Sep 03 15:31:02 IST 2014,PASS,Opportunities created successfully
SalesForce_TaxCalc,TESTCASE13,Wed Sep 03 15:31:12 IST 2014,PASS,After clicking on menu Opportunities Respective page opened successfully
SalesForce_TaxCalc,TESTCASE13,Wed Sep 03 15:31:55 IST 2014,PASS,Avalara Status 'Temporary' verified successfully on adding products for Test case TestCase13 On Menu item : - Opportunities
SalesForce_TaxCalc,TESTCASE13,Wed Sep 03 15:32:03 IST 2014,PASS,'Total Sales Tax' 77.50 verified successfully for Test case TestCase13 on Opportunities Window.
SalesForce_TaxCalc,TESTCASE13,Wed Sep 03 15:32:03 IST 2014,PASS,Avalara Status ' Temporary' verified successfully on Calculate for Test case TestCase13 On tax calculation on Opportunities Window 
SalesForce_TaxCalc,TESTCASE13,Wed Sep 03 15:32:03 IST 2014,PASS,Tax Calculation for Test case: TestCase13 Ended.
SalesForce_TaxCalc,TESTCASE14,Wed Sep 03 16:20:57 IST 2014,PASS,Tax Calculation for Test case: TestCase14 Started.
SalesForce_TaxCalc,TESTCASE14,Wed Sep 03 16:21:20 IST 2014,PASS,After clicking on menu TaxNowSettings Respective page opened successfully
SalesForce_TaxCalc,TESTCASE14,Wed Sep 03 16:21:45 IST 2014,PASS,Tax now settings updated successfully
SalesForce_TaxCalc,TESTCASE14,Wed Sep 03 16:22:26 IST 2014,PASS,After clicking on menu Accounts Respective page opened successfully
SalesForce_TaxCalc,TESTCASE14,Wed Sep 03 16:22:36 IST 2014,PASS,Opportunities created successfully
SalesForce_TaxCalc,TESTCASE14,Wed Sep 03 16:22:46 IST 2014,PASS,After clicking on menu Opportunities Respective page opened successfully
SalesForce_TaxCalc,TESTCASE14,Wed Sep 03 16:23:32 IST 2014,PASS,Avalara Status 'Temporary' verified successfully on adding products for Test case TestCase14 On Menu item : - Opportunities
SalesForce_TaxCalc,TESTCASE14,Wed Sep 03 16:23:43 IST 2014,PASS,Error message appeared as Name: PreQualification Error Summary: Tax Calculations are Disabled - Check 'Enable Tax Calculations' in the TaxServices tab Details:
SalesForce_TaxCalc,TESTCASE14,Wed Sep 03 16:23:43 IST 2014,PASS,Tax Calculation for Test case: TestCase14 Ended.
SalesForce_TaxCalc,SalesForce_TaxCalc,Wed Sep 03 16:23:43 IST 2014,PASS,Script Ended.
SalesForce_TaxCalc,TESTCASE15,Wed Sep 03 15:36:56 IST 2014,PASS,Tax Calculation for Test case: TestCase15 Started.
SalesForce_TaxCalc,TESTCASE15,Wed Sep 03 15:38:36 IST 2014,PASS,After clicking on menu TaxNowSettings Respective page opened successfully
SalesForce_TaxCalc,TESTCASE15,Wed Sep 03 15:39:05 IST 2014,PASS,Tax now settings updated successfully
SalesForce_TaxCalc,TESTCASE15,Wed Sep 03 15:39:54 IST 2014,PASS,After clicking on menu Accounts Respective page opened successfully
SalesForce_TaxCalc,TESTCASE15,Wed Sep 03 15:40:07 IST 2014,PASS,Opportunities created successfully
SalesForce_TaxCalc,TESTCASE15,Wed Sep 03 15:40:17 IST 2014,PASS,After clicking on menu Opportunities Respective page opened successfully
SalesForce_TaxCalc,TESTCASE15,Wed Sep 03 15:41:00 IST 2014,PASS,Avalara Status 'Temporary' verified successfully on adding products for Test case TestCase15 On Menu item : - Opportunities
SalesForce_TaxCalc,TESTCASE15,Wed Sep 03 15:41:09 IST 2014,PASS,Error message appeared as Name: PreQualification Error Summary: Tax Calculations are Disabled - Check 'Enable Tax Calculations' in the TaxServices tab Details:
SalesForce_TaxCalc,TESTCASE15,Wed Sep 03 15:41:09 IST 2014,PASS,Tax Calculation for Test case: TestCase15 Ended.
SalesForce_TaxCalc,TESTCASE16,Wed Sep 03 15:41:09 IST 2014,PASS,Tax Calculation for Test case: TestCase16 Started.
SalesForce_TaxCalc,TESTCASE16,Wed Sep 03 15:42:33 IST 2014,PASS,After clicking on menu TaxNowSettings Respective page opened successfully
SalesForce_TaxCalc,TESTCASE16,Wed Sep 03 15:43:02 IST 2014,PASS,Tax now settings updated successfully
SalesForce_TaxCalc,TESTCASE16,Wed Sep 03 15:43:51 IST 2014,PASS,After clicking on menu Accounts Respective page opened successfully
SalesForce_TaxCalc,TESTCASE16,Wed Sep 03 15:44:05 IST 2014,PASS,Opportunities created successfully
SalesForce_TaxCalc,TESTCASE16,Wed Sep 03 15:44:15 IST 2014,PASS,After clicking on menu Opportunities Respective page opened successfully
SalesForce_TaxCalc,TESTCASE16,Wed Sep 03 15:44:59 IST 2014,PASS,Avalara Status 'Temporary' verified successfully on adding products for Test case TestCase16 On Menu item : - Opportunities
SalesForce_TaxCalc,TESTCASE16,Wed Sep 03 15:45:06 IST 2014,PASS,Error message appeared as Name: PreQualification Error Summary: Tax Calculations are Disabled - Check 'Enable Tax Calculations' in the TaxServices tab Details:
SalesForce_TaxCalc,TESTCASE16,Wed Sep 03 15:45:06 IST 2014,PASS,Tax Calculation for Test case: TestCase16 Ended.
SalesForce_TaxCalc,TESTCASE17,Wed Sep 03 15:45:06 IST 2014,PASS,Tax Calculation for Test case: TestCase17 Started.
SalesForce_TaxCalc,TESTCASE17,Wed Sep 03 15:46:30 IST 2014,PASS,After clicking on menu TaxNowSettings Respective page opened successfully
SalesForce_TaxCalc,TESTCASE17,Wed Sep 03 15:46:55 IST 2014,PASS,Tax now settings updated successfully
SalesForce_TaxCalc,TESTCASE17,Wed Sep 03 15:47:36 IST 2014,PASS,After clicking on menu Accounts Respective page opened successfully
SalesForce_TaxCalc,TESTCASE17,Wed Sep 03 15:47:46 IST 2014,PASS,Opportunities created successfully
SalesForce_TaxCalc,TESTCASE17,Wed Sep 03 15:47:56 IST 2014,PASS,After clicking on menu Opportunities Respective page opened successfully
SalesForce_TaxCalc,TESTCASE17,Wed Sep 03 15:48:35 IST 2014,PASS,Avalara Status 'Temporary' verified successfully on adding products for Test case TestCase17 On Menu item : - Opportunities
SalesForce_TaxCalc,TESTCASE17,Wed Sep 03 15:48:41 IST 2014,PASS,Error message appeared as Name: PreQualification Error Summary: Tax Calculations are Disabled - Check 'Enable Tax Calculations' in the TaxServices tab Details:
SalesForce_TaxCalc,TESTCASE17,Wed Sep 03 15:48:41 IST 2014,PASS,Tax Calculation for Test case: TestCase17 Ended.
SalesForce_TaxCalc,SalesForce_TaxCalc,Wed Sep 03 16:30:17 IST 2014,PASS,Logging into SalesForce application is successful.
SalesForce_TaxCalc,TESTCASE18,Wed Sep 03 16:30:17 IST 2014,PASS,Tax Calculation for Test case: TestCase18 Started.
SalesForce_TaxCalc,TESTCASE18,Wed Sep 03 16:30:39 IST 2014,PASS,After clicking on menu TaxNowSettings Respective page opened successfully
SalesForce_TaxCalc,TESTCASE18,Wed Sep 03 16:31:04 IST 2014,PASS,Tax now settings updated successfully
SalesForce_TaxCalc,TESTCASE18,Wed Sep 03 16:31:46 IST 2014,PASS,After clicking on menu Accounts Respective page opened successfully
SalesForce_TaxCalc,TESTCASE18,Wed Sep 03 16:31:56 IST 2014,PASS,Opportunities created successfully
SalesForce_TaxCalc,TESTCASE18,Wed Sep 03 16:32:06 IST 2014,PASS,After clicking on menu Opportunities Respective page opened successfully
SalesForce_TaxCalc,TESTCASE18,Wed Sep 03 16:32:53 IST 2014,PASS,Avalara Status 'Temporary' verified successfully on adding products for Test case TestCase18 On Menu item : - Opportunities
SalesForce_TaxCalc,TESTCASE18,Wed Sep 03 16:33:00 IST 2014,PASS,'Total Sales Tax' 80.00 verified successfully for Test case TestCase18 on Opportunities Window.
SalesForce_TaxCalc,TESTCASE18,Wed Sep 03 16:33:00 IST 2014,PASS,Avalara Status ' Saved' verified successfully on Calculate for Test case TestCase18 On tax calculation on Opportunities Window 
SalesForce_TaxCalc,TESTCASE18,Wed Sep 03 16:33:06 IST 2014,PASS,'Total Sales Tax' 80.00 verified successfully for Test case TestCase18 on Finalize Opportunity Window.
SalesForce_TaxCalc,TESTCASE18,Wed Sep 03 16:33:06 IST 2014,PASS,Avalara Status ' Committed' verified successfully on Calculate for Test case TestCase18 On tax calculation on Finalize Opportunity Window 
SalesForce_TaxCalc,TESTCASE18,Wed Sep 03 16:33:06 IST 2014,PASS,Tax Calculation for Test case: TestCase18 Ended.
SalesForce_TaxCalc,SalesForce_TaxCalc,Wed Sep 03 16:33:06 IST 2014,PASS,Script Ended.
SalesForce_TaxCode,SalesForce_TaxCode,Thu Sep 04 14:51:29 IST 2014,FAIL,Logging into SalesForce application is Failed.
SalesForce_TaxCode,TESTCASE40,Thu Sep 04 14:51:29 IST 2014,PASS,Tax Calculation for Test case: TestCase40 Started.
SalesForce_TaxCode,TESTCASE40,Thu Sep 04 14:52:35 IST 2014,PASS,After clicking on menu TaxNowSettings Respective page opened successfully
SalesForce_TaxCode,TESTCASE40,Thu Sep 04 14:53:05 IST 2014,PASS,Tax now settings updated successfully
SalesForce_TaxCode,TESTCASE40,Thu Sep 04 14:53:53 IST 2014,PASS,After clicking on menu Accounts Respective page opened successfully
SalesForce_TaxCode,TESTCASE40,Thu Sep 04 14:54:53 IST 2014,PASS,Opportunities created successfully
SalesForce_TaxCode,TESTCASE40,Thu Sep 04 14:55:03 IST 2014,PASS,After clicking on menu Opportunities Respective page opened successfully
SalesForce_TaxCode,TESTCASE40,Thu Sep 04 14:55:54 IST 2014,PASS,Avalara Status 'Temporary' verified successfully on adding products for Test case TestCase40 On Menu item : - Opportunities
SalesForce_TaxCode,TESTCASE40,Thu Sep 04 14:56:04 IST 2014,FAIL,'Total Sales Tax' 42.00 NOT verified successfully for Test caseTestCase40 on Opportunities Window.Expected Tax :- 42.00 and Actual Tax:- 87.00
SalesForce_TaxCode,TESTCASE41,Thu Sep 04 14:56:04 IST 2014,PASS,Tax Calculation for Test case: TestCase41 Started.
SalesForce_TaxCode,TESTCASE41,Thu Sep 04 14:57:27 IST 2014,PASS,After clicking on menu TaxNowSettings Respective page opened successfully
SalesForce_TaxCode,TESTCASE41,Thu Sep 04 14:58:18 IST 2014,PASS,Tax now settings updated successfully
SalesForce_TaxCode,TESTCASE41,Thu Sep 04 14:59:05 IST 2014,PASS,After clicking on menu Accounts Respective page opened successfully
SalesForce_TaxCode,TESTCASE41,Thu Sep 04 14:59:19 IST 2014,PASS,Opportunities created successfully
SalesForce_TaxCode,TESTCASE41,Thu Sep 04 14:59:29 IST 2014,PASS,After clicking on menu Opportunities Respective page opened successfully
SalesForce_TaxCode,TESTCASE41,Thu Sep 04 15:00:21 IST 2014,PASS,Avalara Status 'Temporary' verified successfully on adding products for Test case TestCase41 On Menu item : - Opportunities
SalesForce_TaxCode,TESTCASE41,Thu Sep 04 15:01:09 IST 2014,PASS,Avalara Status 'Temporary' verified successfully on adding products for Test case TestCase41 On Menu item : - Opportunities
SalesForce_TaxCode,TESTCASE41,Thu Sep 04 15:01:18 IST 2014,FAIL,'Total Sales Tax' 114.30 NOT verified successfully for Test caseTestCase41 on Opportunities Window.Expected Tax :- 114.30 and Actual Tax:- 152.40
SalesForce_TaxCode,SalesForce_TaxCode,Thu Sep 04 15:01:18 IST 2014,PASS,Script Ended.
SalesForce_TaxCode,SalesForce_TaxCode,Thu Sep 04 15:14:05 IST 2014,PASS,Logging into SalesForce application is successful.
SalesForce_TaxCode,TESTCASE40,Thu Sep 04 15:14:05 IST 2014,PASS,Tax Calculation for Test case: TestCase40 Started.
SalesForce_TaxCode,TESTCASE40,Thu Sep 04 15:14:44 IST 2014,PASS,After clicking on menu TaxNowSettings Respective page opened successfully
SalesForce_TaxCode,TESTCASE40,Thu Sep 04 15:14:44 IST 2014,FAIL,fCalculateSalesTax: Exception: java.sql.SQLException: [Microsoft][ODBC Driver Manager] Invalid cursor state
SalesForce_TaxCode,TESTCASE41,Thu Sep 04 15:14:44 IST 2014,PASS,Tax Calculation for Test case: TestCase41 Started.
SalesForce_TaxCode,TESTCASE41,Thu Sep 04 15:16:07 IST 2014,PASS,After clicking on menu TaxNowSettings Respective page opened successfully
SalesForce_TaxCode,TESTCASE41,Thu Sep 04 15:16:07 IST 2014,FAIL,fCalculateSalesTax: Exception: java.sql.SQLException: [Microsoft][ODBC Driver Manager] Invalid cursor state
SalesForce_TaxCode,SalesForce_TaxCode,Thu Sep 04 15:16:07 IST 2014,PASS,Script Ended.
SalesForce_TaxCode,SalesForce_TaxCode,Thu Sep 04 15:20:16 IST 2014,PASS,Logging into SalesForce application is successful.
SalesForce_TaxCode,TESTCASE40,Thu Sep 04 15:20:16 IST 2014,PASS,Tax Calculation for Test case: TestCase40 Started.
SalesForce_TaxCode,TESTCASE40,Thu Sep 04 15:20:40 IST 2014,PASS,After clicking on menu TaxNowSettings Respective page opened successfully
SalesForce_TaxCode,TESTCASE40,Thu Sep 04 15:20:40 IST 2014,FAIL,fCalculateSalesTax: Exception: java.sql.SQLException: [Microsoft][ODBC Driver Manager] Invalid cursor state
SalesForce_TaxCode,TESTCASE41,Thu Sep 04 15:20:40 IST 2014,PASS,Tax Calculation for Test case: TestCase41 Started.
SalesForce_TaxCode,TESTCASE41,Thu Sep 04 15:22:02 IST 2014,PASS,After clicking on menu TaxNowSettings Respective page opened successfully
SalesForce_TaxCode,TESTCASE41,Thu Sep 04 15:22:02 IST 2014,FAIL,fCalculateSalesTax: Exception: java.sql.SQLException: [Microsoft][ODBC Driver Manager] Invalid cursor state
SalesForce_TaxCode,SalesForce_TaxCode,Thu Sep 04 15:22:02 IST 2014,PASS,Script Ended.
SalesForce_TaxCode,SalesForce_TaxCode,Thu Sep 04 15:26:22 IST 2014,PASS,Logging into SalesForce application is successful.
SalesForce_TaxCode,TESTCASE40,Thu Sep 04 15:26:22 IST 2014,PASS,Tax Calculation for Test case: TestCase40 Started.
SalesForce_TaxCode,TESTCASE40,Thu Sep 04 15:26:45 IST 2014,PASS,After clicking on menu TaxNowSettings Respective page opened successfully
SalesForce_TaxCode,TESTCASE40,Thu Sep 04 15:26:46 IST 2014,FAIL,fCalculateSalesTax: Exception: java.sql.SQLException: [Microsoft][ODBC Driver Manager] Invalid cursor state
SalesForce_TaxCode,TESTCASE41,Thu Sep 04 15:26:46 IST 2014,PASS,Tax Calculation for Test case: TestCase41 Started.
SalesForce_TaxCode,SalesForce_TaxCode,Thu Sep 04 15:28:08 IST 2014,PASS,Logging into SalesForce application is successful.
SalesForce_TaxCode,TESTCASE40,Thu Sep 04 15:28:08 IST 2014,PASS,Tax Calculation for Test case: TestCase40 Started.
SalesForce_TaxCode,TESTCASE40,Thu Sep 04 15:28:34 IST 2014,PASS,After clicking on menu TaxNowSettings Respective page opened successfully
SalesForce_TaxCode,SalesForce_TaxCode,Thu Sep 04 15:29:27 IST 2014,FAIL,Logging into SalesForce application is Failed.
SalesForce_TaxCode,TESTCASE40,Thu Sep 04 15:29:27 IST 2014,PASS,Tax Calculation for Test case: TestCase40 Started.
SalesForce_TaxCode,TESTCASE40,Thu Sep 04 15:29:50 IST 2014,PASS,After clicking on menu TaxNowSettings Respective page opened successfully
SalesForce_TaxCode,TESTCASE40,Thu Sep 04 15:30:15 IST 2014,PASS,Tax now settings updated successfully
SalesForce_TaxCode,TESTCASE40,Thu Sep 04 15:30:56 IST 2014,PASS,After clicking on menu Accounts Respective page opened successfully
SalesForce_TaxCode,TESTCASE40,Thu Sep 04 15:31:07 IST 2014,PASS,Opportunities created successfully
SalesForce_TaxCode,TESTCASE40,Thu Sep 04 15:31:17 IST 2014,PASS,After clicking on menu Opportunities Respective page opened successfully
SalesForce_TaxCode,TESTCASE40,Thu Sep 04 15:32:03 IST 2014,PASS,Avalara Status 'Temporary' verified successfully on adding products for Test case TestCase40 On Menu item : - Opportunities
SalesForce_TaxCode,TESTCASE40,Thu Sep 04 15:32:10 IST 2014,PASS,'Total Sales Tax' 42.00 verified successfully for Test case TestCase40 on Opportunities Window.
SalesForce_TaxCode,TESTCASE40,Thu Sep 04 15:32:10 IST 2014,PASS,Avalara Status ' Saved' verified successfully on Calculate for Test case TestCase40 On tax calculation on Opportunities Window 
SalesForce_TaxCode,TESTCASE40,Thu Sep 04 15:32:16 IST 2014,PASS,'Total Sales Tax' 42.00 verified successfully for Test case TestCase40 on Finalize Opportunity Window.
SalesForce_TaxCode,TESTCASE40,Thu Sep 04 15:32:16 IST 2014,PASS,Avalara Status ' Committed' verified successfully on Calculate for Test case TestCase40 On tax calculation on Finalize Opportunity Window 
SalesForce_TaxCode,TESTCASE40,Thu Sep 04 15:32:16 IST 2014,PASS,Tax Calculation for Test case: TestCase40 Ended.
SalesForce_TaxCode,TESTCASE41,Thu Sep 04 15:32:16 IST 2014,PASS,Tax Calculation for Test case: TestCase41 Started.
SalesForce_TaxCode,TESTCASE41,Thu Sep 04 15:33:39 IST 2014,PASS,After clicking on menu TaxNowSettings Respective page opened successfully
SalesForce_TaxCode,TESTCASE41,Thu Sep 04 15:34:05 IST 2014,PASS,Tax now settings updated successfully
SalesForce_TaxCode,TESTCASE41,Thu Sep 04 15:34:47 IST 2014,PASS,After clicking on menu Accounts Respective page opened successfully
SalesForce_TaxCode,TESTCASE41,Thu Sep 04 15:34:56 IST 2014,PASS,Opportunities created successfully
SalesForce_TaxCode,TESTCASE41,Thu Sep 04 15:35:06 IST 2014,PASS,After clicking on menu Opportunities Respective page opened successfully
SalesForce_TaxCode,TESTCASE41,Thu Sep 04 15:35:52 IST 2014,PASS,Avalara Status 'Temporary' verified successfully on adding products for Test case TestCase41 On Menu item : - Opportunities
SalesForce_TaxCode,TESTCASE41,Thu Sep 04 15:36:38 IST 2014,PASS,Avalara Status 'Temporary' verified successfully on adding products for Test case TestCase41 On Menu item : - Opportunities
SalesForce_TaxCode,TESTCASE41,Thu Sep 04 15:36:44 IST 2014,PASS,'Total Sales Tax' 114.30 verified successfully for Test case TestCase41 on Opportunities Window.
SalesForce_TaxCode,TESTCASE41,Thu Sep 04 15:36:45 IST 2014,PASS,Avalara Status ' Saved' verified successfully on Calculate for Test case TestCase41 On tax calculation on Opportunities Window 
SalesForce_TaxCode,TESTCASE41,Thu Sep 04 15:36:50 IST 2014,PASS,'Total Sales Tax' 114.30 verified successfully for Test case TestCase41 on Finalize Opportunity Window.
SalesForce_TaxCode,TESTCASE41,Thu Sep 04 15:36:50 IST 2014,PASS,Avalara Status ' Committed' verified successfully on Calculate for Test case TestCase41 On tax calculation on Finalize Opportunity Window 
SalesForce_TaxCode,TESTCASE41,Thu Sep 04 15:36:50 IST 2014,PASS,Tax Calculation for Test case: TestCase41 Ended.
SalesForce_TaxCode,SalesForce_TaxCode,Thu Sep 04 15:36:50 IST 2014,PASS,Script Ended.
SalesForce_TaxCode,SalesForce_TaxCode,Thu Sep 04 16:01:15 IST 2014,FAIL,Logging into SalesForce application is Failed.
SalesForce_TaxCode,TESTCASE43,Thu Sep 04 16:01:15 IST 2014,PASS,Tax Calculation for Test case: TestCase43 Started.
SalesForce_TaxCode,TESTCASE43,Thu Sep 04 16:01:38 IST 2014,PASS,After clicking on menu TaxNowSettings Respective page opened successfully
SalesForce_TaxCode,TESTCASE43,Thu Sep 04 16:02:02 IST 2014,PASS,Tax now settings updated successfully
SalesForce_TaxCode,TESTCASE43,Thu Sep 04 16:02:43 IST 2014,PASS,After clicking on menu Accounts Respective page opened successfully
SalesForce_TaxCode,TESTCASE43,Thu Sep 04 16:02:53 IST 2014,PASS,Opportunities created successfully
SalesForce_TaxCode,TESTCASE43,Thu Sep 04 16:03:03 IST 2014,PASS,After clicking on menu Opportunities Respective page opened successfully
SalesForce_TaxCode,TESTCASE43,Thu Sep 04 16:03:49 IST 2014,PASS,Avalara Status 'Temporary' verified successfully on adding products for Test case TestCase43 On Menu item : - Opportunities
SalesForce_TaxCode,TESTCASE43,Thu Sep 04 16:03:57 IST 2014,PASS,'Total Sales Tax' 87.00 verified successfully for Test case TestCase43 on Opportunities Window.
SalesForce_TaxCode,TESTCASE43,Thu Sep 04 16:03:57 IST 2014,PASS,Avalara Status ' Saved' verified successfully on Calculate for Test case TestCase43 On tax calculation on Opportunities Window 
SalesForce_TaxCode,TESTCASE43,Thu Sep 04 16:04:02 IST 2014,PASS,'Total Sales Tax' 87.00 verified successfully for Test case TestCase43 on Finalize Opportunity Window.
SalesForce_TaxCode,TESTCASE43,Thu Sep 04 16:04:03 IST 2014,PASS,Avalara Status ' Committed' verified successfully on Calculate for Test case TestCase43 On tax calculation on Finalize Opportunity Window 
SalesForce_TaxCode,TESTCASE43,Thu Sep 04 16:04:03 IST 2014,PASS,Tax Calculation for Test case: TestCase43 Ended.
SalesForce_TaxCode,SalesForce_TaxCode,Thu Sep 04 16:04:03 IST 2014,PASS,Script Ended.
SalesForce_TaxCode,SalesForce_TaxCode,Thu Sep 04 16:17:31 IST 2014,PASS,Logging into SalesForce application is successful.
SalesForce_TaxCode,TESTCASE42,Thu Sep 04 16:17:31 IST 2014,PASS,Tax Calculation for Test case: TestCase42 Started.
SalesForce_TaxCode,TESTCASE42,Thu Sep 04 16:17:54 IST 2014,PASS,After clicking on menu TaxNowSettings Respective page opened successfully
SalesForce_TaxCode,TESTCASE42,Thu Sep 04 16:18:18 IST 2014,PASS,Tax now settings updated successfully
SalesForce_TaxCode,TESTCASE42,Thu Sep 04 16:19:02 IST 2014,PASS,After clicking on menu Accounts Respective page opened successfully
SalesForce_TaxCode,TESTCASE42,Thu Sep 04 16:19:31 IST 2014,PASS,Opportunities created successfully
SalesForce_TaxCode,TESTCASE42,Thu Sep 04 16:19:41 IST 2014,PASS,After clicking on menu Opportunities Respective page opened successfully
SalesForce_TaxCode,TESTCASE42,Thu Sep 04 16:20:27 IST 2014,PASS,Avalara Status 'Temporary' verified successfully on adding products for Test case TestCase42 On Menu item : - Opportunities
SalesForce_TaxCode,TESTCASE42,Thu Sep 04 16:20:35 IST 2014,FAIL,fCalculateSalesTax: Exception: java.lang.NullPointerException
SalesForce_TaxCode,SalesForce_TaxCode,Thu Sep 04 16:20:35 IST 2014,PASS,Script Ended.
SalesForce_ErrorMessageDisplayed,SalesForce_ErrorMessageDisplayed,Thu Sep 04 18:03:11 IST 2014,PASS,Logging into SalesForce application is successful.
SalesForce_ErrorMessageDisplayed,TESTCASE80,Thu Sep 04 18:03:11 IST 2014,PASS,Tax Calculation for Test case: TestCase80 Started.
SalesForce_ErrorMessageDisplayed,TESTCASE80,Thu Sep 04 18:03:34 IST 2014,PASS,After clicking on menu TaxNowSettings Respective page opened successfully
SalesForce_ErrorMessageDisplayed,TESTCASE80,Thu Sep 04 18:03:59 IST 2014,PASS,Tax now settings updated successfully
SalesForce_ErrorMessageDisplayed,TESTCASE80,Thu Sep 04 18:04:41 IST 2014,PASS,After clicking on menu Accounts Respective page opened successfully
SalesForce_ErrorMessageDisplayed,TESTCASE80,Thu Sep 04 18:04:51 IST 2014,PASS,Opportunities created successfully
SalesForce_ErrorMessageDisplayed,TESTCASE80,Thu Sep 04 18:05:01 IST 2014,PASS,After clicking on menu Opportunities Respective page opened successfully
SalesForce_ErrorMessageDisplayed,TESTCASE80,Thu Sep 04 18:05:47 IST 2014,PASS,Avalara Status 'Temporary' verified successfully on adding products for Test case TestCase80 On Menu item : - Opportunities
SalesForce_ErrorMessageDisplayed,TESTCASE80,Thu Sep 04 18:05:58 IST 2014,PASS,Error message appeared as Name: JurisdictionNotFoundError Summary: Unable to determine the taxing jurisdictions. Details: 900432 Winslow Way, Bainbridge Island, WA 453543 US (Destination)
SalesForce_ErrorMessageDisplayed,TESTCASE80,Thu Sep 04 18:05:58 IST 2014,PASS,Tax Calculation for Test case: TestCase80 Ended.
SalesForce_ErrorMessageDisplayed,TESTCASE81,Thu Sep 04 18:05:58 IST 2014,PASS,Tax Calculation for Test case: TestCase81 Started.
SalesForce_ErrorMessageDisplayed,TESTCASE81,Thu Sep 04 18:07:21 IST 2014,PASS,After clicking on menu TaxNowSettings Respective page opened successfully
SalesForce_ErrorMessageDisplayed,TESTCASE81,Thu Sep 04 18:07:46 IST 2014,PASS,Tax now settings updated successfully
SalesForce_ErrorMessageDisplayed,TESTCASE81,Thu Sep 04 18:08:28 IST 2014,PASS,After clicking on menu Accounts Respective page opened successfully
SalesForce_ErrorMessageDisplayed,TESTCASE81,Thu Sep 04 18:08:39 IST 2014,PASS,Opportunities created successfully
SalesForce_ErrorMessageDisplayed,TESTCASE81,Thu Sep 04 18:08:49 IST 2014,PASS,After clicking on menu Opportunities Respective page opened successfully
SalesForce_ErrorMessageDisplayed,TESTCASE81,Thu Sep 04 18:09:35 IST 2014,PASS,Avalara Status 'Temporary' verified successfully on adding products for Test case TestCase81 On Menu item : - Opportunities
SalesForce_ErrorMessageDisplayed,TESTCASE81,Thu Sep 04 18:09:42 IST 2014,PASS,Error message appeared as Name: JurisdictionNotFoundError Summary: Unable to determine the taxing jurisdictions. Details: 900432 Winslow Way, Bainbridge Island, WA 453543 US (Destination)
SalesForce_ErrorMessageDisplayed,TESTCASE81,Thu Sep 04 18:09:42 IST 2014,PASS,Tax Calculation for Test case: TestCase81 Ended.
SalesForce_ErrorMessageDisplayed,TESTCASE82,Thu Sep 04 18:09:42 IST 2014,PASS,Tax Calculation for Test case: TestCase82 Started.
SalesForce_ErrorMessageDisplayed,TESTCASE82,Thu Sep 04 18:11:05 IST 2014,PASS,After clicking on menu TaxNowSettings Respective page opened successfully
SalesForce_ErrorMessageDisplayed,TESTCASE82,Thu Sep 04 18:11:29 IST 2014,PASS,Tax now settings updated successfully
SalesForce_ErrorMessageDisplayed,TESTCASE82,Thu Sep 04 18:12:11 IST 2014,PASS,After clicking on menu Accounts Respective page opened successfully
SalesForce_ErrorMessageDisplayed,TESTCASE82,Thu Sep 04 18:12:20 IST 2014,PASS,Opportunities created successfully
SalesForce_ErrorMessageDisplayed,TESTCASE82,Thu Sep 04 18:12:30 IST 2014,PASS,After clicking on menu Opportunities Respective page opened successfully
SalesForce_ErrorMessageDisplayed,TESTCASE82,Thu Sep 04 18:13:15 IST 2014,PASS,Avalara Status 'Temporary' verified successfully on adding products for Test case TestCase82 On Menu item : - Opportunities
SalesForce_ErrorMessageDisplayed,TESTCASE82,Thu Sep 04 18:13:25 IST 2014,PASS,Error message appeared as Name: JurisdictionNotFoundError Summary: Unable to determine the taxing jurisdictions. Details: 900432 Winslow Way, Bainbridge Island, WA 453543 US (Destination)
SalesForce_ErrorMessageDisplayed,TESTCASE82,Thu Sep 04 18:13:32 IST 2014,PASS,Error message appeared as Name: JurisdictionNotFoundError Summary: Unable to determine the taxing jurisdictions. Details: 900432 Winslow Way, Bainbridge Island, WA 453543 US (Destination)
SalesForce_ErrorMessageDisplayed,TESTCASE82,Thu Sep 04 18:13:32 IST 2014,PASS,Tax Calculation for Test case: TestCase82 Ended.
SalesForce_ErrorMessageDisplayed,TESTCASE83,Thu Sep 04 18:13:32 IST 2014,PASS,Tax Calculation for Test case: TestCase83 Started.
SalesForce_ErrorMessageDisplayed,TESTCASE83,Thu Sep 04 18:14:55 IST 2014,PASS,After clicking on menu TaxNowSettings Respective page opened successfully
SalesForce_ErrorMessageDisplayed,TESTCASE83,Thu Sep 04 18:15:20 IST 2014,PASS,Tax now settings updated successfully
SalesForce_ErrorMessageDisplayed,TESTCASE83,Thu Sep 04 18:16:00 IST 2014,PASS,After clicking on menu Accounts Respective page opened successfully
SalesForce_ErrorMessageDisplayed,TESTCASE83,Thu Sep 04 18:16:09 IST 2014,PASS,Opportunities created successfully
SalesForce_ErrorMessageDisplayed,TESTCASE83,Thu Sep 04 18:16:19 IST 2014,PASS,After clicking on menu Opportunities Respective page opened successfully
SalesForce_ErrorMessageDisplayed,TESTCASE83,Thu Sep 04 18:17:05 IST 2014,PASS,Avalara Status 'Temporary' verified successfully on adding products for Test case TestCase83 On Menu item : - Opportunities
SalesForce_ErrorMessageDisplayed,TESTCASE83,Thu Sep 04 18:17:12 IST 2014,PASS,Error message appeared as Name: JurisdictionNotFoundError Summary: Unable to determine the taxing jurisdictions. Details: 900432 Winslow Way, Bainbridge Island, WA 453543 US (Destination)
SalesForce_ErrorMessageDisplayed,TESTCASE83,Thu Sep 04 18:17:12 IST 2014,PASS,Tax Calculation for Test case: TestCase83 Ended.
SalesForce_ErrorMessageDisplayed,TESTCASE84,Thu Sep 04 18:17:12 IST 2014,PASS,Tax Calculation for Test case: TestCase84 Started.
SalesForce_ErrorMessageDisplayed,TESTCASE84,Thu Sep 04 18:18:35 IST 2014,PASS,After clicking on menu TaxNowSettings Respective page opened successfully
SalesForce_ErrorMessageDisplayed,TESTCASE84,Thu Sep 04 18:19:00 IST 2014,PASS,Tax now settings updated successfully
SalesForce_ErrorMessageDisplayed,TESTCASE84,Thu Sep 04 18:19:41 IST 2014,PASS,After clicking on menu Accounts Respective page opened successfully
SalesForce_ErrorMessageDisplayed,TESTCASE84,Thu Sep 04 18:19:50 IST 2014,PASS,Opportunities created successfully
SalesForce_ErrorMessageDisplayed,TESTCASE84,Thu Sep 04 18:20:00 IST 2014,PASS,After clicking on menu Opportunities Respective page opened successfully
SalesForce_ErrorMessageDisplayed,TESTCASE84,Thu Sep 04 18:20:46 IST 2014,PASS,Avalara Status 'Temporary' verified successfully on adding products for Test case TestCase84 On Menu item : - Opportunities
SalesForce_ErrorMessageDisplayed,TESTCASE84,Thu Sep 04 18:20:54 IST 2014,PASS,Error message appeared as Name: TaxAddressError Summary: An Address is incomplete or invalid. Details:
SalesForce_ErrorMessageDisplayed,TESTCASE84,Thu Sep 04 18:20:54 IST 2014,PASS,Tax Calculation for Test case: TestCase84 Ended.
SalesForce_ErrorMessageDisplayed,TESTCASE85,Thu Sep 04 18:20:54 IST 2014,PASS,Tax Calculation for Test case: TestCase85 Started.
SalesForce_ErrorMessageDisplayed,TESTCASE85,Thu Sep 04 18:22:17 IST 2014,PASS,After clicking on menu TaxNowSettings Respective page opened successfully
SalesForce_ErrorMessageDisplayed,TESTCASE85,Thu Sep 04 18:22:41 IST 2014,PASS,Tax now settings updated successfully
SalesForce_ErrorMessageDisplayed,TESTCASE85,Thu Sep 04 18:23:22 IST 2014,PASS,After clicking on menu Accounts Respective page opened successfully
SalesForce_ErrorMessageDisplayed,TESTCASE85,Thu Sep 04 18:23:31 IST 2014,PASS,Opportunities created successfully
SalesForce_ErrorMessageDisplayed,TESTCASE85,Thu Sep 04 18:23:41 IST 2014,PASS,After clicking on menu Opportunities Respective page opened successfully
SalesForce_ErrorMessageDisplayed,TESTCASE85,Thu Sep 04 18:24:27 IST 2014,PASS,Avalara Status 'Temporary' verified successfully on adding products for Test case TestCase85 On Menu item : - Opportunities
SalesForce_ErrorMessageDisplayed,TESTCASE85,Thu Sep 04 18:24:34 IST 2014,PASS,Error message appeared as Name: TaxAddressError Summary: An Address is incomplete or invalid. Details:
SalesForce_ErrorMessageDisplayed,TESTCASE85,Thu Sep 04 18:24:34 IST 2014,PASS,Tax Calculation for Test case: TestCase85 Ended.
SalesForce_ErrorMessageDisplayed,TESTCASE86,Thu Sep 04 18:24:34 IST 2014,PASS,Tax Calculation for Test case: TestCase86 Started.
SalesForce_ErrorMessageDisplayed,TESTCASE86,Thu Sep 04 18:25:57 IST 2014,PASS,After clicking on menu TaxNowSettings Respective page opened successfully
SalesForce_ErrorMessageDisplayed,TESTCASE86,Thu Sep 04 18:26:23 IST 2014,PASS,Tax now settings updated successfully
SalesForce_ErrorMessageDisplayed,TESTCASE86,Thu Sep 04 18:27:06 IST 2014,PASS,After clicking on menu Accounts Respective page opened successfully
SalesForce_ErrorMessageDisplayed,TESTCASE86,Thu Sep 04 18:27:17 IST 2014,PASS,Opportunities created successfully
SalesForce_ErrorMessageDisplayed,TESTCASE86,Thu Sep 04 18:27:27 IST 2014,PASS,After clicking on menu Opportunities Respective page opened successfully
SalesForce_ErrorMessageDisplayed,TESTCASE86,Thu Sep 04 18:28:15 IST 2014,PASS,Avalara Status 'Temporary' verified successfully on adding products for Test case TestCase86 On Menu item : - Opportunities
SalesForce_ErrorMessageDisplayed,TESTCASE86,Thu Sep 04 18:28:22 IST 2014,PASS,Error message appeared as Name: TaxAddressError Summary: An Address is incomplete or invalid. Details:
SalesForce_ErrorMessageDisplayed,TESTCASE86,Thu Sep 04 18:28:30 IST 2014,PASS,Error message appeared as Name: TaxAddressError Summary: An Address is incomplete or invalid. Details:
SalesForce_ErrorMessageDisplayed,TESTCASE86,Thu Sep 04 18:28:30 IST 2014,PASS,Tax Calculation for Test case: TestCase86 Ended.
SalesForce_ErrorMessageDisplayed,TESTCASE87,Thu Sep 04 18:28:30 IST 2014,PASS,Tax Calculation for Test case: TestCase87 Started.
SalesForce_ErrorMessageDisplayed,TESTCASE87,Thu Sep 04 18:29:53 IST 2014,PASS,After clicking on menu TaxNowSettings Respective page opened successfully
SalesForce_ErrorMessageDisplayed,TESTCASE87,Thu Sep 04 18:30:21 IST 2014,PASS,Tax now settings updated successfully
SalesForce_ErrorMessageDisplayed,TESTCASE87,Thu Sep 04 18:31:07 IST 2014,PASS,After clicking on menu Accounts Respective page opened successfully
SalesForce_ErrorMessageDisplayed,TESTCASE87,Thu Sep 04 18:31:18 IST 2014,PASS,Opportunities created successfully
SalesForce_ErrorMessageDisplayed,TESTCASE87,Thu Sep 04 18:31:28 IST 2014,PASS,After clicking on menu Opportunities Respective page opened successfully
SalesForce_ErrorMessageDisplayed,TESTCASE87,Thu Sep 04 18:32:17 IST 2014,PASS,Avalara Status 'Temporary' verified successfully on adding products for Test case TestCase87 On Menu item : - Opportunities
SalesForce_ErrorMessageDisplayed,TESTCASE87,Thu Sep 04 18:32:25 IST 2014,PASS,Error message appeared as Name: TaxAddressError Summary: An Address is incomplete or invalid. Details:
SalesForce_ErrorMessageDisplayed,TESTCASE87,Thu Sep 04 18:32:25 IST 2014,PASS,Tax Calculation for Test case: TestCase87 Ended.
SalesForce_ErrorMessageDisplayed,SalesForce_ErrorMessageDisplayed,Thu Sep 04 18:32:25 IST 2014,PASS,Script Ended.
SalesForce_MISC_Charges,SalesForce_MISC_Charges,Fri Sep 05 10:56:04 IST 2014,PASS,Logging into SalesForce application is successful.
SalesForce_MISC_Charges,TESTCASE100,Fri Sep 05 10:56:04 IST 2014,PASS,Tax Calculation for Test case: TestCase100 Started.
SalesForce_MISC_Charges,TESTCASE100,Fri Sep 05 10:56:27 IST 2014,PASS,After clicking on menu TaxNowSettings Respective page opened successfully
SalesForce_MISC_Charges,TESTCASE100,Fri Sep 05 10:56:53 IST 2014,PASS,Tax now settings updated successfully
SalesForce_MISC_Charges,TESTCASE100,Fri Sep 05 10:57:34 IST 2014,PASS,After clicking on menu Accounts Respective page opened successfully
SalesForce_MISC_Charges,TESTCASE100,Fri Sep 05 10:57:47 IST 2014,PASS,Opportunities created successfully
SalesForce_MISC_Charges,TESTCASE100,Fri Sep 05 10:57:57 IST 2014,PASS,After clicking on menu Opportunities Respective page opened successfully
SalesForce_MISC_Charges,TESTCASE100,Fri Sep 05 10:58:44 IST 2014,PASS,Avalara Status 'Temporary' verified successfully on adding products for Test case TestCase100 On Menu item : - Opportunities
SalesForce_MISC_Charges,TESTCASE100,Fri Sep 05 10:58:55 IST 2014,FAIL,'Total Sales Tax' 77.50 NOT verified successfully for Test caseTestCase100 on Opportunities Window.Expected Tax :- 77.50 and Actual Tax:- 85.00
SalesForce_MISC_Charges,TESTCASE101,Fri Sep 05 10:58:55 IST 2014,PASS,Tax Calculation for Test case: TestCase101 Started.
SalesForce_MISC_Charges,TESTCASE101,Fri Sep 05 11:00:18 IST 2014,PASS,After clicking on menu TaxNowSettings Respective page opened successfully
SalesForce_MISC_Charges,TESTCASE101,Fri Sep 05 11:00:42 IST 2014,PASS,Tax now settings updated successfully
SalesForce_MISC_Charges,TESTCASE101,Fri Sep 05 11:01:24 IST 2014,PASS,After clicking on menu Accounts Respective page opened successfully
SalesForce_MISC_Charges,TESTCASE101,Fri Sep 05 11:01:33 IST 2014,PASS,Opportunities created successfully
SalesForce_MISC_Charges,TESTCASE101,Fri Sep 05 11:01:43 IST 2014,PASS,After clicking on menu Opportunities Respective page opened successfully
SalesForce_MISC_Charges,TESTCASE101,Fri Sep 05 11:02:30 IST 2014,PASS,Avalara Status 'Temporary' verified successfully on adding products for Test case TestCase101 On Menu item : - Opportunities
SalesForce_MISC_Charges,TESTCASE101,Fri Sep 05 11:02:36 IST 2014,FAIL,'Total Sales Tax' 77.50 NOT verified successfully for Test caseTestCase101 on Opportunities Window.Expected Tax :- 77.50 and Actual Tax:- 85.00
SalesForce_MISC_Charges,SalesForce_MISC_Charges,Fri Sep 05 11:02:36 IST 2014,PASS,Script Ended.
SalesForce_MISC_Charges,SalesForce_MISC_Charges,Fri Sep 05 11:19:00 IST 2014,PASS,Logging into SalesForce application is successful.
SalesForce_MISC_Charges,TESTCASE100,Fri Sep 05 11:19:00 IST 2014,PASS,Tax Calculation for Test case: TestCase100 Started.
SalesForce_MISC_Charges,TESTCASE100,Fri Sep 05 11:19:23 IST 2014,PASS,After clicking on menu TaxNowSettings Respective page opened successfully
SalesForce_MISC_Charges,TESTCASE100,Fri Sep 05 11:19:48 IST 2014,PASS,Tax now settings updated successfully
SalesForce_MISC_Charges,TESTCASE100,Fri Sep 05 11:20:28 IST 2014,PASS,After clicking on menu Accounts Respective page opened successfully
SalesForce_MISC_Charges,TESTCASE100,Fri Sep 05 11:20:38 IST 2014,PASS,Opportunities created successfully
SalesForce_MISC_Charges,TESTCASE100,Fri Sep 05 11:20:48 IST 2014,PASS,After clicking on menu Opportunities Respective page opened successfully
SalesForce_MISC_Charges,TESTCASE100,Fri Sep 05 11:21:34 IST 2014,PASS,Avalara Status 'Temporary' verified successfully on adding products for Test case TestCase100 On Menu item : - Opportunities
SalesForce_MISC_Charges,TESTCASE100,Fri Sep 05 11:21:41 IST 2014,PASS,'Total Sales Tax' 85.00 verified successfully for Test case TestCase100 on Opportunities Window.
SalesForce_MISC_Charges,TESTCASE100,Fri Sep 05 11:21:41 IST 2014,PASS,'Misc Tax' 8.50 verified successfully for Test caseTestCase100 on Opportunities Window.
SalesForce_MISC_Charges,TESTCASE100,Fri Sep 05 11:21:42 IST 2014,PASS,Avalara Status ' Saved' verified successfully on Calculate for Test case TestCase100 On tax calculation on Opportunities Window 
SalesForce_MISC_Charges,TESTCASE100,Fri Sep 05 11:21:47 IST 2014,PASS,'Total Sales Tax' 85.00 verified successfully for Test case TestCase100 on Finalize Opportunity Window.
SalesForce_MISC_Charges,TESTCASE100,Fri Sep 05 11:21:47 IST 2014,PASS,'Misc Tax' 8.50 verified successfully for Test caseTestCase100 on Finalize Opportunity Window.
SalesForce_MISC_Charges,TESTCASE100,Fri Sep 05 11:21:47 IST 2014,PASS,Avalara Status ' Committed' verified successfully on Calculate for Test case TestCase100 On tax calculation on Finalize Opportunity Window 
SalesForce_MISC_Charges,TESTCASE100,Fri Sep 05 11:21:47 IST 2014,PASS,Tax Calculation for Test case: TestCase100 Ended.
SalesForce_MISC_Charges,TESTCASE101,Fri Sep 05 11:21:47 IST 2014,PASS,Tax Calculation for Test case: TestCase101 Started.
SalesForce_MISC_Charges,TESTCASE101,Fri Sep 05 11:23:10 IST 2014,PASS,After clicking on menu TaxNowSettings Respective page opened successfully
SalesForce_MISC_Charges,TESTCASE101,Fri Sep 05 11:23:35 IST 2014,PASS,Tax now settings updated successfully
SalesForce_MISC_Charges,TESTCASE101,Fri Sep 05 11:24:17 IST 2014,PASS,After clicking on menu Accounts Respective page opened successfully
SalesForce_MISC_Charges,TESTCASE101,Fri Sep 05 11:24:26 IST 2014,PASS,Opportunities created successfully
SalesForce_MISC_Charges,TESTCASE101,Fri Sep 05 11:24:36 IST 2014,PASS,After clicking on menu Opportunities Respective page opened successfully
SalesForce_MISC_Charges,TESTCASE101,Fri Sep 05 11:25:22 IST 2014,PASS,Avalara Status 'Temporary' verified successfully on adding products for Test case TestCase101 On Menu item : - Opportunities
SalesForce_MISC_Charges,TESTCASE101,Fri Sep 05 11:25:29 IST 2014,PASS,'Total Sales Tax' 85.00 verified successfully for Test case TestCase101 on Opportunities Window.
SalesForce_MISC_Charges,TESTCASE101,Fri Sep 05 11:25:29 IST 2014,PASS,'Misc Tax' 6.38 verified successfully for Test caseTestCase101 on Opportunities Window.
SalesForce_MISC_Charges,TESTCASE101,Fri Sep 05 11:25:29 IST 2014,PASS,Avalara Status ' Saved' verified successfully on Calculate for Test case TestCase101 On tax calculation on Opportunities Window 
SalesForce_MISC_Charges,TESTCASE101,Fri Sep 05 11:25:35 IST 2014,PASS,'Total Sales Tax' 85.00 verified successfully for Test case TestCase101 on Finalize Opportunity Window.
SalesForce_MISC_Charges,TESTCASE101,Fri Sep 05 11:25:35 IST 2014,PASS,'Misc Tax' 6.38 verified successfully for Test caseTestCase101 on Finalize Opportunity Window.
SalesForce_MISC_Charges,TESTCASE101,Fri Sep 05 11:25:35 IST 2014,PASS,Avalara Status ' Committed' verified successfully on Calculate for Test case TestCase101 On tax calculation on Finalize Opportunity Window 
SalesForce_MISC_Charges,TESTCASE101,Fri Sep 05 11:25:35 IST 2014,PASS,Tax Calculation for Test case: TestCase101 Ended.
SalesForce_MISC_Charges,SalesForce_MISC_Charges,Fri Sep 05 11:25:35 IST 2014,PASS,Script Ended.
SalesForce_AddressValidation,SalesForce_AddressValidation,Fri Sep 05 11:49:11 IST 2014,PASS,Logging into SalesForce application is successful.
SalesForce_AddressValidation,TESTCASE60,Fri Sep 05 11:49:11 IST 2014,PASS,Address Validation for Test case: TestCase60 Started.
SalesForce_AddressValidation,TESTCASE60,Fri Sep 05 11:49:41 IST 2014,PASS,After clicking on menu TaxNowSettings Respective page opened successfully
SalesForce_AddressValidation,TESTCASE60,Fri Sep 05 11:50:07 IST 2014,PASS,Tax now settings updated successfully
SalesForce_AddressValidation,TESTCASE60,Fri Sep 05 11:50:14 IST 2014,PASS,Avalara Address Validation Test Case' verified successfully for TestCase60TaxNowSettings Window 
SalesForce_AddressValidation,TESTCASE60,Fri Sep 05 11:50:16 IST 2014,PASS,Address validation saved successfully
SalesForce_AddressValidation,TESTCASE60,Fri Sep 05 11:50:41 IST 2014,PASS,After clicking on menu Contacts Respective page opened successfully
SalesForce_AddressValidation,TESTCASE60,Fri Sep 05 11:50:44 IST 2014,PASS,Avalara Address Validation Test Case' verified successfully for TestCase60Contacts Window 
SalesForce_AddressValidation,TESTCASE60,Fri Sep 05 11:50:45 IST 2014,PASS,Address validation saved successfully
SalesForce_AddressValidation,TESTCASE60,Fri Sep 05 11:50:50 IST 2014,PASS,Avalara Address Validation Test Case' verified successfully for TestCase60Contacts Window 
SalesForce_AddressValidation,TESTCASE60,Fri Sep 05 11:50:51 IST 2014,PASS,Address validation saved successfully
SalesForce_AddressValidation,TESTCASE60,Fri Sep 05 11:51:34 IST 2014,PASS,After clicking on menu Accounts Respective page opened successfully
SalesForce_AddressValidation,TESTCASE60,Fri Sep 05 11:51:36 IST 2014,PASS,Avalara Address Validation Test Case' verified successfully for TestCase60Accounts Window 
SalesForce_AddressValidation,TESTCASE60,Fri Sep 05 11:51:37 IST 2014,PASS,Address validation saved successfully
SalesForce_AddressValidation,TESTCASE60,Fri Sep 05 11:51:42 IST 2014,PASS,Avalara Address Validation Test Case' verified successfully for TestCase60Accounts Window 
SalesForce_AddressValidation,TESTCASE60,Fri Sep 05 11:51:44 IST 2014,PASS,Address validation saved successfully
SalesForce_AddressValidation,TESTCASE60,Fri Sep 05 11:51:54 IST 2014,PASS,Opportunities created successfully
SalesForce_AddressValidation,TESTCASE60,Fri Sep 05 11:52:04 IST 2014,PASS,After clicking on menu Opportunities Respective page opened successfully
SalesForce_AddressValidation,TESTCASE60,Fri Sep 05 11:52:07 IST 2014,PASS,Avalara Address Validation Test Case' verified successfully for TestCase60Opportunities Window 
SalesForce_AddressValidation,TESTCASE60,Fri Sep 05 11:52:08 IST 2014,PASS,Address validation saved successfully
SalesForce_AddressValidation,TESTCASE60,Fri Sep 05 11:52:13 IST 2014,PASS,Avalara Address Validation Test Case' verified successfully for TestCase60Opportunities Window 
SalesForce_AddressValidation,TESTCASE60,Fri Sep 05 11:52:14 IST 2014,PASS,Address validation saved successfully
SalesForce_AddressValidation,TESTCASE60,Fri Sep 05 11:52:45 IST 2014,PASS,After clicking on menu newQuote Respective page opened successfully
SalesForce_AddressValidation,TESTCASE60,Fri Sep 05 11:53:45 IST 2014,FAIL,fAddressValidation: Exception: org.openqa.selenium.NoSuchElementException: Unable to locate element: {"method":"name","selector":"ava_sfquotes__validate_shipto"}
Command duration or timeout: 60.14 seconds
For documentation on this error, please visit: http://seleniumhq.org/exceptions/no_such_element.html
Build info: version: '2.40.0', revision: 'fbe29a9', time: '2014-02-19 20:55:11'
System info: host: 'Av-Pn-KhareA', ip: '10.240.20.116', os.name: 'Windows 7', os.arch: 'x86', os.version: '6.1', java.version: '1.6.0_45'
Session ID: 769486f9-3ca4-47bc-aaba-1136ecc9900c
Driver info: org.openqa.selenium.firefox.FirefoxDriver
Capabilities [{platform=XP, acceptSslCerts=true, javascriptEnabled=true, browserName=firefox, rotatable=false, locationContextEnabled=true, version=12.0, cssSelectorsEnabled=true, databaseEnabled=true, handlesAlerts=true, browserConnectionEnabled=true, nativeEvents=false, webStorageEnabled=true, applicationCacheEnabled=true, takesScreenshot=true}]
SalesForce_AddressValidation,TESTCASE61,Fri Sep 05 11:53:45 IST 2014,PASS,Address Validation for Test case: TestCase61 Started.
SalesForce_AddressValidation,TESTCASE61,Fri Sep 05 11:55:16 IST 2014,PASS,After clicking on menu TaxNowSettings Respective page opened successfully
SalesForce_AddressValidation,TESTCASE61,Fri Sep 05 11:55:41 IST 2014,PASS,Tax now settings updated successfully
SalesForce_AddressValidation,TESTCASE61,Fri Sep 05 11:56:44 IST 2014,PASS,Address validation verified successfully
SalesForce_AddressValidation,TESTCASE61,Fri Sep 05 11:57:46 IST 2014,PASS,Address validation saved successfully
SalesForce_AddressValidation,TESTCASE61,Fri Sep 05 11:58:11 IST 2014,PASS,After clicking on menu Contacts Respective page opened successfully
SalesForce_AddressValidation,TESTCASE61,Fri Sep 05 11:59:13 IST 2014,PASS,Address validation verified successfully
SalesForce_AddressValidation,TESTCASE61,Fri Sep 05 12:00:15 IST 2014,PASS,Address validation saved successfully
SalesForce_AddressValidation,TESTCASE61,Fri Sep 05 12:01:21 IST 2014,PASS,Address validation verified successfully
SalesForce_AddressValidation,TESTCASE61,Fri Sep 05 12:02:22 IST 2014,PASS,Address validation saved successfully
SalesForce_AddressValidation,TESTCASE61,Fri Sep 05 12:03:05 IST 2014,PASS,After clicking on menu Accounts Respective page opened successfully
SalesForce_AddressValidation,TESTCASE61,Fri Sep 05 12:04:07 IST 2014,PASS,Address validation verified successfully
SalesForce_AddressValidation,TESTCASE61,Fri Sep 05 12:05:09 IST 2014,PASS,Address validation saved successfully
SalesForce_AddressValidation,TESTCASE61,Fri Sep 05 12:06:14 IST 2014,PASS,Address validation verified successfully
SalesForce_AddressValidation,TESTCASE61,Fri Sep 05 12:07:16 IST 2014,PASS,Address validation saved successfully
SalesForce_AddressValidation,TESTCASE61,Fri Sep 05 12:07:25 IST 2014,PASS,Opportunities created successfully
SalesForce_AddressValidation,TESTCASE61,Fri Sep 05 12:07:35 IST 2014,PASS,After clicking on menu Opportunities Respective page opened successfully
SalesForce_AddressValidation,TESTCASE61,Fri Sep 05 12:11:26 IST 2014,PASS,Address validation saved successfully
SalesForce_AddressValidation,TESTCASE61,Fri Sep 05 12:15:04 IST 2014,PASS,After clicking on menu newQuote Respective page opened successfully
SalesForce_AddressValidation,SalesForce_AddressValidation,Fri Sep 05 12:16:19 IST 2014,FAIL,Logging into SalesForce application is Failed.
SalesForce_AddressValidation,TESTCASE60,Fri Sep 05 12:16:19 IST 2014,PASS,Address Validation for Test case: TestCase60 Started.
SalesForce_AddressValidation,TESTCASE60,Fri Sep 05 12:16:55 IST 2014,PASS,After clicking on menu TaxNowSettings Respective page opened successfully
SalesForce_AddressValidation,TESTCASE60,Fri Sep 05 12:17:20 IST 2014,PASS,Tax now settings updated successfully
SalesForce_AddressValidation,TESTCASE60,Fri Sep 05 12:17:27 IST 2014,PASS,Avalara Address Validation Test Case' verified successfully for TestCase60TaxNowSettings Window 
SalesForce_AddressValidation,TESTCASE60,Fri Sep 05 12:17:28 IST 2014,PASS,Address validation saved successfully
SalesForce_AddressValidation,TESTCASE60,Fri Sep 05 12:17:52 IST 2014,PASS,After clicking on menu Contacts Respective page opened successfully
SalesForce_AddressValidation,TESTCASE60,Fri Sep 05 12:17:55 IST 2014,PASS,Avalara Address Validation Test Case' verified successfully for TestCase60Contacts Window 
SalesForce_AddressValidation,TESTCASE60,Fri Sep 05 12:17:56 IST 2014,PASS,Address validation saved successfully
SalesForce_AddressValidation,TESTCASE60,Fri Sep 05 12:18:02 IST 2014,PASS,Avalara Address Validation Test Case' verified successfully for TestCase60Contacts Window 
SalesForce_AddressValidation,TESTCASE60,Fri Sep 05 12:18:03 IST 2014,PASS,Address validation saved successfully
SalesForce_AddressValidation,TESTCASE60,Fri Sep 05 12:18:46 IST 2014,PASS,After clicking on menu Accounts Respective page opened successfully
SalesForce_AddressValidation,TESTCASE60,Fri Sep 05 12:18:49 IST 2014,PASS,Avalara Address Validation Test Case' verified successfully for TestCase60Accounts Window 
SalesForce_AddressValidation,TESTCASE60,Fri Sep 05 12:18:50 IST 2014,PASS,Address validation saved successfully
SalesForce_AddressValidation,TESTCASE60,Fri Sep 05 12:18:55 IST 2014,PASS,Avalara Address Validation Test Case' verified successfully for TestCase60Accounts Window 
SalesForce_AddressValidation,TESTCASE60,Fri Sep 05 12:18:56 IST 2014,PASS,Address validation saved successfully
SalesForce_AddressValidation,TESTCASE60,Fri Sep 05 12:19:08 IST 2014,PASS,Opportunities created successfully
SalesForce_AddressValidation,TESTCASE60,Fri Sep 05 12:19:18 IST 2014,PASS,After clicking on menu Opportunities Respective page opened successfully
SalesForce_AddressValidation,TESTCASE60,Fri Sep 05 12:19:22 IST 2014,PASS,Avalara Address Validation Test Case' verified successfully for TestCase60Opportunities Window 
SalesForce_AddressValidation,TESTCASE60,Fri Sep 05 12:19:23 IST 2014,PASS,Address validation saved successfully
SalesForce_AddressValidation,TESTCASE60,Fri Sep 05 12:19:29 IST 2014,PASS,Avalara Address Validation Test Case' verified successfully for TestCase60Opportunities Window 
SalesForce_AddressValidation,TESTCASE60,Fri Sep 05 12:19:30 IST 2014,PASS,Address validation saved successfully
SalesForce_AddressValidation,TESTCASE61,Fri Sep 05 12:19:30 IST 2014,PASS,Address Validation for Test case: TestCase61 Started.
SalesForce_AddressValidation,TESTCASE61,Fri Sep 05 12:21:01 IST 2014,PASS,After clicking on menu TaxNowSettings Respective page opened successfully
SalesForce_AddressValidation,TESTCASE61,Fri Sep 05 12:21:26 IST 2014,PASS,Tax now settings updated successfully
SalesForce_AddressValidation,TESTCASE61,Fri Sep 05 12:22:29 IST 2014,PASS,Address validation verified successfully
SalesForce_AddressValidation,TESTCASE61,Fri Sep 05 12:23:31 IST 2014,PASS,Address validation saved successfully
SalesForce_AddressValidation,TESTCASE61,Fri Sep 05 12:23:56 IST 2014,PASS,After clicking on menu Contacts Respective page opened successfully
SalesForce_AddressValidation,TESTCASE61,Fri Sep 05 12:24:58 IST 2014,PASS,Address validation verified successfully
SalesForce_AddressValidation,TESTCASE61,Fri Sep 05 12:26:01 IST 2014,PASS,Address validation saved successfully
SalesForce_AddressValidation,TESTCASE61,Fri Sep 05 12:27:07 IST 2014,PASS,Address validation verified successfully
SalesForce_AddressValidation,TESTCASE61,Fri Sep 05 12:28:09 IST 2014,PASS,Address validation saved successfully
SalesForce_AddressValidation,TESTCASE61,Fri Sep 05 12:28:51 IST 2014,PASS,After clicking on menu Accounts Respective page opened successfully
SalesForce_AddressValidation,TESTCASE61,Fri Sep 05 12:29:53 IST 2014,PASS,Address validation verified successfully
SalesForce_AddressValidation,TESTCASE61,Fri Sep 05 12:30:55 IST 2014,PASS,Address validation saved successfully
SalesForce_AddressValidation,TESTCASE61,Fri Sep 05 12:32:02 IST 2014,PASS,Address validation verified successfully
SalesForce_AddressValidation,TESTCASE61,Fri Sep 05 12:33:03 IST 2014,PASS,Address validation saved successfully
SalesForce_AddressValidation,TESTCASE61,Fri Sep 05 12:33:11 IST 2014,PASS,Opportunities created successfully
SalesForce_AddressValidation,TESTCASE61,Fri Sep 05 12:33:21 IST 2014,PASS,After clicking on menu Opportunities Respective page opened successfully
SalesForce_AddressValidation,TESTCASE61,Fri Sep 05 12:36:51 IST 2014,PASS,Address validation saved successfully
SalesForce_AddressValidation,TESTCASE61,Fri Sep 05 12:38:52 IST 2014,FAIL,fAddressValidation: Exception: org.openqa.selenium.NoSuchElementException: Unable to locate element: {"method":"name","selector":"ava_sfcore__oppvalbillto"}
Command duration or timeout: 120.69 seconds
For documentation on this error, please visit: http://seleniumhq.org/exceptions/no_such_element.html
Build info: version: '2.40.0', revision: 'fbe29a9', time: '2014-02-19 20:55:11'
System info: host: 'Av-Pn-KhareA', ip: '10.240.20.116', os.name: 'Windows 7', os.arch: 'x86', os.version: '6.1', java.version: '1.6.0_45'
Session ID: f45d530f-3a39-464a-ab9c-cb206a4089d4
Driver info: org.openqa.selenium.firefox.FirefoxDriver
Capabilities [{platform=XP, acceptSslCerts=true, javascriptEnabled=true, browserName=firefox, rotatable=false, locationContextEnabled=true, version=12.0, cssSelectorsEnabled=true, databaseEnabled=true, handlesAlerts=true, browserConnectionEnabled=true, nativeEvents=false, webStorageEnabled=true, applicationCacheEnabled=true, takesScreenshot=true}]
SalesForce_AddressValidation,TESTCASE62,Fri Sep 05 12:38:52 IST 2014,PASS,Address Validation for Test case: TestCase62 Started.
SalesForce_AddressValidation,TESTCASE62,Fri Sep 05 12:40:34 IST 2014,PASS,After clicking on menu TaxNowSettings Respective page opened successfully
SalesForce_AddressValidation,TESTCASE62,Fri Sep 05 12:40:59 IST 2014,PASS,Tax now settings updated successfully
SalesForce_AddressValidation,TESTCASE62,Fri Sep 05 12:42:29 IST 2014,PASS,Address validation verified successfully
SalesForce_AddressValidation,TESTCASE62,Fri Sep 05 12:43:31 IST 2014,PASS,Address validation saved successfully
SalesForce_AddressValidation,TESTCASE62,Fri Sep 05 12:43:56 IST 2014,PASS,After clicking on menu Contacts Respective page opened successfully
SalesForce_AddressValidation,TESTCASE62,Fri Sep 05 12:44:59 IST 2014,PASS,Address validation verified successfully
SalesForce_AddressValidation,TESTCASE62,Fri Sep 05 12:46:01 IST 2014,PASS,Address validation saved successfully
SalesForce_AddressValidation,TESTCASE62,Fri Sep 05 12:47:07 IST 2014,PASS,Address validation verified successfully
SalesForce_AddressValidation,TESTCASE62,Fri Sep 05 12:48:09 IST 2014,PASS,Address validation saved successfully
SalesForce_AddressValidation,TESTCASE62,Fri Sep 05 12:50:10 IST 2014,FAIL,fMenuSelection: Exception: org.openqa.selenium.NoSuchElementException: Unable to locate element: {"method":"link text","selector":"Accounts"}
Command duration or timeout: 118.60 seconds
For documentation on this error, please visit: http://seleniumhq.org/exceptions/no_such_element.html
Build info: version: '2.40.0', revision: 'fbe29a9', time: '2014-02-19 20:55:11'
System info: host: 'Av-Pn-KhareA', ip: '10.240.20.116', os.name: 'Windows 7', os.arch: 'x86', os.version: '6.1', java.version: '1.6.0_45'
Session ID: f45d530f-3a39-464a-ab9c-cb206a4089d4
Driver info: org.openqa.selenium.firefox.FirefoxDriver
Capabilities [{platform=XP, acceptSslCerts=true, javascriptEnabled=true, browserName=firefox, rotatable=false, locationContextEnabled=true, version=12.0, cssSelectorsEnabled=true, databaseEnabled=true, handlesAlerts=true, browserConnectionEnabled=true, nativeEvents=false, webStorageEnabled=true, applicationCacheEnabled=true, takesScreenshot=true}]
SalesForce_AddressValidation,SalesForce_AddressValidation,Fri Sep 05 12:50:10 IST 2014,PASS,Script Ended.
SalesForce_AddressValidation,SalesForce_AddressValidation,Fri Sep 05 13:50:16 IST 2014,FAIL,Logging into SalesForce application is Failed.
SalesForce_AddressValidation,TESTCASE60,Fri Sep 05 13:50:16 IST 2014,PASS,Address Validation for Test case: TestCase60 Started.
SalesForce_AddressValidation,TESTCASE60,Fri Sep 05 13:50:52 IST 2014,PASS,After clicking on menu TaxNowSettings Respective page opened successfully
SalesForce_AddressValidation,TESTCASE60,Fri Sep 05 13:51:17 IST 2014,PASS,Tax now settings updated successfully
SalesForce_AddressValidation,TESTCASE60,Fri Sep 05 13:52:49 IST 2014,PASS,Address validation verified successfully
SalesForce_AddressValidation,TESTCASE60,Fri Sep 05 13:53:51 IST 2014,PASS,Address validation saved successfully
SalesForce_AddressValidation,TESTCASE60,Fri Sep 05 13:54:16 IST 2014,PASS,After clicking on menu Contacts Respective page opened successfully
SalesForce_AddressValidation,TESTCASE60,Fri Sep 05 13:55:19 IST 2014,PASS,Address validation verified successfully
SalesForce_AddressValidation,SalesForce_AddressValidation,Fri Sep 05 13:56:54 IST 2014,FAIL,Logging into SalesForce application is Failed.
SalesForce_AddressValidation,TESTCASE60,Fri Sep 05 13:56:54 IST 2014,PASS,Address Validation for Test case: TestCase60 Started.
SalesForce_AddressValidation,TESTCASE60,Fri Sep 05 13:57:29 IST 2014,PASS,After clicking on menu TaxNowSettings Respective page opened successfully
SalesForce_AddressValidation,TESTCASE60,Fri Sep 05 13:57:53 IST 2014,PASS,Tax now settings updated successfully
SalesForce_AddressValidation,TESTCASE60,Fri Sep 05 13:58:57 IST 2014,PASS,Address validation verified successfully
SalesForce_AddressValidation,TESTCASE60,Fri Sep 05 13:59:58 IST 2014,PASS,Address validation saved successfully
SalesForce_AddressValidation,TESTCASE60,Fri Sep 05 14:00:22 IST 2014,PASS,After clicking on menu Contacts Respective page opened successfully
SalesForce_AddressValidation,TESTCASE60,Fri Sep 05 14:00:25 IST 2014,PASS,Avalara Address Validation Test Case' verified successfully for TestCase60Contacts Window 
SalesForce_AddressValidation,TESTCASE60,Fri Sep 05 14:00:26 IST 2014,PASS,Address validation saved successfully
SalesForce_AddressValidation,TESTCASE60,Fri Sep 05 14:00:32 IST 2014,PASS,Avalara Address Validation Test Case' verified successfully for TestCase60Contacts Window 
SalesForce_AddressValidation,TESTCASE60,Fri Sep 05 14:00:33 IST 2014,PASS,Address validation saved successfully
SalesForce_AddressValidation,TESTCASE60,Fri Sep 05 14:01:15 IST 2014,PASS,After clicking on menu Accounts Respective page opened successfully
SalesForce_AddressValidation,TESTCASE60,Fri Sep 05 14:01:18 IST 2014,PASS,Avalara Address Validation Test Case' verified successfully for TestCase60Accounts Window 
SalesForce_AddressValidation,TESTCASE60,Fri Sep 05 14:01:19 IST 2014,PASS,Address validation saved successfully
SalesForce_AddressValidation,TESTCASE60,Fri Sep 05 14:01:24 IST 2014,PASS,Avalara Address Validation Test Case' verified successfully for TestCase60Accounts Window 
SalesForce_AddressValidation,TESTCASE60,Fri Sep 05 14:01:25 IST 2014,PASS,Address validation saved successfully
SalesForce_AddressValidation,TESTCASE60,Fri Sep 05 14:01:37 IST 2014,PASS,Opportunities created successfully
SalesForce_AddressValidation,TESTCASE60,Fri Sep 05 14:01:47 IST 2014,PASS,After clicking on menu Opportunities Respective page opened successfully
SalesForce_AddressValidation,TESTCASE60,Fri Sep 05 14:02:14 IST 2014,PASS,Avalara Address Validation Test Case' verified successfully for TestCase60Opportunities Window 
SalesForce_AddressValidation,TESTCASE60,Fri Sep 05 14:02:15 IST 2014,PASS,Address validation saved successfully
SalesForce_AddressValidation,TESTCASE60,Fri Sep 05 14:02:20 IST 2014,PASS,Avalara Address Validation Test Case' verified successfully for TestCase60Opportunities Window 
SalesForce_AddressValidation,TESTCASE60,Fri Sep 05 14:02:21 IST 2014,PASS,Address validation saved successfully
SalesForce_AddressValidation,TESTCASE61,Fri Sep 05 14:02:21 IST 2014,PASS,Address Validation for Test case: TestCase61 Started.
SalesForce_AddressValidation,TESTCASE61,Fri Sep 05 14:03:51 IST 2014,PASS,After clicking on menu TaxNowSettings Respective page opened successfully
SalesForce_AddressValidation,TESTCASE61,Fri Sep 05 14:04:16 IST 2014,PASS,Tax now settings updated successfully
SalesForce_AddressValidation,TESTCASE61,Fri Sep 05 14:05:19 IST 2014,PASS,Address validation verified successfully
SalesForce_AddressValidation,TESTCASE61,Fri Sep 05 14:06:21 IST 2014,PASS,Address validation saved successfully
SalesForce_AddressValidation,TESTCASE61,Fri Sep 05 14:06:43 IST 2014,PASS,After clicking on menu Contacts Respective page opened successfully
SalesForce_AddressValidation,TESTCASE61,Fri Sep 05 14:07:45 IST 2014,PASS,Address validation verified successfully
SalesForce_AddressValidation,TESTCASE61,Fri Sep 05 14:08:47 IST 2014,PASS,Address validation saved successfully
SalesForce_AddressValidation,TESTCASE61,Fri Sep 05 14:09:52 IST 2014,PASS,Address validation verified successfully
SalesForce_AddressValidation,TESTCASE61,Fri Sep 05 14:10:54 IST 2014,PASS,Address validation saved successfully
SalesForce_AddressValidation,TESTCASE61,Fri Sep 05 14:11:38 IST 2014,PASS,After clicking on menu Accounts Respective page opened successfully
SalesForce_AddressValidation,TESTCASE61,Fri Sep 05 14:12:40 IST 2014,PASS,Address validation verified successfully
SalesForce_AddressValidation,TESTCASE61,Fri Sep 05 14:13:42 IST 2014,PASS,Address validation saved successfully
SalesForce_AddressValidation,TESTCASE61,Fri Sep 05 14:14:46 IST 2014,PASS,Address validation verified successfully
SalesForce_AddressValidation,TESTCASE61,Fri Sep 05 14:15:49 IST 2014,PASS,Address validation saved successfully
SalesForce_AddressValidation,TESTCASE61,Fri Sep 05 14:15:57 IST 2014,PASS,Opportunities created successfully
SalesForce_AddressValidation,TESTCASE61,Fri Sep 05 14:16:07 IST 2014,PASS,After clicking on menu Opportunities Respective page opened successfully
SalesForce_AddressValidation,TESTCASE61,Fri Sep 05 14:19:11 IST 2014,PASS,Address validation saved successfully
SalesForce_AddressValidation,TESTCASE61,Fri Sep 05 14:23:03 IST 2014,PASS,Address validation saved successfully
SalesForce_AddressValidation,TESTCASE62,Fri Sep 05 14:23:03 IST 2014,PASS,Address Validation for Test case: TestCase62 Started.
SalesForce_AddressValidation,TESTCASE62,Fri Sep 05 14:24:33 IST 2014,PASS,After clicking on menu TaxNowSettings Respective page opened successfully
SalesForce_AddressValidation,TESTCASE62,Fri Sep 05 14:24:58 IST 2014,PASS,Tax now settings updated successfully
SalesForce_AddressValidation,TESTCASE62,Fri Sep 05 14:26:03 IST 2014,PASS,Address validation verified successfully
SalesForce_AddressValidation,TESTCASE62,Fri Sep 05 14:27:05 IST 2014,PASS,Address validation saved successfully
SalesForce_AddressValidation,TESTCASE62,Fri Sep 05 14:27:28 IST 2014,PASS,After clicking on menu Contacts Respective page opened successfully
SalesForce_AddressValidation,TESTCASE62,Fri Sep 05 14:28:31 IST 2014,PASS,Address validation verified successfully
SalesForce_AddressValidation,SalesForce_AddressValidation,Fri Sep 05 14:29:54 IST 2014,PASS,Logging into SalesForce application is successful.
SalesForce_AddressValidation,TESTCASE61,Fri Sep 05 14:29:54 IST 2014,PASS,Address Validation for Test case: TestCase61 Started.
SalesForce_AddressValidation,TESTCASE61,Fri Sep 05 14:30:24 IST 2014,PASS,After clicking on menu TaxNowSettings Respective page opened successfully
SalesForce_AddressValidation,TESTCASE61,Fri Sep 05 14:30:48 IST 2014,PASS,Tax now settings updated successfully
SalesForce_AddressValidation,SalesForce_AddressValidation,Fri Sep 05 14:32:27 IST 2014,PASS,Logging into SalesForce application is successful.
SalesForce_AddressValidation,TESTCASE61,Fri Sep 05 14:32:27 IST 2014,PASS,Address Validation for Test case: TestCase61 Started.
SalesForce_AddressValidation,TESTCASE61,Fri Sep 05 14:32:57 IST 2014,PASS,After clicking on menu TaxNowSettings Respective page opened successfully
SalesForce_AddressValidation,TESTCASE61,Fri Sep 05 14:33:21 IST 2014,PASS,Tax now settings updated successfully
SalesForce_AddressValidation,TESTCASE61,Fri Sep 05 14:34:39 IST 2014,PASS,Address validation verified successfully
SalesForce_AddressValidation,TESTCASE61,Fri Sep 05 14:36:13 IST 2014,PASS,Address validation saved successfully
SalesForce_AddressValidation,TESTCASE61,Fri Sep 05 14:36:41 IST 2014,PASS,After clicking on menu Contacts Respective page opened successfully
SalesForce_AddressValidation,TESTCASE61,Fri Sep 05 14:37:54 IST 2014,PASS,Address validation verified successfully
SalesForce_AddressValidation,TESTCASE61,Fri Sep 05 14:38:56 IST 2014,PASS,Address validation saved successfully
SalesForce_AddressValidation,TESTCASE61,Fri Sep 05 14:40:38 IST 2014,PASS,Address validation verified successfully
SalesForce_AddressValidation,TESTCASE61,Fri Sep 05 14:41:39 IST 2014,PASS,Address validation saved successfully
SalesForce_AddressValidation,TESTCASE61,Fri Sep 05 14:42:48 IST 2014,PASS,After clicking on menu Accounts Respective page opened successfully
SalesForce_AddressValidation,TESTCASE61,Fri Sep 05 14:43:53 IST 2014,PASS,Address validation verified successfully
SalesForce_AddressValidation,TESTCASE61,Fri Sep 05 14:44:55 IST 2014,PASS,Address validation saved successfully
SalesForce_AddressValidation,TESTCASE61,Fri Sep 05 14:46:04 IST 2014,PASS,Address validation verified successfully
SalesForce_AddressValidation,TESTCASE61,Fri Sep 05 14:47:05 IST 2014,PASS,Address validation saved successfully
SalesForce_AddressValidation,TESTCASE61,Fri Sep 05 14:47:21 IST 2014,PASS,Opportunities created successfully
SalesForce_AddressValidation,TESTCASE61,Fri Sep 05 14:47:31 IST 2014,PASS,After clicking on menu Opportunities Respective page opened successfully
SalesForce_AddressValidation,TESTCASE61,Fri Sep 05 14:52:06 IST 2014,PASS,Address validation saved successfully
SalesForce_AddressValidation,TESTCASE61,Fri Sep 05 14:55:43 IST 2014,PASS,Address validation saved successfully
SalesForce_AddressValidation,SalesForce_AddressValidation,Fri Sep 05 14:56:28 IST 2014,PASS,Logging into SalesForce application is successful.
SalesForce_AddressValidation,TESTCASE61,Fri Sep 05 14:56:28 IST 2014,PASS,Address Validation for Test case: TestCase61 Started.
SalesForce_AddressValidation,TESTCASE61,Fri Sep 05 14:56:58 IST 2014,PASS,After clicking on menu TaxNowSettings Respective page opened successfully
SalesForce_AddressValidation,TESTCASE61,Fri Sep 05 14:57:22 IST 2014,PASS,Tax now settings updated successfully
SalesForce_AddressValidation,TESTCASE61,Fri Sep 05 14:59:10 IST 2014,PASS,Address validation verified successfully
SalesForce_AddressValidation,TESTCASE61,Fri Sep 05 15:00:22 IST 2014,PASS,Address validation saved successfully
SalesForce_AddressValidation,TESTCASE61,Fri Sep 05 15:01:47 IST 2014,PASS,After clicking on menu Contacts Respective page opened successfully
SalesForce_AddressValidation,TESTCASE61,Fri Sep 05 15:02:59 IST 2014,PASS,Address validation verified successfully
SalesForce_AddressValidation,TESTCASE61,Fri Sep 05 15:04:11 IST 2014,PASS,Address validation saved successfully
SalesForce_AddressValidation,TESTCASE61,Fri Sep 05 15:05:28 IST 2014,PASS,Address validation verified successfully
SalesForce_AddressValidation,TESTCASE61,Fri Sep 05 15:06:40 IST 2014,PASS,Address validation saved successfully
SalesForce_AddressValidation,TESTCASE61,Fri Sep 05 15:07:23 IST 2014,PASS,After clicking on menu Accounts Respective page opened successfully
SalesForce_AddressValidation,TESTCASE61,Fri Sep 05 15:09:53 IST 2014,PASS,Address validation verified successfully
SalesForce_AddressValidation,TESTCASE61,Fri Sep 05 15:11:05 IST 2014,PASS,Address validation saved successfully
SalesForce_AddressValidation,TESTCASE61,Fri Sep 05 15:12:20 IST 2014,PASS,Address validation verified successfully
SalesForce_AddressValidation,TESTCASE61,Fri Sep 05 15:13:32 IST 2014,PASS,Address validation saved successfully
SalesForce_AddressValidation,TESTCASE61,Fri Sep 05 15:13:43 IST 2014,PASS,Opportunities created successfully
SalesForce_AddressValidation,TESTCASE61,Fri Sep 05 15:13:53 IST 2014,PASS,After clicking on menu Opportunities Respective page opened successfully
SalesForce_AddressValidation,TESTCASE61,Fri Sep 05 15:17:08 IST 2014,PASS,Address validation saved successfully
SalesForce_AddressValidation,TESTCASE61,Fri Sep 05 15:20:26 IST 2014,PASS,Address validation saved successfully
SalesForce_AddressValidation,TESTCASE62,Fri Sep 05 15:20:26 IST 2014,PASS,Address Validation for Test case: TestCase62 Started.
SalesForce_AddressValidation,TESTCASE62,Fri Sep 05 15:21:56 IST 2014,PASS,After clicking on menu TaxNowSettings Respective page opened successfully
SalesForce_AddressValidation,TESTCASE62,Fri Sep 05 15:22:22 IST 2014,PASS,Tax now settings updated successfully
SalesForce_AddressValidation,TESTCASE62,Fri Sep 05 15:23:36 IST 2014,PASS,Address validation verified successfully
SalesForce_AddressValidation,TESTCASE62,Fri Sep 05 15:24:48 IST 2014,PASS,Address validation saved successfully
SalesForce_AddressValidation,TESTCASE62,Fri Sep 05 15:25:13 IST 2014,PASS,After clicking on menu Contacts Respective page opened successfully
SalesForce_AddressValidation,TESTCASE62,Fri Sep 05 15:26:26 IST 2014,PASS,Address validation verified successfully
SalesForce_AddressValidation,TESTCASE62,Fri Sep 05 15:27:38 IST 2014,PASS,Address validation saved successfully
SalesForce_AddressValidation,TESTCASE62,Fri Sep 05 15:29:19 IST 2014,PASS,Address validation verified successfully
SalesForce_AddressValidation,TESTCASE62,Fri Sep 05 15:30:31 IST 2014,PASS,Address validation saved successfully
SalesForce_AddressValidation,TESTCASE62,Fri Sep 05 15:31:14 IST 2014,PASS,After clicking on menu Accounts Respective page opened successfully
SalesForce_AddressValidation,TESTCASE62,Fri Sep 05 15:32:28 IST 2014,PASS,Address validation verified successfully
SalesForce_AddressValidation,TESTCASE62,Fri Sep 05 15:33:40 IST 2014,PASS,Address validation saved successfully
SalesForce_AddressValidation,TESTCASE62,Fri Sep 05 15:34:56 IST 2014,PASS,Address validation verified successfully
SalesForce_AddressValidation,TESTCASE62,Fri Sep 05 15:36:08 IST 2014,PASS,Address validation saved successfully
SalesForce_AddressValidation,TESTCASE62,Fri Sep 05 15:36:18 IST 2014,PASS,Opportunities created successfully
SalesForce_AddressValidation,TESTCASE62,Fri Sep 05 15:36:28 IST 2014,PASS,After clicking on menu Opportunities Respective page opened successfully
SalesForce_AddressValidation,TESTCASE62,Fri Sep 05 15:39:44 IST 2014,PASS,Address validation saved successfully
SalesForce_AddressValidation,TESTCASE62,Fri Sep 05 15:43:02 IST 2014,PASS,Address validation saved successfully
SalesForce_AddressValidation,SalesForce_AddressValidation,Fri Sep 05 15:43:02 IST 2014,PASS,Script Ended.
SalesForce_EntityUseCode,SalesForce_EntityUseCode,Fri Sep 05 16:07:33 IST 2014,PASS,Logging into SalesForce application is successful.
SalesForce_EntityUseCode,TESTCASE110,Fri Sep 05 16:07:33 IST 2014,PASS,Tax Calculation for Test case: TestCase110 Started.
SalesForce_EntityUseCode,TESTCASE110,Fri Sep 05 16:07:56 IST 2014,PASS,After clicking on menu TaxNowSettings Respective page opened successfully
SalesForce_EntityUseCode,TESTCASE110,Fri Sep 05 16:08:22 IST 2014,PASS,Tax now settings updated successfully
SalesForce_EntityUseCode,TESTCASE110,Fri Sep 05 16:09:05 IST 2014,PASS,After clicking on menu Accounts Respective page opened successfully
SalesForce_EntityUseCode,TESTCASE110,Fri Sep 05 16:09:16 IST 2014,PASS,Opportunities created successfully
SalesForce_EntityUseCode,TESTCASE110,Fri Sep 05 16:09:26 IST 2014,PASS,After clicking on menu Opportunities Respective page opened successfully
SalesForce_EntityUseCode,TESTCASE110,Fri Sep 05 16:10:13 IST 2014,PASS,Avalara Status 'Temporary' verified successfully on adding products for Test case TestCase110 On Menu item : - Opportunities
SalesForce_EntityUseCode,TESTCASE110,Fri Sep 05 16:10:21 IST 2014,PASS,'Total Sales Tax' 0.00 verified successfully for Test case TestCase110 on Opportunities Window.
SalesForce_EntityUseCode,TESTCASE110,Fri Sep 05 16:10:21 IST 2014,PASS,Avalara Status ' Temporary' verified successfully on Calculate for Test case TestCase110 On tax calculation on Opportunities Window 
SalesForce_EntityUseCode,TESTCASE110,Fri Sep 05 16:10:21 IST 2014,PASS,Tax Calculation for Test case: TestCase110 Ended.
SalesForce_EntityUseCode,TESTCASE111,Fri Sep 05 16:10:21 IST 2014,PASS,Tax Calculation for Test case: TestCase111 Started.
SalesForce_EntityUseCode,TESTCASE111,Fri Sep 05 16:11:44 IST 2014,PASS,After clicking on menu TaxNowSettings Respective page opened successfully
SalesForce_EntityUseCode,TESTCASE111,Fri Sep 05 16:12:09 IST 2014,PASS,Tax now settings updated successfully
SalesForce_EntityUseCode,TESTCASE111,Fri Sep 05 16:12:52 IST 2014,PASS,After clicking on menu Accounts Respective page opened successfully
SalesForce_EntityUseCode,TESTCASE111,Fri Sep 05 16:13:02 IST 2014,PASS,Opportunities created successfully
SalesForce_EntityUseCode,TESTCASE111,Fri Sep 05 16:13:12 IST 2014,PASS,After clicking on menu Opportunities Respective page opened successfully
SalesForce_EntityUseCode,TESTCASE111,Fri Sep 05 16:13:59 IST 2014,PASS,Avalara Status 'Temporary' verified successfully on adding products for Test case TestCase111 On Menu item : - Opportunities
SalesForce_EntityUseCode,TESTCASE111,Fri Sep 05 16:14:08 IST 2014,PASS,'Total Sales Tax' 60.00 verified successfully for Test case TestCase111 on Opportunities Window.
SalesForce_EntityUseCode,TESTCASE111,Fri Sep 05 16:14:08 IST 2014,PASS,Avalara Status ' Temporary' verified successfully on Calculate for Test case TestCase111 On tax calculation on Opportunities Window 
SalesForce_EntityUseCode,TESTCASE111,Fri Sep 05 16:14:08 IST 2014,PASS,Tax Calculation for Test case: TestCase111 Ended.
SalesForce_EntityUseCode,SalesForce_EntityUseCode,Fri Sep 05 16:14:08 IST 2014,PASS,Script Ended.
