ScriptName,TCName,Date,Result,Description
SalesForce_EntityUseCode,SalesForce_EntityUseCode,Tue Sep 02 17:41:15 IST 2014,PASS,Logging into SalesForce application is successful.
SalesForce_EntityUseCode,TESTCASE110,Tue Sep 02 17:41:15 IST 2014,PASS,Tax Calculation for Test case: TestCase110 Started.
SalesForce_EntityUseCode,TESTCASE110,Tue Sep 02 17:41:38 IST 2014,PASS,After clicking on menu TaxNowSettings Respective page opened successfully
SalesForce_EntityUseCode,TESTCASE110,Tue Sep 02 17:42:03 IST 2014,PASS,Tax now settings updated successfully
SalesForce_EntityUseCode,TESTCASE110,Tue Sep 02 17:42:47 IST 2014,PASS,After clicking on menu Accounts Respective page opened successfully
SalesForce_EntityUseCode,TESTCASE110,Tue Sep 02 17:42:59 IST 2014,PASS,Opportunities created successfully
SalesForce_EntityUseCode,TESTCASE110,Tue Sep 02 17:43:09 IST 2014,PASS,After clicking on menu Opportunities Respective page opened successfully
SalesForce_EntityUseCode,TESTCASE110,Tue Sep 02 17:43:50 IST 2014,PASS,Avalara Status 'Temporary' verified successfully on adding products for Test case TestCase110 On Menu item : - Opportunities
SalesForce_EntityUseCode,TESTCASE110,Tue Sep 02 17:43:57 IST 2014,PASS,'Total Sales Tax' 0.00 verified successfully for Test case TestCase110 on Opportunities Window.
SalesForce_EntityUseCode,TESTCASE110,Tue Sep 02 17:43:57 IST 2014,PASS,Avalara Status ' Temporary' verified successfully on Calculate for Test case TestCase110 On tax calculation on Opportunities Window 
SalesForce_EntityUseCode,TESTCASE110,Tue Sep 02 17:43:57 IST 2014,PASS,Tax Calculation for Test case: TestCase110 Ended.
SalesForce_EntityUseCode,TESTCASE111,Tue Sep 02 17:43:57 IST 2014,PASS,Tax Calculation for Test case: TestCase111 Started.
SalesForce_EntityUseCode,TESTCASE111,Tue Sep 02 17:45:20 IST 2014,PASS,After clicking on menu TaxNowSettings Respective page opened successfully
SalesForce_EntityUseCode,TESTCASE111,Tue Sep 02 17:45:45 IST 2014,PASS,Tax now settings updated successfully
SalesForce_EntityUseCode,TESTCASE111,Tue Sep 02 17:46:27 IST 2014,PASS,After clicking on menu Accounts Respective page opened successfully
SalesForce_EntityUseCode,TESTCASE111,Tue Sep 02 17:46:37 IST 2014,PASS,Opportunities created successfully
SalesForce_EntityUseCode,TESTCASE111,Tue Sep 02 17:46:47 IST 2014,PASS,After clicking on menu Opportunities Respective page opened successfully
SalesForce_EntityUseCode,TESTCASE111,Tue Sep 02 17:47:28 IST 2014,PASS,Avalara Status 'Temporary' verified successfully on adding products for Test case TestCase111 On Menu item : - Opportunities
SalesForce_EntityUseCode,TESTCASE111,Tue Sep 02 17:47:35 IST 2014,PASS,'Total Sales Tax' 60.00 verified successfully for Test case TestCase111 on Opportunities Window.
SalesForce_EntityUseCode,TESTCASE111,Tue Sep 02 17:47:35 IST 2014,PASS,Avalara Status ' Temporary' verified successfully on Calculate for Test case TestCase111 On tax calculation on Opportunities Window 
SalesForce_EntityUseCode,TESTCASE111,Tue Sep 02 17:47:35 IST 2014,PASS,Tax Calculation for Test case: TestCase111 Ended.
SalesForce_EntityUseCode,SalesForce_EntityUseCode,Tue Sep 02 17:47:35 IST 2014,PASS,Script Ended.
SalesForce_MISC_Charges,SalesForce_MISC_Charges,Tue Sep 02 17:50:41 IST 2014,PASS,Logging into SalesForce application is successful.
SalesForce_MISC_Charges,TESTCASE100,Tue Sep 02 17:50:41 IST 2014,PASS,Tax Calculation for Test case: TestCase100 Started.
SalesForce_MISC_Charges,TESTCASE100,Tue Sep 02 17:51:04 IST 2014,PASS,After clicking on menu TaxNowSettings Respective page opened successfully
SalesForce_MISC_Charges,TESTCASE100,Tue Sep 02 17:52:18 IST 2014,FAIL,fCalculateSalesTax: Exception: org.openqa.selenium.NoSuchElementException: Unable to locate element: {"method":"xpath","selector":"//div[@id='ep']/div[2]/div[3]/table/tbody/tr/td[4]/span/input"}
Command duration or timeout: 60.06 seconds
For documentation on this error, please visit: http://seleniumhq.org/exceptions/no_such_element.html
Build info: version: '2.40.0', revision: 'fbe29a9', time: '2014-02-19 20:55:11'
System info: host: 'Av-Pn-KhareA', ip: '10.240.20.129', os.name: 'Windows 7', os.arch: 'x86', os.version: '6.1', java.version: '1.6.0_45'
Session ID: 7bb17430-e9ac-434e-b5a9-4ac1f93c75c5
Driver info: org.openqa.selenium.firefox.FirefoxDriver
Capabilities [{platform=XP, acceptSslCerts=true, javascriptEnabled=true, browserName=firefox, rotatable=false, locationContextEnabled=true, version=12.0, cssSelectorsEnabled=true, databaseEnabled=true, handlesAlerts=true, browserConnectionEnabled=true, nativeEvents=false, webStorageEnabled=true, applicationCacheEnabled=true, takesScreenshot=true}]
SalesForce_MISC_Charges,TESTCASE101,Tue Sep 02 17:52:18 IST 2014,PASS,Tax Calculation for Test case: TestCase101 Started.
SalesForce_MISC_Charges,TESTCASE101,Tue Sep 02 17:53:41 IST 2014,PASS,After clicking on menu TaxNowSettings Respective page opened successfully
SalesForce_MISC_Charges,TESTCASE101,Tue Sep 02 17:54:55 IST 2014,FAIL,fCalculateSalesTax: Exception: org.openqa.selenium.NoSuchElementException: Unable to locate element: {"method":"xpath","selector":"//div[@id='ep']/div[2]/div[3]/table/tbody/tr/td[4]/span/input"}
Command duration or timeout: 60.10 seconds
For documentation on this error, please visit: http://seleniumhq.org/exceptions/no_such_element.html
Build info: version: '2.40.0', revision: 'fbe29a9', time: '2014-02-19 20:55:11'
System info: host: 'Av-Pn-KhareA', ip: '10.240.20.129', os.name: 'Windows 7', os.arch: 'x86', os.version: '6.1', java.version: '1.6.0_45'
Session ID: 7bb17430-e9ac-434e-b5a9-4ac1f93c75c5
Driver info: org.openqa.selenium.firefox.FirefoxDriver
Capabilities [{platform=XP, acceptSslCerts=true, javascriptEnabled=true, browserName=firefox, rotatable=false, locationContextEnabled=true, version=12.0, cssSelectorsEnabled=true, databaseEnabled=true, handlesAlerts=true, browserConnectionEnabled=true, nativeEvents=false, webStorageEnabled=true, applicationCacheEnabled=true, takesScreenshot=true}]
SalesForce_MISC_Charges,SalesForce_MISC_Charges,Tue Sep 02 17:54:55 IST 2014,PASS,Script Ended.
SalesForce_MISC_Charges,SalesForce_MISC_Charges,Tue Sep 02 17:56:29 IST 2014,PASS,Logging into SalesForce application is successful.
SalesForce_MISC_Charges,TESTCASE100,Tue Sep 02 17:56:29 IST 2014,PASS,Tax Calculation for Test case: TestCase100 Started.
SalesForce_MISC_Charges,TESTCASE100,Tue Sep 02 17:56:52 IST 2014,PASS,After clicking on menu TaxNowSettings Respective page opened successfully
SalesForce_MISC_Charges,SalesForce_MISC_Charges,Tue Sep 02 18:06:12 IST 2014,FAIL,Logging into SalesForce application is Failed.
SalesForce_MISC_Charges,TESTCASE100,Tue Sep 02 18:06:12 IST 2014,PASS,Tax Calculation for Test case: TestCase100 Started.
SalesForce_MISC_Charges,TESTCASE100,Tue Sep 02 18:06:38 IST 2014,PASS,After clicking on menu TaxNowSettings Respective page opened successfully
SalesForce_MISC_Charges,TESTCASE100,Tue Sep 02 18:07:03 IST 2014,PASS,Tax now settings updated successfully
SalesForce_MISC_Charges,TESTCASE100,Tue Sep 02 18:07:44 IST 2014,PASS,After clicking on menu Accounts Respective page opened successfully
SalesForce_MISC_Charges,TESTCASE100,Tue Sep 02 18:07:55 IST 2014,PASS,Opportunities created successfully
SalesForce_MISC_Charges,TESTCASE100,Tue Sep 02 18:08:05 IST 2014,PASS,After clicking on menu Opportunities Respective page opened successfully
SalesForce_MISC_Charges,TESTCASE100,Tue Sep 02 18:08:45 IST 2014,PASS,Avalara Status 'Temporary' verified successfully on adding products for Test case TestCase100 On Menu item : - Opportunities
SalesForce_MISC_Charges,TESTCASE100,Tue Sep 02 18:08:53 IST 2014,PASS,'Total Sales Tax' 77.50 verified successfully for Test case TestCase100 on Opportunities Window.
SalesForce_MISC_Charges,TESTCASE100,Tue Sep 02 18:08:53 IST 2014,PASS,'Misc Tax' 7.75 verified successfully for Test caseTestCase100 on Opportunities Window.
SalesForce_MISC_Charges,TESTCASE100,Tue Sep 02 18:08:53 IST 2014,PASS,Avalara Status ' Saved' verified successfully on Calculate for Test case TestCase100 On tax calculation on Opportunities Window 
SalesForce_MISC_Charges,TESTCASE100,Tue Sep 02 18:08:59 IST 2014,PASS,'Total Sales Tax' 77.50 verified successfully for Test case TestCase100 on Finalize Opportunity Window.
SalesForce_MISC_Charges,TESTCASE100,Tue Sep 02 18:08:59 IST 2014,PASS,'Misc Tax' 7.75 verified successfully for Test caseTestCase100 on Finalize Opportunity Window.
SalesForce_MISC_Charges,TESTCASE100,Tue Sep 02 18:08:59 IST 2014,PASS,Avalara Status ' Committed' verified successfully on Calculate for Test case TestCase100 On tax calculation on Finalize Opportunity Window 
SalesForce_MISC_Charges,TESTCASE100,Tue Sep 02 18:08:59 IST 2014,PASS,Tax Calculation for Test case: TestCase100 Ended.
SalesForce_MISC_Charges,TESTCASE101,Tue Sep 02 18:08:59 IST 2014,PASS,Tax Calculation for Test case: TestCase101 Started.
SalesForce_MISC_Charges,TESTCASE101,Tue Sep 02 18:10:22 IST 2014,PASS,After clicking on menu TaxNowSettings Respective page opened successfully
SalesForce_MISC_Charges,TESTCASE101,Tue Sep 02 18:11:48 IST 2014,FAIL,Tax now settings NOT updated successfully
SalesForce_MISC_Charges,SalesForce_MISC_Charges,Tue Sep 02 18:11:48 IST 2014,PASS,Script Ended.
