ScriptName,TCName,Date,Result,Description
AccountingSeed_AddressValidation,AccountingSeed_AddressValidation,Wed May 25 14:19:59 IST 2016,PASS,Logging into AccountingSeed application is successful.
AccountingSeed_AddressValidation,TESTCASE60,Wed May 25 14:19:59 IST 2016,PASS,Address Validation for Test case: TestCase60 Started.
AccountingSeed_AddressValidation,TESTCASE60,Wed May 25 14:20:45 IST 2016,PASS,After clicking on menu AvaTax Settings Respective page opened successfully
AccountingSeed_AddressValidation,TESTCASE60,Wed May 25 14:21:21 IST 2016,PASS,Tax now settings updated successfully
AccountingSeed_AddressValidation,TESTCASE60,Wed May 25 14:21:51 IST 2016,PASS,Avalara Address Validation Test Case' verified successfully for TestCase60AvaTax Settings Window 
AccountingSeed_AddressValidation,TESTCASE60,Wed May 25 14:22:08 IST 2016,PASS,Address validation saved successfullyAvaTax Settings
AccountingSeed_AddressValidation,TESTCASE60,Wed May 25 14:23:07 IST 2016,PASS,After clicking on menu Contacts Respective page opened successfully
AccountingSeed_AddressValidation,TESTCASE60,Wed May 25 14:24:07 IST 2016,FAIL,fAddressValidation: Exception: org.openqa.selenium.NoSuchElementException: no such element: Unable to locate element: {"method":"name","selector":"avaacctseed__validate_mailing_address"}
  (Session info: chrome=50.0.2661.102)
  (Driver info: chromedriver=2.20.353145 (343b531d31eeb933ec778dbcf7081628a1396067),platform=Windows NT 6.1 SP1 x86_64) (WARNING: The server did not provide any stacktrace information)
Command duration or timeout: 60.03 seconds
For documentation on this error, please visit: http://seleniumhq.org/exceptions/no_such_element.html
Build info: version: '2.48.2', revision: '41bccdd', time: '2015-10-09 19:59:12'
System info: host: 'AV-PN-KHAREA', ip: '10.240.20.139', os.name: 'Windows 7', os.arch: 'amd64', os.version: '6.1', java.version: '1.8.0_74'
Driver info: org.openqa.selenium.chrome.ChromeDriver
Capabilities [{applicationCacheEnabled=false, rotatable=false, mobileEmulationEnabled=false, chrome={userDataDir=C:\Users\AJAY~1.KHA\AppData\Local\Temp\scoped_dir12804_4409}, takesHeapSnapshot=true, databaseEnabled=false, handlesAlerts=true, hasTouchScreen=false, version=50.0.2661.102, platform=XP, browserConnectionEnabled=false, nativeEvents=true, acceptSslCerts=true, locationContextEnabled=true, webStorageEnabled=true, browserName=chrome, takesScreenshot=true, javascriptEnabled=true, cssSelectorsEnabled=true}]
Session ID: 2973b0cf3c1f98408768711804967611
*** Element info: {Using=name, value=avaacctseed__validate_mailing_address}
AccountingSeed_AddressValidation,TESTCASE61,Wed May 25 14:24:07 IST 2016,PASS,Address Validation for Test case: TestCase61 Started.
AccountingSeed_AddressValidation,TESTCASE61,Wed May 25 14:24:49 IST 2016,PASS,After clicking on menu AvaTax Settings Respective page opened successfully
AccountingSeed_AddressValidation,TESTCASE61,Wed May 25 14:25:21 IST 2016,PASS,Tax now settings updated successfully
AccountingSeed_AddressValidation,TESTCASE61,Wed May 25 14:26:44 IST 2016,PASS,Address validation verified successfullyAvaTax Settings
AccountingSeed_AddressValidation,TESTCASE61,Wed May 25 14:27:51 IST 2016,PASS,Address validation saved successfullyAvaTax Settings
AccountingSeed_AddressValidation,TESTCASE61,Wed May 25 14:28:47 IST 2016,PASS,After clicking on menu Contacts Respective page opened successfully
AccountingSeed_AddressValidation,TESTCASE61,Wed May 25 14:30:09 IST 2016,PASS,Address validation verified successfullyContacts
AccountingSeed_AddressValidation,TESTCASE61,Wed May 25 14:31:17 IST 2016,PASS,Address validation saved successfullyContacts
AccountingSeed_AddressValidation,TESTCASE61,Wed May 25 14:32:14 IST 2016,PASS,After clicking on menu Accounts Respective page opened successfully
AccountingSeed_AddressValidation,TESTCASE61,Wed May 25 14:33:36 IST 2016,PASS,Address validation verified successfullyAccounts
AccountingSeed_AddressValidation,TESTCASE61,Wed May 25 14:34:43 IST 2016,PASS,Address validation saved successfullyAccounts
AccountingSeed_AddressValidation,TESTCASE61,Wed May 25 14:36:23 IST 2016,PASS,Address validation verified successfullyAccounts
AccountingSeed_AddressValidation,TESTCASE61,Wed May 25 14:37:30 IST 2016,PASS,Address validation saved successfully
AccountingSeed_AddressValidation,TESTCASE61,Wed May 25 14:39:12 IST 2016,FAIL,fMenuSelection: Exception: org.openqa.selenium.NoSuchElementException: no such element: Unable to locate element: {"method":"xpath","selector":"//tr[4]/td[2]/span/input"}
  (Session info: chrome=50.0.2661.102)
  (Driver info: chromedriver=2.20.353145 (343b531d31eeb933ec778dbcf7081628a1396067),platform=Windows NT 6.1 SP1 x86_64) (WARNING: The server did not provide any stacktrace information)
Command duration or timeout: 60.07 seconds
For documentation on this error, please visit: http://seleniumhq.org/exceptions/no_such_element.html
Build info: version: '2.48.2', revision: '41bccdd', time: '2015-10-09 19:59:12'
System info: host: 'AV-PN-KHAREA', ip: '10.240.20.139', os.name: 'Windows 7', os.arch: 'amd64', os.version: '6.1', java.version: '1.8.0_74'
Driver info: org.openqa.selenium.chrome.ChromeDriver
Capabilities [{applicationCacheEnabled=false, rotatable=false, mobileEmulationEnabled=false, chrome={userDataDir=C:\Users\AJAY~1.KHA\AppData\Local\Temp\scoped_dir12804_4409}, takesHeapSnapshot=true, databaseEnabled=false, handlesAlerts=true, hasTouchScreen=false, version=50.0.2661.102, platform=XP, browserConnectionEnabled=false, nativeEvents=true, acceptSslCerts=true, locationContextEnabled=true, webStorageEnabled=true, browserName=chrome, takesScreenshot=true, javascriptEnabled=true, cssSelectorsEnabled=true}]
Session ID: 2973b0cf3c1f98408768711804967611
*** Element info: {Using=xpath, value=//tr[4]/td[2]/span/input}
AccountingSeed_AddressValidation,TESTCASE62,Wed May 25 14:39:12 IST 2016,PASS,Address Validation for Test case: TestCase62 Started.
AccountingSeed_AddressValidation,TESTCASE62,Wed May 25 14:39:54 IST 2016,PASS,After clicking on menu AvaTax Settings Respective page opened successfully
AccountingSeed_AddressValidation,TESTCASE62,Wed May 25 14:40:27 IST 2016,PASS,Tax now settings updated successfully
AccountingSeed_AddressValidation,TESTCASE62,Wed May 25 14:40:49 IST 2016,FAIL,Avalara Address Validation Test Case '  ' NOT verified successfully  for TestCase62AvaTax Settings Window Expected :  and Actual: 900 winslow way e, Bainbridge Island, WA 98110-2450, US
AccountingSeed_AddressValidation,AccountingSeed_AddressValidation,Wed May 25 14:40:49 IST 2016,PASS,Script Ended.
AccountingSeed_ErrorMessageDisplayed,AccountingSeed_ErrorMessageDisplayed,Wed May 25 14:56:51 IST 2016,PASS,Logging into AccountingSeed application is successful.
AccountingSeed_ErrorMessageDisplayed,TESTCASE80,Wed May 25 14:56:51 IST 2016,PASS,Tax Calculation for Test case: TestCase80 Started.
AccountingSeed_ErrorMessageDisplayed,TESTCASE80,Wed May 25 14:57:30 IST 2016,PASS,Tax now settings updated successfully
AccountingSeed_ErrorMessageDisplayed,TESTCASE80,Wed May 25 14:58:16 IST 2016,PASS,After clicking on menu Accounts Respective page opened successfully
AccountingSeed_ErrorMessageDisplayed,TESTCASE80,Wed May 25 14:58:52 IST 2016,FAIL,fCalculateSalesTax: Exception: org.openqa.selenium.WebDriverException: unknown error: keys should be a string
  (Session info: chrome=50.0.2661.102)
  (Driver info: chromedriver=2.20.353145 (343b531d31eeb933ec778dbcf7081628a1396067),platform=Windows NT 6.1 SP1 x86_64) (WARNING: The server did not provide any stacktrace information)
Command duration or timeout: 50 milliseconds
Build info: version: '2.48.2', revision: '41bccdd', time: '2015-10-09 19:59:12'
System info: host: 'AV-PN-KHAREA', ip: '10.240.20.139', os.name: 'Windows 7', os.arch: 'amd64', os.version: '6.1', java.version: '1.8.0_74'
Driver info: org.openqa.selenium.chrome.ChromeDriver
Capabilities [{applicationCacheEnabled=false, rotatable=false, mobileEmulationEnabled=false, chrome={userDataDir=C:\Users\AJAY~1.KHA\AppData\Local\Temp\scoped_dir8440_11118}, takesHeapSnapshot=true, databaseEnabled=false, handlesAlerts=true, hasTouchScreen=false, version=50.0.2661.102, platform=XP, browserConnectionEnabled=false, nativeEvents=true, acceptSslCerts=true, locationContextEnabled=true, webStorageEnabled=true, browserName=chrome, takesScreenshot=true, javascriptEnabled=true, cssSelectorsEnabled=true}]
Session ID: 07361c96b9936ee356d06fc9d448fb0d
AccountingSeed_ErrorMessageDisplayed,TESTCASE81,Wed May 25 14:58:52 IST 2016,PASS,Tax Calculation for Test case: TestCase81 Started.
AccountingSeed_ErrorMessageDisplayed,TESTCASE81,Wed May 25 14:59:27 IST 2016,PASS,Tax now settings updated successfully
AccountingSeed_ErrorMessageDisplayed,TESTCASE81,Wed May 25 15:00:14 IST 2016,PASS,After clicking on menu Accounts Respective page opened successfully
AccountingSeed_ErrorMessageDisplayed,TESTCASE81,Wed May 25 15:00:40 IST 2016,FAIL,fCalculateSalesTax: Exception: org.openqa.selenium.WebDriverException: unknown error: keys should be a string
  (Session info: chrome=50.0.2661.102)
  (Driver info: chromedriver=2.20.353145 (343b531d31eeb933ec778dbcf7081628a1396067),platform=Windows NT 6.1 SP1 x86_64) (WARNING: The server did not provide any stacktrace information)
Command duration or timeout: 51 milliseconds
Build info: version: '2.48.2', revision: '41bccdd', time: '2015-10-09 19:59:12'
System info: host: 'AV-PN-KHAREA', ip: '10.240.20.139', os.name: 'Windows 7', os.arch: 'amd64', os.version: '6.1', java.version: '1.8.0_74'
Driver info: org.openqa.selenium.chrome.ChromeDriver
Capabilities [{applicationCacheEnabled=false, rotatable=false, mobileEmulationEnabled=false, chrome={userDataDir=C:\Users\AJAY~1.KHA\AppData\Local\Temp\scoped_dir8440_11118}, takesHeapSnapshot=true, databaseEnabled=false, handlesAlerts=true, hasTouchScreen=false, version=50.0.2661.102, platform=XP, browserConnectionEnabled=false, nativeEvents=true, acceptSslCerts=true, locationContextEnabled=true, webStorageEnabled=true, browserName=chrome, takesScreenshot=true, javascriptEnabled=true, cssSelectorsEnabled=true}]
Session ID: 07361c96b9936ee356d06fc9d448fb0d
AccountingSeed_ErrorMessageDisplayed,AccountingSeed_ErrorMessageDisplayed,Wed May 25 15:00:40 IST 2016,PASS,Script Ended.
SalesForce_AddressValidation,SalesForce_AddressValidation,Thu Jun 23 15:44:33 IST 2016,PASS,Logging into SalesForce application is successful.
SalesForce_AddressValidation,TESTCASE60,Thu Jun 23 15:44:33 IST 2016,PASS,Address Validation for Test case: TestCase60 Started.
SalesForce_AddressValidation,TESTCASE60,Thu Jun 23 15:46:11 IST 2016,FAIL,fMenuSelection: Exception: org.openqa.selenium.NoSuchElementException: no such element: Unable to locate element: {"method":"xpath","selector":"//div[@id='ep']/div[2]/div[7]/table/tbody/tr[2]/td[2]/input"}
  (Session info: chrome=51.0.2704.103)
  (Driver info: chromedriver=2.20.353145 (343b531d31eeb933ec778dbcf7081628a1396067),platform=Windows NT 6.1 SP1 x86_64) (WARNING: The server did not provide any stacktrace information)
Command duration or timeout: 60.06 seconds
For documentation on this error, please visit: http://seleniumhq.org/exceptions/no_such_element.html
Build info: version: '2.48.2', revision: '41bccdd', time: '2015-10-09 19:59:12'
System info: host: 'AV-PN-KHAREA', ip: '10.240.20.185', os.name: 'Windows 7', os.arch: 'amd64', os.version: '6.1', java.version: '1.8.0_74'
Driver info: org.openqa.selenium.chrome.ChromeDriver
Capabilities [{applicationCacheEnabled=false, rotatable=false, mobileEmulationEnabled=false, chrome={userDataDir=C:\Users\AJAY~1.KHA\AppData\Local\Temp\scoped_dir15576_26606}, takesHeapSnapshot=true, databaseEnabled=false, handlesAlerts=true, hasTouchScreen=false, version=51.0.2704.103, platform=XP, browserConnectionEnabled=false, nativeEvents=true, acceptSslCerts=true, locationContextEnabled=true, webStorageEnabled=true, browserName=chrome, takesScreenshot=true, javascriptEnabled=true, cssSelectorsEnabled=true}]
Session ID: 26ee62635602e7996afe689c6ed38570
*** Element info: {Using=xpath, value=//div[@id='ep']/div[2]/div[7]/table/tbody/tr[2]/td[2]/input}
SalesForce_AddressValidation,TESTCASE61,Thu Jun 23 15:46:11 IST 2016,PASS,Address Validation for Test case: TestCase61 Started.
SalesForce_AddressValidation,TESTCASE61,Thu Jun 23 15:47:44 IST 2016,FAIL,fMenuSelection: Exception: org.openqa.selenium.NoSuchElementException: no such element: Unable to locate element: {"method":"xpath","selector":"//div[@id='ep']/div[2]/div[7]/table/tbody/tr[2]/td[2]/input"}
  (Session info: chrome=51.0.2704.103)
  (Driver info: chromedriver=2.20.353145 (343b531d31eeb933ec778dbcf7081628a1396067),platform=Windows NT 6.1 SP1 x86_64) (WARNING: The server did not provide any stacktrace information)
Command duration or timeout: 60.06 seconds
For documentation on this error, please visit: http://seleniumhq.org/exceptions/no_such_element.html
Build info: version: '2.48.2', revision: '41bccdd', time: '2015-10-09 19:59:12'
System info: host: 'AV-PN-KHAREA', ip: '10.240.20.185', os.name: 'Windows 7', os.arch: 'amd64', os.version: '6.1', java.version: '1.8.0_74'
Driver info: org.openqa.selenium.chrome.ChromeDriver
Capabilities [{applicationCacheEnabled=false, rotatable=false, mobileEmulationEnabled=false, chrome={userDataDir=C:\Users\AJAY~1.KHA\AppData\Local\Temp\scoped_dir15576_26606}, takesHeapSnapshot=true, databaseEnabled=false, handlesAlerts=true, hasTouchScreen=false, version=51.0.2704.103, platform=XP, browserConnectionEnabled=false, nativeEvents=true, acceptSslCerts=true, locationContextEnabled=true, webStorageEnabled=true, browserName=chrome, takesScreenshot=true, javascriptEnabled=true, cssSelectorsEnabled=true}]
Session ID: 26ee62635602e7996afe689c6ed38570
*** Element info: {Using=xpath, value=//div[@id='ep']/div[2]/div[7]/table/tbody/tr[2]/td[2]/input}
SalesForce_AddressValidation,TESTCASE62,Thu Jun 23 15:47:44 IST 2016,PASS,Address Validation for Test case: TestCase62 Started.
SalesForce_AddressValidation,TESTCASE62,Thu Jun 23 15:49:17 IST 2016,FAIL,fMenuSelection: Exception: org.openqa.selenium.NoSuchElementException: no such element: Unable to locate element: {"method":"xpath","selector":"//div[@id='ep']/div[2]/div[7]/table/tbody/tr[2]/td[2]/input"}
  (Session info: chrome=51.0.2704.103)
  (Driver info: chromedriver=2.20.353145 (343b531d31eeb933ec778dbcf7081628a1396067),platform=Windows NT 6.1 SP1 x86_64) (WARNING: The server did not provide any stacktrace information)
Command duration or timeout: 60.05 seconds
For documentation on this error, please visit: http://seleniumhq.org/exceptions/no_such_element.html
Build info: version: '2.48.2', revision: '41bccdd', time: '2015-10-09 19:59:12'
System info: host: 'AV-PN-KHAREA', ip: '10.240.20.185', os.name: 'Windows 7', os.arch: 'amd64', os.version: '6.1', java.version: '1.8.0_74'
Driver info: org.openqa.selenium.chrome.ChromeDriver
Capabilities [{applicationCacheEnabled=false, rotatable=false, mobileEmulationEnabled=false, chrome={userDataDir=C:\Users\AJAY~1.KHA\AppData\Local\Temp\scoped_dir15576_26606}, takesHeapSnapshot=true, databaseEnabled=false, handlesAlerts=true, hasTouchScreen=false, version=51.0.2704.103, platform=XP, browserConnectionEnabled=false, nativeEvents=true, acceptSslCerts=true, locationContextEnabled=true, webStorageEnabled=true, browserName=chrome, takesScreenshot=true, javascriptEnabled=true, cssSelectorsEnabled=true}]
Session ID: 26ee62635602e7996afe689c6ed38570
*** Element info: {Using=xpath, value=//div[@id='ep']/div[2]/div[7]/table/tbody/tr[2]/td[2]/input}
SalesForce_AddressValidation,TESTCASE63,Thu Jun 23 15:49:17 IST 2016,PASS,Address Validation for Test case: TestCase63 Started.
SalesForce_AddressValidation,TESTCASE63,Thu Jun 23 15:50:50 IST 2016,FAIL,fMenuSelection: Exception: org.openqa.selenium.NoSuchElementException: no such element: Unable to locate element: {"method":"xpath","selector":"//div[@id='ep']/div[2]/div[7]/table/tbody/tr[2]/td[2]/input"}
  (Session info: chrome=51.0.2704.103)
  (Driver info: chromedriver=2.20.353145 (343b531d31eeb933ec778dbcf7081628a1396067),platform=Windows NT 6.1 SP1 x86_64) (WARNING: The server did not provide any stacktrace information)
Command duration or timeout: 60.08 seconds
For documentation on this error, please visit: http://seleniumhq.org/exceptions/no_such_element.html
Build info: version: '2.48.2', revision: '41bccdd', time: '2015-10-09 19:59:12'
System info: host: 'AV-PN-KHAREA', ip: '10.240.20.185', os.name: 'Windows 7', os.arch: 'amd64', os.version: '6.1', java.version: '1.8.0_74'
Driver info: org.openqa.selenium.chrome.ChromeDriver
Capabilities [{applicationCacheEnabled=false, rotatable=false, mobileEmulationEnabled=false, chrome={userDataDir=C:\Users\AJAY~1.KHA\AppData\Local\Temp\scoped_dir15576_26606}, takesHeapSnapshot=true, databaseEnabled=false, handlesAlerts=true, hasTouchScreen=false, version=51.0.2704.103, platform=XP, browserConnectionEnabled=false, nativeEvents=true, acceptSslCerts=true, locationContextEnabled=true, webStorageEnabled=true, browserName=chrome, takesScreenshot=true, javascriptEnabled=true, cssSelectorsEnabled=true}]
Session ID: 26ee62635602e7996afe689c6ed38570
*** Element info: {Using=xpath, value=//div[@id='ep']/div[2]/div[7]/table/tbody/tr[2]/td[2]/input}
SalesForce_AddressValidation,TESTCASE64,Thu Jun 23 15:50:50 IST 2016,PASS,Address Validation for Test case: TestCase64 Started.
