ScriptName,TCName,Date,Result,Description,,,,,,,,,,
SalesForce_TaxCalc,SalesForce_TaxCalc,Wed Sep 16 11:04:38 IST 2015,PASS,Logging into SalesForce application is successful.,,,,,,,,,,
SalesForce_TaxCalc,TESTCASE1,Wed Sep 16 11:04:38 IST 2015,PASS,Tax Calculation for Test case: TestCase1 Started.,,,,,,,,,,
SalesForce_TaxCalc,TESTCASE1,Wed Sep 16 11:05:12 IST 2015,PASS,After clicking on menu TaxNowSettings Respective page opened successfully,,,,,,,,,,
SalesForce_TaxCalc,TESTCASE1,Wed Sep 16 11:05:37 IST 2015,PASS,Avalara Configuration settings updated successfully,,,,,,,,,,
SalesForce_TaxCalc,TESTCASE1,Wed Sep 16 11:06:31 IST 2015,PASS,After clicking on menu Accounts Respective page opened successfully,,,,,,,,,,
SalesForce_TaxCalc,TESTCASE1,Wed Sep 16 11:07:01 IST 2015,PASS,Opportunities created successfully,,,,,,,,,,
SalesForce_TaxCalc,TESTCASE1,Wed Sep 16 11:07:11 IST 2015,PASS,After clicking on menu Opportunities Respective page opened successfully,,,,,,,,,,
SalesForce_TaxCalc,TESTCASE1,Wed Sep 16 11:08:06 IST 2015,PASS,Avalara Status 'Temporary' verified successfully on adding products for Test case TestCase1 On Menu item : - Opportunities,,,,,,,,,,
SalesForce_TaxCalc,TESTCASE1,Wed Sep 16 11:08:15 IST 2015,PASS,'Total Sales Tax' 60.00 verified successfully for Test case TestCase1 on Opportunities Window.,,,,,,,,,,
SalesForce_TaxCalc,TESTCASE1,Wed Sep 16 11:08:15 IST 2015,PASS,Avalara Status ' Temporary' verified successfully on Calculate for Test case TestCase1 On tax calculation on Opportunities Window ,,,,,,,,,,
SalesForce_TaxCalc,TESTCASE2,Wed Sep 16 11:08:15 IST 2015,PASS,Tax Calculation for Test case: TestCase2 Started.,,,,,,,,,,
SalesForce_TaxCalc,TESTCASE2,Wed Sep 16 11:08:47 IST 2015,PASS,After clicking on menu TaxNowSettings Respective page opened successfully,,,,,,,,,,
SalesForce_TaxCalc,TESTCASE2,Wed Sep 16 11:09:14 IST 2015,PASS,Avalara Configuration settings updated successfully,,,,,,,,,,
SalesForce_TaxCalc,TESTCASE2,Wed Sep 16 11:10:07 IST 2015,PASS,After clicking on menu Accounts Respective page opened successfully,,,,,,,,,,
SalesForce_TaxCalc,TESTCASE2,Wed Sep 16 11:10:35 IST 2015,PASS,Opportunities created successfully,,,,,,,,,,
SalesForce_TaxCalc,TESTCASE2,Wed Sep 16 11:10:45 IST 2015,PASS,After clicking on menu Opportunities Respective page opened successfully,,,,,,,,,,
SalesForce_TaxCalc,TESTCASE2,Wed Sep 16 11:11:40 IST 2015,PASS,Avalara Status 'Temporary' verified successfully on adding products for Test case TestCase2 On Menu item : - Opportunities,,,,,,,,,,
SalesForce_TaxCalc,TESTCASE2,Wed Sep 16 11:11:47 IST 2015,PASS,'Total Sales Tax' 60.00 verified successfully for Test case TestCase2 on Opportunities Window.,,,,,,,,,,
SalesForce_TaxCalc,TESTCASE2,Wed Sep 16 11:11:47 IST 2015,PASS,Avalara Status ' Saved' verified successfully on Calculate for Test case TestCase2 On tax calculation on Opportunities Window ,,,,,,,,,,
SalesForce_TaxCalc,TESTCASE3,Wed Sep 16 11:11:47 IST 2015,PASS,Tax Calculation for Test case: TestCase3 Started.,,,,,,,,,,
SalesForce_TaxCalc,TESTCASE3,Wed Sep 16 11:12:19 IST 2015,PASS,After clicking on menu TaxNowSettings Respective page opened successfully,,,,,,,,,,
SalesForce_TaxCalc,TESTCASE3,Wed Sep 16 11:12:46 IST 2015,PASS,Avalara Configuration settings updated successfully,,,,,,,,,,
SalesForce_TaxCalc,TESTCASE3,Wed Sep 16 11:13:39 IST 2015,PASS,After clicking on menu Accounts Respective page opened successfully,,,,,,,,,,
SalesForce_TaxCalc,TESTCASE3,Wed Sep 16 11:14:06 IST 2015,PASS,Opportunities created successfully,,,,,,,,,,
SalesForce_TaxCalc,TESTCASE3,Wed Sep 16 11:14:16 IST 2015,PASS,After clicking on menu Opportunities Respective page opened successfully,,,,,,,,,,
SalesForce_TaxCalc,TESTCASE3,Wed Sep 16 11:15:11 IST 2015,PASS,Avalara Status 'Temporary' verified successfully on adding products for Test case TestCase3 On Menu item : - Opportunities,,,,,,,,,,
SalesForce_TaxCalc,TESTCASE3,Wed Sep 16 11:15:18 IST 2015,PASS,'Total Sales Tax' 85.00 verified successfully for Test case TestCase3 on Opportunities Window.,,,,,,,,,,
SalesForce_TaxCalc,TESTCASE3,Wed Sep 16 11:15:18 IST 2015,PASS,Avalara Status ' Saved' verified successfully on Calculate for Test case TestCase3 On tax calculation on Opportunities Window ,,,,,,,,,,
SalesForce_TaxCalc,TESTCASE3,Wed Sep 16 11:15:25 IST 2015,PASS,'Total Sales Tax' 85.00 verified successfully for Test case TestCase3 on Finalize Opportunity Window.,,,,,,,,,,
SalesForce_TaxCalc,TESTCASE3,Wed Sep 16 11:15:25 IST 2015,PASS,Avalara Status ' Committed' verified successfully on Calculate for Test case TestCase3 On tax calculation on Finalize Opportunity Window ,,,,,,,,,,
SalesForce_TaxCalc,TESTCASE4,Wed Sep 16 11:15:25 IST 2015,PASS,Tax Calculation for Test case: TestCase4 Started.,,,,,,,,,,
SalesForce_TaxCalc,TESTCASE4,Wed Sep 16 11:15:56 IST 2015,PASS,After clicking on menu TaxNowSettings Respective page opened successfully,,,,,,,,,,
SalesForce_TaxCalc,TESTCASE4,Wed Sep 16 11:16:23 IST 2015,PASS,Avalara Configuration settings updated successfully,,,,,,,,,,
SalesForce_TaxCalc,TESTCASE4,Wed Sep 16 11:17:13 IST 2015,PASS,After clicking on menu Accounts Respective page opened successfully,,,,,,,,,,
SalesForce_TaxCalc,TESTCASE4,Wed Sep 16 11:17:40 IST 2015,PASS,Opportunities created successfully,,,,,,,,,,
SalesForce_TaxCalc,TESTCASE4,Wed Sep 16 11:17:50 IST 2015,PASS,After clicking on menu Opportunities Respective page opened successfully,,,,,,,,,,
SalesForce_TaxCalc,TESTCASE4,Wed Sep 16 11:18:43 IST 2015,PASS,Avalara Status 'Temporary' verified successfully on adding products for Test case TestCase4 On Menu item : - Opportunities,,,,,,,,,,
SalesForce_TaxCalc,TESTCASE4,Wed Sep 16 11:18:49 IST 2015,PASS,'Total Sales Tax' 85.00 verified successfully for Test case TestCase4 on Opportunities Window.,,,,,,,,,,
SalesForce_TaxCalc,TESTCASE4,Wed Sep 16 11:18:49 IST 2015,PASS,Avalara Status ' Temporary' verified successfully on Calculate for Test case TestCase4 On tax calculation on Opportunities Window ,,,,,,,,,,
SalesForce_TaxCalc,TESTCASE5,Wed Sep 16 11:18:49 IST 2015,PASS,Tax Calculation for Test case: TestCase5 Started.,,,,,,,,,,
SalesForce_TaxCalc,TESTCASE5,Wed Sep 16 11:19:21 IST 2015,PASS,After clicking on menu TaxNowSettings Respective page opened successfully,,,,,,,,,,
SalesForce_TaxCalc,TESTCASE5,Wed Sep 16 11:19:49 IST 2015,PASS,Avalara Configuration settings updated successfully,,,,,,,,,,
SalesForce_TaxCalc,TESTCASE5,Wed Sep 16 11:20:45 IST 2015,PASS,After clicking on menu Accounts Respective page opened successfully,,,,,,,,,,
SalesForce_TaxCalc,TESTCASE5,Wed Sep 16 11:21:16 IST 2015,PASS,Opportunities created successfully,,,,,,,,,,
SalesForce_TaxCalc,TESTCASE5,Wed Sep 16 11:21:26 IST 2015,PASS,After clicking on menu Opportunities Respective page opened successfully,,,,,,,,,,
SalesForce_TaxCalc,TESTCASE5,Wed Sep 16 11:22:23 IST 2015,PASS,Avalara Status 'Temporary' verified successfully on adding products for Test case TestCase5 On Menu item : - Opportunities,,,,,,,,,,
SalesForce_TaxCalc,TESTCASE5,Wed Sep 16 11:22:36 IST 2015,PASS,Error message appeared as Name: PreQualification Error Summary: Tax Calculations are Disabled - Check 'Enable Tax Calculations' in the TaxServices tab Details:,,,,,,,,,,
SalesForce_TaxCalc,TESTCASE6,Wed Sep 16 11:22:36 IST 2015,PASS,Tax Calculation for Test case: TestCase6 Started.,,,,,,,,,,
SalesForce_TaxCalc,TESTCASE6,Wed Sep 16 11:23:09 IST 2015,PASS,After clicking on menu TaxNowSettings Respective page opened successfully,,,,,,,,,,
SalesForce_TaxCalc,TESTCASE6,Wed Sep 16 11:23:39 IST 2015,PASS,Avalara Configuration settings updated successfully,,,,,,,,,,
SalesForce_TaxCalc,TESTCASE6,Wed Sep 16 11:24:36 IST 2015,PASS,After clicking on menu Accounts Respective page opened successfully,,,,,,,,,,
SalesForce_TaxCalc,TESTCASE6,Wed Sep 16 11:25:06 IST 2015,PASS,Opportunities created successfully,,,,,,,,,,
SalesForce_TaxCalc,TESTCASE6,Wed Sep 16 11:25:16 IST 2015,PASS,After clicking on menu Opportunities Respective page opened successfully,,,,,,,,,,
SalesForce_TaxCalc,TESTCASE6,Wed Sep 16 11:26:15 IST 2015,PASS,Avalara Status 'Temporary' verified successfully on adding products for Test case TestCase6 On Menu item : - Opportunities,,,,,,,,,,
SalesForce_TaxCalc,TESTCASE6,Wed Sep 16 11:26:24 IST 2015,PASS,Error message appeared as Name: PreQualification Error Summary: Tax Calculations are Disabled - Check 'Enable Tax Calculations' in the TaxServices tab Details:,,,,,,,,,,
SalesForce_TaxCalc,TESTCASE7,Wed Sep 16 11:26:24 IST 2015,PASS,Tax Calculation for Test case: TestCase7 Started.,,,,,,,,,,
SalesForce_TaxCalc,TESTCASE7,Wed Sep 16 11:26:56 IST 2015,PASS,After clicking on menu TaxNowSettings Respective page opened successfully,,,,,,,,,,
SalesForce_TaxCalc,TESTCASE7,Wed Sep 16 11:27:25 IST 2015,PASS,Avalara Configuration settings updated successfully,,,,,,,,,,
SalesForce_TaxCalc,TESTCASE7,Wed Sep 16 11:28:22 IST 2015,PASS,After clicking on menu Accounts Respective page opened successfully,,,,,,,,,,
SalesForce_TaxCalc,TESTCASE7,Wed Sep 16 11:28:53 IST 2015,PASS,Opportunities created successfully,,,,,,,,,,
SalesForce_TaxCalc,TESTCASE7,Wed Sep 16 11:29:03 IST 2015,PASS,After clicking on menu Opportunities Respective page opened successfully,,,,,,,,,,
SalesForce_TaxCalc,TESTCASE7,Wed Sep 16 11:29:59 IST 2015,PASS,Avalara Status 'Temporary' verified successfully on adding products for Test case TestCase7 On Menu item : - Opportunities,,,,,,,,,,
SalesForce_TaxCalc,TESTCASE7,Wed Sep 16 11:30:08 IST 2015,PASS,Error message appeared as Name: PreQualification Error Summary: Tax Calculations are Disabled - Check 'Enable Tax Calculations' in the TaxServices tab Details:,,,,,,,,,,
SalesForce_TaxCalc,TESTCASE8,Wed Sep 16 11:30:08 IST 2015,PASS,Tax Calculation for Test case: TestCase8 Started.,,,,,,,,,,
SalesForce_TaxCalc,TESTCASE8,Wed Sep 16 11:30:41 IST 2015,PASS,After clicking on menu TaxNowSettings Respective page opened successfully,,,,,,,,,,
SalesForce_TaxCalc,TESTCASE8,Wed Sep 16 11:31:09 IST 2015,PASS,Avalara Configuration settings updated successfully,,,,,,,,,,
SalesForce_TaxCalc,TESTCASE8,Wed Sep 16 11:32:06 IST 2015,PASS,After clicking on menu Accounts Respective page opened successfully,,,,,,,,,,
SalesForce_TaxCalc,TESTCASE8,Wed Sep 16 11:32:36 IST 2015,PASS,Opportunities created successfully,,,,,,,,,,
SalesForce_TaxCalc,TESTCASE8,Wed Sep 16 11:32:46 IST 2015,PASS,After clicking on menu Opportunities Respective page opened successfully,,,,,,,,,,
SalesForce_TaxCalc,TESTCASE8,Wed Sep 16 11:33:45 IST 2015,PASS,Avalara Status 'Temporary' verified successfully on adding products for Test case TestCase8 On Menu item : - Opportunities,,,,,,,,,,
SalesForce_TaxCalc,TESTCASE8,Wed Sep 16 11:33:53 IST 2015,PASS,Error message appeared as Name: PreQualification Error Summary: Tax Calculations are Disabled - Check 'Enable Tax Calculations' in the TaxServices tab Details:,,,,,,,,,,
SalesForce_TaxCalc,TESTCASE9,Wed Sep 16 11:33:53 IST 2015,PASS,Tax Calculation for Test case: TestCase9 Started.,,,,,,,,,,
SalesForce_TaxCalc,TESTCASE9,Wed Sep 16 11:34:25 IST 2015,PASS,After clicking on menu TaxNowSettings Respective page opened successfully,,,,,,,,,,
SalesForce_TaxCalc,TESTCASE9,Wed Sep 16 11:34:57 IST 2015,PASS,Avalara Configuration settings updated successfully,,,,,,,,,,
SalesForce_TaxCalc,TESTCASE9,Wed Sep 16 11:35:56 IST 2015,PASS,After clicking on menu Accounts Respective page opened successfully,,,,,,,,,,
SalesForce_TaxCalc,TESTCASE9,Wed Sep 16 11:36:27 IST 2015,PASS,Opportunities created successfully,,,,,,,,,,
SalesForce_TaxCalc,TESTCASE9,Wed Sep 16 11:36:37 IST 2015,PASS,After clicking on menu Opportunities Respective page opened successfully,,,,,,,,,,
SalesForce_TaxCalc,TESTCASE9,Wed Sep 16 11:37:34 IST 2015,PASS,Avalara Status 'Temporary' verified successfully on adding products for Test case TestCase9 On Menu item : - Opportunities,,,,,,,,,,
SalesForce_TaxCalc,TESTCASE9,Wed Sep 16 11:37:41 IST 2015,PASS,'Total Sales Tax' 80.00 verified successfully for Test case TestCase9 on Opportunities Window.,,,,,,,,,,
SalesForce_TaxCalc,TESTCASE9,Wed Sep 16 11:37:41 IST 2015,PASS,Avalara Status ' Saved' verified successfully on Calculate for Test case TestCase9 On tax calculation on Opportunities Window ,,,,,,,,,,
SalesForce_TaxCalc,TESTCASE9,Wed Sep 16 11:37:48 IST 2015,PASS,'Total Sales Tax' 80.00 verified successfully for Test case TestCase9 on Finalize Opportunity Window.,,,,,,,,,,
SalesForce_TaxCalc,TESTCASE9,Wed Sep 16 11:37:48 IST 2015,PASS,Avalara Status ' Committed' verified successfully on Calculate for Test case TestCase9 On tax calculation on Finalize Opportunity Window ,,,,,,,,,,
SalesForce_TaxCalc,TESTCASE10,Wed Sep 16 11:37:48 IST 2015,PASS,Tax Calculation for Test case: TestCase10 Started.,,,,,,,,,,
SalesForce_TaxCalc,TESTCASE10,Wed Sep 16 11:38:21 IST 2015,PASS,After clicking on menu TaxNowSettings Respective page opened successfully,,,,,,,,,,
SalesForce_TaxCalc,TESTCASE10,Wed Sep 16 11:38:52 IST 2015,PASS,Avalara Configuration settings updated successfully,,,,,,,,,,
SalesForce_TaxCalc,TESTCASE10,Wed Sep 16 11:39:49 IST 2015,PASS,After clicking on menu Accounts Respective page opened successfully,,,,,,,,,,
SalesForce_TaxCalc,TESTCASE10,Wed Sep 16 11:40:20 IST 2015,PASS,Opportunities created successfully,,,,,,,,,,
SalesForce_TaxCalc,TESTCASE10,Wed Sep 16 11:40:30 IST 2015,PASS,After clicking on menu Opportunities Respective page opened successfully,,,,,,,,,,
SalesForce_TaxCalc,TESTCASE10,Wed Sep 16 11:41:24 IST 2015,PASS,Avalara Status 'Temporary' verified successfully on adding products for Test case TestCase10 On Menu item : - Opportunities,,,,,,,,,,
SalesForce_TaxCalc,TESTCASE10,Wed Sep 16 11:41:30 IST 2015,PASS,'Total Sales Tax' 60.00 verified successfully for Test case TestCase10 on Opportunities Window.,,,,,,,,,,
SalesForce_TaxCalc,TESTCASE10,Wed Sep 16 11:41:30 IST 2015,PASS,Avalara Status ' Temporary' verified successfully on Calculate for Test case TestCase10 On tax calculation on Opportunities Window ,,,,,,,,,,
SalesForce_TaxCalc,TESTCASE11,Wed Sep 16 11:41:30 IST 2015,PASS,Tax Calculation for Test case: TestCase11 Started.,,,,,,,,,,
SalesForce_TaxCalc,TESTCASE11,Wed Sep 16 11:42:03 IST 2015,PASS,After clicking on menu TaxNowSettings Respective page opened successfully,,,,,,,,,,
SalesForce_TaxCalc,TESTCASE11,Wed Sep 16 11:42:34 IST 2015,PASS,Avalara Configuration settings updated successfully,,,,,,,,,,
SalesForce_TaxCalc,TESTCASE11,Wed Sep 16 11:43:31 IST 2015,PASS,After clicking on menu Accounts Respective page opened successfully,,,,,,,,,,
SalesForce_TaxCalc,TESTCASE11,Wed Sep 16 11:44:00 IST 2015,PASS,Opportunities created successfully,,,,,,,,,,
SalesForce_TaxCalc,TESTCASE11,Wed Sep 16 11:44:10 IST 2015,PASS,After clicking on menu Opportunities Respective page opened successfully,,,,,,,,,,
SalesForce_TaxCalc,TESTCASE11,Wed Sep 16 11:45:06 IST 2015,PASS,Avalara Status 'Temporary' verified successfully on adding products for Test case TestCase11 On Menu item : - Opportunities,,,,,,,,,,
SalesForce_TaxCalc,TESTCASE11,Wed Sep 16 11:45:13 IST 2015,PASS,'Total Sales Tax' 60.00 verified successfully for Test case TestCase11 on Opportunities Window.,,,,,,,,,,
SalesForce_TaxCalc,TESTCASE11,Wed Sep 16 11:45:13 IST 2015,PASS,Avalara Status ' Saved' verified successfully on Calculate for Test case TestCase11 On tax calculation on Opportunities Window ,,,,,,,,,,
SalesForce_TaxCalc,TESTCASE12,Wed Sep 16 11:45:13 IST 2015,PASS,Tax Calculation for Test case: TestCase12 Started.,,,,,,,,,,
SalesForce_TaxCalc,TESTCASE12,Wed Sep 16 11:45:46 IST 2015,PASS,After clicking on menu TaxNowSettings Respective page opened successfully,,,,,,,,,,
SalesForce_TaxCalc,TESTCASE12,Wed Sep 16 11:46:16 IST 2015,PASS,Avalara Configuration settings updated successfully,,,,,,,,,,
SalesForce_TaxCalc,TESTCASE12,Wed Sep 16 11:47:14 IST 2015,PASS,After clicking on menu Accounts Respective page opened successfully,,,,,,,,,,
SalesForce_TaxCalc,TESTCASE12,Wed Sep 16 11:47:44 IST 2015,PASS,Opportunities created successfully,,,,,,,,,,
SalesForce_TaxCalc,TESTCASE12,Wed Sep 16 11:47:54 IST 2015,PASS,After clicking on menu Opportunities Respective page opened successfully,,,,,,,,,,
SalesForce_TaxCalc,TESTCASE12,Wed Sep 16 11:48:51 IST 2015,PASS,Avalara Status 'Temporary' verified successfully on adding products for Test case TestCase12 On Menu item : - Opportunities,,,,,,,,,,
SalesForce_TaxCalc,TESTCASE12,Wed Sep 16 11:48:59 IST 2015,PASS,'Total Sales Tax' 85.00 verified successfully for Test case TestCase12 on Opportunities Window.,,,,,,,,,,
SalesForce_TaxCalc,TESTCASE12,Wed Sep 16 11:48:59 IST 2015,PASS,Avalara Status ' Saved' verified successfully on Calculate for Test case TestCase12 On tax calculation on Opportunities Window ,,,,,,,,,,
SalesForce_TaxCalc,TESTCASE12,Wed Sep 16 11:49:06 IST 2015,PASS,'Total Sales Tax' 85.00 verified successfully for Test case TestCase12 on Finalize Opportunity Window.,,,,,,,,,,
SalesForce_TaxCalc,TESTCASE12,Wed Sep 16 11:49:07 IST 2015,PASS,Avalara Status ' Committed' verified successfully on Calculate for Test case TestCase12 On tax calculation on Finalize Opportunity Window ,,,,,,,,,,
SalesForce_TaxCalc,TESTCASE13,Wed Sep 16 11:49:07 IST 2015,PASS,Tax Calculation for Test case: TestCase13 Started.,,,,,,,,,,
SalesForce_TaxCalc,TESTCASE13,Wed Sep 16 11:49:39 IST 2015,PASS,After clicking on menu TaxNowSettings Respective page opened successfully,,,,,,,,,,
SalesForce_TaxCalc,TESTCASE13,Wed Sep 16 11:50:10 IST 2015,PASS,Avalara Configuration settings updated successfully,,,,,,,,,,
SalesForce_TaxCalc,TESTCASE13,Wed Sep 16 11:51:07 IST 2015,PASS,After clicking on menu Accounts Respective page opened successfully,,,,,,,,,,
SalesForce_TaxCalc,TESTCASE13,Wed Sep 16 11:51:37 IST 2015,PASS,Opportunities created successfully,,,,,,,,,,
SalesForce_TaxCalc,TESTCASE13,Wed Sep 16 11:51:47 IST 2015,PASS,After clicking on menu Opportunities Respective page opened successfully,,,,,,,,,,
SalesForce_TaxCalc,TESTCASE13,Wed Sep 16 11:52:42 IST 2015,PASS,Avalara Status 'Temporary' verified successfully on adding products for Test case TestCase13 On Menu item : - Opportunities,,,,,,,,,,
SalesForce_TaxCalc,TESTCASE13,Wed Sep 16 11:52:49 IST 2015,PASS,'Total Sales Tax' 85.00 verified successfully for Test case TestCase13 on Opportunities Window.,,,,,,,,,,
SalesForce_TaxCalc,TESTCASE13,Wed Sep 16 11:52:50 IST 2015,PASS,Avalara Status ' Temporary' verified successfully on Calculate for Test case TestCase13 On tax calculation on Opportunities Window ,,,,,,,,,,
SalesForce_TaxCalc,TESTCASE14,Wed Sep 16 11:52:50 IST 2015,PASS,Tax Calculation for Test case: TestCase14 Started.,,,,,,,,,,
SalesForce_TaxCalc,TESTCASE14,Wed Sep 16 11:53:22 IST 2015,PASS,After clicking on menu TaxNowSettings Respective page opened successfully,,,,,,,,,,
SalesForce_TaxCalc,TESTCASE14,Wed Sep 16 11:53:52 IST 2015,PASS,Avalara Configuration settings updated successfully,,,,,,,,,,
SalesForce_TaxCalc,TESTCASE14,Wed Sep 16 11:54:49 IST 2015,PASS,After clicking on menu Accounts Respective page opened successfully,,,,,,,,,,
SalesForce_TaxCalc,TESTCASE14,Wed Sep 16 11:55:20 IST 2015,PASS,Opportunities created successfully,,,,,,,,,,
SalesForce_TaxCalc,TESTCASE14,Wed Sep 16 11:55:30 IST 2015,PASS,After clicking on menu Opportunities Respective page opened successfully,,,,,,,,,,
SalesForce_TaxCalc,TESTCASE14,Wed Sep 16 11:56:25 IST 2015,PASS,Avalara Status 'Temporary' verified successfully on adding products for Test case TestCase14 On Menu item : - Opportunities,,,,,,,,,,
SalesForce_TaxCalc,TESTCASE14,Wed Sep 16 11:56:35 IST 2015,PASS,Error message appeared as Name: PreQualification Error Summary: Tax Calculations are Disabled - Check 'Enable Tax Calculations' in the TaxServices tab Details:,,,,,,,,,,
SalesForce_TaxCalc,TESTCASE15,Wed Sep 16 11:56:35 IST 2015,PASS,Tax Calculation for Test case: TestCase15 Started.,,,,,,,,,,
SalesForce_TaxCalc,TESTCASE15,Wed Sep 16 11:57:07 IST 2015,PASS,After clicking on menu TaxNowSettings Respective page opened successfully,,,,,,,,,,
SalesForce_TaxCalc,TESTCASE15,Wed Sep 16 11:57:37 IST 2015,PASS,Avalara Configuration settings updated successfully,,,,,,,,,,
SalesForce_TaxCalc,TESTCASE15,Wed Sep 16 11:58:34 IST 2015,PASS,After clicking on menu Accounts Respective page opened successfully,,,,,,,,,,
SalesForce_TaxCalc,TESTCASE15,Wed Sep 16 11:59:04 IST 2015,PASS,Opportunities created successfully,,,,,,,,,,
SalesForce_TaxCalc,TESTCASE15,Wed Sep 16 11:59:15 IST 2015,PASS,After clicking on menu Opportunities Respective page opened successfully,,,,,,,,,,
SalesForce_TaxCalc,TESTCASE15,Wed Sep 16 12:00:10 IST 2015,PASS,Avalara Status 'Temporary' verified successfully on adding products for Test case TestCase15 On Menu item : - Opportunities,,,,,,,,,,
SalesForce_TaxCalc,TESTCASE15,Wed Sep 16 12:00:18 IST 2015,PASS,Error message appeared as Name: PreQualification Error Summary: Tax Calculations are Disabled - Check 'Enable Tax Calculations' in the TaxServices tab Details:,,,,,,,,,,
SalesForce_TaxCalc,TESTCASE16,Wed Sep 16 12:00:18 IST 2015,PASS,Tax Calculation for Test case: TestCase16 Started.,,,,,,,,,,
SalesForce_TaxCalc,TESTCASE16,Wed Sep 16 12:00:51 IST 2015,PASS,After clicking on menu TaxNowSettings Respective page opened successfully,,,,,,,,,,
SalesForce_TaxCalc,TESTCASE16,Wed Sep 16 12:01:20 IST 2015,PASS,Avalara Configuration settings updated successfully,,,,,,,,,,
SalesForce_TaxCalc,TESTCASE16,Wed Sep 16 12:02:17 IST 2015,PASS,After clicking on menu Accounts Respective page opened successfully,,,,,,,,,,
SalesForce_TaxCalc,TESTCASE16,Wed Sep 16 12:02:45 IST 2015,PASS,Opportunities created successfully,,,,,,,,,,
SalesForce_TaxCalc,TESTCASE16,Wed Sep 16 12:02:55 IST 2015,PASS,After clicking on menu Opportunities Respective page opened successfully,,,,,,,,,,
SalesForce_TaxCalc,TESTCASE16,Wed Sep 16 12:03:47 IST 2015,PASS,Avalara Status 'Temporary' verified successfully on adding products for Test case TestCase16 On Menu item : - Opportunities,,,,,,,,,,
SalesForce_TaxCalc,TESTCASE16,Wed Sep 16 12:03:54 IST 2015,PASS,Error message appeared as Name: PreQualification Error Summary: Tax Calculations are Disabled - Check 'Enable Tax Calculations' in the TaxServices tab Details:,,,,,,,,,,
SalesForce_TaxCalc,TESTCASE17,Wed Sep 16 12:03:54 IST 2015,PASS,Tax Calculation for Test case: TestCase17 Started.,,,,,,,,,,
SalesForce_TaxCalc,TESTCASE17,Wed Sep 16 12:04:25 IST 2015,PASS,After clicking on menu TaxNowSettings Respective page opened successfully,,,,,,,,,,
SalesForce_TaxCalc,TESTCASE17,Wed Sep 16 12:04:51 IST 2015,PASS,Avalara Configuration settings updated successfully,,,,,,,,,,
SalesForce_TaxCalc,TESTCASE17,Wed Sep 16 12:05:41 IST 2015,PASS,After clicking on menu Accounts Respective page opened successfully,,,,,,,,,,
SalesForce_TaxCalc,TESTCASE17,Wed Sep 16 12:06:08 IST 2015,PASS,Opportunities created successfully,,,,,,,,,,
SalesForce_TaxCalc,TESTCASE17,Wed Sep 16 12:06:18 IST 2015,PASS,After clicking on menu Opportunities Respective page opened successfully,,,,,,,,,,
SalesForce_TaxCalc,TESTCASE17,Wed Sep 16 12:07:10 IST 2015,PASS,Avalara Status 'Temporary' verified successfully on adding products for Test case TestCase17 On Menu item : - Opportunities,,,,,,,,,,
SalesForce_TaxCalc,TESTCASE17,Wed Sep 16 12:07:17 IST 2015,PASS,Error message appeared as Name: PreQualification Error Summary: Tax Calculations are Disabled - Check 'Enable Tax Calculations' in the TaxServices tab Details:,,,,,,,,,,
SalesForce_TaxCalc,TESTCASE18,Wed Sep 16 12:07:17 IST 2015,PASS,Tax Calculation for Test case: TestCase18 Started.,,,,,,,,,,
SalesForce_TaxCalc,TESTCASE18,Wed Sep 16 12:07:48 IST 2015,PASS,After clicking on menu TaxNowSettings Respective page opened successfully,,,,,,,,,,
SalesForce_TaxCalc,TESTCASE18,Wed Sep 16 12:08:15 IST 2015,PASS,Avalara Configuration settings updated successfully,,,,,,,,,,
SalesForce_TaxCalc,TESTCASE18,Wed Sep 16 12:09:05 IST 2015,PASS,After clicking on menu Accounts Respective page opened successfully,,,,,,,,,,
SalesForce_TaxCalc,TESTCASE18,Wed Sep 16 12:09:31 IST 2015,PASS,Opportunities created successfully,,,,,,,,,,
SalesForce_TaxCalc,TESTCASE18,Wed Sep 16 12:09:41 IST 2015,PASS,After clicking on menu Opportunities Respective page opened successfully,,,,,,,,,,
SalesForce_TaxCalc,TESTCASE18,Wed Sep 16 12:10:33 IST 2015,PASS,Avalara Status 'Temporary' verified successfully on adding products for Test case TestCase18 On Menu item : - Opportunities,,,,,,,,,,
SalesForce_TaxCalc,TESTCASE18,Wed Sep 16 12:10:39 IST 2015,PASS,'Total Sales Tax' 80.00 verified successfully for Test case TestCase18 on Opportunities Window.,,,,,,,,,,
SalesForce_TaxCalc,TESTCASE18,Wed Sep 16 12:10:39 IST 2015,PASS,Avalara Status ' Saved' verified successfully on Calculate for Test case TestCase18 On tax calculation on Opportunities Window ,,,,,,,,,,
SalesForce_TaxCalc,TESTCASE18,Wed Sep 16 12:10:45 IST 2015,PASS,'Total Sales Tax' 80.00 verified successfully for Test case TestCase18 on Finalize Opportunity Window.,,,,,,,,,,
SalesForce_TaxCalc,TESTCASE18,Wed Sep 16 12:10:45 IST 2015,PASS,Avalara Status ' Committed' verified successfully on Calculate for Test case TestCase18 On tax calculation on Finalize Opportunity Window ,,,,,,,,,,
SalesForce_TaxCalc,TESTCASE19,Wed Sep 16 12:10:45 IST 2015,PASS,Tax Calculation for Test case: TestCase19 Started.,,,,,,,,,,
SalesForce_TaxCalc,TESTCASE19,Wed Sep 16 12:11:17 IST 2015,PASS,After clicking on menu TaxNowSettings Respective page opened successfully,,,,,,,,,,
SalesForce_TaxCalc,TESTCASE19,Wed Sep 16 12:11:43 IST 2015,PASS,Avalara Configuration settings updated successfully,,,,,,,,,,
SalesForce_TaxCalc,TESTCASE19,Wed Sep 16 12:12:35 IST 2015,PASS,After clicking on menu Accounts Respective page opened successfully,,,,,,,,,,
SalesForce_TaxCalc,TESTCASE19,Wed Sep 16 12:13:03 IST 2015,PASS,Opportunities created successfully,,,,,,,,,,
SalesForce_TaxCalc,TESTCASE19,Wed Sep 16 12:13:13 IST 2015,PASS,After clicking on menu Opportunities Respective page opened successfully,,,,,,,,,,
SalesForce_TaxCalc,TESTCASE19,Wed Sep 16 12:14:07 IST 2015,PASS,Avalara Status 'Temporary' verified successfully on adding products for Test case TestCase19 On Menu item : - Opportunities,,,,,,,,,,
SalesForce_TaxCalc,TESTCASE19,Wed Sep 16 12:14:14 IST 2015,PASS,'Total Sales Tax' 60.00 verified successfully for Test case TestCase19 on Opportunities Window.,,,,,,,,,,
SalesForce_TaxCalc,TESTCASE19,Wed Sep 16 12:14:14 IST 2015,PASS,Avalara Status ' Temporary' verified successfully on Calculate for Test case TestCase19 On tax calculation on Opportunities Window ,,,,,,,,,,
SalesForce_TaxCalc,TESTCASE20,Wed Sep 16 12:14:15 IST 2015,PASS,Tax Calculation for Test case: TestCase20 Started.,,,,,,,,,,
SalesForce_TaxCalc,TESTCASE20,Wed Sep 16 12:14:47 IST 2015,PASS,After clicking on menu TaxNowSettings Respective page opened successfully,,,,,,,,,,
SalesForce_TaxCalc,TESTCASE20,Wed Sep 16 12:15:12 IST 2015,PASS,Avalara Configuration settings updated successfully,,,,,,,,,,
SalesForce_TaxCalc,TESTCASE20,Wed Sep 16 12:16:04 IST 2015,PASS,After clicking on menu Accounts Respective page opened successfully,,,,,,,,,,
SalesForce_TaxCalc,TESTCASE20,Wed Sep 16 12:16:32 IST 2015,PASS,Opportunities created successfully,,,,,,,,,,
SalesForce_TaxCalc,TESTCASE20,Wed Sep 16 12:16:42 IST 2015,PASS,After clicking on menu Opportunities Respective page opened successfully,,,,,,,,,,
SalesForce_TaxCalc,TESTCASE20,Wed Sep 16 12:17:36 IST 2015,PASS,Avalara Status 'Temporary' verified successfully on adding products for Test case TestCase20 On Menu item : - Opportunities,,,,,,,,,,
SalesForce_TaxCalc,TESTCASE20,Wed Sep 16 12:17:43 IST 2015,PASS,'Total Sales Tax' 60.00 verified successfully for Test case TestCase20 on Opportunities Window.,,,,,,,,,,
SalesForce_TaxCalc,TESTCASE20,Wed Sep 16 12:17:43 IST 2015,PASS,Avalara Status ' Temporary' verified successfully on Calculate for Test case TestCase20 On tax calculation on Opportunities Window ,,,,,,,,,,
SalesForce_TaxCalc,SalesForce_TaxCalc,Wed Sep 16 12:17:43 IST 2015,PASS,Script Ended.,,,,,,,,,,
SalesForce_AddressValidation,SalesForce_AddressValidation,Wed Sep 16 14:29:25 IST 2015,PASS,Logging into SalesForce application is successful.,,,,,,,,,,
SalesForce_AddressValidation,TESTCASE60,Wed Sep 16 14:29:25 IST 2015,PASS,Address Validation for Test case: TestCase60 Started.,,,,,,,,,,
SalesForce_AddressValidation,TESTCASE60,Wed Sep 16 14:30:09 IST 2015,PASS,After clicking on menu TaxNowSettings Respective page opened successfully,,,,,,,,,,
SalesForce_AddressValidation,TESTCASE60,Wed Sep 16 14:30:35 IST 2015,PASS,Avalara Configuration settings updated successfully,,,,,,,,,,
SalesForce_AddressValidation,TESTCASE60,Wed Sep 16 14:30:54 IST 2015,PASS,Avalara Address Validation Test Case' verified successfully for TestCase60TaxNowSettings Window ,,,,,,,,,,
SalesForce_AddressValidation,TESTCASE60,Wed Sep 16 14:31:05 IST 2015,PASS,Address validation saved successfully,,,,,,,,,,
SalesForce_AddressValidation,TESTCASE60,Wed Sep 16 14:31:56 IST 2015,PASS,After clicking on menu Contacts Respective page opened successfully,,,,,,,,,,
SalesForce_AddressValidation,TESTCASE60,Wed Sep 16 14:32:10 IST 2015,PASS,Avalara Address Validation Test Case' verified successfully for TestCase60Contacts Window ,,,,,,,,,,
SalesForce_AddressValidation,TESTCASE60,Wed Sep 16 14:32:22 IST 2015,PASS,Address validation saved successfully,,,,,,,,,,
SalesForce_AddressValidation,TESTCASE60,Wed Sep 16 14:32:39 IST 2015,PASS,Avalara Address Validation Test Case' verified successfully for TestCase60Contacts Window ,,,,,,,,,,
SalesForce_AddressValidation,TESTCASE60,Wed Sep 16 14:32:46 IST 2015,PASS,Address validation saved successfully,,,,,,,,,,
SalesForce_AddressValidation,TESTCASE60,Wed Sep 16 14:33:48 IST 2015,PASS,After clicking on menu Accounts Respective page opened successfully,,,,,,,,,,
SalesForce_AddressValidation,TESTCASE60,Wed Sep 16 14:34:02 IST 2015,PASS,Avalara Address Validation Test Case' verified successfully for TestCase60Accounts Window ,,,,,,,,,,
SalesForce_AddressValidation,TESTCASE60,Wed Sep 16 14:34:14 IST 2015,PASS,Address validation saved successfully,,,,,,,,,,
SalesForce_AddressValidation,TESTCASE60,Wed Sep 16 14:34:31 IST 2015,PASS,Avalara Address Validation Test Case' verified successfully for TestCase60Accounts Window ,,,,,,,,,,
SalesForce_AddressValidation,TESTCASE60,Wed Sep 16 14:34:37 IST 2015,PASS,Address validation saved successfully,,,,,,,,,,
SalesForce_AddressValidation,TESTCASE60,Wed Sep 16 14:35:15 IST 2015,PASS,Opportunities created successfully,,,,,,,,,,
SalesForce_AddressValidation,TESTCASE60,Wed Sep 16 14:35:25 IST 2015,PASS,After clicking on menu Opportunities Respective page opened successfully,,,,,,,,,,
SalesForce_AddressValidation,TESTCASE60,Wed Sep 16 14:35:39 IST 2015,PASS,Avalara Address Validation Test Case' verified successfully for TestCase60Opportunities Window ,,,,,,,,,,
SalesForce_AddressValidation,TESTCASE60,Wed Sep 16 14:35:46 IST 2015,PASS,Address validation saved successfully,,,,,,,,,,
SalesForce_AddressValidation,TESTCASE60,Wed Sep 16 14:36:03 IST 2015,PASS,Avalara Address Validation Test Case' verified successfully for TestCase60Opportunities Window ,,,,,,,,,,
SalesForce_AddressValidation,TESTCASE60,Wed Sep 16 14:36:10 IST 2015,PASS,Address validation saved successfully,,,,,,,,,,
SalesForce_AddressValidation,TESTCASE60,Wed Sep 16 14:37:44 IST 2015,FAIL,"fMenuSelection: Exception: org.openqa.selenium.NoSuchElementException: Unable to locate element: {""method"":""id""","selector:""BillingAddressstreet""}",,,,,,,,,
Command duration or timeout: 60.10 seconds,,,,,,,,,,,,,,
For documentation on this error, please visit: http://seleniumhq.org/exceptions/no_such_element.html,,,,,,,,,,,,,
Build info: version: '2.40.0', revision: 'fbe29a9', time: '2014-02-19 20:55:11',,,,,,,,,,,,
System info: host: 'AV-PN-KHAREA', ip: '10.240.20.124', os.name: 'Windows 7', os.arch: 'x86', os.version: '6.1', java.version: '1.6.0_45',,,,,,,,,
Session ID: 68949951-699d-4a70-935b-772ed7b25ff0,,,,,,,,,,,,,,
Driver info: org.openqa.selenium.firefox.FirefoxDriver,,,,,,,,,,,,,,
Capabilities [{platform=XP, acceptSslCerts=true, javascriptEnabled=true, browserName=firefox, rotatable=false, locationContextEnabled=true, version=12.0, cssSelectorsEnabled=true, databaseEnabled=true, handlesAlerts=true, browserConnectionEnabled=true, nativeEvents=false, webStorageEnabled=true, applicationCacheEnabled=true, takesScreenshot=true}]
SalesForce_AddressValidation,TESTCASE61,Wed Sep 16 14:37:44 IST 2015,PASS,Address Validation for Test case: TestCase61 Started.,,,,,,,,,,
SalesForce_AddressValidation,TESTCASE61,Wed Sep 16 14:38:25 IST 2015,PASS,After clicking on menu TaxNowSettings Respective page opened successfully,,,,,,,,,,
SalesForce_AddressValidation,TESTCASE61,Wed Sep 16 14:38:51 IST 2015,PASS,Avalara Configuration settings updated successfully,,,,,,,,,,
SalesForce_AddressValidation,TESTCASE61,Wed Sep 16 14:40:04 IST 2015,PASS,Address validation verified successfully,,,,,,,,,,
SalesForce_AddressValidation,TESTCASE61,Wed Sep 16 14:41:17 IST 2015,PASS,Address validation saved successfully,,,,,,,,,,
SalesForce_AddressValidation,TESTCASE61,Wed Sep 16 14:42:07 IST 2015,PASS,After clicking on menu Contacts Respective page opened successfully,,,,,,,,,,
SalesForce_AddressValidation,TESTCASE61,Wed Sep 16 14:43:21 IST 2015,PASS,Address validation verified successfully,,,,,,,,,,
SalesForce_AddressValidation,TESTCASE61,Wed Sep 16 14:44:33 IST 2015,PASS,Address validation saved successfully,,,,,,,,,,
SalesForce_AddressValidation,TESTCASE61,Wed Sep 16 14:45:50 IST 2015,PASS,Address validation verified successfully,,,,,,,,,,
SalesForce_AddressValidation,TESTCASE61,Wed Sep 16 14:46:57 IST 2015,PASS,Address validation saved successfully,,,,,,,,,,
SalesForce_AddressValidation,TESTCASE61,Wed Sep 16 14:48:00 IST 2015,PASS,After clicking on menu Accounts Respective page opened successfully,,,,,,,,,,
SalesForce_AddressValidation,TESTCASE61,Wed Sep 16 14:49:13 IST 2015,PASS,Address validation verified successfully,,,,,,,,,,
SalesForce_AddressValidation,TESTCASE61,Wed Sep 16 14:50:25 IST 2015,PASS,Address validation saved successfully,,,,,,,,,,
SalesForce_AddressValidation,TESTCASE61,Wed Sep 16 14:51:43 IST 2015,PASS,Address validation verified successfully,,,,,,,,,,
SalesForce_AddressValidation,TESTCASE61,Wed Sep 16 14:52:50 IST 2015,PASS,Address validation saved successfully,,,,,,,,,,
SalesForce_AddressValidation,TESTCASE61,Wed Sep 16 14:53:28 IST 2015,PASS,Opportunities created successfully,,,,,,,,,,
SalesForce_AddressValidation,TESTCASE61,Wed Sep 16 14:53:38 IST 2015,PASS,After clicking on menu Opportunities Respective page opened successfully,,,,,,,,,,
SalesForce_AddressValidation,TESTCASE61,Wed Sep 16 14:56:51 IST 2015,PASS,Address validation saved successfully,,,,,,,,,,
SalesForce_AddressValidation,TESTCASE61,Wed Sep 16 15:00:04 IST 2015,PASS,Address validation saved successfully,,,,,,,,,,
SalesForce_AddressValidation,TESTCASE61,Wed Sep 16 15:01:38 IST 2015,FAIL,"fMenuSelection: Exception: org.openqa.selenium.NoSuchElementException: Unable to locate element: {""method"":""id""","selector:""BillingAddressstreet""}",,,,,,,,,
Command duration or timeout: 60.06 seconds,,,,,,,,,,,,,,
For documentation on this error, please visit: http://seleniumhq.org/exceptions/no_such_element.html,,,,,,,,,,,,,
Build info: version: '2.40.0', revision: 'fbe29a9', time: '2014-02-19 20:55:11',,,,,,,,,,,,
System info: host: 'AV-PN-KHAREA', ip: '10.240.20.124', os.name: 'Windows 7', os.arch: 'x86', os.version: '6.1', java.version: '1.6.0_45',,,,,,,,,
Session ID: 68949951-699d-4a70-935b-772ed7b25ff0,,,,,,,,,,,,,,
Driver info: org.openqa.selenium.firefox.FirefoxDriver,,,,,,,,,,,,,,
Capabilities [{platform=XP, acceptSslCerts=true, javascriptEnabled=true, browserName=firefox, rotatable=false, locationContextEnabled=true, version=12.0, cssSelectorsEnabled=true, databaseEnabled=true, handlesAlerts=true, browserConnectionEnabled=true, nativeEvents=false, webStorageEnabled=true, applicationCacheEnabled=true, takesScreenshot=true}]
SalesForce_AddressValidation,TESTCASE62,Wed Sep 16 15:01:38 IST 2015,PASS,Address Validation for Test case: TestCase62 Started.,,,,,,,,,,
SalesForce_AddressValidation,TESTCASE62,Wed Sep 16 15:02:19 IST 2015,PASS,After clicking on menu TaxNowSettings Respective page opened successfully,,,,,,,,,,
SalesForce_AddressValidation,TESTCASE62,Wed Sep 16 15:02:44 IST 2015,PASS,Avalara Configuration settings updated successfully,,,,,,,,,,
SalesForce_AddressValidation,TESTCASE62,Wed Sep 16 15:03:59 IST 2015,PASS,Address validation verified successfully,,,,,,,,,,
SalesForce_AddressValidation,TESTCASE62,Wed Sep 16 15:05:11 IST 2015,PASS,Address validation saved successfully,,,,,,,,,,
SalesForce_AddressValidation,TESTCASE62,Wed Sep 16 15:06:02 IST 2015,PASS,After clicking on menu Contacts Respective page opened successfully,,,,,,,,,,
SalesForce_AddressValidation,TESTCASE62,Wed Sep 16 15:07:17 IST 2015,PASS,Address validation verified successfully,,,,,,,,,,
SalesForce_AddressValidation,TESTCASE62,Wed Sep 16 15:08:29 IST 2015,PASS,Address validation saved successfully,,,,,,,,,,
SalesForce_AddressValidation,TESTCASE62,Wed Sep 16 15:09:46 IST 2015,PASS,Address validation verified successfully,,,,,,,,,,
SalesForce_AddressValidation,TESTCASE62,Wed Sep 16 15:10:53 IST 2015,PASS,Address validation saved successfully,,,,,,,,,,
SalesForce_AddressValidation,TESTCASE62,Wed Sep 16 15:11:56 IST 2015,PASS,After clicking on menu Accounts Respective page opened successfully,,,,,,,,,,
SalesForce_AddressValidation,TESTCASE62,Wed Sep 16 15:13:10 IST 2015,PASS,Address validation verified successfully,,,,,,,,,,
SalesForce_AddressValidation,TESTCASE62,Wed Sep 16 15:14:21 IST 2015,PASS,Address validation saved successfully,,,,,,,,,,
SalesForce_AddressValidation,TESTCASE62,Wed Sep 16 15:15:38 IST 2015,PASS,Address validation verified successfully,,,,,,,,,,
SalesForce_AddressValidation,TESTCASE62,Wed Sep 16 15:16:45 IST 2015,PASS,Address validation saved successfully,,,,,,,,,,
SalesForce_AddressValidation,TESTCASE62,Wed Sep 16 15:17:22 IST 2015,PASS,Opportunities created successfully,,,,,,,,,,
SalesForce_AddressValidation,TESTCASE62,Wed Sep 16 15:17:32 IST 2015,PASS,After clicking on menu Opportunities Respective page opened successfully,,,,,,,,,,
SalesForce_AddressValidation,TESTCASE62,Wed Sep 16 15:20:43 IST 2015,PASS,Address validation saved successfully,,,,,,,,,,
SalesForce_AddressValidation,TESTCASE62,Wed Sep 16 15:23:58 IST 2015,PASS,Address validation saved successfully,,,,,,,,,,
SalesForce_AddressValidation,TESTCASE62,Wed Sep 16 15:25:31 IST 2015,FAIL,"fMenuSelection: Exception: org.openqa.selenium.NoSuchElementException: Unable to locate element: {""method"":""id""","selector:""BillingAddressstreet""}",,,,,,,,,
Command duration or timeout: 60.14 seconds,,,,,,,,,,,,,,
For documentation on this error, please visit: http://seleniumhq.org/exceptions/no_such_element.html,,,,,,,,,,,,,
Build info: version: '2.40.0', revision: 'fbe29a9', time: '2014-02-19 20:55:11',,,,,,,,,,,,
System info: host: 'AV-PN-KHAREA', ip: '10.240.20.124', os.name: 'Windows 7', os.arch: 'x86', os.version: '6.1', java.version: '1.6.0_45',,,,,,,,,
Session ID: 68949951-699d-4a70-935b-772ed7b25ff0,,,,,,,,,,,,,,
Driver info: org.openqa.selenium.firefox.FirefoxDriver,,,,,,,,,,,,,,
Capabilities [{platform=XP, acceptSslCerts=true, javascriptEnabled=true, browserName=firefox, rotatable=false, locationContextEnabled=true, version=12.0, cssSelectorsEnabled=true, databaseEnabled=true, handlesAlerts=true, browserConnectionEnabled=true, nativeEvents=false, webStorageEnabled=true, applicationCacheEnabled=true, takesScreenshot=true}]
SalesForce_AddressValidation,TESTCASE63,Wed Sep 16 15:25:31 IST 2015,PASS,Address Validation for Test case: TestCase63 Started.,,,,,,,,,,
SalesForce_AddressValidation,TESTCASE63,Wed Sep 16 15:26:11 IST 2015,PASS,After clicking on menu TaxNowSettings Respective page opened successfully,,,,,,,,,,
SalesForce_AddressValidation,TESTCASE63,Wed Sep 16 15:26:36 IST 2015,PASS,Avalara Configuration settings updated successfully,,,,,,,,,,
SalesForce_AddressValidation,TESTCASE63,Wed Sep 16 15:26:50 IST 2015,PASS,Avalara Address Validation Test Case' verified successfully for TestCase63TaxNowSettings Window ,,,,,,,,,,
SalesForce_AddressValidation,TESTCASE63,Wed Sep 16 15:27:02 IST 2015,PASS,Address validation saved successfully,,,,,,,,,,
SalesForce_AddressValidation,TESTCASE63,Wed Sep 16 15:27:49 IST 2015,PASS,After clicking on menu Contacts Respective page opened successfully,,,,,,,,,,
SalesForce_AddressValidation,TESTCASE63,Wed Sep 16 15:28:02 IST 2015,PASS,Avalara Address Validation Test Case' verified successfully for TestCase63Contacts Window ,,,,,,,,,,
SalesForce_AddressValidation,TESTCASE63,Wed Sep 16 15:28:13 IST 2015,PASS,Address validation saved successfully,,,,,,,,,,
SalesForce_AddressValidation,TESTCASE63,Wed Sep 16 15:28:30 IST 2015,PASS,Avalara Address Validation Test Case' verified successfully for TestCase63Contacts Window ,,,,,,,,,,
SalesForce_AddressValidation,TESTCASE63,Wed Sep 16 15:28:36 IST 2015,PASS,Address validation saved successfully,,,,,,,,,,
SalesForce_AddressValidation,TESTCASE63,Wed Sep 16 15:29:37 IST 2015,PASS,After clicking on menu Accounts Respective page opened successfully,,,,,,,,,,
SalesForce_AddressValidation,TESTCASE63,Wed Sep 16 15:29:50 IST 2015,PASS,Avalara Address Validation Test Case' verified successfully for TestCase63Accounts Window ,,,,,,,,,,
SalesForce_AddressValidation,TESTCASE63,Wed Sep 16 15:30:01 IST 2015,PASS,Address validation saved successfully,,,,,,,,,,
SalesForce_AddressValidation,TESTCASE63,Wed Sep 16 15:30:18 IST 2015,PASS,Avalara Address Validation Test Case' verified successfully for TestCase63Accounts Window ,,,,,,,,,,
SalesForce_AddressValidation,TESTCASE63,Wed Sep 16 15:30:25 IST 2015,PASS,Address validation saved successfully,,,,,,,,,,
SalesForce_AddressValidation,TESTCASE63,Wed Sep 16 15:31:01 IST 2015,PASS,Opportunities created successfully,,,,,,,,,,
SalesForce_AddressValidation,TESTCASE63,Wed Sep 16 15:31:11 IST 2015,PASS,After clicking on menu Opportunities Respective page opened successfully,,,,,,,,,,
SalesForce_AddressValidation,TESTCASE63,Wed Sep 16 15:31:25 IST 2015,PASS,Avalara Address Validation Test Case' verified successfully for TestCase63Opportunities Window ,,,,,,,,,,
SalesForce_AddressValidation,TESTCASE63,Wed Sep 16 15:31:31 IST 2015,PASS,Address validation saved successfully,,,,,,,,,,
SalesForce_AddressValidation,TESTCASE63,Wed Sep 16 15:31:48 IST 2015,PASS,Avalara Address Validation Test Case' verified successfully for TestCase63Opportunities Window ,,,,,,,,,,
SalesForce_AddressValidation,TESTCASE63,Wed Sep 16 15:31:54 IST 2015,PASS,Address validation saved successfully,,,,,,,,,,
SalesForce_AddressValidation,TESTCASE63,Wed Sep 16 15:33:28 IST 2015,FAIL,"fMenuSelection: Exception: org.openqa.selenium.NoSuchElementException: Unable to locate element: {""method"":""id""","selector:""BillingAddressstreet""}",,,,,,,,,
Command duration or timeout: 60.08 seconds,,,,,,,,,,,,,,
For documentation on this error, please visit: http://seleniumhq.org/exceptions/no_such_element.html,,,,,,,,,,,,,
Build info: version: '2.40.0', revision: 'fbe29a9', time: '2014-02-19 20:55:11',,,,,,,,,,,,
System info: host: 'AV-PN-KHAREA', ip: '10.240.20.124', os.name: 'Windows 7', os.arch: 'x86', os.version: '6.1', java.version: '1.6.0_45',,,,,,,,,
Session ID: 68949951-699d-4a70-935b-772ed7b25ff0,,,,,,,,,,,,,,
Driver info: org.openqa.selenium.firefox.FirefoxDriver,,,,,,,,,,,,,,
Capabilities [{platform=XP, acceptSslCerts=true, javascriptEnabled=true, browserName=firefox, rotatable=false, locationContextEnabled=true, version=12.0, cssSelectorsEnabled=true, databaseEnabled=true, handlesAlerts=true, browserConnectionEnabled=true, nativeEvents=false, webStorageEnabled=true, applicationCacheEnabled=true, takesScreenshot=true}]
SalesForce_AddressValidation,TESTCASE64,Wed Sep 16 15:33:28 IST 2015,PASS,Address Validation for Test case: TestCase64 Started.,,,,,,,,,,
SalesForce_AddressValidation,TESTCASE64,Wed Sep 16 15:34:08 IST 2015,PASS,After clicking on menu TaxNowSettings Respective page opened successfully,,,,,,,,,,
SalesForce_AddressValidation,TESTCASE64,Wed Sep 16 15:34:34 IST 2015,PASS,Avalara Configuration settings updated successfully,,,,,,,,,,
SalesForce_AddressValidation,TESTCASE64,Wed Sep 16 15:35:48 IST 2015,PASS,Address validation verified successfully,,,,,,,,,,
SalesForce_AddressValidation,TESTCASE64,Wed Sep 16 15:37:00 IST 2015,PASS,Address validation saved successfully,,,,,,,,,,
SalesForce_AddressValidation,TESTCASE64,Wed Sep 16 15:37:47 IST 2015,PASS,After clicking on menu Contacts Respective page opened successfully,,,,,,,,,,
SalesForce_AddressValidation,TESTCASE64,Wed Sep 16 15:39:01 IST 2015,PASS,Address validation verified successfully,,,,,,,,,,
SalesForce_AddressValidation,TESTCASE64,Wed Sep 16 15:40:13 IST 2015,PASS,Address validation saved successfully,,,,,,,,,,
SalesForce_AddressValidation,TESTCASE64,Wed Sep 16 15:41:30 IST 2015,PASS,Address validation verified successfully,,,,,,,,,,
SalesForce_AddressValidation,TESTCASE64,Wed Sep 16 15:42:36 IST 2015,PASS,Address validation saved successfully,,,,,,,,,,
SalesForce_AddressValidation,TESTCASE64,Wed Sep 16 15:43:37 IST 2015,PASS,After clicking on menu Accounts Respective page opened successfully,,,,,,,,,,
SalesForce_AddressValidation,TESTCASE64,Wed Sep 16 15:44:50 IST 2015,PASS,Address validation verified successfully,,,,,,,,,,
SalesForce_AddressValidation,TESTCASE64,Wed Sep 16 15:46:02 IST 2015,PASS,Address validation saved successfully,,,,,,,,,,
SalesForce_AddressValidation,TESTCASE64,Wed Sep 16 15:47:18 IST 2015,PASS,Address validation verified successfully,,,,,,,,,,
SalesForce_AddressValidation,TESTCASE64,Wed Sep 16 15:48:25 IST 2015,PASS,Address validation saved successfully,,,,,,,,,,
SalesForce_AddressValidation,TESTCASE64,Wed Sep 16 15:49:02 IST 2015,PASS,Opportunities created successfully,,,,,,,,,,
SalesForce_AddressValidation,TESTCASE64,Wed Sep 16 15:49:12 IST 2015,PASS,After clicking on menu Opportunities Respective page opened successfully,,,,,,,,,,
SalesForce_AddressValidation,TESTCASE64,Wed Sep 16 15:52:22 IST 2015,PASS,Address validation saved successfully,,,,,,,,,,
SalesForce_AddressValidation,TESTCASE64,Wed Sep 16 15:55:36 IST 2015,PASS,Address validation saved successfully,,,,,,,,,,
SalesForce_AddressValidation,TESTCASE64,Wed Sep 16 15:57:10 IST 2015,FAIL,"fMenuSelection: Exception: org.openqa.selenium.NoSuchElementException: Unable to locate element: {""method"":""id""","selector:""BillingAddressstreet""}",,,,,,,,,
Command duration or timeout: 60.14 seconds,,,,,,,,,,,,,,
For documentation on this error, please visit: http://seleniumhq.org/exceptions/no_such_element.html,,,,,,,,,,,,,
Build info: version: '2.40.0', revision: 'fbe29a9', time: '2014-02-19 20:55:11',,,,,,,,,,,,
System info: host: 'AV-PN-KHAREA', ip: '10.240.20.124', os.name: 'Windows 7', os.arch: 'x86', os.version: '6.1', java.version: '1.6.0_45',,,,,,,,,
Session ID: 68949951-699d-4a70-935b-772ed7b25ff0,,,,,,,,,,,,,,
Driver info: org.openqa.selenium.firefox.FirefoxDriver,,,,,,,,,,,,,,
Capabilities [{platform=XP, acceptSslCerts=true, javascriptEnabled=true, browserName=firefox, rotatable=false, locationContextEnabled=true, version=12.0, cssSelectorsEnabled=true, databaseEnabled=true, handlesAlerts=true, browserConnectionEnabled=true, nativeEvents=false, webStorageEnabled=true, applicationCacheEnabled=true, takesScreenshot=true}]
SalesForce_AddressValidation,TESTCASE65,Wed Sep 16 15:57:10 IST 2015,PASS,Address Validation for Test case: TestCase65 Started.,,,,,,,,,,
SalesForce_AddressValidation,TESTCASE65,Wed Sep 16 15:57:50 IST 2015,PASS,After clicking on menu TaxNowSettings Respective page opened successfully,,,,,,,,,,
SalesForce_AddressValidation,TESTCASE65,Wed Sep 16 15:58:16 IST 2015,PASS,Avalara Configuration settings updated successfully,,,,,,,,,,
SalesForce_AddressValidation,TESTCASE65,Wed Sep 16 15:59:30 IST 2015,PASS,Address validation verified successfully,,,,,,,,,,
SalesForce_AddressValidation,TESTCASE65,Wed Sep 16 16:00:42 IST 2015,PASS,Address validation saved successfully,,,,,,,,,,
SalesForce_AddressValidation,TESTCASE65,Wed Sep 16 16:01:31 IST 2015,PASS,After clicking on menu Contacts Respective page opened successfully,,,,,,,,,,
SalesForce_AddressValidation,TESTCASE65,Wed Sep 16 16:02:43 IST 2015,PASS,Address validation verified successfully,,,,,,,,,,
SalesForce_AddressValidation,TESTCASE65,Wed Sep 16 16:03:56 IST 2015,PASS,Address validation saved successfully,,,,,,,,,,
SalesForce_AddressValidation,TESTCASE65,Wed Sep 16 16:05:13 IST 2015,PASS,Address validation verified successfully,,,,,,,,,,
SalesForce_AddressValidation,TESTCASE65,Wed Sep 16 16:06:19 IST 2015,PASS,Address validation saved successfully,,,,,,,,,,
SalesForce_AddressValidation,TESTCASE65,Wed Sep 16 16:07:20 IST 2015,PASS,After clicking on menu Accounts Respective page opened successfully,,,,,,,,,,
SalesForce_AddressValidation,TESTCASE65,Wed Sep 16 16:08:35 IST 2015,PASS,Address validation verified successfully,,,,,,,,,,
SalesForce_AddressValidation,TESTCASE65,Wed Sep 16 16:09:47 IST 2015,PASS,Address validation saved successfully,,,,,,,,,,
SalesForce_AddressValidation,TESTCASE65,Wed Sep 16 16:11:05 IST 2015,PASS,Address validation verified successfully,,,,,,,,,,
SalesForce_AddressValidation,TESTCASE65,Wed Sep 16 16:12:13 IST 2015,PASS,Address validation saved successfully,,,,,,,,,,
SalesForce_AddressValidation,TESTCASE65,Wed Sep 16 16:12:54 IST 2015,PASS,Opportunities created successfully,,,,,,,,,,
SalesForce_AddressValidation,TESTCASE65,Wed Sep 16 16:13:04 IST 2015,PASS,After clicking on menu Opportunities Respective page opened successfully,,,,,,,,,,
SalesForce_AddressValidation,TESTCASE65,Wed Sep 16 16:16:15 IST 2015,PASS,Address validation saved successfully,,,,,,,,,,
SalesForce_AddressValidation,TESTCASE65,Wed Sep 16 16:19:31 IST 2015,PASS,Address validation saved successfully,,,,,,,,,,
SalesForce_AddressValidation,TESTCASE65,Wed Sep 16 16:21:06 IST 2015,FAIL,"fMenuSelection: Exception: org.openqa.selenium.NoSuchElementException: Unable to locate element: {""method"":""id""","selector:""BillingAddressstreet""}",,,,,,,,,
Command duration or timeout: 60.33 seconds,,,,,,,,,,,,,,
For documentation on this error, please visit: http://seleniumhq.org/exceptions/no_such_element.html,,,,,,,,,,,,,
Build info: version: '2.40.0', revision: 'fbe29a9', time: '2014-02-19 20:55:11',,,,,,,,,,,,
System info: host: 'AV-PN-KHAREA', ip: '10.240.20.124', os.name: 'Windows 7', os.arch: 'x86', os.version: '6.1', java.version: '1.6.0_45',,,,,,,,,
Session ID: 68949951-699d-4a70-935b-772ed7b25ff0,,,,,,,,,,,,,,
Driver info: org.openqa.selenium.firefox.FirefoxDriver,,,,,,,,,,,,,,
Capabilities [{platform=XP, acceptSslCerts=true, javascriptEnabled=true, browserName=firefox, rotatable=false, locationContextEnabled=true, version=12.0, cssSelectorsEnabled=true, databaseEnabled=true, handlesAlerts=true, browserConnectionEnabled=true, nativeEvents=false, webStorageEnabled=true, applicationCacheEnabled=true, takesScreenshot=true}]
SalesForce_AddressValidation,SalesForce_AddressValidation,Wed Sep 16 16:21:06 IST 2015,PASS,Script Ended.,,,,,,,,,,
SalesForce_EntityUseCode,SalesForce_EntityUseCode,Wed Sep 16 17:05:08 IST 2015,PASS,Logging into SalesForce application is successful.,,,,,,,,,,
SalesForce_EntityUseCode,TESTCASE110,Wed Sep 16 17:05:08 IST 2015,PASS,Tax Calculation for Test case: TestCase110 Started.,,,,,,,,,,
SalesForce_EntityUseCode,TESTCASE110,Wed Sep 16 17:05:42 IST 2015,PASS,After clicking on menu TaxNowSettings Respective page opened successfully,,,,,,,,,,
SalesForce_EntityUseCode,TESTCASE110,Wed Sep 16 17:06:07 IST 2015,PASS,Avalara Configuration settings updated successfully,,,,,,,,,,
SalesForce_EntityUseCode,TESTCASE110,Wed Sep 16 17:06:57 IST 2015,PASS,After clicking on menu Accounts Respective page opened successfully,,,,,,,,,,
SalesForce_EntityUseCode,TESTCASE110,Wed Sep 16 17:07:25 IST 2015,PASS,Opportunities created successfully,,,,,,,,,,
SalesForce_EntityUseCode,TESTCASE110,Wed Sep 16 17:07:35 IST 2015,PASS,After clicking on menu Opportunities Respective page opened successfully,,,,,,,,,,
SalesForce_EntityUseCode,TESTCASE110,Wed Sep 16 17:08:28 IST 2015,PASS,Avalara Status 'Temporary' verified successfully on adding products for Test case TestCase110 On Menu item : - Opportunities,,,,,,,,,,
SalesForce_EntityUseCode,TESTCASE110,Wed Sep 16 17:08:36 IST 2015,PASS,'Total Sales Tax' 0.00 verified successfully for Test case TestCase110 on Opportunities Window.,,,,,,,,,,
SalesForce_EntityUseCode,TESTCASE110,Wed Sep 16 17:08:36 IST 2015,PASS,Avalara Status ' Saved' verified successfully on Calculate for Test case TestCase110 On tax calculation on Opportunities Window ,,,,,,,,,,
SalesForce_EntityUseCode,TESTCASE110,Wed Sep 16 17:08:42 IST 2015,PASS,'Total Sales Tax' 0.00 verified successfully for Test case TestCase110 on Finalize Opportunity Window.,,,,,,,,,,
SalesForce_EntityUseCode,TESTCASE110,Wed Sep 16 17:08:42 IST 2015,PASS,Avalara Status ' Committed' verified successfully on Calculate for Test case TestCase110 On tax calculation on Finalize Opportunity Window ,,,,,,,,,,
SalesForce_EntityUseCode,TESTCASE111,Wed Sep 16 17:08:42 IST 2015,PASS,Tax Calculation for Test case: TestCase111 Started.,,,,,,,,,,
SalesForce_EntityUseCode,TESTCASE111,Wed Sep 16 17:09:14 IST 2015,PASS,After clicking on menu TaxNowSettings Respective page opened successfully,,,,,,,,,,
SalesForce_EntityUseCode,TESTCASE111,Wed Sep 16 17:09:39 IST 2015,PASS,Avalara Configuration settings updated successfully,,,,,,,,,,
SalesForce_EntityUseCode,TESTCASE111,Wed Sep 16 17:10:31 IST 2015,PASS,After clicking on menu Accounts Respective page opened successfully,,,,,,,,,,
SalesForce_EntityUseCode,TESTCASE111,Wed Sep 16 17:10:57 IST 2015,PASS,Opportunities created successfully,,,,,,,,,,
SalesForce_EntityUseCode,TESTCASE111,Wed Sep 16 17:11:07 IST 2015,PASS,After clicking on menu Opportunities Respective page opened successfully,,,,,,,,,,
SalesForce_EntityUseCode,TESTCASE111,Wed Sep 16 17:12:00 IST 2015,PASS,Avalara Status 'Temporary' verified successfully on adding products for Test case TestCase111 On Menu item : - Opportunities,,,,,,,,,,
SalesForce_EntityUseCode,TESTCASE111,Wed Sep 16 17:12:07 IST 2015,PASS,'Total Sales Tax' 60.00 verified successfully for Test case TestCase111 on Opportunities Window.,,,,,,,,,,
SalesForce_EntityUseCode,TESTCASE111,Wed Sep 16 17:12:07 IST 2015,PASS,Avalara Status ' Saved' verified successfully on Calculate for Test case TestCase111 On tax calculation on Opportunities Window ,,,,,,,,,,
SalesForce_EntityUseCode,TESTCASE111,Wed Sep 16 17:12:13 IST 2015,PASS,'Total Sales Tax' 60.00 verified successfully for Test case TestCase111 on Finalize Opportunity Window.,,,,,,,,,,
SalesForce_EntityUseCode,TESTCASE111,Wed Sep 16 17:12:13 IST 2015,PASS,Avalara Status ' Committed' verified successfully on Calculate for Test case TestCase111 On tax calculation on Finalize Opportunity Window ,,,,,,,,,,
SalesForce_EntityUseCode,SalesForce_EntityUseCode,Wed Sep 16 17:12:13 IST 2015,PASS,Script Ended.,,,,,,,,,,
SalesForce_ErrorMessageDisplayed,SalesForce_ErrorMessageDisplayed,Wed Sep 16 17:48:10 IST 2015,PASS,Logging into SalesForce application is successful.,,,,,,,,,,
SalesForce_ErrorMessageDisplayed,TESTCASE80,Wed Sep 16 17:48:10 IST 2015,PASS,Tax Calculation for Test case: TestCase80 Started.,,,,,,,,,,
SalesForce_ErrorMessageDisplayed,TESTCASE80,Wed Sep 16 17:48:42 IST 2015,PASS,After clicking on menu TaxNowSettings Respective page opened successfully,,,,,,,,,,
SalesForce_ErrorMessageDisplayed,TESTCASE80,Wed Sep 16 17:49:09 IST 2015,PASS,Avalara Configuration settings updated successfully,,,,,,,,,,
SalesForce_ErrorMessageDisplayed,TESTCASE80,Wed Sep 16 17:50:01 IST 2015,PASS,After clicking on menu Accounts Respective page opened successfully,,,,,,,,,,
SalesForce_ErrorMessageDisplayed,TESTCASE80,Wed Sep 16 17:50:29 IST 2015,PASS,Opportunities created successfully,,,,,,,,,,
SalesForce_ErrorMessageDisplayed,TESTCASE80,Wed Sep 16 17:50:39 IST 2015,PASS,After clicking on menu Opportunities Respective page opened successfully,,,,,,,,,,
SalesForce_ErrorMessageDisplayed,TESTCASE80,Wed Sep 16 17:51:34 IST 2015,PASS,Avalara Status 'Temporary' verified successfully on adding products for Test case TestCase80 On Menu item : - Opportunities,,,,,,,,,,
SalesForce_ErrorMessageDisplayed,TESTCASE80,Wed Sep 16 17:51:47 IST 2015,PASS,Error message appeared as Name: JurisdictionNotFoundError Summary: Unable to determine the taxing jurisdictions. Details: 900432 Winslow Way, Bainbridge Island, WA 453543 US (Destination),,,,,,,,
SalesForce_ErrorMessageDisplayed,TESTCASE81,Wed Sep 16 17:51:47 IST 2015,PASS,Tax Calculation for Test case: TestCase81 Started.,,,,,,,,,,
SalesForce_ErrorMessageDisplayed,TESTCASE81,Wed Sep 16 17:52:19 IST 2015,PASS,After clicking on menu TaxNowSettings Respective page opened successfully,,,,,,,,,,
SalesForce_ErrorMessageDisplayed,TESTCASE81,Wed Sep 16 17:52:47 IST 2015,PASS,Avalara Configuration settings updated successfully,,,,,,,,,,
SalesForce_ErrorMessageDisplayed,TESTCASE81,Wed Sep 16 17:53:39 IST 2015,PASS,After clicking on menu Accounts Respective page opened successfully,,,,,,,,,,
SalesForce_ErrorMessageDisplayed,TESTCASE81,Wed Sep 16 17:54:07 IST 2015,PASS,Opportunities created successfully,,,,,,,,,,
SalesForce_ErrorMessageDisplayed,TESTCASE81,Wed Sep 16 17:54:17 IST 2015,PASS,After clicking on menu Opportunities Respective page opened successfully,,,,,,,,,,
SalesForce_ErrorMessageDisplayed,TESTCASE81,Wed Sep 16 17:55:11 IST 2015,PASS,Avalara Status 'Temporary' verified successfully on adding products for Test case TestCase81 On Menu item : - Opportunities,,,,,,,,,,
SalesForce_ErrorMessageDisplayed,TESTCASE81,Wed Sep 16 17:55:22 IST 2015,PASS,Error message appeared as Name: JurisdictionNotFoundError Summary: Unable to determine the taxing jurisdictions. Details: 900432 Winslow Way, Bainbridge Island, WA 453543 US (Destination),,,,,,,,
SalesForce_ErrorMessageDisplayed,TESTCASE82,Wed Sep 16 17:55:22 IST 2015,PASS,Tax Calculation for Test case: TestCase82 Started.,,,,,,,,,,
SalesForce_ErrorMessageDisplayed,TESTCASE82,Wed Sep 16 17:55:54 IST 2015,PASS,After clicking on menu TaxNowSettings Respective page opened successfully,,,,,,,,,,
SalesForce_ErrorMessageDisplayed,TESTCASE82,Wed Sep 16 17:56:20 IST 2015,PASS,Avalara Configuration settings updated successfully,,,,,,,,,,
SalesForce_ErrorMessageDisplayed,TESTCASE82,Wed Sep 16 17:57:12 IST 2015,PASS,After clicking on menu Accounts Respective page opened successfully,,,,,,,,,,
SalesForce_ErrorMessageDisplayed,TESTCASE82,Wed Sep 16 17:57:40 IST 2015,PASS,Opportunities created successfully,,,,,,,,,,
SalesForce_ErrorMessageDisplayed,TESTCASE82,Wed Sep 16 17:57:50 IST 2015,PASS,After clicking on menu Opportunities Respective page opened successfully,,,,,,,,,,
SalesForce_ErrorMessageDisplayed,TESTCASE82,Wed Sep 16 17:58:45 IST 2015,PASS,Avalara Status 'Temporary' verified successfully on adding products for Test case TestCase82 On Menu item : - Opportunities,,,,,,,,,,
SalesForce_ErrorMessageDisplayed,TESTCASE82,Wed Sep 16 17:58:54 IST 2015,PASS,Error message appeared as Name: JurisdictionNotFoundError Summary: Unable to determine the taxing jurisdictions. Details: 900432 Winslow Way, Bainbridge Island, WA 453543 US (Destination),,,,,,,,
SalesForce_ErrorMessageDisplayed,TESTCASE82,Wed Sep 16 17:59:04 IST 2015,PASS,Error message appeared as Name: JurisdictionNotFoundError Summary: Unable to determine the taxing jurisdictions. Details: 900432 Winslow Way, Bainbridge Island, WA 453543 US (Destination),,,,,,,,
SalesForce_ErrorMessageDisplayed,TESTCASE83,Wed Sep 16 17:59:04 IST 2015,PASS,Tax Calculation for Test case: TestCase83 Started.,,,,,,,,,,
SalesForce_ErrorMessageDisplayed,TESTCASE83,Wed Sep 16 17:59:36 IST 2015,PASS,After clicking on menu TaxNowSettings Respective page opened successfully,,,,,,,,,,
SalesForce_ErrorMessageDisplayed,TESTCASE83,Wed Sep 16 18:00:03 IST 2015,PASS,Avalara Configuration settings updated successfully,,,,,,,,,,
SalesForce_ErrorMessageDisplayed,TESTCASE83,Wed Sep 16 18:00:55 IST 2015,PASS,After clicking on menu Accounts Respective page opened successfully,,,,,,,,,,
SalesForce_ErrorMessageDisplayed,TESTCASE83,Wed Sep 16 18:01:23 IST 2015,PASS,Opportunities created successfully,,,,,,,,,,
SalesForce_ErrorMessageDisplayed,TESTCASE83,Wed Sep 16 18:01:33 IST 2015,PASS,After clicking on menu Opportunities Respective page opened successfully,,,,,,,,,,
SalesForce_ErrorMessageDisplayed,TESTCASE83,Wed Sep 16 18:02:27 IST 2015,PASS,Avalara Status 'Temporary' verified successfully on adding products for Test case TestCase83 On Menu item : - Opportunities,,,,,,,,,,
SalesForce_ErrorMessageDisplayed,TESTCASE83,Wed Sep 16 18:02:37 IST 2015,PASS,Error message appeared as Name: JurisdictionNotFoundError Summary: Unable to determine the taxing jurisdictions. Details: 900432 Winslow Way, Bainbridge Island, WA 453543 US (Destination),,,,,,,,
SalesForce_ErrorMessageDisplayed,TESTCASE84,Wed Sep 16 18:02:37 IST 2015,PASS,Tax Calculation for Test case: TestCase84 Started.,,,,,,,,,,
SalesForce_ErrorMessageDisplayed,TESTCASE84,Wed Sep 16 18:03:08 IST 2015,PASS,After clicking on menu TaxNowSettings Respective page opened successfully,,,,,,,,,,
SalesForce_ErrorMessageDisplayed,TESTCASE84,Wed Sep 16 18:03:35 IST 2015,PASS,Avalara Configuration settings updated successfully,,,,,,,,,,
SalesForce_ErrorMessageDisplayed,TESTCASE84,Wed Sep 16 18:04:26 IST 2015,PASS,After clicking on menu Accounts Respective page opened successfully,,,,,,,,,,
SalesForce_ErrorMessageDisplayed,TESTCASE84,Wed Sep 16 18:04:54 IST 2015,PASS,Opportunities created successfully,,,,,,,,,,
SalesForce_ErrorMessageDisplayed,TESTCASE84,Wed Sep 16 18:05:04 IST 2015,PASS,After clicking on menu Opportunities Respective page opened successfully,,,,,,,,,,
SalesForce_ErrorMessageDisplayed,TESTCASE84,Wed Sep 16 18:05:56 IST 2015,PASS,Avalara Status 'Temporary' verified successfully on adding products for Test case TestCase84 On Menu item : - Opportunities,,,,,,,,,,
SalesForce_ErrorMessageDisplayed,TESTCASE84,Wed Sep 16 18:06:05 IST 2015,PASS,Error message appeared as Name: TaxAddressError Summary: An Address is incomplete or invalid. Details:,,,,,,,,,,
SalesForce_ErrorMessageDisplayed,TESTCASE85,Wed Sep 16 18:06:05 IST 2015,PASS,Tax Calculation for Test case: TestCase85 Started.,,,,,,,,,,
SalesForce_ErrorMessageDisplayed,TESTCASE85,Wed Sep 16 18:06:36 IST 2015,PASS,After clicking on menu TaxNowSettings Respective page opened successfully,,,,,,,,,,
SalesForce_ErrorMessageDisplayed,TESTCASE85,Wed Sep 16 18:07:02 IST 2015,PASS,Avalara Configuration settings updated successfully,,,,,,,,,,
SalesForce_ErrorMessageDisplayed,TESTCASE85,Wed Sep 16 18:07:52 IST 2015,PASS,After clicking on menu Accounts Respective page opened successfully,,,,,,,,,,
SalesForce_ErrorMessageDisplayed,TESTCASE85,Wed Sep 16 18:08:18 IST 2015,PASS,Opportunities created successfully,,,,,,,,,,
SalesForce_ErrorMessageDisplayed,TESTCASE85,Wed Sep 16 18:08:28 IST 2015,PASS,After clicking on menu Opportunities Respective page opened successfully,,,,,,,,,,
SalesForce_ErrorMessageDisplayed,TESTCASE85,Wed Sep 16 18:09:21 IST 2015,PASS,Avalara Status 'Temporary' verified successfully on adding products for Test case TestCase85 On Menu item : - Opportunities,,,,,,,,,,
SalesForce_ErrorMessageDisplayed,TESTCASE85,Wed Sep 16 18:09:29 IST 2015,PASS,Error message appeared as Name: TaxAddressError Summary: An Address is incomplete or invalid. Details:,,,,,,,,,,
SalesForce_ErrorMessageDisplayed,TESTCASE86,Wed Sep 16 18:09:29 IST 2015,PASS,Tax Calculation for Test case: TestCase86 Started.,,,,,,,,,,
SalesForce_ErrorMessageDisplayed,TESTCASE86,Wed Sep 16 18:10:00 IST 2015,PASS,After clicking on menu TaxNowSettings Respective page opened successfully,,,,,,,,,,
SalesForce_ErrorMessageDisplayed,TESTCASE86,Wed Sep 16 18:10:26 IST 2015,PASS,Avalara Configuration settings updated successfully,,,,,,,,,,
SalesForce_ErrorMessageDisplayed,TESTCASE86,Wed Sep 16 18:11:16 IST 2015,PASS,After clicking on menu Accounts Respective page opened successfully,,,,,,,,,,
SalesForce_ErrorMessageDisplayed,TESTCASE86,Wed Sep 16 18:11:43 IST 2015,PASS,Opportunities created successfully,,,,,,,,,,
SalesForce_ErrorMessageDisplayed,TESTCASE86,Wed Sep 16 18:11:53 IST 2015,PASS,After clicking on menu Opportunities Respective page opened successfully,,,,,,,,,,
SalesForce_ErrorMessageDisplayed,TESTCASE86,Wed Sep 16 18:12:45 IST 2015,PASS,Avalara Status 'Temporary' verified successfully on adding products for Test case TestCase86 On Menu item : - Opportunities,,,,,,,,,,
SalesForce_ErrorMessageDisplayed,TESTCASE86,Wed Sep 16 18:12:52 IST 2015,PASS,Error message appeared as Name: TaxAddressError Summary: An Address is incomplete or invalid. Details:,,,,,,,,,,
SalesForce_ErrorMessageDisplayed,TESTCASE86,Wed Sep 16 18:13:00 IST 2015,PASS,Error message appeared as Name: TaxAddressError Summary: An Address is incomplete or invalid. Details:,,,,,,,,,,
SalesForce_ErrorMessageDisplayed,TESTCASE87,Wed Sep 16 18:13:00 IST 2015,PASS,Tax Calculation for Test case: TestCase87 Started.,,,,,,,,,,
SalesForce_ErrorMessageDisplayed,TESTCASE87,Wed Sep 16 18:13:31 IST 2015,PASS,After clicking on menu TaxNowSettings Respective page opened successfully,,,,,,,,,,
SalesForce_ErrorMessageDisplayed,TESTCASE87,Wed Sep 16 18:13:57 IST 2015,PASS,Avalara Configuration settings updated successfully,,,,,,,,,,
SalesForce_ErrorMessageDisplayed,TESTCASE87,Wed Sep 16 18:14:48 IST 2015,PASS,After clicking on menu Accounts Respective page opened successfully,,,,,,,,,,
SalesForce_ErrorMessageDisplayed,TESTCASE87,Wed Sep 16 18:15:14 IST 2015,PASS,Opportunities created successfully,,,,,,,,,,
SalesForce_ErrorMessageDisplayed,TESTCASE87,Wed Sep 16 18:15:24 IST 2015,PASS,After clicking on menu Opportunities Respective page opened successfully,,,,,,,,,,
SalesForce_ErrorMessageDisplayed,TESTCASE87,Wed Sep 16 18:16:16 IST 2015,PASS,Avalara Status 'Temporary' verified successfully on adding products for Test case TestCase87 On Menu item : - Opportunities,,,,,,,,,,
SalesForce_ErrorMessageDisplayed,TESTCASE87,Wed Sep 16 18:16:23 IST 2015,PASS,Error message appeared as Name: TaxAddressError Summary: An Address is incomplete or invalid. Details:,,,,,,,,,,
SalesForce_ErrorMessageDisplayed,SalesForce_ErrorMessageDisplayed,Wed Sep 16 18:16:23 IST 2015,PASS,Script Ended.,,,,,,,,,,
SalesForce_EntityUseCode,SalesForce_EntityUseCode,Fri Sep 18 11:27:52 IST 2015,FAIL,Logging into SalesForce application is Failed.,,,,,,,,,,
SalesForce_EntityUseCode,TESTCASE110,Fri Sep 18 11:27:52 IST 2015,PASS,Tax Calculation for Test case: TestCase110 Started.,,,,,,,,,,
SalesForce_EntityUseCode,TESTCASE110,Fri Sep 18 11:28:25 IST 2015,PASS,After clicking on menu TaxNowSettings Respective page opened successfully,,,,,,,,,,
SalesForce_EntityUseCode,TESTCASE110,Fri Sep 18 11:28:54 IST 2015,PASS,Avalara Configuration settings updated successfully,,,,,,,,,,
SalesForce_EntityUseCode,TESTCASE110,Fri Sep 18 11:29:49 IST 2015,PASS,After clicking on menu Accounts Respective page opened successfully,,,,,,,,,,
SalesForce_EntityUseCode,TESTCASE110,Fri Sep 18 11:30:19 IST 2015,PASS,Opportunities created successfully,,,,,,,,,,
SalesForce_EntityUseCode,TESTCASE110,Fri Sep 18 11:30:29 IST 2015,PASS,After clicking on menu Opportunities Respective page opened successfully,,,,,,,,,,
SalesForce_EntityUseCode,TESTCASE110,Fri Sep 18 11:31:24 IST 2015,PASS,Avalara Status 'Temporary' verified successfully on adding products for Test case TestCase110 On Menu item : - Opportunities,,,,,,,,,,
SalesForce_TaxCode,SalesForce_TaxCode,Fri Sep 18 11:50:19 IST 2015,FAIL,"fLoginException:org.openqa.selenium.NoSuchElementException: Unable to locate element: {""method"":""id""","selector:""username""}",,,,,,,,,
Command duration or timeout: 60 milliseconds,,,,,,,,,,,,,,
For documentation on this error, please visit: http://seleniumhq.org/exceptions/no_such_element.html,,,,,,,,,,,,,
Build info: version: '2.40.0', revision: 'fbe29a9', time: '2014-02-19 20:55:11',,,,,,,,,,,,
System info: host: 'AV-PN-KHAREA', ip: '169.254.105.112', os.name: 'Windows 7', os.arch: 'x86', os.version: '6.1', java.version: '1.6.0_45',,,,,,,,,
Session ID: 6bcc5a46-0f33-46f7-8e4f-bec8c9a08dc1,,,,,,,,,,,,,,
Driver info: org.openqa.selenium.firefox.FirefoxDriver,,,,,,,,,,,,,,
Capabilities [{platform=XP, acceptSslCerts=true, javascriptEnabled=true, browserName=firefox, rotatable=false, locationContextEnabled=true, version=12.0, cssSelectorsEnabled=true, databaseEnabled=true, handlesAlerts=true, browserConnectionEnabled=true, nativeEvents=false, webStorageEnabled=true, applicationCacheEnabled=true, takesScreenshot=true}]
SalesForce_TaxCode,SalesForce_TaxCode,Fri Sep 18 11:50:19 IST 2015,PASS,Script Ended.,,,,,,,,,,
SalesForce_TaxCode,SalesForce_TaxCode,Fri Sep 18 11:51:47 IST 2015,FAIL,Logging into SalesForce application is Failed.,,,,,,,,,,
SalesForce_TaxCode,TESTCASE40,Fri Sep 18 11:51:47 IST 2015,PASS,Tax Calculation for Test case: TestCase40 Started.,,,,,,,,,,
SalesForce_TaxCode,TESTCASE40,Fri Sep 18 11:51:58 IST 2015,FAIL,"fMenuSelection: Exception: org.openqa.selenium.NoSuchElementException: Unable to locate element: {""method"":""link text""","selector:""Avalara""}",,,,,,,,,
Command duration or timeout: 108 milliseconds,,,,,,,,,,,,,,
For documentation on this error, please visit: http://seleniumhq.org/exceptions/no_such_element.html,,,,,,,,,,,,,
Build info: version: '2.40.0', revision: 'fbe29a9', time: '2014-02-19 20:55:11',,,,,,,,,,,,
System info: host: 'AV-PN-KHAREA', ip: '10.30.75.28', os.name: 'Windows 7', os.arch: 'x86', os.version: '6.1', java.version: '1.6.0_45',,,,,,,,,
Session ID: 68d999df-7a62-47a5-928e-963b2c7d1116,,,,,,,,,,,,,,
Driver info: org.openqa.selenium.firefox.FirefoxDriver,,,,,,,,,,,,,,
Capabilities [{platform=XP, acceptSslCerts=true, javascriptEnabled=true, browserName=firefox, rotatable=false, locationContextEnabled=true, version=12.0, cssSelectorsEnabled=true, databaseEnabled=true, handlesAlerts=true, browserConnectionEnabled=true, nativeEvents=false, webStorageEnabled=true, applicationCacheEnabled=true, takesScreenshot=true}]
SalesForce_TaxCode,TESTCASE41,Fri Sep 18 11:51:58 IST 2015,PASS,Tax Calculation for Test case: TestCase41 Started.,,,,,,,,,,
SalesForce_TaxCode,TESTCASE41,Fri Sep 18 11:52:08 IST 2015,FAIL,"fMenuSelection: Exception: org.openqa.selenium.NoSuchElementException: Unable to locate element: {""method"":""link text""","selector:""Avalara""}",,,,,,,,,
Command duration or timeout: 107 milliseconds,,,,,,,,,,,,,,
For documentation on this error, please visit: http://seleniumhq.org/exceptions/no_such_element.html,,,,,,,,,,,,,
Build info: version: '2.40.0', revision: 'fbe29a9', time: '2014-02-19 20:55:11',,,,,,,,,,,,
System info: host: 'AV-PN-KHAREA', ip: '10.30.75.28', os.name: 'Windows 7', os.arch: 'x86', os.version: '6.1', java.version: '1.6.0_45',,,,,,,,,
Session ID: 68d999df-7a62-47a5-928e-963b2c7d1116,,,,,,,,,,,,,,
Driver info: org.openqa.selenium.firefox.FirefoxDriver,,,,,,,,,,,,,,
Capabilities [{platform=XP, acceptSslCerts=true, javascriptEnabled=true, browserName=firefox, rotatable=false, locationContextEnabled=true, version=12.0, cssSelectorsEnabled=true, databaseEnabled=true, handlesAlerts=true, browserConnectionEnabled=true, nativeEvents=false, webStorageEnabled=true, applicationCacheEnabled=true, takesScreenshot=true}]
SalesForce_TaxCode,TESTCASE42,Fri Sep 18 11:52:08 IST 2015,PASS,Tax Calculation for Test case: TestCase42 Started.,,,,,,,,,,
SalesForce_TaxCode,TESTCASE42,Fri Sep 18 11:52:18 IST 2015,FAIL,"fMenuSelection: Exception: org.openqa.selenium.NoSuchElementException: Unable to locate element: {""method"":""link text""","selector:""Avalara""}",,,,,,,,,
Command duration or timeout: 80 milliseconds,,,,,,,,,,,,,,
For documentation on this error, please visit: http://seleniumhq.org/exceptions/no_such_element.html,,,,,,,,,,,,,
Build info: version: '2.40.0', revision: 'fbe29a9', time: '2014-02-19 20:55:11',,,,,,,,,,,,
System info: host: 'AV-PN-KHAREA', ip: '10.30.75.28', os.name: 'Windows 7', os.arch: 'x86', os.version: '6.1', java.version: '1.6.0_45',,,,,,,,,
Session ID: 68d999df-7a62-47a5-928e-963b2c7d1116,,,,,,,,,,,,,,
Driver info: org.openqa.selenium.firefox.FirefoxDriver,,,,,,,,,,,,,,
Capabilities [{platform=XP, acceptSslCerts=true, javascriptEnabled=true, browserName=firefox, rotatable=false, locationContextEnabled=true, version=12.0, cssSelectorsEnabled=true, databaseEnabled=true, handlesAlerts=true, browserConnectionEnabled=true, nativeEvents=false, webStorageEnabled=true, applicationCacheEnabled=true, takesScreenshot=true}]
SalesForce_TaxCode,TESTCASE43,Fri Sep 18 11:52:18 IST 2015,PASS,Tax Calculation for Test case: TestCase43 Started.,,,,,,,,,,
SalesForce_TaxCode,TESTCASE43,Fri Sep 18 11:52:29 IST 2015,FAIL,"fMenuSelection: Exception: org.openqa.selenium.NoSuchElementException: Unable to locate element: {""method"":""link text""","selector:""Avalara""}",,,,,,,,,
Command duration or timeout: 206 milliseconds,,,,,,,,,,,,,,
For documentation on this error, please visit: http://seleniumhq.org/exceptions/no_such_element.html,,,,,,,,,,,,,
Build info: version: '2.40.0', revision: 'fbe29a9', time: '2014-02-19 20:55:11',,,,,,,,,,,,
System info: host: 'AV-PN-KHAREA', ip: '10.30.75.28', os.name: 'Windows 7', os.arch: 'x86', os.version: '6.1', java.version: '1.6.0_45',,,,,,,,,
Session ID: 68d999df-7a62-47a5-928e-963b2c7d1116,,,,,,,,,,,,,,
Driver info: org.openqa.selenium.firefox.FirefoxDriver,,,,,,,,,,,,,,
Capabilities [{platform=XP, acceptSslCerts=true, javascriptEnabled=true, browserName=firefox, rotatable=false, locationContextEnabled=true, version=12.0, cssSelectorsEnabled=true, databaseEnabled=true, handlesAlerts=true, browserConnectionEnabled=true, nativeEvents=false, webStorageEnabled=true, applicationCacheEnabled=true, takesScreenshot=true}]
SalesForce_TaxCode,SalesForce_TaxCode,Fri Sep 18 11:52:29 IST 2015,PASS,Script Ended.,,,,,,,,,,
SalesForce_TaxCode,SalesForce_TaxCode,Fri Sep 18 11:54:02 IST 2015,FAIL,Logging into SalesForce application is Failed.,,,,,,,,,,
SalesForce_TaxCode,TESTCASE40,Fri Sep 18 11:54:02 IST 2015,PASS,Tax Calculation for Test case: TestCase40 Started.,,,,,,,,,,
SalesForce_TaxCode,TESTCASE40,Fri Sep 18 11:54:13 IST 2015,FAIL,"fMenuSelection: Exception: org.openqa.selenium.NoSuchElementException: Unable to locate element: {""method"":""link text""","selector:""Avalara""}",,,,,,,,,
Command duration or timeout: 208 milliseconds,,,,,,,,,,,,,,
For documentation on this error, please visit: http://seleniumhq.org/exceptions/no_such_element.html,,,,,,,,,,,,,
Build info: version: '2.40.0', revision: 'fbe29a9', time: '2014-02-19 20:55:11',,,,,,,,,,,,
System info: host: 'AV-PN-KHAREA', ip: '10.30.75.28', os.name: 'Windows 7', os.arch: 'x86', os.version: '6.1', java.version: '1.6.0_45',,,,,,,,,
Session ID: a81c0e44-9441-4f6b-9fb9-b23ec6b46a29,,,,,,,,,,,,,,
Driver info: org.openqa.selenium.firefox.FirefoxDriver,,,,,,,,,,,,,,
Capabilities [{platform=XP, acceptSslCerts=true, javascriptEnabled=true, browserName=firefox, rotatable=false, locationContextEnabled=true, version=12.0, cssSelectorsEnabled=true, databaseEnabled=true, handlesAlerts=true, browserConnectionEnabled=true, nativeEvents=false, webStorageEnabled=true, applicationCacheEnabled=true, takesScreenshot=true}]
SalesForce_TaxCode,TESTCASE41,Fri Sep 18 11:54:13 IST 2015,PASS,Tax Calculation for Test case: TestCase41 Started.,,,,,,,,,,
SalesForce_TaxCode,TESTCASE41,Fri Sep 18 11:54:23 IST 2015,FAIL,"fMenuSelection: Exception: org.openqa.selenium.NoSuchElementException: Unable to locate element: {""method"":""link text""","selector:""Avalara""}",,,,,,,,,
Command duration or timeout: 106 milliseconds,,,,,,,,,,,,,,
For documentation on this error, please visit: http://seleniumhq.org/exceptions/no_such_element.html,,,,,,,,,,,,,
Build info: version: '2.40.0', revision: 'fbe29a9', time: '2014-02-19 20:55:11',,,,,,,,,,,,
System info: host: 'AV-PN-KHAREA', ip: '10.30.75.28', os.name: 'Windows 7', os.arch: 'x86', os.version: '6.1', java.version: '1.6.0_45',,,,,,,,,
Session ID: a81c0e44-9441-4f6b-9fb9-b23ec6b46a29,,,,,,,,,,,,,,
Driver info: org.openqa.selenium.firefox.FirefoxDriver,,,,,,,,,,,,,,
Capabilities [{platform=XP, acceptSslCerts=true, javascriptEnabled=true, browserName=firefox, rotatable=false, locationContextEnabled=true, version=12.0, cssSelectorsEnabled=true, databaseEnabled=true, handlesAlerts=true, browserConnectionEnabled=true, nativeEvents=false, webStorageEnabled=true, applicationCacheEnabled=true, takesScreenshot=true}]
SalesForce_TaxCode,TESTCASE42,Fri Sep 18 11:54:24 IST 2015,PASS,Tax Calculation for Test case: TestCase42 Started.,,,,,,,,,,
SalesForce_TaxCode,SalesForce_TaxCode,Fri Sep 18 11:55:30 IST 2015,FAIL,Logging into SalesForce application is Failed.,,,,,,,,,,
SalesForce_TaxCode,TESTCASE40,Fri Sep 18 11:55:30 IST 2015,PASS,Tax Calculation for Test case: TestCase40 Started.,,,,,,,,,,
SalesForce_TaxCode,TESTCASE40,Fri Sep 18 11:56:08 IST 2015,PASS,After clicking on menu TaxNowSettings Respective page opened successfully,,,,,,,,,,
SalesForce_TaxCode,TESTCASE40,Fri Sep 18 11:56:36 IST 2015,PASS,Avalara Configuration settings updated successfully,,,,,,,,,,
SalesForce_TaxCode,TESTCASE40,Fri Sep 18 11:57:35 IST 2015,PASS,After clicking on menu Accounts Respective page opened successfully,,,,,,,,,,
SalesForce_TaxCode,TESTCASE40,Fri Sep 18 11:58:10 IST 2015,PASS,Opportunities created successfully,,,,,,,,,,
SalesForce_TaxCode,TESTCASE40,Fri Sep 18 11:58:20 IST 2015,PASS,After clicking on menu Opportunities Respective page opened successfully,,,,,,,,,,
SalesForce_TaxCode,TESTCASE40,Fri Sep 18 11:59:22 IST 2015,PASS,Avalara Status 'Temporary' verified successfully on adding products for Test case TestCase40 On Menu item : - Opportunities,,,,,,,,,,
SalesForce_TaxCode,TESTCASE40,Fri Sep 18 11:59:34 IST 2015,FAIL,'Total Sales Tax' 42.00 NOT verified successfully for Test caseTestCase40 on Opportunities Window.Expected Tax :- 42.00 and Actual Tax:- 87.00,,,,,,,,,,
SalesForce_TaxCode,TESTCASE41,Fri Sep 18 11:59:34 IST 2015,PASS,Tax Calculation for Test case: TestCase41 Started.,,,,,,,,,,
SalesForce_TaxCode,TESTCASE41,Fri Sep 18 12:00:07 IST 2015,PASS,After clicking on menu TaxNowSettings Respective page opened successfully,,,,,,,,,,
SalesForce_TaxCode,TESTCASE41,Fri Sep 18 12:00:36 IST 2015,PASS,Avalara Configuration settings updated successfully,,,,,,,,,,
SalesForce_TaxCode,TESTCASE41,Fri Sep 18 12:01:35 IST 2015,PASS,After clicking on menu Accounts Respective page opened successfully,,,,,,,,,,
SalesForce_TaxCode,TESTCASE41,Fri Sep 18 12:02:07 IST 2015,PASS,Opportunities created successfully,,,,,,,,,,
SalesForce_TaxCode,TESTCASE41,Fri Sep 18 12:02:17 IST 2015,PASS,After clicking on menu Opportunities Respective page opened successfully,,,,,,,,,,
SalesForce_TaxCode,TESTCASE41,Fri Sep 18 12:03:18 IST 2015,PASS,Avalara Status 'Temporary' verified successfully on adding products for Test case TestCase41 On Menu item : - Opportunities,,,,,,,,,,
SalesForce_TaxCode,TESTCASE41,Fri Sep 18 12:04:37 IST 2015,FAIL,"fCalculateSalesTax: Exception: org.openqa.selenium.NoSuchElementException: Unable to locate element: {""method"":""name""","selector:""save""}",,,,,,,,,
Command duration or timeout: 60.21 seconds,,,,,,,,,,,,,,
For documentation on this error, please visit: http://seleniumhq.org/exceptions/no_such_element.html,,,,,,,,,,,,,
Build info: version: '2.40.0', revision: 'fbe29a9', time: '2014-02-19 20:55:11',,,,,,,,,,,,
System info: host: 'AV-PN-KHAREA', ip: '10.30.75.28', os.name: 'Windows 7', os.arch: 'x86', os.version: '6.1', java.version: '1.6.0_45',,,,,,,,,
Session ID: 3b5adcfd-225c-4da7-ab34-5114a770ba78,,,,,,,,,,,,,,
Driver info: org.openqa.selenium.firefox.FirefoxDriver,,,,,,,,,,,,,,
Capabilities [{platform=XP, acceptSslCerts=true, javascriptEnabled=true, browserName=firefox, rotatable=false, locationContextEnabled=true, version=12.0, cssSelectorsEnabled=true, databaseEnabled=true, handlesAlerts=true, browserConnectionEnabled=true, nativeEvents=false, webStorageEnabled=true, applicationCacheEnabled=true, takesScreenshot=true}]
SalesForce_TaxCode,TESTCASE42,Fri Sep 18 12:04:37 IST 2015,PASS,Tax Calculation for Test case: TestCase42 Started.,,,,,,,,,,
SalesForce_TaxCode,TESTCASE42,Fri Sep 18 12:05:18 IST 2015,PASS,After clicking on menu TaxNowSettings Respective page opened successfully,,,,,,,,,,
SalesForce_TaxCode,TESTCASE42,Fri Sep 18 12:05:47 IST 2015,PASS,Avalara Configuration settings updated successfully,,,,,,,,,,
SalesForce_TaxCode,TESTCASE42,Fri Sep 18 12:06:45 IST 2015,PASS,After clicking on menu Accounts Respective page opened successfully,,,,,,,,,,
SalesForce_TaxCode,TESTCASE42,Fri Sep 18 12:07:19 IST 2015,PASS,Opportunities created successfully,,,,,,,,,,
SalesForce_TaxCode,TESTCASE42,Fri Sep 18 12:07:29 IST 2015,PASS,After clicking on menu Opportunities Respective page opened successfully,,,,,,,,,,
SalesForce_TaxCode,TESTCASE42,Fri Sep 18 12:08:35 IST 2015,PASS,Avalara Status 'Temporary' verified successfully on adding products for Test case TestCase42 On Menu item : - Opportunities,,,,,,,,,,
SalesForce_TaxCode,TESTCASE42,Fri Sep 18 12:08:46 IST 2015,FAIL,fCalculateSalesTax: Exception: java.lang.NullPointerException,,,,,,,,,,
SalesForce_TaxCode,TESTCASE43,Fri Sep 18 12:08:46 IST 2015,PASS,Tax Calculation for Test case: TestCase43 Started.,,,,,,,,,,
SalesForce_TaxCode,TESTCASE43,Fri Sep 18 12:09:19 IST 2015,PASS,After clicking on menu TaxNowSettings Respective page opened successfully,,,,,,,,,,
SalesForce_TaxCode,TESTCASE43,Fri Sep 18 12:09:50 IST 2015,PASS,Avalara Configuration settings updated successfully,,,,,,,,,,
SalesForce_TaxCode,TESTCASE43,Fri Sep 18 12:10:51 IST 2015,PASS,After clicking on menu Accounts Respective page opened successfully,,,,,,,,,,
SalesForce_TaxCode,TESTCASE43,Fri Sep 18 12:11:24 IST 2015,PASS,Opportunities created successfully,,,,,,,,,,
SalesForce_TaxCode,TESTCASE43,Fri Sep 18 12:11:34 IST 2015,PASS,After clicking on menu Opportunities Respective page opened successfully,,,,,,,,,,
SalesForce_TaxCode,TESTCASE43,Fri Sep 18 12:12:37 IST 2015,PASS,Avalara Status 'Temporary' verified successfully on adding products for Test case TestCase43 On Menu item : - Opportunities,,,,,,,,,,
SalesForce_TaxCode,TESTCASE43,Fri Sep 18 12:12:48 IST 2015,PASS,'Total Sales Tax' 87.00 verified successfully for Test case TestCase43 on Opportunities Window.,,,,,,,,,,
SalesForce_TaxCode,TESTCASE43,Fri Sep 18 12:12:48 IST 2015,PASS,Avalara Status ' Saved' verified successfully on Calculate for Test case TestCase43 On tax calculation on Opportunities Window ,,,,,,,,,,
SalesForce_TaxCode,TESTCASE43,Fri Sep 18 12:12:58 IST 2015,PASS,'Total Sales Tax' 87.00 verified successfully for Test case TestCase43 on Finalize Opportunity Window.,,,,,,,,,,
SalesForce_TaxCode,TESTCASE43,Fri Sep 18 12:12:59 IST 2015,PASS,Avalara Status ' Committed' verified successfully on Calculate for Test case TestCase43 On tax calculation on Finalize Opportunity Window ,,,,,,,,,,
SalesForce_TaxCode,SalesForce_TaxCode,Fri Sep 18 12:12:59 IST 2015,PASS,Script Ended.,,,,,,,,,,
SalesForce_MISC_Charges,SalesForce_MISC_Charges,Fri Sep 18 14:20:34 IST 2015,PASS,Logging into SalesForce application is successful.,,,,,,,,,,
SalesForce_MISC_Charges,TESTCASE100,Fri Sep 18 14:20:34 IST 2015,PASS,Tax Calculation for Test case: TestCase100 Started.,,,,,,,,,,
SalesForce_MISC_Charges,TESTCASE100,Fri Sep 18 14:21:07 IST 2015,PASS,After clicking on menu TaxNowSettings Respective page opened successfully,,,,,,,,,,
SalesForce_MISC_Charges,TESTCASE100,Fri Sep 18 14:21:32 IST 2015,PASS,Avalara Configuration settings updated successfully,,,,,,,,,,
SalesForce_MISC_Charges,TESTCASE100,Fri Sep 18 14:22:23 IST 2015,PASS,After clicking on menu Accounts Respective page opened successfully,,,,,,,,,,
SalesForce_MISC_Charges,TESTCASE100,Fri Sep 18 14:22:52 IST 2015,PASS,Opportunities created successfully,,,,,,,,,,
SalesForce_MISC_Charges,TESTCASE100,Fri Sep 18 14:23:02 IST 2015,PASS,After clicking on menu Opportunities Respective page opened successfully,,,,,,,,,,
SalesForce_MISC_Charges,TESTCASE100,Fri Sep 18 14:23:57 IST 2015,PASS,Avalara Status 'Temporary' verified successfully on adding products for Test case TestCase100 On Menu item : - Opportunities,,,,,,,,,,
SalesForce_MISC_Charges,TESTCASE100,Fri Sep 18 14:24:07 IST 2015,PASS,'Total Sales Tax' 85.00 verified successfully for Test case TestCase100 on Opportunities Window.,,,,,,,,,,
SalesForce_MISC_Charges,TESTCASE100,Fri Sep 18 14:24:07 IST 2015,PASS,'Misc Tax' 8.50 verified successfully for Test caseTestCase100 on Opportunities Window.,,,,,,,,,,
SalesForce_MISC_Charges,TESTCASE100,Fri Sep 18 14:24:07 IST 2015,PASS,Avalara Status ' Saved' verified successfully on Calculate for Test case TestCase100 On tax calculation on Opportunities Window ,,,,,,,,,,
SalesForce_MISC_Charges,TESTCASE100,Fri Sep 18 14:24:13 IST 2015,PASS,'Total Sales Tax' 85.00 verified successfully for Test case TestCase100 on Finalize Opportunity Window.,,,,,,,,,,
SalesForce_MISC_Charges,TESTCASE100,Fri Sep 18 14:24:13 IST 2015,PASS,'Misc Tax' 8.50 verified successfully for Test caseTestCase100 on Finalize Opportunity Window.,,,,,,,,,,
SalesForce_MISC_Charges,TESTCASE100,Fri Sep 18 14:24:13 IST 2015,PASS,Avalara Status ' Committed' verified successfully on Calculate for Test case TestCase100 On tax calculation on Finalize Opportunity Window ,,,,,,,,,,
SalesForce_MISC_Charges,TESTCASE101,Fri Sep 18 14:24:13 IST 2015,PASS,Tax Calculation for Test case: TestCase101 Started.,,,,,,,,,,
SalesForce_MISC_Charges,TESTCASE101,Fri Sep 18 14:24:45 IST 2015,PASS,After clicking on menu TaxNowSettings Respective page opened successfully,,,,,,,,,,
SalesForce_MISC_Charges,TESTCASE101,Fri Sep 18 14:25:11 IST 2015,PASS,Avalara Configuration settings updated successfully,,,,,,,,,,
SalesForce_MISC_Charges,TESTCASE101,Fri Sep 18 14:26:05 IST 2015,PASS,After clicking on menu Accounts Respective page opened successfully,,,,,,,,,,
SalesForce_MISC_Charges,TESTCASE101,Fri Sep 18 14:26:32 IST 2015,PASS,Opportunities created successfully,,,,,,,,,,
SalesForce_MISC_Charges,TESTCASE101,Fri Sep 18 14:26:42 IST 2015,PASS,After clicking on menu Opportunities Respective page opened successfully,,,,,,,,,,
SalesForce_MISC_Charges,TESTCASE101,Fri Sep 18 14:27:37 IST 2015,PASS,Avalara Status 'Temporary' verified successfully on adding products for Test case TestCase101 On Menu item : - Opportunities,,,,,,,,,,
SalesForce_MISC_Charges,TESTCASE101,Fri Sep 18 14:27:45 IST 2015,PASS,'Total Sales Tax' 85.00 verified successfully for Test case TestCase101 on Opportunities Window.,,,,,,,,,,
SalesForce_MISC_Charges,TESTCASE101,Fri Sep 18 14:27:45 IST 2015,PASS,'Misc Tax' 8.50 verified successfully for Test caseTestCase101 on Opportunities Window.,,,,,,,,,,
SalesForce_MISC_Charges,TESTCASE101,Fri Sep 18 14:27:45 IST 2015,PASS,Avalara Status ' Saved' verified successfully on Calculate for Test case TestCase101 On tax calculation on Opportunities Window ,,,,,,,,,,
SalesForce_MISC_Charges,TESTCASE101,Fri Sep 18 14:27:52 IST 2015,PASS,'Total Sales Tax' 85.00 verified successfully for Test case TestCase101 on Finalize Opportunity Window.,,,,,,,,,,
SalesForce_MISC_Charges,TESTCASE101,Fri Sep 18 14:27:52 IST 2015,PASS,'Misc Tax' 8.50 verified successfully for Test caseTestCase101 on Finalize Opportunity Window.,,,,,,,,,,
SalesForce_MISC_Charges,TESTCASE101,Fri Sep 18 14:27:52 IST 2015,PASS,Avalara Status ' Committed' verified successfully on Calculate for Test case TestCase101 On tax calculation on Finalize Opportunity Window ,,,,,,,,,,
SalesForce_MISC_Charges,SalesForce_MISC_Charges,Fri Sep 18 14:27:52 IST 2015,PASS,Script Ended.,,,,,,,,,,
