ScriptName,TCName,Date,Result,Description
SalesForce_TaxCalc,SalesForce_TaxCalc,Fri Aug 29 15:38:25 IST 2014,FAIL,Logging into SalesForce application is Failed.
SalesForce_TaxCalc,TESTCASE1,Fri Aug 29 15:38:25 IST 2014,PASS,Tax Calculation for Test case: TestCase1 Started.
SalesForce_TaxCalc,TESTCASE1,Fri Aug 29 15:38:52 IST 2014,PASS,After clicking on menu TaxNowSettings Respective page opened successfully
SalesForce_TaxCalc,TESTCASE1,Fri Aug 29 15:39:17 IST 2014,PASS,Tax now settings updated successfully
SalesForce_TaxCalc,TESTCASE1,Fri Aug 29 15:39:58 IST 2014,PASS,After clicking on menu Accounts Respective page opened successfully
SalesForce_TaxCalc,TESTCASE1,Fri Aug 29 15:40:10 IST 2014,PASS,Opportunities created successfully
SalesForce_TaxCalc,TESTCASE1,Fri Aug 29 15:40:20 IST 2014,PASS,After clicking on menu Opportunities Respective page opened successfully
SalesForce_TaxCalc,TESTCASE1,Fri Aug 29 15:41:02 IST 2014,PASS,Avalara Status 'Temporary' verified successfully on adding products for Test case TestCase1 On Menu item : - Opportunities
SalesForce_TaxCalc,TESTCASE1,Fri Aug 29 15:41:35 IST 2014,PASS,'Total Sales Tax' 60.00 verified successfully for Test case TestCase1 on Opportunities Window.
SalesForce_TaxCalc,TESTCASE1,Fri Aug 29 15:41:35 IST 2014,PASS,Avalara Status ' Temporary' verified successfully on Calculate for Test case TestCase1 On tax calculation on Opportunities Window 
SalesForce_TaxCalc,TESTCASE1,Fri Aug 29 15:42:02 IST 2014,PASS,After clicking on menu newQuote Respective page opened successfully
SalesForce_TaxCalc,TESTCASE1,Fri Aug 29 15:42:40 IST 2014,PASS,Avalara Status 'Temporary' verified successfully on adding products for Test case TestCase1 On Menu item : - Quotes
SalesForce_TaxCalc,TESTCASE1,Fri Aug 29 15:42:47 IST 2014,PASS,'Total Sales Tax' 120.00 verified successfully for Test case TestCase1 on Quotes Window.
SalesForce_TaxCalc,TESTCASE1,Fri Aug 29 15:42:47 IST 2014,PASS,Avalara Status ' Temporary' verified successfully on Calculate for Test case TestCase1 On tax calculation on Quotes Window 
SalesForce_TaxCalc,TESTCASE1,Fri Aug 29 15:42:47 IST 2014,PASS,Tax Calculation for Test case: TestCase1 Ended.
SalesForce_TaxCalc,TESTCASE2,Fri Aug 29 15:42:47 IST 2014,PASS,Tax Calculation for Test case: TestCase2 Started.
SalesForce_TaxCalc,TESTCASE2,Fri Aug 29 15:44:10 IST 2014,PASS,After clicking on menu TaxNowSettings Respective page opened successfully
SalesForce_TaxCalc,TESTCASE2,Fri Aug 29 15:44:34 IST 2014,PASS,Tax now settings updated successfully
SalesForce_TaxCalc,TESTCASE2,Fri Aug 29 15:45:16 IST 2014,PASS,After clicking on menu Accounts Respective page opened successfully
SalesForce_TaxCalc,TESTCASE2,Fri Aug 29 15:45:26 IST 2014,PASS,Opportunities created successfully
SalesForce_TaxCalc,TESTCASE2,Fri Aug 29 15:45:36 IST 2014,PASS,After clicking on menu Opportunities Respective page opened successfully
SalesForce_TaxCalc,TESTCASE2,Fri Aug 29 15:46:18 IST 2014,PASS,Avalara Status 'Temporary' verified successfully on adding products for Test case TestCase2 On Menu item : - Opportunities
SalesForce_TaxCalc,TESTCASE2,Fri Aug 29 15:46:24 IST 2014,PASS,'Total Sales Tax' 60.00 verified successfully for Test case TestCase2 on Opportunities Window.
SalesForce_TaxCalc,TESTCASE2,Fri Aug 29 15:46:24 IST 2014,PASS,Avalara Status ' Saved' verified successfully on Calculate for Test case TestCase2 On tax calculation on Opportunities Window 
SalesForce_TaxCalc,TESTCASE2,Fri Aug 29 15:46:50 IST 2014,PASS,After clicking on menu newQuote Respective page opened successfully
SalesForce_TaxCalc,TESTCASE2,Fri Aug 29 15:47:28 IST 2014,PASS,Avalara Status 'Temporary' verified successfully on adding products for Test case TestCase2 On Menu item : - Quotes
SalesForce_TaxCalc,TESTCASE2,Fri Aug 29 15:47:33 IST 2014,PASS,'Total Sales Tax' 120.00 verified successfully for Test case TestCase2 on Quotes Window.
SalesForce_TaxCalc,TESTCASE2,Fri Aug 29 15:47:34 IST 2014,PASS,Avalara Status ' Saved' verified successfully on Calculate for Test case TestCase2 On tax calculation on Quotes Window 
SalesForce_TaxCalc,TESTCASE2,Fri Aug 29 15:47:34 IST 2014,PASS,Tax Calculation for Test case: TestCase2 Ended.
SalesForce_TaxCalc,TESTCASE3,Fri Aug 29 15:47:34 IST 2014,PASS,Tax Calculation for Test case: TestCase3 Started.
SalesForce_TaxCalc,TESTCASE3,Fri Aug 29 15:48:57 IST 2014,PASS,After clicking on menu TaxNowSettings Respective page opened successfully
SalesForce_TaxCalc,TESTCASE3,Fri Aug 29 15:49:21 IST 2014,PASS,Tax now settings updated successfully
SalesForce_TaxCalc,TESTCASE3,Fri Aug 29 15:50:02 IST 2014,PASS,After clicking on menu Accounts Respective page opened successfully
SalesForce_TaxCalc,TESTCASE3,Fri Aug 29 15:50:12 IST 2014,PASS,Opportunities created successfully
SalesForce_TaxCalc,TESTCASE3,Fri Aug 29 15:50:22 IST 2014,PASS,After clicking on menu Opportunities Respective page opened successfully
SalesForce_TaxCalc,TESTCASE3,Fri Aug 29 15:51:03 IST 2014,PASS,Avalara Status 'Temporary' verified successfully on adding products for Test case TestCase3 On Menu item : - Opportunities
SalesForce_TaxCalc,TESTCASE3,Fri Aug 29 15:51:09 IST 2014,PASS,'Total Sales Tax' 77.50 verified successfully for Test case TestCase3 on Opportunities Window.
SalesForce_TaxCalc,TESTCASE3,Fri Aug 29 15:51:10 IST 2014,PASS,Avalara Status ' Saved' verified successfully on Calculate for Test case TestCase3 On tax calculation on Opportunities Window 
SalesForce_TaxCalc,TESTCASE3,Fri Aug 29 15:51:15 IST 2014,PASS,'Total Sales Tax' 77.50 verified successfully for Test case TestCase3 on Finalize Opportunity Window.
SalesForce_TaxCalc,TESTCASE3,Fri Aug 29 15:51:15 IST 2014,PASS,Avalara Status ' Committed' verified successfully on Calculate for Test case TestCase3 On tax calculation on Finalize Opportunity Window 
SalesForce_TaxCalc,TESTCASE3,Fri Aug 29 15:51:41 IST 2014,PASS,After clicking on menu newQuote Respective page opened successfully
SalesForce_TaxCalc,TESTCASE3,Fri Aug 29 15:52:19 IST 2014,PASS,Avalara Status 'Temporary' verified successfully on adding products for Test case TestCase3 On Menu item : - Quotes
SalesForce_TaxCalc,TESTCASE3,Fri Aug 29 15:52:24 IST 2014,PASS,'Total Sales Tax' 155.00 verified successfully for Test case TestCase3 on Quotes Window.
SalesForce_TaxCalc,TESTCASE3,Fri Aug 29 15:52:24 IST 2014,PASS,Avalara Status ' Saved' verified successfully on Calculate for Test case TestCase3 On tax calculation on Quotes Window 
SalesForce_TaxCalc,TESTCASE3,Fri Aug 29 15:52:30 IST 2014,PASS,'Total Sales Tax' 155.00 verified successfully for Test case TestCase3 on Finalize Quote Window.
SalesForce_TaxCalc,TESTCASE3,Fri Aug 29 15:52:30 IST 2014,PASS,Avalara Status ' Committed' verified successfully on Calculate for Test case TestCase3 On tax calculation on Finalize Quote Window 
SalesForce_TaxCalc,TESTCASE3,Fri Aug 29 15:52:30 IST 2014,PASS,Tax Calculation for Test case: TestCase3 Ended.
SalesForce_TaxCalc,TESTCASE4,Fri Aug 29 15:52:30 IST 2014,PASS,Tax Calculation for Test case: TestCase4 Started.
SalesForce_TaxCalc,TESTCASE4,Fri Aug 29 15:53:53 IST 2014,PASS,After clicking on menu TaxNowSettings Respective page opened successfully
SalesForce_TaxCalc,TESTCASE4,Fri Aug 29 15:54:17 IST 2014,PASS,Tax now settings updated successfully
SalesForce_TaxCalc,TESTCASE4,Fri Aug 29 15:54:59 IST 2014,PASS,After clicking on menu Accounts Respective page opened successfully
SalesForce_TaxCalc,TESTCASE4,Fri Aug 29 15:55:08 IST 2014,PASS,Opportunities created successfully
SalesForce_TaxCalc,TESTCASE4,Fri Aug 29 15:55:18 IST 2014,PASS,After clicking on menu Opportunities Respective page opened successfully
SalesForce_TaxCalc,TESTCASE4,Fri Aug 29 15:56:00 IST 2014,PASS,Avalara Status 'Temporary' verified successfully on adding products for Test case TestCase4 On Menu item : - Opportunities
SalesForce_TaxCalc,TESTCASE4,Fri Aug 29 15:56:06 IST 2014,PASS,'Total Sales Tax' 77.50 verified successfully for Test case TestCase4 on Opportunities Window.
SalesForce_TaxCalc,TESTCASE4,Fri Aug 29 15:56:06 IST 2014,PASS,Avalara Status ' Temporary' verified successfully on Calculate for Test case TestCase4 On tax calculation on Opportunities Window 
SalesForce_TaxCalc,TESTCASE4,Fri Aug 29 15:56:32 IST 2014,PASS,After clicking on menu newQuote Respective page opened successfully
SalesForce_TaxCalc,TESTCASE4,Fri Aug 29 15:57:09 IST 2014,PASS,Avalara Status 'Temporary' verified successfully on adding products for Test case TestCase4 On Menu item : - Quotes
SalesForce_TaxCalc,TESTCASE4,Fri Aug 29 15:57:14 IST 2014,PASS,'Total Sales Tax' 155.00 verified successfully for Test case TestCase4 on Quotes Window.
SalesForce_TaxCalc,TESTCASE4,Fri Aug 29 15:57:14 IST 2014,PASS,Avalara Status ' Temporary' verified successfully on Calculate for Test case TestCase4 On tax calculation on Quotes Window 
SalesForce_TaxCalc,TESTCASE4,Fri Aug 29 15:57:14 IST 2014,PASS,Tax Calculation for Test case: TestCase4 Ended.
SalesForce_TaxCalc,TESTCASE5,Fri Aug 29 15:57:14 IST 2014,PASS,Tax Calculation for Test case: TestCase5 Started.
SalesForce_TaxCalc,TESTCASE5,Fri Aug 29 15:58:37 IST 2014,PASS,After clicking on menu TaxNowSettings Respective page opened successfully
SalesForce_TaxCalc,TESTCASE5,Fri Aug 29 15:59:01 IST 2014,PASS,Tax now settings updated successfully
SalesForce_TaxCalc,TESTCASE5,Fri Aug 29 15:59:48 IST 2014,PASS,After clicking on menu Accounts Respective page opened successfully
SalesForce_TaxCalc,TESTCASE5,Fri Aug 29 15:59:58 IST 2014,PASS,Opportunities created successfully
SalesForce_TaxCalc,TESTCASE5,Fri Aug 29 16:00:08 IST 2014,PASS,After clicking on menu Opportunities Respective page opened successfully
SalesForce_TaxCalc,TESTCASE5,Fri Aug 29 16:00:50 IST 2014,PASS,Avalara Status 'Temporary' verified successfully on adding products for Test case TestCase5 On Menu item : - Opportunities
SalesForce_TaxCalc,TESTCASE5,Fri Aug 29 16:02:16 IST 2014,PASS,Error message appeared as Name: PreQualification Error Summary: Tax Calculations are Disabled - Check 'Enable Tax Calculations' in the TaxServices tab Details:
SalesForce_TaxCalc,TESTCASE5,Fri Aug 29 16:02:43 IST 2014,PASS,After clicking on menu newQuote Respective page opened successfully
SalesForce_TaxCalc,TESTCASE5,Fri Aug 29 16:03:21 IST 2014,PASS,Avalara Status 'Temporary' verified successfully on adding products for Test case TestCase5 On Menu item : - Quotes
SalesForce_TaxCalc,TESTCASE5,Fri Aug 29 16:03:51 IST 2014,PASS,Error message appeared as Name: PreQualification Error Summary: Tax Calculations are Disabled - Check 'Enable Tax Calculations' in the TaxServices tab Details:
SalesForce_TaxCalc,TESTCASE5,Fri Aug 29 16:03:51 IST 2014,PASS,Tax Calculation for Test case: TestCase5 Ended.
SalesForce_TaxCalc,TESTCASE6,Fri Aug 29 16:03:51 IST 2014,PASS,Tax Calculation for Test case: TestCase6 Started.
SalesForce_TaxCalc,TESTCASE6,Fri Aug 29 16:05:13 IST 2014,PASS,After clicking on menu TaxNowSettings Respective page opened successfully
SalesForce_TaxCalc,TESTCASE6,Fri Aug 29 16:05:37 IST 2014,PASS,Tax now settings updated successfully
SalesForce_TaxCalc,TESTCASE6,Fri Aug 29 16:06:20 IST 2014,PASS,After clicking on menu Accounts Respective page opened successfully
SalesForce_TaxCalc,TESTCASE6,Fri Aug 29 16:06:28 IST 2014,PASS,Opportunities created successfully
SalesForce_TaxCalc,TESTCASE6,Fri Aug 29 16:06:38 IST 2014,PASS,After clicking on menu Opportunities Respective page opened successfully
SalesForce_TaxCalc,TESTCASE6,Fri Aug 29 16:07:20 IST 2014,PASS,Avalara Status 'Temporary' verified successfully on adding products for Test case TestCase6 On Menu item : - Opportunities
SalesForce_TaxCalc,TESTCASE6,Fri Aug 29 16:07:26 IST 2014,PASS,Error message appeared as Name: PreQualification Error Summary: Tax Calculations are Disabled - Check 'Enable Tax Calculations' in the TaxServices tab Details:
SalesForce_TaxCalc,TESTCASE6,Fri Aug 29 16:07:52 IST 2014,PASS,After clicking on menu newQuote Respective page opened successfully
SalesForce_TaxCalc,TESTCASE6,Fri Aug 29 16:08:30 IST 2014,PASS,Avalara Status 'Temporary' verified successfully on adding products for Test case TestCase6 On Menu item : - Quotes
SalesForce_TaxCalc,TESTCASE6,Fri Aug 29 16:08:38 IST 2014,PASS,Error message appeared as Name: PreQualification Error Summary: Tax Calculations are Disabled - Check 'Enable Tax Calculations' in the TaxServices tab Details:
SalesForce_TaxCalc,TESTCASE6,Fri Aug 29 16:08:38 IST 2014,PASS,Tax Calculation for Test case: TestCase6 Ended.
SalesForce_TaxCalc,TESTCASE7,Fri Aug 29 16:08:38 IST 2014,PASS,Tax Calculation for Test case: TestCase7 Started.
SalesForce_TaxCalc,TESTCASE7,Fri Aug 29 16:10:01 IST 2014,PASS,After clicking on menu TaxNowSettings Respective page opened successfully
SalesForce_TaxCalc,TESTCASE7,Fri Aug 29 16:10:25 IST 2014,PASS,Tax now settings updated successfully
SalesForce_TaxCalc,TESTCASE7,Fri Aug 29 16:11:07 IST 2014,PASS,After clicking on menu Accounts Respective page opened successfully
SalesForce_TaxCalc,TESTCASE7,Fri Aug 29 16:11:16 IST 2014,PASS,Opportunities created successfully
SalesForce_TaxCalc,TESTCASE7,Fri Aug 29 16:11:26 IST 2014,PASS,After clicking on menu Opportunities Respective page opened successfully
SalesForce_TaxCalc,TESTCASE7,Fri Aug 29 16:12:07 IST 2014,PASS,Avalara Status 'Temporary' verified successfully on adding products for Test case TestCase7 On Menu item : - Opportunities
SalesForce_TaxCalc,TESTCASE7,Fri Aug 29 16:12:39 IST 2014,PASS,Error message appeared as Name: PreQualification Error Summary: Tax Calculations are Disabled - Check 'Enable Tax Calculations' in the TaxServices tab Details:
SalesForce_TaxCalc,TESTCASE7,Fri Aug 29 16:13:04 IST 2014,PASS,After clicking on menu newQuote Respective page opened successfully
SalesForce_TaxCalc,TESTCASE7,Fri Aug 29 16:13:42 IST 2014,PASS,Avalara Status 'Temporary' verified successfully on adding products for Test case TestCase7 On Menu item : - Quotes
SalesForce_TaxCalc,TESTCASE7,Fri Aug 29 16:13:48 IST 2014,PASS,Error message appeared as Name: PreQualification Error Summary: Tax Calculations are Disabled - Check 'Enable Tax Calculations' in the TaxServices tab Details:
SalesForce_TaxCalc,TESTCASE7,Fri Aug 29 16:13:48 IST 2014,PASS,Tax Calculation for Test case: TestCase7 Ended.
SalesForce_TaxCalc,TESTCASE8,Fri Aug 29 16:13:48 IST 2014,PASS,Tax Calculation for Test case: TestCase8 Started.
SalesForce_TaxCalc,TESTCASE8,Fri Aug 29 16:15:11 IST 2014,PASS,After clicking on menu TaxNowSettings Respective page opened successfully
SalesForce_TaxCalc,TESTCASE8,Fri Aug 29 16:15:34 IST 2014,PASS,Tax now settings updated successfully
SalesForce_TaxCalc,TESTCASE8,Fri Aug 29 16:16:16 IST 2014,PASS,After clicking on menu Accounts Respective page opened successfully
SalesForce_TaxCalc,TESTCASE8,Fri Aug 29 16:16:25 IST 2014,PASS,Opportunities created successfully
SalesForce_TaxCalc,TESTCASE8,Fri Aug 29 16:16:35 IST 2014,PASS,After clicking on menu Opportunities Respective page opened successfully
SalesForce_TaxCalc,TESTCASE8,Fri Aug 29 16:17:16 IST 2014,PASS,Avalara Status 'Temporary' verified successfully on adding products for Test case TestCase8 On Menu item : - Opportunities
SalesForce_TaxCalc,TESTCASE8,Fri Aug 29 16:17:22 IST 2014,PASS,Error message appeared as Name: PreQualification Error Summary: Tax Calculations are Disabled - Check 'Enable Tax Calculations' in the TaxServices tab Details:
SalesForce_TaxCalc,TESTCASE8,Fri Aug 29 16:17:47 IST 2014,PASS,After clicking on menu newQuote Respective page opened successfully
SalesForce_TaxCalc,TESTCASE8,Fri Aug 29 16:18:25 IST 2014,PASS,Avalara Status 'Temporary' verified successfully on adding products for Test case TestCase8 On Menu item : - Quotes
SalesForce_TaxCalc,TESTCASE8,Fri Aug 29 16:18:30 IST 2014,PASS,Error message appeared as Name: PreQualification Error Summary: Tax Calculations are Disabled - Check 'Enable Tax Calculations' in the TaxServices tab Details:
SalesForce_TaxCalc,TESTCASE8,Fri Aug 29 16:18:30 IST 2014,PASS,Tax Calculation for Test case: TestCase8 Ended.
SalesForce_TaxCalc,TESTCASE9,Fri Aug 29 16:18:30 IST 2014,PASS,Tax Calculation for Test case: TestCase9 Started.
SalesForce_TaxCalc,TESTCASE9,Fri Aug 29 16:19:53 IST 2014,PASS,After clicking on menu TaxNowSettings Respective page opened successfully
SalesForce_TaxCalc,TESTCASE9,Fri Aug 29 16:20:18 IST 2014,PASS,Tax now settings updated successfully
SalesForce_TaxCalc,TESTCASE9,Fri Aug 29 16:20:59 IST 2014,PASS,After clicking on menu Accounts Respective page opened successfully
SalesForce_TaxCalc,TESTCASE9,Fri Aug 29 16:21:08 IST 2014,PASS,Opportunities created successfully
SalesForce_TaxCalc,TESTCASE9,Fri Aug 29 16:21:18 IST 2014,PASS,After clicking on menu Opportunities Respective page opened successfully
SalesForce_TaxCalc,TESTCASE9,Fri Aug 29 16:22:00 IST 2014,PASS,Avalara Status 'Temporary' verified successfully on adding products for Test case TestCase9 On Menu item : - Opportunities
SalesForce_TaxCalc,TESTCASE9,Fri Aug 29 16:22:06 IST 2014,FAIL,'Total Sales Tax' 50.00 NOT verified successfully for Test caseTestCase9 on Opportunities Window.Expected Tax :- 50.00 and Actual Tax:- 80.00
SalesForce_TaxCalc,TESTCASE10,Fri Aug 29 16:22:06 IST 2014,PASS,Tax Calculation for Test case: TestCase10 Started.
SalesForce_TaxCalc,TESTCASE10,Fri Aug 29 16:23:29 IST 2014,PASS,After clicking on menu TaxNowSettings Respective page opened successfully
SalesForce_TaxCalc,TESTCASE10,Fri Aug 29 16:23:54 IST 2014,PASS,Tax now settings updated successfully
SalesForce_TaxCalc,TESTCASE10,Fri Aug 29 16:24:37 IST 2014,PASS,After clicking on menu Accounts Respective page opened successfully
SalesForce_TaxCalc,TESTCASE10,Fri Aug 29 16:24:46 IST 2014,PASS,Opportunities created successfully
SalesForce_TaxCalc,TESTCASE10,Fri Aug 29 16:24:56 IST 2014,PASS,After clicking on menu Opportunities Respective page opened successfully
SalesForce_TaxCalc,TESTCASE10,Fri Aug 29 16:25:37 IST 2014,PASS,Avalara Status 'Temporary' verified successfully on adding products for Test case TestCase10 On Menu item : - Opportunities
SalesForce_TaxCalc,TESTCASE10,Fri Aug 29 16:25:43 IST 2014,PASS,'Total Sales Tax' 60.00 verified successfully for Test case TestCase10 on Opportunities Window.
SalesForce_TaxCalc,TESTCASE10,Fri Aug 29 16:25:44 IST 2014,PASS,Avalara Status ' Temporary' verified successfully on Calculate for Test case TestCase10 On tax calculation on Opportunities Window 
SalesForce_TaxCalc,TESTCASE10,Fri Aug 29 16:26:11 IST 2014,PASS,After clicking on menu newQuote Respective page opened successfully
SalesForce_TaxCalc,TESTCASE10,Fri Aug 29 16:26:54 IST 2014,PASS,Avalara Status 'Temporary' verified successfully on adding products for Test case TestCase10 On Menu item : - Quotes
SalesForce_TaxCalc,TESTCASE10,Fri Aug 29 16:26:59 IST 2014,PASS,'Total Sales Tax' 120.00 verified successfully for Test case TestCase10 on Quotes Window.
SalesForce_TaxCalc,TESTCASE10,Fri Aug 29 16:27:00 IST 2014,PASS,Avalara Status ' Temporary' verified successfully on Calculate for Test case TestCase10 On tax calculation on Quotes Window 
SalesForce_TaxCalc,TESTCASE10,Fri Aug 29 16:27:00 IST 2014,PASS,Tax Calculation for Test case: TestCase10 Ended.
SalesForce_TaxCalc,TESTCASE11,Fri Aug 29 16:27:00 IST 2014,PASS,Tax Calculation for Test case: TestCase11 Started.
SalesForce_TaxCalc,TESTCASE11,Fri Aug 29 16:28:24 IST 2014,PASS,After clicking on menu TaxNowSettings Respective page opened successfully
SalesForce_TaxCalc,TESTCASE11,Fri Aug 29 16:28:51 IST 2014,PASS,Tax now settings updated successfully
SalesForce_TaxCalc,TESTCASE11,Fri Aug 29 16:29:38 IST 2014,PASS,After clicking on menu Accounts Respective page opened successfully
SalesForce_TaxCalc,TESTCASE11,Fri Aug 29 16:29:51 IST 2014,PASS,Opportunities created successfully
SalesForce_TaxCalc,TESTCASE11,Fri Aug 29 16:30:01 IST 2014,PASS,After clicking on menu Opportunities Respective page opened successfully
SalesForce_TaxCalc,TESTCASE11,Fri Aug 29 16:30:48 IST 2014,PASS,Avalara Status 'Temporary' verified successfully on adding products for Test case TestCase11 On Menu item : - Opportunities
SalesForce_TaxCalc,TESTCASE11,Fri Aug 29 16:30:55 IST 2014,PASS,'Total Sales Tax' 60.00 verified successfully for Test case TestCase11 on Opportunities Window.
SalesForce_TaxCalc,TESTCASE11,Fri Aug 29 16:30:55 IST 2014,PASS,Avalara Status ' Saved' verified successfully on Calculate for Test case TestCase11 On tax calculation on Opportunities Window 
SalesForce_TaxCalc,TESTCASE11,Fri Aug 29 16:31:23 IST 2014,PASS,After clicking on menu newQuote Respective page opened successfully
SalesForce_TaxCalc,TESTCASE11,Fri Aug 29 16:32:06 IST 2014,PASS,Avalara Status 'Temporary' verified successfully on adding products for Test case TestCase11 On Menu item : - Quotes
SalesForce_TaxCalc,TESTCASE11,Fri Aug 29 16:32:36 IST 2014,PASS,'Total Sales Tax' 120.00 verified successfully for Test case TestCase11 on Quotes Window.
SalesForce_TaxCalc,TESTCASE11,Fri Aug 29 16:32:37 IST 2014,PASS,Avalara Status ' Saved' verified successfully on Calculate for Test case TestCase11 On tax calculation on Quotes Window 
SalesForce_TaxCalc,TESTCASE11,Fri Aug 29 16:32:37 IST 2014,PASS,Tax Calculation for Test case: TestCase11 Ended.
SalesForce_TaxCalc,TESTCASE12,Fri Aug 29 16:32:37 IST 2014,PASS,Tax Calculation for Test case: TestCase12 Started.
SalesForce_TaxCalc,TESTCASE12,Fri Aug 29 16:34:01 IST 2014,PASS,After clicking on menu TaxNowSettings Respective page opened successfully
SalesForce_TaxCalc,TESTCASE12,Fri Aug 29 16:34:28 IST 2014,PASS,Tax now settings updated successfully
SalesForce_TaxCalc,TESTCASE12,Fri Aug 29 16:35:16 IST 2014,PASS,After clicking on menu Accounts Respective page opened successfully
SalesForce_TaxCalc,TESTCASE12,Fri Aug 29 16:35:29 IST 2014,PASS,Opportunities created successfully
SalesForce_TaxCalc,TESTCASE12,Fri Aug 29 16:35:39 IST 2014,PASS,After clicking on menu Opportunities Respective page opened successfully
SalesForce_TaxCalc,TESTCASE12,Fri Aug 29 16:36:23 IST 2014,PASS,Avalara Status 'Temporary' verified successfully on adding products for Test case TestCase12 On Menu item : - Opportunities
SalesForce_TaxCalc,TESTCASE12,Fri Aug 29 16:36:30 IST 2014,PASS,'Total Sales Tax' 77.50 verified successfully for Test case TestCase12 on Opportunities Window.
SalesForce_TaxCalc,TESTCASE12,Fri Aug 29 16:36:31 IST 2014,PASS,Avalara Status ' Saved' verified successfully on Calculate for Test case TestCase12 On tax calculation on Opportunities Window 
SalesForce_TaxCalc,TESTCASE12,Fri Aug 29 16:36:38 IST 2014,PASS,'Total Sales Tax' 77.50 verified successfully for Test case TestCase12 on Finalize Opportunity Window.
SalesForce_TaxCalc,TESTCASE12,Fri Aug 29 16:36:38 IST 2014,PASS,Avalara Status ' Committed' verified successfully on Calculate for Test case TestCase12 On tax calculation on Finalize Opportunity Window 
SalesForce_TaxCalc,TESTCASE12,Fri Aug 29 16:37:06 IST 2014,PASS,After clicking on menu newQuote Respective page opened successfully
SalesForce_TaxCalc,TESTCASE12,Fri Aug 29 16:37:48 IST 2014,PASS,Avalara Status 'Temporary' verified successfully on adding products for Test case TestCase12 On Menu item : - Quotes
SalesForce_TaxCalc,TESTCASE12,Fri Aug 29 16:37:55 IST 2014,PASS,'Total Sales Tax' 155.00 verified successfully for Test case TestCase12 on Quotes Window.
SalesForce_TaxCalc,TESTCASE12,Fri Aug 29 16:37:55 IST 2014,PASS,Avalara Status ' Saved' verified successfully on Calculate for Test case TestCase12 On tax calculation on Quotes Window 
SalesForce_TaxCalc,TESTCASE12,Fri Aug 29 16:38:00 IST 2014,PASS,'Total Sales Tax' 155.00 verified successfully for Test case TestCase12 on Finalize Quote Window.
SalesForce_TaxCalc,TESTCASE12,Fri Aug 29 16:38:01 IST 2014,PASS,Avalara Status ' Committed' verified successfully on Calculate for Test case TestCase12 On tax calculation on Finalize Quote Window 
SalesForce_TaxCalc,TESTCASE12,Fri Aug 29 16:38:01 IST 2014,PASS,Tax Calculation for Test case: TestCase12 Ended.
SalesForce_TaxCalc,TESTCASE13,Fri Aug 29 16:38:01 IST 2014,PASS,Tax Calculation for Test case: TestCase13 Started.
SalesForce_TaxCalc,TESTCASE13,Fri Aug 29 16:39:25 IST 2014,PASS,After clicking on menu TaxNowSettings Respective page opened successfully
SalesForce_TaxCalc,TESTCASE13,Fri Aug 29 16:39:52 IST 2014,PASS,Tax now settings updated successfully
SalesForce_TaxCalc,TESTCASE13,Fri Aug 29 16:40:41 IST 2014,PASS,After clicking on menu Accounts Respective page opened successfully
SalesForce_TaxCalc,TESTCASE13,Fri Aug 29 16:40:53 IST 2014,PASS,Opportunities created successfully
SalesForce_TaxCalc,TESTCASE13,Fri Aug 29 16:41:03 IST 2014,PASS,After clicking on menu Opportunities Respective page opened successfully
SalesForce_TaxCalc,TESTCASE13,Fri Aug 29 16:41:49 IST 2014,PASS,Avalara Status 'Temporary' verified successfully on adding products for Test case TestCase13 On Menu item : - Opportunities
SalesForce_TaxCalc,TESTCASE13,Fri Aug 29 16:41:56 IST 2014,PASS,'Total Sales Tax' 77.50 verified successfully for Test case TestCase13 on Opportunities Window.
SalesForce_TaxCalc,TESTCASE13,Fri Aug 29 16:41:56 IST 2014,PASS,Avalara Status ' Temporary' verified successfully on Calculate for Test case TestCase13 On tax calculation on Opportunities Window 
SalesForce_TaxCalc,TESTCASE13,Fri Aug 29 16:42:24 IST 2014,PASS,After clicking on menu newQuote Respective page opened successfully
SalesForce_TaxCalc,TESTCASE13,Fri Aug 29 16:43:05 IST 2014,PASS,Avalara Status 'Temporary' verified successfully on adding products for Test case TestCase13 On Menu item : - Quotes
SalesForce_TaxCalc,TESTCASE13,Fri Aug 29 16:43:11 IST 2014,PASS,'Total Sales Tax' 155.00 verified successfully for Test case TestCase13 on Quotes Window.
SalesForce_TaxCalc,TESTCASE13,Fri Aug 29 16:43:12 IST 2014,PASS,Avalara Status ' Temporary' verified successfully on Calculate for Test case TestCase13 On tax calculation on Quotes Window 
SalesForce_TaxCalc,TESTCASE13,Fri Aug 29 16:43:12 IST 2014,PASS,Tax Calculation for Test case: TestCase13 Ended.
SalesForce_TaxCalc,TESTCASE14,Fri Aug 29 16:43:12 IST 2014,PASS,Tax Calculation for Test case: TestCase14 Started.
SalesForce_TaxCalc,TESTCASE14,Fri Aug 29 16:44:35 IST 2014,PASS,After clicking on menu TaxNowSettings Respective page opened successfully
SalesForce_TaxCalc,TESTCASE14,Fri Aug 29 16:45:00 IST 2014,PASS,Tax now settings updated successfully
SalesForce_TaxCalc,TESTCASE14,Fri Aug 29 16:45:41 IST 2014,PASS,After clicking on menu Accounts Respective page opened successfully
SalesForce_TaxCalc,TESTCASE14,Fri Aug 29 16:45:51 IST 2014,PASS,Opportunities created successfully
SalesForce_TaxCalc,TESTCASE14,Fri Aug 29 16:46:01 IST 2014,PASS,After clicking on menu Opportunities Respective page opened successfully
SalesForce_TaxCalc,TESTCASE14,Fri Aug 29 16:46:42 IST 2014,PASS,Avalara Status 'Temporary' verified successfully on adding products for Test case TestCase14 On Menu item : - Opportunities
SalesForce_TaxCalc,TESTCASE14,Fri Aug 29 16:46:48 IST 2014,PASS,Error message appeared as Name: PreQualification Error Summary: Tax Calculations are Disabled - Check 'Enable Tax Calculations' in the TaxServices tab Details:
SalesForce_TaxCalc,TESTCASE14,Fri Aug 29 16:47:14 IST 2014,PASS,After clicking on menu newQuote Respective page opened successfully
SalesForce_TaxCalc,TESTCASE14,Fri Aug 29 16:47:52 IST 2014,PASS,Avalara Status 'Temporary' verified successfully on adding products for Test case TestCase14 On Menu item : - Quotes
SalesForce_TaxCalc,TESTCASE14,Fri Aug 29 16:47:58 IST 2014,PASS,Error message appeared as Name: PreQualification Error Summary: Tax Calculations are Disabled - Check 'Enable Tax Calculations' in the TaxServices tab Details:
SalesForce_TaxCalc,TESTCASE14,Fri Aug 29 16:47:58 IST 2014,PASS,Tax Calculation for Test case: TestCase14 Ended.
SalesForce_TaxCalc,TESTCASE15,Fri Aug 29 16:47:58 IST 2014,PASS,Tax Calculation for Test case: TestCase15 Started.
SalesForce_TaxCalc,TESTCASE15,Fri Aug 29 16:49:21 IST 2014,PASS,After clicking on menu TaxNowSettings Respective page opened successfully
SalesForce_TaxCalc,TESTCASE15,Fri Aug 29 16:49:44 IST 2014,PASS,Tax now settings updated successfully
SalesForce_TaxCalc,TESTCASE15,Fri Aug 29 16:50:26 IST 2014,PASS,After clicking on menu Accounts Respective page opened successfully
SalesForce_TaxCalc,TESTCASE15,Fri Aug 29 16:50:35 IST 2014,PASS,Opportunities created successfully
SalesForce_TaxCalc,TESTCASE15,Fri Aug 29 16:50:45 IST 2014,PASS,After clicking on menu Opportunities Respective page opened successfully
SalesForce_TaxCalc,TESTCASE15,Fri Aug 29 16:51:26 IST 2014,PASS,Avalara Status 'Temporary' verified successfully on adding products for Test case TestCase15 On Menu item : - Opportunities
SalesForce_TaxCalc,TESTCASE15,Fri Aug 29 16:51:33 IST 2014,PASS,Error message appeared as Name: PreQualification Error Summary: Tax Calculations are Disabled - Check 'Enable Tax Calculations' in the TaxServices tab Details:
SalesForce_TaxCalc,TESTCASE15,Fri Aug 29 16:51:59 IST 2014,PASS,After clicking on menu newQuote Respective page opened successfully
SalesForce_TaxCalc,TESTCASE15,Fri Aug 29 16:52:37 IST 2014,PASS,Avalara Status 'Temporary' verified successfully on adding products for Test case TestCase15 On Menu item : - Quotes
SalesForce_TaxCalc,TESTCASE15,Fri Aug 29 16:53:08 IST 2014,PASS,Error message appeared as Name: PreQualification Error Summary: Tax Calculations are Disabled - Check 'Enable Tax Calculations' in the TaxServices tab Details:
SalesForce_TaxCalc,TESTCASE15,Fri Aug 29 16:53:08 IST 2014,PASS,Tax Calculation for Test case: TestCase15 Ended.
SalesForce_TaxCalc,TESTCASE16,Fri Aug 29 16:53:08 IST 2014,PASS,Tax Calculation for Test case: TestCase16 Started.
SalesForce_TaxCalc,TESTCASE16,Fri Aug 29 16:54:31 IST 2014,PASS,After clicking on menu TaxNowSettings Respective page opened successfully
SalesForce_TaxCalc,TESTCASE16,Fri Aug 29 16:54:54 IST 2014,PASS,Tax now settings updated successfully
SalesForce_TaxCalc,TESTCASE16,Fri Aug 29 16:55:36 IST 2014,PASS,After clicking on menu Accounts Respective page opened successfully
SalesForce_TaxCalc,TESTCASE16,Fri Aug 29 16:55:46 IST 2014,PASS,Opportunities created successfully
SalesForce_TaxCalc,TESTCASE16,Fri Aug 29 16:55:56 IST 2014,PASS,After clicking on menu Opportunities Respective page opened successfully
SalesForce_TaxCalc,TESTCASE16,Fri Aug 29 16:56:38 IST 2014,PASS,Avalara Status 'Temporary' verified successfully on adding products for Test case TestCase16 On Menu item : - Opportunities
SalesForce_TaxCalc,TESTCASE16,Fri Aug 29 16:56:45 IST 2014,PASS,Error message appeared as Name: PreQualification Error Summary: Tax Calculations are Disabled - Check 'Enable Tax Calculations' in the TaxServices tab Details:
SalesForce_TaxCalc,TESTCASE16,Fri Aug 29 16:57:11 IST 2014,PASS,After clicking on menu newQuote Respective page opened successfully
SalesForce_TaxCalc,TESTCASE16,Fri Aug 29 16:57:50 IST 2014,PASS,Avalara Status 'Temporary' verified successfully on adding products for Test case TestCase16 On Menu item : - Quotes
SalesForce_TaxCalc,TESTCASE16,Fri Aug 29 16:57:54 IST 2014,PASS,Error message appeared as Name: PreQualification Error Summary: Tax Calculations are Disabled - Check 'Enable Tax Calculations' in the TaxServices tab Details:
SalesForce_TaxCalc,TESTCASE16,Fri Aug 29 16:57:54 IST 2014,PASS,Tax Calculation for Test case: TestCase16 Ended.
SalesForce_TaxCalc,TESTCASE17,Fri Aug 29 16:57:54 IST 2014,PASS,Tax Calculation for Test case: TestCase17 Started.
SalesForce_TaxCalc,TESTCASE17,Fri Aug 29 16:59:17 IST 2014,PASS,After clicking on menu TaxNowSettings Respective page opened successfully
SalesForce_TaxCalc,TESTCASE17,Fri Aug 29 16:59:41 IST 2014,PASS,Tax now settings updated successfully
SalesForce_TaxCalc,TESTCASE17,Fri Aug 29 17:00:23 IST 2014,PASS,After clicking on menu Accounts Respective page opened successfully
SalesForce_TaxCalc,TESTCASE17,Fri Aug 29 17:00:32 IST 2014,PASS,Opportunities created successfully
SalesForce_TaxCalc,TESTCASE17,Fri Aug 29 17:00:42 IST 2014,PASS,After clicking on menu Opportunities Respective page opened successfully
SalesForce_TaxCalc,TESTCASE17,Fri Aug 29 17:01:23 IST 2014,PASS,Avalara Status 'Temporary' verified successfully on adding products for Test case TestCase17 On Menu item : - Opportunities
SalesForce_TaxCalc,TESTCASE17,Fri Aug 29 17:01:30 IST 2014,PASS,Error message appeared as Name: PreQualification Error Summary: Tax Calculations are Disabled - Check 'Enable Tax Calculations' in the TaxServices tab Details:
SalesForce_TaxCalc,TESTCASE17,Fri Aug 29 17:01:56 IST 2014,PASS,After clicking on menu newQuote Respective page opened successfully
SalesForce_TaxCalc,TESTCASE17,Fri Aug 29 17:02:34 IST 2014,PASS,Avalara Status 'Temporary' verified successfully on adding products for Test case TestCase17 On Menu item : - Quotes
SalesForce_TaxCalc,TESTCASE17,Fri Aug 29 17:02:39 IST 2014,PASS,Error message appeared as Name: PreQualification Error Summary: Tax Calculations are Disabled - Check 'Enable Tax Calculations' in the TaxServices tab Details:
SalesForce_TaxCalc,TESTCASE17,Fri Aug 29 17:02:39 IST 2014,PASS,Tax Calculation for Test case: TestCase17 Ended.
SalesForce_TaxCalc,TESTCASE18,Fri Aug 29 17:02:39 IST 2014,PASS,Tax Calculation for Test case: TestCase18 Started.
SalesForce_TaxCalc,TESTCASE18,Fri Aug 29 17:04:02 IST 2014,PASS,After clicking on menu TaxNowSettings Respective page opened successfully
SalesForce_TaxCalc,TESTCASE18,Fri Aug 29 17:04:27 IST 2014,PASS,Tax now settings updated successfully
SalesForce_TaxCalc,TESTCASE18,Fri Aug 29 17:05:08 IST 2014,PASS,After clicking on menu Accounts Respective page opened successfully
SalesForce_TaxCalc,TESTCASE18,Fri Aug 29 17:05:17 IST 2014,PASS,Opportunities created successfully
SalesForce_TaxCalc,TESTCASE18,Fri Aug 29 17:05:27 IST 2014,PASS,After clicking on menu Opportunities Respective page opened successfully
SalesForce_TaxCalc,TESTCASE18,Fri Aug 29 17:06:08 IST 2014,PASS,Avalara Status 'Temporary' verified successfully on adding products for Test case TestCase18 On Menu item : - Opportunities
SalesForce_TaxCalc,TESTCASE18,Fri Aug 29 17:06:39 IST 2014,FAIL,'Total Sales Tax' 50.00 NOT verified successfully for Test caseTestCase18 on Opportunities Window.Expected Tax :- 50.00 and Actual Tax:- 80.00
SalesForce_TaxCalc,SalesForce_TaxCalc,Fri Aug 29 17:06:39 IST 2014,PASS,Script Ended.
SalesForce_TaxCode,SalesForce_TaxCode,Fri Aug 29 17:13:10 IST 2014,FAIL,Logging into SalesForce application is Failed.
SalesForce_TaxCode,TESTCASE40,Fri Aug 29 17:13:10 IST 2014,PASS,Tax Calculation for Test case: TestCase40 Started.
SalesForce_TaxCode,TESTCASE40,Fri Aug 29 17:13:36 IST 2014,PASS,After clicking on menu TaxNowSettings Respective page opened successfully
SalesForce_TaxCode,TESTCASE40,Fri Aug 29 17:13:59 IST 2014,PASS,Tax now settings updated successfully
SalesForce_TaxCode,TESTCASE40,Fri Aug 29 17:14:39 IST 2014,PASS,After clicking on menu Accounts Respective page opened successfully
SalesForce_TaxCode,TESTCASE40,Fri Aug 29 17:14:47 IST 2014,PASS,Opportunities created successfully
SalesForce_TaxCode,TESTCASE40,Fri Aug 29 17:14:57 IST 2014,PASS,After clicking on menu Opportunities Respective page opened successfully
SalesForce_TaxCode,TESTCASE40,Fri Aug 29 17:15:37 IST 2014,PASS,Avalara Status 'Temporary' verified successfully on adding products for Test case TestCase40 On Menu item : - Opportunities
SalesForce_TaxCode,TESTCASE40,Fri Aug 29 17:15:43 IST 2014,PASS,'Total Sales Tax' 42.00 verified successfully for Test case TestCase40 on Opportunities Window.
SalesForce_TaxCode,TESTCASE40,Fri Aug 29 17:15:44 IST 2014,PASS,Avalara Status ' Saved' verified successfully on Calculate for Test case TestCase40 On tax calculation on Opportunities Window 
SalesForce_TaxCode,TESTCASE40,Fri Aug 29 17:15:48 IST 2014,PASS,'Total Sales Tax' 42.00 verified successfully for Test case TestCase40 on Finalize Opportunity Window.
SalesForce_TaxCode,TESTCASE40,Fri Aug 29 17:15:48 IST 2014,PASS,Avalara Status ' Committed' verified successfully on Calculate for Test case TestCase40 On tax calculation on Finalize Opportunity Window 
SalesForce_TaxCode,TESTCASE40,Fri Aug 29 17:16:14 IST 2014,PASS,After clicking on menu newQuote Respective page opened successfully
SalesForce_TaxCode,TESTCASE40,Fri Aug 29 17:16:50 IST 2014,PASS,Avalara Status 'Temporary' verified successfully on adding products for Test case TestCase40 On Menu item : - Quotes
SalesForce_TaxCode,TESTCASE40,Fri Aug 29 17:16:56 IST 2014,PASS,'Total Sales Tax' 84.00 verified successfully for Test case TestCase40 on Quotes Window.
SalesForce_TaxCode,TESTCASE40,Fri Aug 29 17:16:56 IST 2014,PASS,Avalara Status ' Saved' verified successfully on Calculate for Test case TestCase40 On tax calculation on Quotes Window 
SalesForce_TaxCode,TESTCASE40,Fri Aug 29 17:17:00 IST 2014,PASS,'Total Sales Tax' 84.00 verified successfully for Test case TestCase40 on Finalize Quote Window.
SalesForce_TaxCode,TESTCASE40,Fri Aug 29 17:17:00 IST 2014,PASS,Avalara Status ' Committed' verified successfully on Calculate for Test case TestCase40 On tax calculation on Finalize Quote Window 
SalesForce_TaxCode,TESTCASE40,Fri Aug 29 17:17:00 IST 2014,PASS,Tax Calculation for Test case: TestCase40 Ended.
SalesForce_TaxCode,TESTCASE41,Fri Aug 29 17:17:00 IST 2014,PASS,Tax Calculation for Test case: TestCase41 Started.
SalesForce_TaxCode,TESTCASE41,Fri Aug 29 17:18:23 IST 2014,PASS,After clicking on menu TaxNowSettings Respective page opened successfully
SalesForce_TaxCode,TESTCASE41,Fri Aug 29 17:18:46 IST 2014,PASS,Tax now settings updated successfully
SalesForce_TaxCode,TESTCASE41,Fri Aug 29 17:19:25 IST 2014,PASS,After clicking on menu Accounts Respective page opened successfully
SalesForce_TaxCode,TESTCASE41,Fri Aug 29 17:19:33 IST 2014,PASS,Opportunities created successfully
SalesForce_TaxCode,TESTCASE41,Fri Aug 29 17:19:43 IST 2014,PASS,After clicking on menu Opportunities Respective page opened successfully
SalesForce_TaxCode,TESTCASE41,Fri Aug 29 17:20:22 IST 2014,PASS,Avalara Status 'Temporary' verified successfully on adding products for Test case TestCase41 On Menu item : - Opportunities
SalesForce_TaxCode,TESTCASE41,Fri Aug 29 17:21:02 IST 2014,PASS,Avalara Status 'Temporary' verified successfully on adding products for Test case TestCase41 On Menu item : - Opportunities
SalesForce_TaxCode,TESTCASE41,Fri Aug 29 17:21:33 IST 2014,PASS,'Total Sales Tax' 114.30 verified successfully for Test case TestCase41 on Opportunities Window.
SalesForce_TaxCode,TESTCASE41,Fri Aug 29 17:21:33 IST 2014,PASS,Avalara Status ' Saved' verified successfully on Calculate for Test case TestCase41 On tax calculation on Opportunities Window 
SalesForce_TaxCode,TESTCASE41,Fri Aug 29 17:21:38 IST 2014,PASS,'Total Sales Tax' 114.30 verified successfully for Test case TestCase41 on Finalize Opportunity Window.
SalesForce_TaxCode,TESTCASE41,Fri Aug 29 17:21:38 IST 2014,PASS,Avalara Status ' Committed' verified successfully on Calculate for Test case TestCase41 On tax calculation on Finalize Opportunity Window 
SalesForce_TaxCode,TESTCASE41,Fri Aug 29 17:22:03 IST 2014,PASS,After clicking on menu newQuote Respective page opened successfully
SalesForce_TaxCode,TESTCASE41,Fri Aug 29 17:22:40 IST 2014,PASS,Avalara Status 'Temporary' verified successfully on adding products for Test case TestCase41 On Menu item : - Quotes
SalesForce_TaxCode,TESTCASE41,Fri Aug 29 17:23:16 IST 2014,PASS,Avalara Status 'Temporary' verified successfully on adding products for Test case TestCase41 On Menu item : - Quotes
SalesForce_TaxCode,TESTCASE41,Fri Aug 29 17:23:22 IST 2014,PASS,'Total Sales Tax' 228.60 verified successfully for Test case TestCase41 on Quotes Window.
SalesForce_TaxCode,TESTCASE41,Fri Aug 29 17:23:22 IST 2014,PASS,Avalara Status ' Saved' verified successfully on Calculate for Test case TestCase41 On tax calculation on Quotes Window 
SalesForce_TaxCode,TESTCASE41,Fri Aug 29 17:23:26 IST 2014,PASS,'Total Sales Tax' 228.60 verified successfully for Test case TestCase41 on Finalize Quote Window.
SalesForce_TaxCode,TESTCASE41,Fri Aug 29 17:23:26 IST 2014,PASS,Avalara Status ' Committed' verified successfully on Calculate for Test case TestCase41 On tax calculation on Finalize Quote Window 
SalesForce_TaxCode,TESTCASE41,Fri Aug 29 17:23:26 IST 2014,PASS,Tax Calculation for Test case: TestCase41 Ended.
SalesForce_TaxCode,TESTCASE42,Fri Aug 29 17:23:26 IST 2014,PASS,Tax Calculation for Test case: TestCase42 Started.
SalesForce_TaxCode,TESTCASE42,Fri Aug 29 17:24:49 IST 2014,PASS,After clicking on menu TaxNowSettings Respective page opened successfully
SalesForce_TaxCode,TESTCASE42,Fri Aug 29 17:25:12 IST 2014,PASS,Tax now settings updated successfully
SalesForce_TaxCode,TESTCASE42,Fri Aug 29 17:25:53 IST 2014,PASS,After clicking on menu Accounts Respective page opened successfully
SalesForce_TaxCode,TESTCASE42,Fri Aug 29 17:26:02 IST 2014,PASS,Opportunities created successfully
SalesForce_TaxCode,TESTCASE42,Fri Aug 29 17:26:12 IST 2014,PASS,After clicking on menu Opportunities Respective page opened successfully
SalesForce_TaxCode,TESTCASE42,Fri Aug 29 17:26:52 IST 2014,PASS,Avalara Status 'Temporary' verified successfully on adding products for Test case TestCase42 On Menu item : - Opportunities
SalesForce_TaxCode,TESTCASE42,Fri Aug 29 17:27:23 IST 2014,FAIL,fCalculateSalesTax: Exception: java.lang.NullPointerException
SalesForce_TaxCode,SalesForce_TaxCode,Fri Aug 29 17:27:23 IST 2014,PASS,Script Ended.
SalesForce_AddressValidation,SalesForce_AddressValidation,Fri Aug 29 17:44:50 IST 2014,PASS,Logging into SalesForce application is successful.
SalesForce_AddressValidation,TESTCASE60,Fri Aug 29 17:44:50 IST 2014,PASS,Address Validation for Test case: TestCase60 Started.
SalesForce_AddressValidation,TESTCASE60,Fri Aug 29 17:45:20 IST 2014,PASS,After clicking on menu TaxNowSettings Respective page opened successfully
SalesForce_AddressValidation,TESTCASE60,Fri Aug 29 17:45:44 IST 2014,PASS,Tax now settings updated successfully
SalesForce_AddressValidation,TESTCASE60,Fri Aug 29 17:45:51 IST 2014,PASS,Avalara Address Validation Test Case' verified successfully for TestCase60TaxNowSettings Window 
SalesForce_AddressValidation,TESTCASE60,Fri Aug 29 17:45:52 IST 2014,PASS,Address validation saved successfully
SalesForce_AddressValidation,TESTCASE60,Fri Aug 29 17:46:15 IST 2014,PASS,After clicking on menu Contacts Respective page opened successfully
SalesForce_AddressValidation,TESTCASE60,Fri Aug 29 17:46:17 IST 2014,PASS,Avalara Address Validation Test Case' verified successfully for TestCase60Contacts Window 
SalesForce_AddressValidation,TESTCASE60,Fri Aug 29 17:46:18 IST 2014,PASS,Address validation saved successfully
SalesForce_AddressValidation,TESTCASE60,Fri Aug 29 17:46:23 IST 2014,PASS,Avalara Address Validation Test Case' verified successfully for TestCase60Contacts Window 
SalesForce_AddressValidation,TESTCASE60,Fri Aug 29 17:46:25 IST 2014,PASS,Address validation saved successfully
SalesForce_AddressValidation,TESTCASE60,Fri Aug 29 17:47:05 IST 2014,PASS,After clicking on menu Accounts Respective page opened successfully
SalesForce_AddressValidation,TESTCASE60,Fri Aug 29 17:47:09 IST 2014,PASS,Avalara Address Validation Test Case' verified successfully for TestCase60Accounts Window 
SalesForce_AddressValidation,TESTCASE60,Fri Aug 29 17:47:10 IST 2014,PASS,Address validation saved successfully
SalesForce_AddressValidation,TESTCASE60,Fri Aug 29 17:47:15 IST 2014,PASS,Avalara Address Validation Test Case' verified successfully for TestCase60Accounts Window 
SalesForce_AddressValidation,TESTCASE60,Fri Aug 29 17:47:16 IST 2014,PASS,Address validation saved successfully
SalesForce_AddressValidation,TESTCASE60,Fri Aug 29 17:47:25 IST 2014,PASS,Opportunities created successfully
SalesForce_AddressValidation,TESTCASE60,Fri Aug 29 17:47:35 IST 2014,PASS,After clicking on menu Opportunities Respective page opened successfully
SalesForce_AddressValidation,TESTCASE60,Fri Aug 29 17:47:38 IST 2014,PASS,Avalara Address Validation Test Case' verified successfully for TestCase60Opportunities Window 
SalesForce_AddressValidation,TESTCASE60,Fri Aug 29 17:47:39 IST 2014,PASS,Address validation saved successfully
SalesForce_AddressValidation,TESTCASE60,Fri Aug 29 17:47:44 IST 2014,PASS,Avalara Address Validation Test Case' verified successfully for TestCase60Opportunities Window 
SalesForce_AddressValidation,TESTCASE60,Fri Aug 29 17:47:45 IST 2014,PASS,Address validation saved successfully
SalesForce_AddressValidation,TESTCASE60,Fri Aug 29 17:48:13 IST 2014,PASS,After clicking on menu newQuote Respective page opened successfully
SalesForce_AddressValidation,TESTCASE60,Fri Aug 29 17:48:25 IST 2014,PASS,Avalara Address Validation Test Case' verified successfully for TestCase60newQuote Window 
SalesForce_AddressValidation,TESTCASE60,Fri Aug 29 17:48:26 IST 2014,PASS,Address validation saved successfully
SalesForce_AddressValidation,TESTCASE60,Fri Aug 29 17:48:29 IST 2014,PASS,Avalara Address Validation Test Case' verified successfully for TestCase60newQuote Window 
SalesForce_AddressValidation,TESTCASE60,Fri Aug 29 17:48:30 IST 2014,PASS,Address validation saved successfully
SalesForce_AddressValidation,TESTCASE61,Fri Aug 29 17:48:30 IST 2014,PASS,Address Validation for Test case: TestCase61 Started.
SalesForce_AddressValidation,TESTCASE61,Fri Aug 29 17:49:59 IST 2014,PASS,After clicking on menu TaxNowSettings Respective page opened successfully
SalesForce_AddressValidation,TESTCASE61,Fri Aug 29 17:50:23 IST 2014,PASS,Tax now settings updated successfully
SalesForce_AddressValidation,TESTCASE61,Fri Aug 29 17:51:26 IST 2014,PASS,Address validation verified successfully
SalesForce_AddressValidation,TESTCASE61,Fri Aug 29 17:52:27 IST 2014,PASS,Address validation saved successfully
SalesForce_AddressValidation,TESTCASE61,Fri Aug 29 17:53:50 IST 2014,PASS,After clicking on menu Contacts Respective page opened successfully
SalesForce_AddressValidation,TESTCASE61,Fri Aug 29 17:54:53 IST 2014,PASS,Address validation verified successfully
SalesForce_AddressValidation,TESTCASE61,Fri Aug 29 17:55:55 IST 2014,PASS,Address validation saved successfully
SalesForce_AddressValidation,TESTCASE61,Fri Aug 29 17:56:59 IST 2014,PASS,Address validation verified successfully
SalesForce_AddressValidation,TESTCASE61,Fri Aug 29 17:59:02 IST 2014,PASS,Address validation saved successfully
SalesForce_AddressValidation,TESTCASE61,Fri Aug 29 17:59:42 IST 2014,PASS,After clicking on menu Accounts Respective page opened successfully
SalesForce_AddressValidation,TESTCASE61,Fri Aug 29 18:00:45 IST 2014,PASS,Address validation verified successfully
SalesForce_AddressValidation,TESTCASE61,Fri Aug 29 18:01:47 IST 2014,PASS,Address validation saved successfully
SalesForce_AddressValidation,TESTCASE61,Fri Aug 29 18:02:53 IST 2014,PASS,Address validation verified successfully
SalesForce_AddressValidation,TESTCASE61,Fri Aug 29 18:03:54 IST 2014,PASS,Address validation saved successfully
SalesForce_AddressValidation,TESTCASE61,Fri Aug 29 18:05:05 IST 2014,PASS,Opportunities created successfully
SalesForce_AddressValidation,TESTCASE61,Fri Aug 29 18:05:15 IST 2014,PASS,After clicking on menu Opportunities Respective page opened successfully
SalesForce_AddressValidation,TESTCASE61,Fri Aug 29 18:09:21 IST 2014,PASS,Address validation saved successfully
SalesForce_AddressValidation,TESTCASE61,Fri Aug 29 18:12:29 IST 2014,PASS,Address validation saved successfully
SalesForce_AddressValidation,TESTCASE61,Fri Aug 29 18:12:58 IST 2014,PASS,After clicking on menu newQuote Respective page opened successfully
SalesForce_AddressValidation,TESTCASE61,Fri Aug 29 18:14:01 IST 2014,PASS,Address validation verified successfully
SalesForce_AddressValidation,TESTCASE61,Fri Aug 29 18:15:03 IST 2014,PASS,Address validation saved successfully
SalesForce_AddressValidation,TESTCASE61,Fri Aug 29 18:16:09 IST 2014,PASS,Address validation verified successfully
SalesForce_AddressValidation,TESTCASE61,Fri Aug 29 18:17:10 IST 2014,PASS,Address validation saved successfully
SalesForce_AddressValidation,TESTCASE62,Fri Aug 29 18:17:10 IST 2014,PASS,Address Validation for Test case: TestCase62 Started.
SalesForce_AddressValidation,TESTCASE62,Fri Aug 29 18:18:40 IST 2014,PASS,After clicking on menu TaxNowSettings Respective page opened successfully
SalesForce_AddressValidation,TESTCASE62,Fri Aug 29 18:19:04 IST 2014,PASS,Tax now settings updated successfully
SalesForce_AddressValidation,TESTCASE62,Fri Aug 29 18:20:07 IST 2014,PASS,Address validation verified successfully
SalesForce_AddressValidation,TESTCASE62,Fri Aug 29 18:21:09 IST 2014,PASS,Address validation saved successfully
SalesForce_AddressValidation,TESTCASE62,Fri Aug 29 18:21:33 IST 2014,PASS,After clicking on menu Contacts Respective page opened successfully
SalesForce_AddressValidation,TESTCASE62,Fri Aug 29 18:22:36 IST 2014,PASS,Address validation verified successfully
SalesForce_AddressValidation,TESTCASE62,Fri Aug 29 18:23:38 IST 2014,PASS,Address validation saved successfully
SalesForce_AddressValidation,TESTCASE62,Fri Aug 29 18:24:45 IST 2014,PASS,Address validation verified successfully
SalesForce_AddressValidation,TESTCASE62,Fri Aug 29 18:25:46 IST 2014,PASS,Address validation saved successfully
SalesForce_AddressValidation,TESTCASE62,Fri Aug 29 18:26:28 IST 2014,PASS,After clicking on menu Accounts Respective page opened successfully
SalesForce_AddressValidation,TESTCASE62,Fri Aug 29 18:27:32 IST 2014,PASS,Address validation verified successfully
SalesForce_AddressValidation,TESTCASE62,Fri Aug 29 18:28:35 IST 2014,PASS,Address validation saved successfully
SalesForce_AddressValidation,TESTCASE62,Fri Aug 29 18:29:41 IST 2014,PASS,Address validation verified successfully
SalesForce_AddressValidation,TESTCASE62,Fri Aug 29 18:31:44 IST 2014,PASS,Address validation saved successfully
SalesForce_AddressValidation,TESTCASE62,Fri Aug 29 18:32:54 IST 2014,PASS,Opportunities created successfully
SalesForce_AddressValidation,TESTCASE62,Fri Aug 29 18:33:04 IST 2014,PASS,After clicking on menu Opportunities Respective page opened successfully
SalesForce_AddressValidation,TESTCASE62,Fri Aug 29 18:36:09 IST 2014,PASS,Address validation saved successfully
SalesForce_AddressValidation,TESTCASE62,Fri Aug 29 18:39:22 IST 2014,PASS,Address validation saved successfully
SalesForce_AddressValidation,TESTCASE62,Fri Aug 29 18:39:50 IST 2014,PASS,After clicking on menu newQuote Respective page opened successfully
SalesForce_AddressValidation,TESTCASE62,Fri Aug 29 18:40:59 IST 2014,PASS,Address validation verified successfully
SalesForce_AddressValidation,TESTCASE62,Fri Aug 29 18:43:01 IST 2014,PASS,Address validation saved successfully
SalesForce_AddressValidation,TESTCASE62,Fri Aug 29 18:43:42 IST 2014,FAIL,fAddressValidation: Exception: org.openqa.selenium.remote.UnreachableBrowserException: Error communicating with the remote browser. It may have died.
SalesForce_AddressValidation,SalesForce_AddressValidation,Fri Aug 29 18:43:42 IST 2014,PASS,Script Ended.
SalesForce_ErrorMessageDisplayed,SalesForce_ErrorMessageDisplayed,Mon Sep 01 14:14:38 IST 2014,PASS,Logging into SalesForce application is successful.
SalesForce_ErrorMessageDisplayed,TESTCASE80,Mon Sep 01 14:14:38 IST 2014,PASS,Tax Calculation for Test case: TestCase80 Started.
SalesForce_ErrorMessageDisplayed,TESTCASE80,Mon Sep 01 14:15:02 IST 2014,PASS,After clicking on menu TaxNowSettings Respective page opened successfully
SalesForce_ErrorMessageDisplayed,TESTCASE80,Mon Sep 01 14:15:26 IST 2014,PASS,Tax now settings updated successfully
SalesForce_ErrorMessageDisplayed,TESTCASE80,Mon Sep 01 14:16:08 IST 2014,PASS,After clicking on menu Accounts Respective page opened successfully
SalesForce_ErrorMessageDisplayed,TESTCASE80,Mon Sep 01 14:16:19 IST 2014,PASS,Opportunities created successfully
SalesForce_ErrorMessageDisplayed,TESTCASE80,Mon Sep 01 14:16:29 IST 2014,PASS,After clicking on menu Opportunities Respective page opened successfully
SalesForce_ErrorMessageDisplayed,TESTCASE80,Mon Sep 01 14:17:12 IST 2014,PASS,Avalara Status 'Temporary' verified successfully on adding products for Test case TestCase80 On Menu item : - Opportunities
SalesForce_ErrorMessageDisplayed,TESTCASE80,Mon Sep 01 14:17:28 IST 2014,PASS,Error message appeared as Name: JurisdictionNotFoundError Summary: Unable to determine the taxing jurisdictions. Details: 900432 Winslow Way, Bainbridge Island, WA 453543 US (Destination)
SalesForce_ErrorMessageDisplayed,TESTCASE80,Mon Sep 01 14:17:55 IST 2014,PASS,After clicking on menu newQuote Respective page opened successfully
SalesForce_ErrorMessageDisplayed,TESTCASE80,Mon Sep 01 14:18:33 IST 2014,PASS,Avalara Status 'Temporary' verified successfully on adding products for Test case TestCase80 On Menu item : - Quotes
SalesForce_ErrorMessageDisplayed,TESTCASE80,Mon Sep 01 14:18:40 IST 2014,PASS,Error message appeared as Name: JurisdictionNotFoundError Summary: Unable to determine the taxing jurisdictions. Details: 900432 Winslow Way, Bainbridge Island, WA 453543 US (Destination)
SalesForce_ErrorMessageDisplayed,TESTCASE80,Mon Sep 01 14:18:40 IST 2014,PASS,Tax Calculation for Test case: TestCase80 Ended.
SalesForce_ErrorMessageDisplayed,TESTCASE81,Mon Sep 01 14:18:40 IST 2014,PASS,Tax Calculation for Test case: TestCase81 Started.
SalesForce_ErrorMessageDisplayed,TESTCASE81,Mon Sep 01 14:20:03 IST 2014,PASS,After clicking on menu TaxNowSettings Respective page opened successfully
SalesForce_ErrorMessageDisplayed,TESTCASE81,Mon Sep 01 14:20:27 IST 2014,PASS,Tax now settings updated successfully
SalesForce_ErrorMessageDisplayed,TESTCASE81,Mon Sep 01 14:21:09 IST 2014,PASS,After clicking on menu Accounts Respective page opened successfully
SalesForce_ErrorMessageDisplayed,TESTCASE81,Mon Sep 01 14:21:18 IST 2014,PASS,Opportunities created successfully
SalesForce_ErrorMessageDisplayed,TESTCASE81,Mon Sep 01 14:21:28 IST 2014,PASS,After clicking on menu Opportunities Respective page opened successfully
SalesForce_ErrorMessageDisplayed,TESTCASE81,Mon Sep 01 14:22:10 IST 2014,PASS,Avalara Status 'Temporary' verified successfully on adding products for Test case TestCase81 On Menu item : - Opportunities
SalesForce_ErrorMessageDisplayed,TESTCASE81,Mon Sep 01 14:22:18 IST 2014,PASS,Error message appeared as Name: JurisdictionNotFoundError Summary: Unable to determine the taxing jurisdictions. Details: 900432 Winslow Way, Bainbridge Island, WA 453543 US (Destination)
SalesForce_ErrorMessageDisplayed,TESTCASE81,Mon Sep 01 14:22:44 IST 2014,PASS,After clicking on menu newQuote Respective page opened successfully
SalesForce_ErrorMessageDisplayed,TESTCASE81,Mon Sep 01 14:23:22 IST 2014,PASS,Avalara Status 'Temporary' verified successfully on adding products for Test case TestCase81 On Menu item : - Quotes
SalesForce_ErrorMessageDisplayed,TESTCASE81,Mon Sep 01 14:23:28 IST 2014,PASS,Error message appeared as Name: JurisdictionNotFoundError Summary: Unable to determine the taxing jurisdictions. Details: 900432 Winslow Way, Bainbridge Island, WA 453543 US (Destination)
SalesForce_ErrorMessageDisplayed,TESTCASE81,Mon Sep 01 14:23:28 IST 2014,PASS,Tax Calculation for Test case: TestCase81 Ended.
SalesForce_ErrorMessageDisplayed,TESTCASE82,Mon Sep 01 14:23:28 IST 2014,PASS,Tax Calculation for Test case: TestCase82 Started.
SalesForce_ErrorMessageDisplayed,TESTCASE82,Mon Sep 01 14:24:51 IST 2014,PASS,After clicking on menu TaxNowSettings Respective page opened successfully
SalesForce_ErrorMessageDisplayed,TESTCASE82,Mon Sep 01 14:25:16 IST 2014,PASS,Tax now settings updated successfully
SalesForce_ErrorMessageDisplayed,TESTCASE82,Mon Sep 01 14:25:58 IST 2014,PASS,After clicking on menu Accounts Respective page opened successfully
SalesForce_ErrorMessageDisplayed,TESTCASE82,Mon Sep 01 14:26:07 IST 2014,PASS,Opportunities created successfully
SalesForce_ErrorMessageDisplayed,TESTCASE82,Mon Sep 01 14:26:17 IST 2014,PASS,After clicking on menu Opportunities Respective page opened successfully
SalesForce_ErrorMessageDisplayed,TESTCASE82,Mon Sep 01 14:26:59 IST 2014,PASS,Avalara Status 'Temporary' verified successfully on adding products for Test case TestCase82 On Menu item : - Opportunities
SalesForce_ErrorMessageDisplayed,TESTCASE82,Mon Sep 01 14:27:06 IST 2014,PASS,Error message appeared as Name: JurisdictionNotFoundError Summary: Unable to determine the taxing jurisdictions. Details: 900432 Winslow Way, Bainbridge Island, WA 453543 US (Destination)
SalesForce_ErrorMessageDisplayed,TESTCASE82,Mon Sep 01 14:27:12 IST 2014,PASS,Error message appeared as Name: JurisdictionNotFoundError Summary: Unable to determine the taxing jurisdictions. Details: 900432 Winslow Way, Bainbridge Island, WA 453543 US (Destination)
SalesForce_ErrorMessageDisplayed,TESTCASE82,Mon Sep 01 14:27:38 IST 2014,PASS,After clicking on menu newQuote Respective page opened successfully
SalesForce_ErrorMessageDisplayed,TESTCASE82,Mon Sep 01 14:28:16 IST 2014,PASS,Avalara Status 'Temporary' verified successfully on adding products for Test case TestCase82 On Menu item : - Quotes
SalesForce_ErrorMessageDisplayed,TESTCASE82,Mon Sep 01 14:28:47 IST 2014,PASS,Error message appeared as Name: JurisdictionNotFoundError Summary: Unable to determine the taxing jurisdictions. Details: 900432 Winslow Way, Bainbridge Island, WA 453543 US (Destination)
SalesForce_ErrorMessageDisplayed,TESTCASE82,Mon Sep 01 14:28:52 IST 2014,PASS,Error message appeared as Name: JurisdictionNotFoundError Summary: Unable to determine the taxing jurisdictions. Details: 900432 Winslow Way, Bainbridge Island, WA 453543 US (Destination)
SalesForce_ErrorMessageDisplayed,TESTCASE82,Mon Sep 01 14:28:52 IST 2014,PASS,Tax Calculation for Test case: TestCase82 Ended.
SalesForce_ErrorMessageDisplayed,TESTCASE83,Mon Sep 01 14:28:52 IST 2014,PASS,Tax Calculation for Test case: TestCase83 Started.
SalesForce_ErrorMessageDisplayed,TESTCASE83,Mon Sep 01 14:30:15 IST 2014,PASS,After clicking on menu TaxNowSettings Respective page opened successfully
SalesForce_ErrorMessageDisplayed,TESTCASE83,Mon Sep 01 14:30:39 IST 2014,PASS,Tax now settings updated successfully
SalesForce_ErrorMessageDisplayed,TESTCASE83,Mon Sep 01 14:31:30 IST 2014,PASS,After clicking on menu Accounts Respective page opened successfully
SalesForce_ErrorMessageDisplayed,TESTCASE83,Mon Sep 01 14:31:46 IST 2014,PASS,Opportunities created successfully
SalesForce_ErrorMessageDisplayed,TESTCASE83,Mon Sep 01 14:31:56 IST 2014,PASS,After clicking on menu Opportunities Respective page opened successfully
SalesForce_ErrorMessageDisplayed,TESTCASE83,Mon Sep 01 14:32:46 IST 2014,PASS,Avalara Status 'Temporary' verified successfully on adding products for Test case TestCase83 On Menu item : - Opportunities
SalesForce_ErrorMessageDisplayed,TESTCASE83,Mon Sep 01 14:32:56 IST 2014,PASS,Error message appeared as Name: JurisdictionNotFoundError Summary: Unable to determine the taxing jurisdictions. Details: 900432 Winslow Way, Bainbridge Island, WA 453543 US (Destination)
SalesForce_ErrorMessageDisplayed,TESTCASE83,Mon Sep 01 14:33:25 IST 2014,PASS,After clicking on menu newQuote Respective page opened successfully
SalesForce_ErrorMessageDisplayed,TESTCASE83,Mon Sep 01 14:34:11 IST 2014,PASS,Avalara Status 'Temporary' verified successfully on adding products for Test case TestCase83 On Menu item : - Quotes
SalesForce_ErrorMessageDisplayed,TESTCASE83,Mon Sep 01 14:34:21 IST 2014,PASS,Error message appeared as Name: JurisdictionNotFoundError Summary: Unable to determine the taxing jurisdictions. Details: 900432 Winslow Way, Bainbridge Island, WA 453543 US (Destination)
SalesForce_ErrorMessageDisplayed,TESTCASE83,Mon Sep 01 14:34:21 IST 2014,PASS,Tax Calculation for Test case: TestCase83 Ended.
SalesForce_ErrorMessageDisplayed,TESTCASE84,Mon Sep 01 14:34:21 IST 2014,PASS,Tax Calculation for Test case: TestCase84 Started.
SalesForce_ErrorMessageDisplayed,TESTCASE84,Mon Sep 01 14:35:46 IST 2014,PASS,After clicking on menu TaxNowSettings Respective page opened successfully
SalesForce_ErrorMessageDisplayed,TESTCASE84,Mon Sep 01 14:36:17 IST 2014,PASS,Tax now settings updated successfully
SalesForce_ErrorMessageDisplayed,TESTCASE84,Mon Sep 01 14:37:13 IST 2014,PASS,After clicking on menu Accounts Respective page opened successfully
SalesForce_ErrorMessageDisplayed,TESTCASE84,Mon Sep 01 14:37:29 IST 2014,PASS,Opportunities created successfully
SalesForce_ErrorMessageDisplayed,TESTCASE84,Mon Sep 01 14:37:39 IST 2014,PASS,After clicking on menu Opportunities Respective page opened successfully
SalesForce_ErrorMessageDisplayed,TESTCASE84,Mon Sep 01 14:38:28 IST 2014,PASS,Avalara Status 'Temporary' verified successfully on adding products for Test case TestCase84 On Menu item : - Opportunities
SalesForce_ErrorMessageDisplayed,TESTCASE84,Mon Sep 01 14:38:39 IST 2014,PASS,Error message appeared as Name: TaxAddressError Summary: An Address is incomplete or invalid. Details:
SalesForce_ErrorMessageDisplayed,TESTCASE84,Mon Sep 01 14:39:08 IST 2014,PASS,After clicking on menu newQuote Respective page opened successfully
SalesForce_ErrorMessageDisplayed,TESTCASE84,Mon Sep 01 14:39:54 IST 2014,PASS,Avalara Status 'Temporary' verified successfully on adding products for Test case TestCase84 On Menu item : - Quotes
SalesForce_ErrorMessageDisplayed,TESTCASE84,Mon Sep 01 14:40:02 IST 2014,PASS,Error message appeared as Name: TaxAddressError Summary: An Address is incomplete or invalid. Details:
SalesForce_ErrorMessageDisplayed,TESTCASE84,Mon Sep 01 14:40:02 IST 2014,PASS,Tax Calculation for Test case: TestCase84 Ended.
SalesForce_ErrorMessageDisplayed,TESTCASE85,Mon Sep 01 14:40:02 IST 2014,PASS,Tax Calculation for Test case: TestCase85 Started.
SalesForce_ErrorMessageDisplayed,TESTCASE85,Mon Sep 01 14:41:27 IST 2014,PASS,After clicking on menu TaxNowSettings Respective page opened successfully
SalesForce_ErrorMessageDisplayed,TESTCASE85,Mon Sep 01 14:41:57 IST 2014,PASS,Tax now settings updated successfully
SalesForce_ErrorMessageDisplayed,TESTCASE85,Mon Sep 01 14:42:54 IST 2014,PASS,After clicking on menu Accounts Respective page opened successfully
SalesForce_ErrorMessageDisplayed,TESTCASE85,Mon Sep 01 14:43:10 IST 2014,PASS,Opportunities created successfully
SalesForce_ErrorMessageDisplayed,TESTCASE85,Mon Sep 01 14:43:20 IST 2014,PASS,After clicking on menu Opportunities Respective page opened successfully
SalesForce_ErrorMessageDisplayed,TESTCASE85,Mon Sep 01 14:44:10 IST 2014,PASS,Avalara Status 'Temporary' verified successfully on adding products for Test case TestCase85 On Menu item : - Opportunities
SalesForce_ErrorMessageDisplayed,TESTCASE85,Mon Sep 01 14:44:20 IST 2014,PASS,Error message appeared as Name: TaxAddressError Summary: An Address is incomplete or invalid. Details:
SalesForce_ErrorMessageDisplayed,TESTCASE85,Mon Sep 01 14:44:54 IST 2014,PASS,After clicking on menu newQuote Respective page opened successfully
SalesForce_ErrorMessageDisplayed,TESTCASE85,Mon Sep 01 14:45:40 IST 2014,PASS,Avalara Status 'Temporary' verified successfully on adding products for Test case TestCase85 On Menu item : - Quotes
SalesForce_ErrorMessageDisplayed,TESTCASE85,Mon Sep 01 14:45:49 IST 2014,PASS,Error message appeared as Name: TaxAddressError Summary: An Address is incomplete or invalid. Details:
SalesForce_ErrorMessageDisplayed,TESTCASE85,Mon Sep 01 14:45:49 IST 2014,PASS,Tax Calculation for Test case: TestCase85 Ended.
SalesForce_ErrorMessageDisplayed,TESTCASE86,Mon Sep 01 14:45:49 IST 2014,PASS,Tax Calculation for Test case: TestCase86 Started.
SalesForce_ErrorMessageDisplayed,TESTCASE86,Mon Sep 01 14:47:14 IST 2014,PASS,After clicking on menu TaxNowSettings Respective page opened successfully
SalesForce_ErrorMessageDisplayed,TESTCASE86,Mon Sep 01 14:47:46 IST 2014,PASS,Tax now settings updated successfully
SalesForce_ErrorMessageDisplayed,TESTCASE86,Mon Sep 01 14:48:44 IST 2014,PASS,After clicking on menu Accounts Respective page opened successfully
SalesForce_ErrorMessageDisplayed,TESTCASE86,Mon Sep 01 14:49:00 IST 2014,PASS,Opportunities created successfully
SalesForce_ErrorMessageDisplayed,TESTCASE86,Mon Sep 01 14:49:10 IST 2014,PASS,After clicking on menu Opportunities Respective page opened successfully
SalesForce_ErrorMessageDisplayed,TESTCASE86,Mon Sep 01 14:49:59 IST 2014,PASS,Avalara Status 'Temporary' verified successfully on adding products for Test case TestCase86 On Menu item : - Opportunities
SalesForce_ErrorMessageDisplayed,TESTCASE86,Mon Sep 01 14:50:10 IST 2014,PASS,Error message appeared as Name: TaxAddressError Summary: An Address is incomplete or invalid. Details:
SalesForce_ErrorMessageDisplayed,TESTCASE86,Mon Sep 01 14:50:20 IST 2014,PASS,Error message appeared as Name: TaxAddressError Summary: An Address is incomplete or invalid. Details:
SalesForce_ErrorMessageDisplayed,TESTCASE86,Mon Sep 01 14:50:50 IST 2014,PASS,After clicking on menu newQuote Respective page opened successfully
SalesForce_ErrorMessageDisplayed,TESTCASE86,Mon Sep 01 14:51:35 IST 2014,PASS,Avalara Status 'Temporary' verified successfully on adding products for Test case TestCase86 On Menu item : - Quotes
SalesForce_ErrorMessageDisplayed,TESTCASE86,Mon Sep 01 14:51:43 IST 2014,PASS,Error message appeared as Name: TaxAddressError Summary: An Address is incomplete or invalid. Details:
SalesForce_ErrorMessageDisplayed,TESTCASE86,Mon Sep 01 14:51:51 IST 2014,PASS,Error message appeared as Name: TaxAddressError Summary: An Address is incomplete or invalid. Details:
SalesForce_ErrorMessageDisplayed,TESTCASE86,Mon Sep 01 14:51:51 IST 2014,PASS,Tax Calculation for Test case: TestCase86 Ended.
SalesForce_ErrorMessageDisplayed,TESTCASE87,Mon Sep 01 14:51:51 IST 2014,PASS,Tax Calculation for Test case: TestCase87 Started.
SalesForce_ErrorMessageDisplayed,TESTCASE87,Mon Sep 01 14:53:16 IST 2014,PASS,After clicking on menu TaxNowSettings Respective page opened successfully
SalesForce_ErrorMessageDisplayed,TESTCASE87,Mon Sep 01 14:53:48 IST 2014,PASS,Tax now settings updated successfully
SalesForce_ErrorMessageDisplayed,TESTCASE87,Mon Sep 01 14:54:44 IST 2014,PASS,After clicking on menu Accounts Respective page opened successfully
SalesForce_ErrorMessageDisplayed,TESTCASE87,Mon Sep 01 14:55:01 IST 2014,PASS,Opportunities created successfully
SalesForce_ErrorMessageDisplayed,TESTCASE87,Mon Sep 01 14:55:11 IST 2014,PASS,After clicking on menu Opportunities Respective page opened successfully
SalesForce_ErrorMessageDisplayed,TESTCASE87,Mon Sep 01 14:56:00 IST 2014,PASS,Avalara Status 'Temporary' verified successfully on adding products for Test case TestCase87 On Menu item : - Opportunities
SalesForce_ErrorMessageDisplayed,TESTCASE87,Mon Sep 01 14:56:35 IST 2014,PASS,Error message appeared as Name: TaxAddressError Summary: An Address is incomplete or invalid. Details:
SalesForce_ErrorMessageDisplayed,TESTCASE87,Mon Sep 01 14:57:04 IST 2014,PASS,After clicking on menu newQuote Respective page opened successfully
SalesForce_ErrorMessageDisplayed,TESTCASE87,Mon Sep 01 14:57:51 IST 2014,PASS,Avalara Status 'Temporary' verified successfully on adding products for Test case TestCase87 On Menu item : - Quotes
SalesForce_ErrorMessageDisplayed,TESTCASE87,Mon Sep 01 14:57:59 IST 2014,PASS,Error message appeared as Name: TaxAddressError Summary: An Address is incomplete or invalid. Details:
SalesForce_ErrorMessageDisplayed,TESTCASE87,Mon Sep 01 14:57:59 IST 2014,PASS,Tax Calculation for Test case: TestCase87 Ended.
SalesForce_ErrorMessageDisplayed,SalesForce_ErrorMessageDisplayed,Mon Sep 01 14:57:59 IST 2014,PASS,Script Ended.
SalesForce_MISC_Charges,SalesForce_MISC_Charges,Mon Sep 01 15:53:15 IST 2014,FAIL,Logging into SalesForce application is Failed.
SalesForce_MISC_Charges,TESTCASE100,Mon Sep 01 15:53:15 IST 2014,PASS,Tax Calculation for Test case: TestCase100 Started.
SalesForce_MISC_Charges,TESTCASE100,Mon Sep 01 15:53:38 IST 2014,PASS,After clicking on menu TaxNowSettings Respective page opened successfully
SalesForce_MISC_Charges,TESTCASE100,Mon Sep 01 15:54:03 IST 2014,PASS,Tax now settings updated successfully
SalesForce_MISC_Charges,TESTCASE100,Mon Sep 01 15:54:44 IST 2014,PASS,After clicking on menu Accounts Respective page opened successfully
SalesForce_MISC_Charges,TESTCASE100,Mon Sep 01 15:54:54 IST 2014,PASS,Opportunities created successfully
SalesForce_MISC_Charges,TESTCASE100,Mon Sep 01 15:55:04 IST 2014,PASS,After clicking on menu Opportunities Respective page opened successfully
SalesForce_MISC_Charges,TESTCASE100,Mon Sep 01 15:55:46 IST 2014,PASS,Avalara Status 'Temporary' verified successfully on adding products for Test case TestCase100 On Menu item : - Opportunities
SalesForce_MISC_Charges,TESTCASE100,Mon Sep 01 15:55:56 IST 2014,PASS,'Total Sales Tax' 77.50 verified successfully for Test case TestCase100 on Opportunities Window.
SalesForce_MISC_Charges,TESTCASE100,Mon Sep 01 15:55:57 IST 2014,PASS,'Misc Tax' 7.75 verified successfully for Test caseTestCase100 on Opportunities Window.
SalesForce_MISC_Charges,TESTCASE100,Mon Sep 01 15:55:57 IST 2014,PASS,Avalara Status ' Saved' verified successfully on Calculate for Test case TestCase100 On tax calculation on Opportunities Window 
SalesForce_MISC_Charges,TESTCASE100,Mon Sep 01 15:56:03 IST 2014,PASS,'Total Sales Tax' 77.50 verified successfully for Test case TestCase100 on Finalize Opportunity Window.
SalesForce_MISC_Charges,TESTCASE100,Mon Sep 01 15:56:03 IST 2014,PASS,'Misc Tax' 7.75 verified successfully for Test caseTestCase100 on Finalize Opportunity Window.
SalesForce_MISC_Charges,TESTCASE100,Mon Sep 01 15:56:04 IST 2014,PASS,Avalara Status ' Committed' verified successfully on Calculate for Test case TestCase100 On tax calculation on Finalize Opportunity Window 
SalesForce_MISC_Charges,TESTCASE100,Mon Sep 01 15:56:30 IST 2014,PASS,After clicking on menu newQuote Respective page opened successfully
SalesForce_MISC_Charges,TESTCASE100,Mon Sep 01 15:57:09 IST 2014,PASS,Avalara Status 'Temporary' verified successfully on adding products for Test case TestCase100 On Menu item : - Quotes
SalesForce_MISC_Charges,TESTCASE100,Mon Sep 01 15:57:15 IST 2014,FAIL,'Total Sales Tax' 155.00 NOT verified successfully for Test caseTestCase100 on Quotes Window.Expected Tax :- 155.00 and Actual Tax:- 162.75
SalesForce_MISC_Charges,SalesForce_MISC_Charges,Mon Sep 01 15:57:15 IST 2014,PASS,Script Ended.
SalesForce_EntityUseCode,SalesForce_EntityUseCode,Mon Sep 01 16:18:34 IST 2014,PASS,Logging into SalesForce application is successful.
SalesForce_EntityUseCode,TESTCASE110,Mon Sep 01 16:18:34 IST 2014,PASS,Tax Calculation for Test case: TestCase110 Started.
SalesForce_EntityUseCode,TESTCASE110,Mon Sep 01 16:18:57 IST 2014,PASS,After clicking on menu TaxNowSettings Respective page opened successfully
SalesForce_EntityUseCode,TESTCASE110,Mon Sep 01 16:19:22 IST 2014,PASS,Tax now settings updated successfully
SalesForce_EntityUseCode,TESTCASE110,Mon Sep 01 16:20:04 IST 2014,PASS,After clicking on menu Accounts Respective page opened successfully
SalesForce_EntityUseCode,TESTCASE110,Mon Sep 01 16:20:14 IST 2014,PASS,Opportunities created successfully
SalesForce_EntityUseCode,TESTCASE110,Mon Sep 01 16:20:24 IST 2014,PASS,After clicking on menu Opportunities Respective page opened successfully
SalesForce_EntityUseCode,TESTCASE110,Mon Sep 01 16:21:07 IST 2014,PASS,Avalara Status 'Temporary' verified successfully on adding products for Test case TestCase110 On Menu item : - Opportunities
SalesForce_EntityUseCode,TESTCASE110,Mon Sep 01 16:21:14 IST 2014,PASS,'Total Sales Tax' 0.00 verified successfully for Test case TestCase110 on Opportunities Window.
SalesForce_EntityUseCode,TESTCASE110,Mon Sep 01 16:21:14 IST 2014,PASS,Avalara Status ' Temporary' verified successfully on Calculate for Test case TestCase110 On tax calculation on Opportunities Window 
SalesForce_EntityUseCode,TESTCASE110,Mon Sep 01 16:21:40 IST 2014,PASS,After clicking on menu newQuote Respective page opened successfully
SalesForce_EntityUseCode,TESTCASE110,Mon Sep 01 16:22:19 IST 2014,PASS,Avalara Status 'Temporary' verified successfully on adding products for Test case TestCase110 On Menu item : - Quotes
SalesForce_EntityUseCode,TESTCASE110,Mon Sep 01 16:22:50 IST 2014,PASS,'Total Sales Tax' 0.00 verified successfully for Test case TestCase110 on Quotes Window.
SalesForce_EntityUseCode,TESTCASE110,Mon Sep 01 16:22:50 IST 2014,PASS,Avalara Status ' Temporary' verified successfully on Calculate for Test case TestCase110 On tax calculation on Quotes Window 
SalesForce_EntityUseCode,TESTCASE110,Mon Sep 01 16:22:50 IST 2014,PASS,Tax Calculation for Test case: TestCase110 Ended.
SalesForce_EntityUseCode,SalesForce_EntityUseCode,Mon Sep 01 16:22:50 IST 2014,PASS,Script Ended.
