ScriptName,TCName,Date,Result,Description
SalesForce_EntityUseCode,SalesForce_EntityUseCode,Tue Sep 02 17:35:47 IST 2014,PASS,Logging into SalesForce application is successful.
SalesForce_EntityUseCode,TESTCASE110,Tue Sep 02 17:35:47 IST 2014,PASS,Tax Calculation for Test case: TestCase110 Started.
SalesForce_EntityUseCode,TESTCASE110,Tue Sep 02 17:36:11 IST 2014,PASS,After clicking on menu TaxNowSettings Respective page opened successfully
SalesForce_EntityUseCode,TESTCASE110,Tue Sep 02 17:36:35 IST 2014,PASS,Tax now settings updated successfully
SalesForce_EntityUseCode,TESTCASE110,Tue Sep 02 17:37:17 IST 2014,PASS,After clicking on menu Accounts Respective page opened successfully
SalesForce_EntityUseCode,TESTCASE110,Tue Sep 02 17:37:28 IST 2014,PASS,Opportunities created successfully
SalesForce_EntityUseCode,TESTCASE110,Tue Sep 02 17:37:38 IST 2014,PASS,After clicking on menu Opportunities Respective page opened successfully
SalesForce_EntityUseCode,TESTCASE110,Tue Sep 02 17:38:20 IST 2014,PASS,Avalara Status 'Temporary' verified successfully on adding products for Test case TestCase110 On Menu item : - Opportunities
SalesForce_EntityUseCode,TESTCASE110,Tue Sep 02 17:39:13 IST 2014,PASS,'Total Sales Tax' 0.00 verified successfully for Test case TestCase110 on Opportunities Window.
SalesForce_EntityUseCode,TESTCASE110,Tue Sep 02 17:39:14 IST 2014,PASS,Avalara Status ' Temporary' verified successfully on Calculate for Test case TestCase110 On tax calculation on Opportunities Window 
SalesForce_EntityUseCode,TESTCASE110,Tue Sep 02 17:39:14 IST 2014,PASS,Tax Calculation for Test case: TestCase110 Ended.
SalesForce_EntityUseCode,TESTCASE111,Tue Sep 02 17:39:14 IST 2014,PASS,Tax Calculation for Test case: TestCase111 Started.
