ScriptName,TCName,Date,Result,Description
AccountingSeed_ErrorMessageDisplayed,AccountingSeed_ErrorMessageDisplayed,Tue Aug 02 12:07:10 IST 2016,PASS,Logging into AccountingSeed application is successful.
AccountingSeed_ErrorMessageDisplayed,TESTCASE80,Tue Aug 02 12:07:10 IST 2016,PASS,Tax Calculation for Test case: TestCase80 Started.
AccountingSeed_ErrorMessageDisplayed,TESTCASE80,Tue Aug 02 12:07:46 IST 2016,PASS,Tax now settings updated successfully
AccountingSeed_ErrorMessageDisplayed,TESTCASE80,Tue Aug 02 12:08:33 IST 2016,PASS,After clicking on menu Accounts Respective page opened successfully
AccountingSeed_ErrorMessageDisplayed,TESTCASE80,Tue Aug 02 12:08:59 IST 2016,PASS,Opportunities created successfully
AccountingSeed_ErrorMessageDisplayed,TESTCASE80,Tue Aug 02 12:09:09 IST 2016,PASS,After clicking on menu Opportunities Respective page opened successfully
AccountingSeed_ErrorMessageDisplayed,TESTCASE80,Tue Aug 02 12:10:58 IST 2016,PASS,Error message appeared as JurisdictionNotFoundError Unable to determine the taxing jurisdictions. 900432 Winslow way, Bainbridge Island, FL 453543 US (Destination)
AccountingSeed_ErrorMessageDisplayed,TESTCASE80,Tue Aug 02 12:11:36 IST 2016,FAIL,fMenuSelection: Exception: org.openqa.selenium.InvalidElementStateException: invalid element state: Element must be user-editable in order to clear it.
  (Session info: chrome=51.0.2704.103)
  (Driver info: chromedriver=2.20.353145 (343b531d31eeb933ec778dbcf7081628a1396067),platform=Windows NT 6.1 SP1 x86_64) (WARNING: The server did not provide any stacktrace information)
Command duration or timeout: 30 milliseconds
Build info: version: '2.48.2', revision: '41bccdd', time: '2015-10-09 19:59:12'
System info: host: 'AV-PN-KHAREA', ip: '10.240.20.120', os.name: 'Windows 7', os.arch: 'amd64', os.version: '6.1', java.version: '1.8.0_74'
Driver info: org.openqa.selenium.chrome.ChromeDriver
Capabilities [{applicationCacheEnabled=false, rotatable=false, mobileEmulationEnabled=false, chrome={userDataDir=C:\Users\AJAY~1.KHA\AppData\Local\Temp\scoped_dir5292_20194}, takesHeapSnapshot=true, databaseEnabled=false, handlesAlerts=true, hasTouchScreen=false, version=51.0.2704.103, platform=XP, browserConnectionEnabled=false, nativeEvents=true, acceptSslCerts=true, locationContextEnabled=true, webStorageEnabled=true, browserName=chrome, takesScreenshot=true, javascriptEnabled=true, cssSelectorsEnabled=true}]
Session ID: d3ba47b4f5bfb96f1d6ca383ab41777b
AccountingSeed_ErrorMessageDisplayed,TESTCASE81,Tue Aug 02 12:11:36 IST 2016,PASS,Tax Calculation for Test case: TestCase81 Started.
AccountingSeed_ErrorMessageDisplayed,TESTCASE81,Tue Aug 02 12:12:08 IST 2016,PASS,Tax now settings updated successfully
AccountingSeed_ErrorMessageDisplayed,TESTCASE81,Tue Aug 02 12:13:15 IST 2016,FAIL,fMenuSelection: Exception: org.openqa.selenium.NoSuchElementException: no such element: Unable to locate element: {"method":"name","selector":"new"}
  (Session info: chrome=51.0.2704.103)
  (Driver info: chromedriver=2.20.353145 (343b531d31eeb933ec778dbcf7081628a1396067),platform=Windows NT 6.1 SP1 x86_64) (WARNING: The server did not provide any stacktrace information)
Command duration or timeout: 505 milliseconds
For documentation on this error, please visit: http://seleniumhq.org/exceptions/no_such_element.html
Build info: version: '2.48.2', revision: '41bccdd', time: '2015-10-09 19:59:12'
System info: host: 'AV-PN-KHAREA', ip: '10.240.20.120', os.name: 'Windows 7', os.arch: 'amd64', os.version: '6.1', java.version: '1.8.0_74'
Driver info: org.openqa.selenium.chrome.ChromeDriver
Capabilities [{applicationCacheEnabled=false, rotatable=false, mobileEmulationEnabled=false, chrome={userDataDir=C:\Users\AJAY~1.KHA\AppData\Local\Temp\scoped_dir5292_20194}, takesHeapSnapshot=true, databaseEnabled=false, handlesAlerts=true, hasTouchScreen=false, version=51.0.2704.103, platform=XP, browserConnectionEnabled=false, nativeEvents=true, acceptSslCerts=true, locationContextEnabled=true, webStorageEnabled=true, browserName=chrome, takesScreenshot=true, javascriptEnabled=true, cssSelectorsEnabled=true}]
Session ID: d3ba47b4f5bfb96f1d6ca383ab41777b
*** Element info: {Using=name, value=new}
AccountingSeed_ErrorMessageDisplayed,AccountingSeed_ErrorMessageDisplayed,Tue Aug 02 12:13:15 IST 2016,PASS,Script Ended.
AccountingSeed_ErrorMessageDisplayed,AccountingSeed_ErrorMessageDisplayed,Tue Aug 02 12:13:58 IST 2016,PASS,Logging into AccountingSeed application is successful.
AccountingSeed_ErrorMessageDisplayed,TESTCASE80,Tue Aug 02 12:13:58 IST 2016,PASS,Tax Calculation for Test case: TestCase80 Started.
AccountingSeed_ErrorMessageDisplayed,TESTCASE80,Tue Aug 02 12:14:33 IST 2016,PASS,Tax now settings updated successfully
AccountingSeed_ErrorMessageDisplayed,TESTCASE80,Tue Aug 02 12:15:19 IST 2016,PASS,After clicking on menu Accounts Respective page opened successfully
AccountingSeed_ErrorMessageDisplayed,TESTCASE80,Tue Aug 02 12:15:45 IST 2016,PASS,Opportunities created successfully
AccountingSeed_ErrorMessageDisplayed,TESTCASE80,Tue Aug 02 12:15:55 IST 2016,PASS,After clicking on menu Opportunities Respective page opened successfully
AccountingSeed_ErrorMessageDisplayed,TESTCASE80,Tue Aug 02 12:17:46 IST 2016,PASS,Error message appeared as JurisdictionNotFoundError Unable to determine the taxing jurisdictions. 900432 Winslow way, Bainbridge Island, FL 453543 US (Destination)
AccountingSeed_ErrorMessageDisplayed,TESTCASE80,Tue Aug 02 12:18:23 IST 2016,FAIL,fMenuSelection: Exception: org.openqa.selenium.InvalidElementStateException: invalid element state: Element must be user-editable in order to clear it.
  (Session info: chrome=51.0.2704.103)
  (Driver info: chromedriver=2.20.353145 (343b531d31eeb933ec778dbcf7081628a1396067),platform=Windows NT 6.1 SP1 x86_64) (WARNING: The server did not provide any stacktrace information)
Command duration or timeout: 29 milliseconds
Build info: version: '2.48.2', revision: '41bccdd', time: '2015-10-09 19:59:12'
System info: host: 'AV-PN-KHAREA', ip: '10.240.20.120', os.name: 'Windows 7', os.arch: 'amd64', os.version: '6.1', java.version: '1.8.0_74'
Driver info: org.openqa.selenium.chrome.ChromeDriver
Capabilities [{applicationCacheEnabled=false, rotatable=false, mobileEmulationEnabled=false, chrome={userDataDir=C:\Users\AJAY~1.KHA\AppData\Local\Temp\scoped_dir8388_20479}, takesHeapSnapshot=true, databaseEnabled=false, handlesAlerts=true, hasTouchScreen=false, version=51.0.2704.103, platform=XP, browserConnectionEnabled=false, nativeEvents=true, acceptSslCerts=true, locationContextEnabled=true, webStorageEnabled=true, browserName=chrome, takesScreenshot=true, javascriptEnabled=true, cssSelectorsEnabled=true}]
Session ID: e155d146a735651868e5fdf7a0500866
AccountingSeed_ErrorMessageDisplayed,TESTCASE81,Tue Aug 02 12:18:23 IST 2016,PASS,Tax Calculation for Test case: TestCase81 Started.
